Fecha,Cierre,Apertura,Máximo,Mínimo,Vol.,% var.
01/02/18,7.458,7.68,7.73,7.42,23.91M,-1.45%
01/02/19,5.197,5.205,5.261,5.062,23.99M,0.52%
01/02/21,3.758,3.846,3.848,3.736,22.71M,-0.24%
01/02/22,5.752,5.685,5.753,5.645,24.69M,2.09%
01/02/23,6.767,6.5,6.79,6.482,32.23M,4.70%
01/02/24,8.674,8.65,8.848,8.622,11.35M,-0.02%
01/03/18,6.79,6.851,6.88,6.78,17.49M,-1.45%
01/03/19,5.379,5.496,5.51,5.379,20.43M,-1.74%
01/03/21,4.61,4.669,4.7,4.581,14.45M,0.15%
01/03/22,5.084,5.269,5.372,5.084,47.11M,-3.89%
01/03/23,7.225,7.412,7.431,7.2,15.33M,-2.01%
01/03/24,9.362,9.198,9.422,9.174,8.38M,1.92%
01/04/19,5.306,5.197,5.337,5.156,31.48M,4.18%
01/04/20,2.727,2.78,2.798,2.714,272.03M,-6.47%
01/04/21,4.445,4.457,4.484,4.428,9.41M,0.44%
01/04/22,5.29,5.263,5.321,5.235,35.33M,1.54%
01/04/25,12.755,12.615,12.85,12.565,178.30K,1.67%
01/04/26,18.87,18.9,19.06,18.735,13.44M,3.40%
01/06/18,6.018,5.971,6.074,5.89,30.42M,3.07%
01/06/20,2.861,2.871,2.889,2.796,18.14M,2.43%
01/06/21,5.226,5.153,5.247,5.141,15.34M,1.75%
01/06/22,5.008,5.11,5.139,5.001,13.53M,-1.40%
01/06/23,6.256,6.216,6.324,6.182,8.46M,2.22%
01/07/19,4.973,4.981,5.026,4.973,14.33M,1.14%
01/07/20,3.008,3.065,3.096,2.975,20.19M,-1.83%
01/07/21,5.409,5.29,5.409,5.284,12.90M,3.46%
01/07/22,4.313,4.302,4.424,4.275,16.96M,-0.39%
01/07/24,9.5,9.528,9.624,9.434,7.02M,1.58%
01/07/25,12.85,13.03,13.06,12.785,5.51M,-1.57%
01/08/18,6.224,6.294,6.33,6.204,11.76M,-0.99%
01/08/19,4.636,4.601,4.723,4.59,20.29M,0.80%
01/08/22,4.365,4.417,4.511,4.36,16.47M,-1.17%
01/08/23,7,7.21,7.24,6.97,11.74M,-2.91%
01/08/24,9.21,9.512,9.642,9.168,14.64M,-5.09%
01/08/25,14.355,14.585,14.645,14.205,11.82M,-1.95%
01/09/20,2.463,2.497,2.5,2.42,26.99M,0.41%
01/09/21,5.637,5.624,5.688,5.602,13.23M,1.62%
01/09/22,4.436,4.45,4.509,4.399,11.20M,-1.25%
01/09/23,7.264,7.304,7.414,7.264,10.12M,-0.03%
01/09/25,15.6,15.565,15.6,15.475,2.46M,0.71%
01/10/18,5.515,5.477,5.605,5.467,20.13M,0.46%
01/10/19,4.7,4.82,4.828,4.7,16.18M,-1.67%
01/10/20,2.377,2.401,2.42,2.355,23.10M,0.21%
01/10/21,5.633,5.61,5.646,5.511,72.59M,-1.47%
01/10/24,9.3,9.754,9.754,9.23,14.24M,-4.20%
01/10/25,16.375,16.3,16.44,16.045,8.29M,0.21%
01/11/18,5.032,4.895,5.036,4.885,23.28M,3.01%
01/11/19,4.733,4.72,4.738,4.63,22.49M,0.21%
01/11/21,6.279,6.052,6.292,6.03,19.04M,3.58%
01/11/22,5.255,5.249,5.299,5.229,11.44M,0.88%
01/11/23,7.59,7.478,7.648,7.426,11.48M,2.26%
01/11/24,9.416,9.152,9.416,9.11,10.20M,2.91%
01/12/20,4.005,3.865,4.007,3.837,45.13M,1.91%
01/12/21,4.818,4.756,4.839,4.73,29.66M,2.45%
01/12/22,5.566,5.64,5.665,5.564,15.28M,-0.82%
01/12/23,8.556,8.572,8.61,8.534,8.05M,0.59%
01/12/25,18.76,18.57,18.76,18.45,6.92M,1.05%
02/01/18,7.082,7.139,7.169,7.05,15.96M,-0.42%
02/01/19,4.663,4.574,4.696,4.51,15.43M,0.58%
02/01/20,5.11,5.031,5.124,5.021,11.85M,2.55%
02/01/23,5.782,5.691,5.786,5.669,7.79M,2.63%
02/01/24,8.426,8.28,8.482,8.272,12.88M,2.43%
02/01/25,9.298,9.43,9.452,8.966,9.43M,-1.63%
02/01/26,20.38,19.95,20.43,19.885,6.85M,1.65%
02/02/18,7.354,7.45,7.467,7.292,18.03M,-1.39%
02/02/21,3.984,3.801,3.984,3.763,34.45M,6.01%
02/02/22,5.815,5.8,5.9,5.753,33.29M,1.10%
02/02/23,6.798,6.723,6.96,6.7,21.94M,0.46%
02/02/24,8.962,8.784,8.988,8.714,13.33M,3.32%
02/02/26,21.91,21.23,21.98,21.2,7.41M,2.14%
02/03/18,6.642,6.75,6.75,6.64,25.50M,-2.18%
02/03/20,4.286,4.42,4.431,4.142,41.82M,-1.13%
02/03/21,4.563,4.572,4.639,4.534,13.27M,-1.02%
02/03/22,5.188,5.069,5.246,4.97,45.36M,2.05%
02/03/23,7.26,7.205,7.262,7.135,9.82M,0.48%
02/03/26,18.985,18.9,19.28,18.78,16.06M,-3.87%
02/04/19,5.328,5.31,5.381,5.282,20.88M,0.41%
02/04/20,2.674,2.75,2.76,2.604,286.13M,-1.94%
02/04/24,10.97,11.05,11.09,10.91,9.89M,-0.63%
02/04/25,12.73,12.67,12.77,12.565,7.13M,-0.20%
02/04/26,18.77,18.355,18.785,18.285,11.45M,-0.53%
02/05/18,6.765,6.718,6.782,6.718,12.19M,0.52%
02/05/19,5.349,5.41,5.469,5.342,17.10M,-1.27%
02/05/22,4.845,4.972,5.031,4.844,,-4.23%
02/05/23,6.404,6.698,6.698,6.386,12.24M,-3.70%
02/05/24,9.784,10,10.08,9.77,27.70M,-3.84%
02/05/25,12.22,12.3,12.335,12.04,0.48K,1.33%
02/06/20,3.005,2.872,3.044,2.841,31.19M,5.03%
02/06/21,5.249,5.217,5.28,5.168,31.79M,0.44%
02/06/22,4.989,5.035,5.052,4.968,9.12M,-0.39%
02/06/23,6.49,6.332,6.498,6.288,12.19M,3.74%
02/06/25,13.22,13.15,13.335,13.085,4.69M,0.08%
02/07/18,5.946,5.98,5.987,5.881,23.52M,-2.11%
02/07/19,4.93,4.976,4.992,4.888,13.68M,-0.86%
02/07/20,3.227,3.054,3.258,3.045,31.44M,7.28%
02/07/21,5.295,5.4,5.424,5.286,9.68M,-2.11%
02/07/24,9.4,9.45,9.452,9.266,7.01M,-1.05%
02/07/25,13.035,12.975,13.115,12.89,5.93M,1.44%
02/08/18,6.05,6.189,6.19,6.022,27.51M,-2.80%
02/08/19,4.522,4.53,4.588,4.492,27.34M,-2.46%
02/08/21,5.45,5.42,5.563,5.403,29.05M,0.72%
02/08/22,4.416,4.365,4.456,4.36,18.14M,1.15%
02/08/23,6.878,6.9,6.964,6.822,15.65M,-1.74%
02/08/24,8.874,9.122,9.218,8.844,16.57M,-3.65%
02/09/19,4.277,4.296,4.33,4.277,8.06M,-0.74%
02/09/20,2.383,2.458,2.477,2.372,32.24M,-3.25%
02/09/21,5.609,5.65,5.673,5.56,15.79M,-0.50%
02/09/22,4.561,4.507,4.574,4.449,10.37M,2.82%
02/09/24,9.552,9.6,9.654,9.5,4.47M,-0.40%
02/09/25,15.44,15.635,15.675,15.29,5.34M,-1.03%
02/10/18,5.369,5.458,5.468,5.369,30.68M,-2.65%
02/10/19,4.519,4.686,4.706,4.519,21.27M,-3.85%
02/10/20,2.378,2.342,2.394,2.316,16.12M,0.04%
02/10/23,7.692,7.72,7.822,7.666,79.61M,-0.23%
02/10/24,9.254,9.31,9.388,9.19,9.44M,-0.49%
02/10/25,16.33,16.45,16.595,16.23,7.21M,-0.27%
02/11/18,5.164,5.094,5.194,5.081,26.60M,2.62%
02/11/20,2.499,2.5,2.518,2.453,25.43M,1.50%
02/11/21,6.162,6.202,6.254,6.141,14.29M,-1.86%
02/11/22,5.286,5.298,5.333,5.261,12.86M,0.59%
02/11/23,7.636,7.622,7.666,7.55,11.45M,0.61%
02/12/19,4.694,4.788,4.843,4.691,26.56M,-1.84%
02/12/20,4.08,3.983,4.08,3.945,43.62M,1.87%
02/12/21,4.772,4.765,4.81,4.719,29.92M,-0.94%
02/12/22,5.612,5.552,5.619,5.518,11.73M,0.83%
02/12/24,8.976,8.85,8.984,8.83,6.55M,0.45%
02/12/25,18.815,18.78,18.98,18.75,8.39M,0.29%
03/01/18,7.094,7.113,7.12,7.055,13.32M,0.17%
03/01/19,4.676,4.626,4.739,4.626,16.78M,0.28%
03/01/20,5.054,5.078,5.078,5.016,13.40M,-1.10%
03/01/22,5.26,5.27,5.32,5.22,12.90M,0.19%
03/01/23,5.869,5.763,5.899,5.74,13.86M,1.50%
03/01/24,8.32,8.46,8.5,8.3,7.95M,-1.26%
03/01/25,9.318,9.298,9.348,9.236,5.63M,0.22%
03/02/20,4.665,4.7,4.718,4.612,19.11M,-0.06%
03/02/21,4.016,4.103,4.15,3.925,24.66M,0.80%
03/02/22,5.695,5.649,5.787,5.505,55.90M,-2.06%
03/02/23,6.907,6.784,6.928,6.765,16.18M,1.60%
03/02/25,10.745,10.56,10.85,10.48,1.44K,-2.76%
03/02/26,22.03,22.09,22.33,21.9,7.34M,0.55%
03/03/20,4.249,4.37,4.454,4.226,36.43M,-0.86%
03/03/21,4.699,4.597,4.737,4.596,18.29M,2.98%
03/03/22,5.09,5.226,5.268,5.055,33.18M,-1.89%
03/03/23,7.378,7.276,7.388,7.258,8.31M,1.63%
03/03/25,12.93,12.775,13.095,12.66,1.41K,0.82%
03/03/26,18.065,18.6,18.7,17.775,25.50M,-4.85%
03/04/18,6.366,6.38,6.419,6.322,14.73M,-0.98%
03/04/19,5.413,5.407,5.446,5.386,20.60M,1.60%
03/04/20,2.748,2.675,2.769,2.64,38.61M,2.77%
03/04/23,6.276,6.28,6.418,6.272,14.52M,-4.49%
03/04/24,11.05,11.015,11.13,11.01,46.47M,0.73%
03/04/25,12.535,12.4,12.805,12.285,20.00K,-1.53%
03/05/18,6.666,6.76,6.76,6.638,18.40M,-1.46%
03/05/19,5.336,5.374,5.407,5.286,12.55M,-0.24%
03/05/21,4.676,4.653,4.71,4.63,11.35M,0.12%
03/05/22,4.895,4.9,4.977,4.865,25.17M,1.03%
03/05/23,6.29,6.5,6.516,6.218,23.86M,-1.78%
03/05/24,9.85,9.88,9.964,9.728,16.79M,0.67%
03/06/19,4.862,4.817,4.865,4.778,20.28M,-0.10%
03/06/20,3.16,3.05,3.171,3.038,32.90M,5.16%
03/06/21,5.286,5.228,5.295,5.222,17.18M,0.70%
03/06/22,4.957,5.021,5.034,4.942,7.83M,-0.62%
03/06/24,9.768,10.01,10.11,9.75,10.84M,-1.73%
03/06/25,13.165,13.24,13.27,12.9,8.42M,-0.42%
03/07/18,6.02,5.976,6.059,5.915,15.27M,1.24%
03/07/19,5.027,4.903,5.027,4.886,14.53M,1.97%
03/07/20,3.147,3.227,3.242,3.123,15.33M,-2.48%
03/07/23,7.09,7.03,7.164,7.03,7.88M,0.82%
03/07/24,9.594,9.476,9.61,9.42,6.97M,2.06%
03/07/25,13.255,13.06,13.285,13.03,4.91M,1.69%
03/08/18,6.063,6.054,6.11,6.01,10.24M,0.21%
03/08/20,2.724,2.617,2.728,2.584,32.14M,3.30%
03/08/21,5.57,5.48,5.622,5.456,18.61M,2.20%
03/08/22,4.558,4.432,4.565,4.395,21.06M,3.24%
03/08/23,6.872,6.83,6.884,6.762,12.33M,-0.09%
03/09/18,5.354,5.37,5.395,5.328,10.06M,-0.30%
03/09/19,4.286,4.268,4.319,4.242,14.72M,0.21%
03/09/20,2.43,2.417,2.505,2.406,29.29M,1.97%
03/09/21,5.568,5.64,5.666,5.565,15.22M,-0.73%
03/09/24,9.276,9.532,9.572,9.268,7.79M,-2.89%
03/09/25,15.43,15.465,15.5,15.28,4.52M,-0.06%
03/10/18,5.344,5.426,5.44,5.341,24.03M,-0.47%
03/10/19,4.519,4.555,4.555,4.463,17.38M,0.00%
03/10/22,4.682,4.568,4.691,4.512,32.50M,1.34%
03/10/23,7.732,7.636,7.882,7.618,81.70M,0.52%
03/10/24,9.334,9.228,9.418,9.164,7.98M,0.86%
03/10/25,16.42,16.42,16.59,16.36,5.92M,0.55%
03/11/20,2.631,2.527,2.641,2.51,33.53M,5.28%
03/11/21,6.183,6.155,6.189,6.064,14.96M,0.34%
03/11/22,5.227,5.253,5.253,5.154,12.19M,-1.12%
03/11/23,7.734,7.684,7.746,7.624,13.74M,1.28%
03/11/25,17.3,17.565,17.79,17.3,8.86M,-0.77%
03/12/18,5.091,5.1,5.16,5.091,20.25M,1.45%
03/12/19,4.657,4.707,4.729,4.633,46.60M,-0.79%
03/12/20,4.078,4.08,4.103,3.989,26.35M,-0.05%
03/12/21,4.79,4.845,4.87,4.753,25.70M,0.37%
03/12/24,9.15,9,9.176,8.99,8.22M,1.94%
03/12/25,18.685,18.795,19.075,18.685,9.58M,-0.69%
04/01/18,7.221,7.113,7.274,7.104,20.79M,1.79%
04/01/19,4.851,4.739,4.878,4.722,23.42M,3.74%
04/01/21,4.078,4.098,4.098,3.983,17.70M,1.07%
04/01/22,5.393,5.3,5.44,5.291,17.06M,2.53%
04/01/23,6.1,5.9,6.1,5.899,24.33M,3.94%
04/01/24,8.46,8.348,8.472,8.336,6.04M,1.68%
04/02/19,5.171,5.178,5.222,5.11,15.84M,-0.50%
04/02/20,4.785,4.7,4.816,4.697,18.49M,2.57%
04/02/21,4.317,4.1,4.34,4.064,40.88M,7.50%
04/02/22,5.686,5.74,5.78,5.587,30.49M,-0.16%
04/02/25,11,10.885,11.015,10.765,9.37M,2.37%
04/02/26,21.91,22.03,22.24,21.79,8.28M,-0.54%
04/03/19,5.336,5.422,5.45,5.321,15.31M,-0.80%
04/03/20,4.327,4.278,4.359,4.19,34.59M,1.84%
04/03/21,4.673,4.63,4.699,4.611,15.82M,-0.55%
04/03/22,4.799,5.05,5.115,4.792,47.43M,-5.71%
04/03/24,9.414,9.358,9.454,9.35,7.26M,0.56%
04/03/25,12.25,12.7,12.76,12.115,45.21K,-5.26%
04/03/26,18.835,18.065,18.93,17.765,17.08M,4.26%
04/04/18,6.35,6.364,6.373,6.245,26.54M,-0.25%
04/04/19,5.498,5.406,5.507,5.382,22.00M,1.57%
04/04/22,5.322,5.343,5.343,5.22,79.98M,0.60%
04/04/23,6.386,6.288,6.508,6.288,11.83M,1.75%
04/04/24,11.235,11.1,11.275,11.085,36.69M,1.67%
04/04/25,11.36,12.315,12.32,11.035,27.83M,-9.37%
04/05/18,6.742,6.68,6.752,6.63,15.40M,1.14%
04/05/20,2.8,2.881,2.881,2.795,47.35M,-6.26%
04/05/21,4.665,4.7,4.795,4.643,22.50M,-0.24%
04/05/22,4.77,4.918,4.924,4.756,,-2.55%
04/05/23,6.18,6.268,6.312,6.114,11.03M,-1.75%
04/06/18,6.057,6.087,6.147,6.02,23.00M,0.65%
04/06/19,5.01,4.843,5.016,4.84,26.55M,3.04%
04/06/20,3.212,3.117,3.27,3.093,48.97M,1.65%
04/06/21,5.217,5.29,5.293,5.21,28.10M,-1.31%
04/06/24,9.456,9.754,9.764,9.29,20.69M,-3.19%
04/06/25,13.12,13.24,13.275,12.975,6.50M,-0.34%
04/07/18,6.136,6,6.155,5.998,16.01M,1.93%
04/07/19,5.087,5.009,5.098,5.009,16.73M,1.19%
04/07/22,4.373,4.366,4.407,4.317,17.81M,1.39%
04/07/23,7.024,7.1,7.136,7.022,5.44M,-0.93%
04/07/24,9.606,9.646,9.682,9.572,4.81M,0.13%
04/07/25,12.915,13.165,13.25,12.85,5.81M,-2.57%
04/08/20,2.775,2.751,2.829,2.722,42.76M,1.87%
04/08/21,5.664,5.59,5.67,5.569,14.05M,1.69%
04/08/22,4.609,4.56,4.664,4.557,14.94M,1.12%
04/08/23,6.924,6.928,6.99,6.864,12.48M,0.76%
04/08/25,14.8,14.47,14.835,14.335,6.76M,3.10%
04/09/18,5.368,5.354,5.422,5.298,17.46M,0.26%
04/09/19,4.313,4.338,4.363,4.303,12.70M,0.63%
04/09/20,2.557,2.456,2.592,2.445,44.38M,5.23%
04/09/23,7.288,7.302,7.358,7.262,3.65M,0.33%
04/09/24,9.046,9.086,9.16,9.002,8.14M,-2.48%
04/09/25,15.81,15.51,15.815,15.385,6.62M,2.46%
04/10/18,5.297,5.345,5.398,5.29,26.76M,-0.88%
04/10/19,4.535,4.546,4.56,4.484,15.36M,0.35%
04/10/21,5.634,5.6,5.71,5.557,159.27M,0.02%
04/10/22,4.902,4.76,4.938,4.719,76.39M,4.69%
04/10/23,7.626,7.71,7.76,7.566,38.07M,-1.37%
04/10/24,9.552,9.354,9.668,9.342,11.02M,2.34%
04/11/19,4.878,4.793,4.89,4.76,20.21M,3.06%
04/11/20,2.456,2.49,2.53,2.426,65.11M,-6.65%
04/11/21,6.04,6.22,6.26,6.005,37.12M,-2.31%
04/11/22,5.304,5.285,5.338,5.227,12.71M,1.47%
04/11/24,9.552,9.41,9.612,9.39,11.28M,1.44%
04/11/25,17.54,17.21,17.62,17.1,7.82M,1.39%
04/12/18,4.929,5.056,5.074,4.929,20.30M,-3.18%
04/12/19,4.729,4.641,4.75,4.641,28.08M,1.55%
04/12/20,4.304,4.067,4.304,4.055,53.90M,5.54%
04/12/23,8.66,8.618,8.688,8.554,6.39M,1.22%
04/12/24,9.242,9.17,9.262,9.162,6.73M,1.01%
04/12/25,19.095,18.96,19.095,18.645,9.61M,2.19%
05/01/18,7.253,7.259,7.282,7.203,13.58M,0.44%
05/01/21,4.074,4.04,4.093,4.022,10.36M,-0.10%
05/01/22,5.38,5.401,5.43,5.38,14.65M,-0.24%
05/01/23,6.154,6.07,6.168,6.04,15.48M,0.89%
05/01/24,8.514,8.44,8.554,8.37,7.36M,0.64%
05/01/26,20.62,20.64,20.78,20.29,9.15M,1.18%
05/02/18,7.255,7.286,7.322,7.212,18.56M,-1.35%
05/02/19,5.223,5.183,5.23,5.156,22.47M,1.01%
05/02/20,4.927,4.76,4.927,4.755,39.88M,2.97%
05/02/21,4.421,4.301,4.442,4.26,35.81M,2.41%
05/02/24,8.934,8.99,9.03,8.904,13.38M,-0.31%
05/02/25,11.03,11,11.13,10.975,2.37K,0.27%
05/02/26,19.98,20.92,21.2,19.98,25.44M,-8.81%
05/03/18,6.61,6.607,6.673,6.571,17.13M,-0.48%
05/03/19,5.307,5.338,5.39,5.245,22.12M,-0.54%
05/03/20,4.123,4.362,4.364,4.094,36.71M,-4.71%
05/03/21,4.703,4.65,4.789,4.581,20.25M,0.64%
05/03/24,9.488,9.416,9.498,9.394,7.71M,0.79%
05/03/25,12.84,12.6,12.93,12.6,1.55K,4.82%
05/03/26,18.55,18.85,19.38,18.485,16.28M,-1.51%
05/04/18,6.51,6.427,6.549,6.42,24.95M,2.52%
05/04/19,5.495,5.501,5.535,5.481,22.15M,-0.05%
05/04/22,5.25,5.319,5.319,5.204,42.62M,-1.35%
05/04/23,6.46,6.406,6.492,6.376,14.63M,1.16%
05/04/24,11.005,11.135,11.14,10.905,63.57M,-2.05%
05/05/20,2.8,2.858,2.908,2.754,24.41M,0.00%
05/05/21,4.773,4.735,4.795,4.7,17.00M,2.30%
05/05/22,4.59,4.88,4.902,4.59,38.66M,-3.77%
05/05/23,6.29,6.238,6.298,6.134,14.12M,1.78%
05/05/25,12.44,12.21,12.44,12.195,14.77K,1.80%
05/06/18,5.915,6.037,6.075,5.914,22.45M,-2.34%
05/06/19,4.98,5,5.017,4.905,19.12M,-0.60%
05/06/20,3.527,3.3,3.539,3.277,51.92M,9.81%
05/06/23,6.464,6.516,6.57,6.398,21.45M,-0.40%
05/06/24,9.55,9.504,9.56,9.416,7.92M,0.99%
05/06/25,13.2,13.015,13.2,12.96,10.59M,0.61%
05/07/18,6.309,6.16,6.359,6.16,23.10M,2.82%
05/07/19,5.078,5.083,5.135,5.034,15.02M,-0.18%
05/07/21,5.429,5.295,5.439,5.295,7.49M,2.53%
05/07/22,4.215,4.415,4.439,4.215,17.45M,-3.62%
05/07/23,6.958,6.99,7.03,6.932,8.77M,-0.94%
05/07/24,9.614,9.646,9.674,9.492,6.30M,0.08%
05/08/19,4.46,4.474,4.502,4.435,20.46M,-1.37%
05/08/20,2.666,2.796,2.821,2.661,23.36M,-3.93%
05/08/21,5.653,5.582,5.686,5.581,14.13M,-0.19%
05/08/22,4.621,4.576,4.65,4.568,13.91M,0.25%
05/08/24,8.694,8.554,8.752,8.464,14.94M,-2.03%
05/08/25,14.93,14.845,14.965,14.585,6.65M,0.88%
05/09/18,5.363,5.347,5.426,5.297,21.83M,-0.09%
05/09/19,4.496,4.359,4.497,4.35,24.41M,4.24%
05/09/22,4.47,4.431,4.471,4.395,8.44M,-2.00%
05/09/23,7.156,7.224,7.254,7.144,12.93M,-1.81%
05/09/24,9.106,9,9.234,8.952,5.21M,0.66%
05/09/25,15.605,15.895,16.03,15.55,6.65M,-1.30%
05/10/18,5.263,5.3,5.308,5.245,19.36M,-0.64%
05/10/20,2.404,2.411,2.444,2.373,18.27M,1.09%
05/10/21,6,5.603,6,5.6,75.91M,6.50%
05/10/22,4.82,4.869,4.905,4.792,19.75M,-1.67%
05/10/23,7.642,7.686,7.746,7.576,12.88M,0.21%
05/11/18,5.207,5.166,5.255,5.165,15.85M,0.83%
05/11/19,4.954,4.9,4.973,4.881,29.80M,1.56%
05/11/20,2.56,2.486,2.569,2.422,36.10M,4.23%
05/11/21,6.026,6.028,6.107,5.997,17.15M,-0.23%
05/11/24,9.606,9.552,9.624,9.506,7.14M,0.57%
05/11/25,17.64,17.15,17.64,17.125,7.06M,0.57%
05/12/18,4.865,4.888,4.902,4.81,19.43M,-1.30%
05/12/19,4.724,4.738,4.785,4.716,30.11M,-0.11%
05/12/22,5.554,5.582,5.612,5.544,8.40M,-1.03%
05/12/23,8.628,8.656,8.718,8.576,8.09M,-0.37%
05/12/24,9.632,9.236,9.65,9.23,12.94M,4.22%
05/12/25,18.875,19.095,19.255,18.85,6.33M,-1.15%
06/01/20,5.032,5,5.039,4.944,11.34M,-0.44%
06/01/21,4.309,4.155,4.36,4.155,23.84M,5.77%
06/01/22,5.458,5.31,5.458,5.291,19.91M,1.45%
06/01/23,6.21,6.17,6.228,6.155,12.50M,0.91%
06/01/25,9.744,9.378,9.75,9.342,10.52M,4.57%
06/01/26,20.35,20.62,20.82,20.2,9.21M,-1.31%
06/02/18,7.085,7.1,7.23,7.03,31.71M,-2.34%
06/02/19,5.241,5.171,5.245,5.164,17.10M,0.34%
06/02/20,5.1,4.981,5.137,4.97,49.68M,3.51%
06/02/23,6.79,6.844,6.848,6.772,10.80M,-1.69%
06/02/24,9.104,8.99,9.158,8.98,13.93M,1.90%
06/02/25,11.635,11.14,11.68,11.08,1.51K,5.49%
06/02/26,20.19,19.9,20.68,19.82,15.54M,1.05%
06/03/18,6.65,6.668,6.764,6.647,17.12M,0.61%
06/03/19,5.372,5.3,5.426,5.29,15.18M,1.22%
06/03/20,4.032,4.025,4.088,3.955,31.92M,-2.21%
06/03/23,7.446,7.4,7.454,7.37,6.98M,0.92%
06/03/24,9.662,9.47,9.72,9.466,12.86M,1.83%
06/03/25,13.13,12.995,13.205,12.835,6.96K,2.26%
06/03/26,18.37,18.68,18.81,18.025,14.11M,-0.97%
06/04/18,6.346,6.35,6.408,6.324,14.95M,-2.52%
06/04/20,2.971,2.886,2.995,2.83,31.79M,8.11%
06/04/21,4.527,4.531,4.593,4.5,15.07M,1.82%
06/04/22,4.857,5.098,5.122,4.808,39.50M,-7.50%
06/04/23,6.58,6.496,6.604,6.49,12.54M,1.86%
06/05/19,5.279,5.23,5.298,5.206,15.01M,-1.07%
06/05/20,2.719,2.801,2.82,2.698,27.12M,-2.89%
06/05/21,4.806,4.77,4.806,4.71,15.46M,0.71%
06/05/22,4.589,4.6,4.662,4.505,26.66M,-0.02%
06/05/24,9.84,9.856,9.89,9.728,11.44M,-0.10%
06/05/25,12.515,12.44,12.53,12.175,39.88K,0.60%
06/06/18,5.993,5.924,5.999,5.845,23.06M,1.32%
06/06/19,4.944,4.96,5.079,4.896,27.26M,-0.72%
06/06/22,5.104,4.994,5.119,4.992,9.49M,2.96%
06/06/23,6.478,6.434,6.486,6.398,8.16M,0.22%
06/06/24,9.798,9.572,9.798,9.502,8.98M,2.60%
06/06/25,13.24,13.18,13.35,13.16,4.69M,0.30%
06/07/18,6.369,6.36,6.41,6.302,19.57M,0.95%
06/07/20,3.307,3.259,3.369,3.256,22.84M,5.08%
06/07/21,5.284,5.406,5.438,5.276,14.09M,-2.67%
06/07/22,4.209,4.266,4.305,4.161,19.66M,-0.13%
06/07/23,6.84,6.896,6.938,6.794,9.64M,-1.70%
06/08/18,6.041,6.073,6.1,6.006,10.23M,-0.36%
06/08/19,4.414,4.478,4.487,4.407,18.28M,-1.03%
06/08/20,2.604,2.66,2.7,2.582,30.31M,-2.33%
06/08/21,5.762,5.65,5.783,5.632,13.85M,1.93%
06/08/24,8.62,8.802,8.826,8.518,10.73M,-0.85%
06/08/25,15.24,14.99,15.265,14.895,8.64M,2.08%
06/09/18,5.228,5.32,5.32,5.221,24.13M,-2.52%
06/09/19,4.49,4.483,4.56,4.46,15.55M,-0.13%
06/09/21,5.564,5.589,5.636,5.556,4.13M,-0.07%
06/09/22,4.492,4.459,4.519,4.42,8.13M,0.51%
06/09/23,7.02,7.148,7.152,6.996,15.10M,-1.90%
06/09/24,8.912,9.028,9.15,8.912,7.82M,-2.13%
06/10/20,2.477,2.41,2.51,2.384,33.37M,3.04%
06/10/21,5.945,5.97,5.999,5.87,96.66M,-0.92%
06/10/22,4.799,4.854,4.864,4.78,11.13M,-0.43%
06/10/23,7.676,7.692,7.718,7.584,15.80M,0.44%
06/10/25,16.175,16.31,16.4,16.045,5.37M,-1.49%
06/11/18,5.155,5.199,5.205,5.101,13.58M,-1.00%
06/11/19,4.904,4.98,5.035,4.885,19.11M,-1.01%
06/11/20,2.486,2.56,2.62,2.482,21.94M,-2.89%
06/11/23,7.718,7.708,7.766,7.652,10.69M,-0.21%
06/11/24,8.97,9.364,9.44,8.894,25.26M,-6.62%
06/11/25,17.935,17.58,18.045,17.57,9.55M,1.67%
06/12/18,4.691,4.812,4.836,4.661,28.34M,-3.58%
06/12/19,4.783,4.738,4.798,4.715,13.33M,1.25%
06/12/21,5.001,4.848,5.008,4.82,24.52M,4.42%
06/12/22,5.543,5.52,5.568,5.453,11.07M,-0.20%
06/12/23,8.608,8.66,8.68,8.594,7.14M,-0.23%
06/12/24,9.554,9.576,9.678,9.518,7.16M,-0.81%
07/01/19,4.833,4.883,4.894,4.801,15.31M,-0.37%
07/01/20,5.01,5.051,5.079,4.983,10.19M,-0.44%
07/01/21,4.352,4.331,4.364,4.236,16.39M,1.00%
07/01/22,5.587,5.482,5.587,5.458,19.76M,2.36%
07/01/25,9.874,9.744,9.926,9.606,12.69M,1.33%
07/01/26,19.87,20.1,20.15,19.835,10.27M,-2.36%
07/02/18,7.227,7.195,7.268,7.087,23.09M,2.00%
07/02/19,5.077,5.21,5.235,5.068,19.90M,-3.13%
07/02/20,5.227,5.08,5.23,5.071,27.16M,2.49%
07/02/22,5.75,5.745,5.771,5.649,37.76M,1.13%
07/02/23,6.777,6.812,6.849,6.735,11.21M,-0.19%
07/02/24,8.986,9.04,9.046,8.848,12.63M,-1.30%
07/02/25,11.65,11.615,11.685,11.52,47.03K,0.13%
07/03/18,6.63,6.632,6.649,6.6,13.67M,-0.30%
07/03/19,5.219,5.388,5.437,5.172,26.44M,-2.85%
07/03/22,4.485,4.598,4.655,4.445,51.00M,-6.54%
07/03/23,7.287,7.45,7.555,7.287,14.56M,-2.14%
07/03/24,9.848,9.638,9.868,9.638,17.13M,1.93%
07/03/25,13.16,12.965,13.195,12.88,12.60M,0.23%
07/04/20,2.927,2.93,3.066,2.839,28.05M,-1.48%
07/04/21,4.518,4.509,4.566,4.489,11.16M,-0.19%
07/04/22,4.845,4.885,4.995,4.833,61.46M,-0.23%
07/04/25,10.81,10.685,11.355,10.11,106.22K,-4.84%
07/04/26,18.89,18.95,19.335,18.73,14.62M,0.64%
07/05/18,6.788,6.77,6.812,6.753,9.30M,0.68%
07/05/19,5.144,5.256,5.265,5.141,23.50M,-2.56%
07/05/20,2.693,2.738,2.744,2.672,18.70M,-0.96%
07/05/21,4.821,4.82,4.86,4.727,13.97M,0.31%
07/05/24,10.195,10,10.195,9.91,17.40M,3.61%
07/05/25,12.55,12.475,12.565,12.39,10.71K,0.28%
07/06/18,6.114,6.05,6.188,6.05,25.06M,2.02%
07/06/19,4.923,4.949,4.974,4.88,15.41M,-0.42%
07/06/21,5.328,5.219,5.341,5.21,13.03M,2.13%
07/06/22,5.039,5.075,5.107,5.036,8.67M,-1.27%
07/06/23,6.488,6.492,6.51,6.364,9.04M,0.15%
07/06/24,9.894,9.73,9.934,9.7,10.30M,0.98%
07/07/20,3.226,3.263,3.283,3.207,13.73M,-2.45%
07/07/21,5.22,5.29,5.306,5.162,16.90M,-1.21%
07/07/22,4.363,4.295,4.408,4.282,20.15M,3.63%
07/07/23,6.894,6.848,6.926,6.792,7.85M,0.79%
07/07/25,13.15,12.875,13.15,12.86,5.78M,1.82%
07/08/18,6.04,6.06,6.086,6.025,11.52M,-0.02%
07/08/19,4.407,4.447,4.485,4.368,20.66M,-0.16%
07/08/20,2.525,2.569,2.592,2.462,36.81M,-3.03%
07/08/23,6.968,6.948,6.99,6.856,6.15M,0.64%
07/08/24,8.86,8.748,8.95,8.67,10.75M,2.78%
07/08/25,15.495,15.455,15.6,15.375,8.91M,1.67%
07/09/18,5.18,5.23,5.257,5.118,22.85M,-0.92%
07/09/20,2.525,2.591,2.617,2.502,21.00M,-1.25%
07/09/21,5.593,5.564,5.628,5.556,9.86M,0.52%
07/09/22,4.49,4.444,4.502,4.409,8.85M,-0.04%
07/09/23,6.944,7,7.068,6.942,9.17M,-1.08%
07/10/19,4.587,4.543,4.614,4.487,13.64M,1.15%
07/10/20,2.413,2.45,2.461,2.404,19.12M,-2.58%
07/10/21,6.04,6,6.078,5.925,59.83M,1.60%
07/10/22,4.62,4.674,4.728,4.594,13.69M,-3.74%
07/10/24,9.652,9.652,9.76,9.554,12.03M,1.05%
07/10/25,16.055,16.1,16.24,16.05,6.00M,-0.74%
07/11/18,5.244,5.4,5.4,5.237,27.36M,1.73%
07/11/19,4.989,4.904,4.998,4.885,18.90M,1.73%
07/11/22,5.337,5.283,5.37,5.255,9.77M,0.62%
07/11/23,7.724,7.688,7.786,7.66,8.73M,0.08%
07/11/24,9.342,9.17,9.4,9.098,19.18M,4.15%
07/11/25,17.47,17.94,18.005,17.46,11.93M,-2.59%
07/12/18,4.691,4.721,4.783,4.689,19.75M,0.00%
07/12/20,4.2,4.25,4.301,4.173,24.37M,-2.42%
07/12/21,5.133,5.074,5.14,5.026,27.70M,2.64%
07/12/22,5.517,5.519,5.555,5.488,9.47M,-0.47%
07/12/23,8.458,8.58,8.632,8.356,10.04M,-1.74%
08/01/18,7.235,7.274,7.293,7.22,13.42M,-0.25%
08/01/19,4.875,4.86,4.923,4.835,16.37M,0.87%
08/01/20,5.058,4.968,5.069,4.961,12.83M,0.96%
08/01/21,4.276,4.375,4.375,4.243,18.00M,-1.75%
08/01/24,8.602,8.5,8.628,8.446,6.90M,1.03%
08/01/25,9.902,9.882,10.075,9.782,10.06M,0.28%
08/01/26,20.07,19.68,20.07,19.61,7.26M,1.01%
08/02/18,7.131,7.193,7.287,7.098,23.71M,-1.33%
08/02/19,5.058,5.07,5.116,5.017,16.81M,-0.37%
08/02/21,4.489,4.472,4.524,4.41,21.64M,1.54%
08/02/22,5.885,5.75,5.893,5.745,22.75M,2.35%
08/02/23,6.753,6.82,6.82,6.721,14.73M,-0.35%
08/02/24,9.116,9.05,9.154,9.018,10.12M,1.45%
08/03/18,6.652,6.657,6.717,6.618,13.65M,0.33%
08/03/19,5.136,5.165,5.19,5.093,18.74M,-1.59%
08/03/21,4.8,4.79,4.838,4.744,16.96M,2.06%
08/03/22,4.596,4.4,4.742,4.384,38.63M,2.47%
08/03/23,7.321,7.253,7.353,7.183,8.37M,0.47%
08/03/24,9.898,9.872,10.04,9.862,11.94M,0.51%
08/04/19,5.333,5.34,5.372,5.308,13.31M,-2.95%
08/04/20,2.959,2.861,2.976,2.819,31.90M,1.09%
08/04/21,4.538,4.556,4.564,4.444,15.85M,0.45%
08/04/22,4.893,4.929,4.999,4.892,24.40M,0.98%
08/04/24,10.65,10.62,10.72,10.57,10.50M,-3.23%
08/04/25,10.82,10.735,11.04,10.345,27.20K,0.09%
08/04/26,19.54,19.5,19.835,19.305,18.97M,3.44%
08/05/18,6.756,6.791,6.817,6.73,14.45M,-0.47%
08/05/19,5.2,5.155,5.2,5.105,18.16M,1.09%
08/05/20,2.727,2.72,2.735,2.646,13.91M,1.26%
08/05/23,6.388,6.34,6.406,6.336,5.45M,1.56%
08/05/24,10.29,10.395,10.425,10.225,12.93M,0.93%
08/05/25,12.805,12.6,12.805,12.57,8.58M,2.03%
08/06/18,6.078,6.039,6.078,6.004,18.71M,-0.59%
08/06/20,3.55,3.485,3.646,3.465,45.13M,0.65%
08/06/21,5.313,5.35,5.398,5.26,14.75M,-0.28%
08/06/22,4.977,5.05,5.051,4.948,11.90M,-1.23%
08/06/23,6.586,6.54,6.686,6.522,11.15M,1.51%
08/07/19,4.985,5.05,5.082,4.961,15.37M,-1.83%
08/07/20,3.119,3.187,3.196,3.106,16.94M,-3.32%
08/07/21,5.049,5.15,5.159,5.018,20.12M,-3.28%
08/07/22,4.397,4.352,4.44,4.306,15.26M,0.79%
08/07/24,9.574,9.59,9.716,9.55,8.28M,-0.42%
08/07/25,13.365,13.255,13.48,13.23,9.13M,1.63%
08/08/18,6.002,6.025,6.051,5.966,11.07M,-0.63%
08/08/19,4.518,4.47,4.538,4.423,17.72M,2.52%
08/08/22,4.647,4.668,4.681,4.595,13.27M,0.55%
08/08/23,6.834,6.87,6.896,6.69,13.06M,-1.92%
08/08/24,8.816,8.784,8.886,8.648,5.66M,-0.50%
08/08/25,15.94,15.5,16.01,15.485,9.57M,2.87%
08/09/20,2.489,2.526,2.578,2.475,39.31M,-1.43%
08/09/21,5.52,5.56,5.602,5.469,19.84M,-1.31%
08/09/22,4.625,4.547,4.668,4.493,22.87M,3.00%
08/09/23,6.97,7,7,6.826,8.84M,0.37%
08/09/25,15.77,15.65,15.82,15.595,4.47M,1.06%
08/10/18,5.215,5.2,5.242,5.103,20.47M,-0.91%
08/10/19,4.505,4.607,4.62,4.462,16.22M,-1.79%
08/10/20,2.435,2.43,2.473,2.419,16.23M,0.91%
08/10/21,5.93,5.964,6.002,5.9,15.03M,-1.82%
08/10/24,9.312,9.362,9.364,9.216,8.78M,-3.52%
08/10/25,16.36,16.06,16.41,16.06,5.88M,1.90%
08/11/18,5.217,5.267,5.29,5.2,14.72M,-0.51%
08/11/19,4.958,4.96,5.004,4.916,24.55M,-0.62%
08/11/21,6.021,6.006,6.089,5.995,17.91M,-0.08%
08/11/22,5.32,5.34,5.357,5.299,8.61M,-0.32%
08/11/23,7.832,7.666,7.862,7.662,17.02M,1.40%
08/11/24,9.102,9.24,9.298,9.05,8.69M,-2.57%
08/12/20,4.155,4.179,4.238,4.154,14.25M,-1.07%
08/12/21,5.203,5.102,5.287,5.096,36.77M,1.36%
08/12/22,5.512,5.53,5.546,5.497,8.17M,-0.09%
08/12/23,8.506,8.476,8.524,8.406,7.54M,0.57%
08/12/25,18.96,18.8,18.96,18.73,5.13M,0.45%
09/01/18,7.262,7.227,7.284,7.217,12.95M,0.37%
09/01/19,4.941,4.92,5.027,4.899,21.94M,1.35%
09/01/20,5.08,5.096,5.117,5.063,19.15M,0.43%
09/01/23,6.277,6.21,6.286,6.201,19.67M,1.08%
09/01/24,8.414,8.528,8.53,8.316,11.06M,-2.19%
09/01/25,9.994,9.8,9.994,9.754,1.19K,0.93%
09/01/26,20.45,20.36,20.45,20.08,9.62M,1.89%
09/02/18,7.009,7.067,7.098,6.928,29.36M,-1.71%
09/02/21,4.378,4.484,4.489,4.361,14.28M,-2.47%
09/02/22,6.015,5.9,6.015,5.86,24.24M,2.21%
09/02/23,6.8,6.798,6.828,6.65,11.73M,0.70%
09/02/24,9.152,9.098,9.162,9.074,13.67M,0.39%
09/02/26,20.63,20.5,20.65,20.34,9.00M,2.18%
09/03/18,6.646,6.668,6.702,6.637,13.51M,-0.09%
09/03/20,3.499,3.75,3.75,3.46,66.37M,-13.22%
09/03/21,4.712,4.78,4.782,4.607,25.52M,-1.83%
09/03/22,4.995,4.775,5.001,4.742,42.28M,8.67%
09/03/23,7.299,7.3,7.33,7.278,7.43M,-0.30%
09/03/26,18.22,17.71,18.31,17.58,11.97M,-0.82%
09/04/18,6.431,6.4,6.467,6.381,12.94M,1.34%
09/04/19,5.346,5.319,5.415,5.316,14.64M,0.24%
09/04/20,3.004,3.015,3.068,2.923,22.52M,1.52%
09/04/21,4.431,4.535,4.562,4.431,16.94M,-2.37%
09/04/24,10.48,10.65,10.67,10.48,9.20M,-1.60%
09/04/25,10.7,10.45,10.825,10.385,14.65M,-1.11%
09/04/26,19.21,19.49,19.58,19.1,11.85M,-1.69%
09/05/18,6.806,6.768,6.81,6.735,10.88M,0.74%
09/05/19,5.094,5.128,5.173,5.065,19.14M,-2.04%
09/05/22,4.579,4.633,4.695,4.579,20.68M,-0.22%
09/05/23,6.31,6.376,6.424,6.266,6.91M,-1.22%
09/05/24,9.6,9.848,9.848,9.6,25.56M,-6.71%
09/05/25,12.815,12.84,12.86,12.69,11.49K,0.08%
09/06/20,3.408,3.501,3.529,3.327,38.35M,-4.00%
09/06/21,5.265,5.291,5.301,5.196,10.98M,-0.90%
09/06/22,4.744,4.946,4.95,4.744,27.64M,-4.69%
09/06/23,6.51,6.594,6.634,6.426,7.31M,-1.15%
09/06/25,13.25,13.2,13.31,13.165,7.02M,0.08%
09/07/18,6.368,6.4,6.439,6.364,12.69M,-0.02%
09/07/19,4.951,4.965,4.973,4.91,17.03M,-0.68%
09/07/20,3.075,3.149,3.165,3.06,13.38M,-1.41%
09/07/21,5.227,5.08,5.227,5.045,12.22M,3.53%
09/07/24,9.5,9.55,9.55,9.408,6.43M,-0.77%
09/07/25,13.6,13.45,13.67,13.425,10.19M,1.76%
09/08/18,5.947,6,6.005,5.917,15.87M,-0.92%
09/08/19,4.436,4.457,4.484,4.42,17.87M,-1.81%
09/08/21,5.76,5.747,5.794,5.713,10.19M,-0.03%
09/08/22,4.678,4.642,4.719,4.635,13.75M,0.68%
09/08/23,6.91,6.964,6.984,6.862,6.61M,1.11%
09/08/24,8.898,8.9,9.004,8.82,5.00M,0.93%
09/09/19,4.602,4.508,4.602,4.501,15.19M,2.49%
09/09/20,2.517,2.489,2.524,2.457,35.71M,1.12%
09/09/21,5.512,5.49,5.545,5.43,12.71M,-0.14%
09/09/22,4.852,4.74,4.878,4.707,19.01M,4.91%
09/09/24,9.034,8.962,9.1,8.962,4.98M,1.37%
09/09/25,15.935,15.835,15.96,15.61,6.91M,1.05%
09/10/18,5.295,5.242,5.303,5.181,26.33M,1.53%
09/10/19,4.506,4.52,4.555,4.481,12.99M,0.02%
09/10/20,2.39,2.43,2.451,2.373,18.34M,-1.85%
09/10/23,7.422,7.484,7.55,7.396,10.81M,-3.31%
09/10/24,9.272,9.29,9.302,9.166,5.32M,-0.43%
09/10/25,16.065,16.36,16.36,16.025,4.84M,-1.80%
09/11/18,4.912,5.05,5.05,4.852,66.48M,-5.85%
09/11/20,2.9,2.536,2.9,2.514,79.15M,16.65%
09/11/21,5.973,5.991,6.04,5.936,9.69M,-0.80%
09/11/22,5.287,5.294,5.392,5.286,20.35M,-0.62%
09/11/23,7.972,7.84,7.978,7.814,13.50M,1.79%
09/12/19,4.756,4.79,4.837,4.756,22.68M,-0.56%
09/12/20,4.155,4.177,4.197,4.139,16.87M,0.00%
09/12/21,5.155,5.176,5.235,5.142,18.45M,-0.92%
09/12/22,5.533,5.52,5.539,5.473,10.82M,0.38%
09/12/24,9.582,9.608,9.662,9.568,5.41M,0.29%
09/12/25,18.935,18.95,19.07,18.79,6.75M,-0.13%
10/01/18,7.35,7.28,7.38,7.259,25.98M,1.21%
10/01/19,4.984,4.908,5.005,4.883,15.95M,0.87%
10/01/20,4.997,5.07,5.078,4.997,12.67M,-1.63%
10/01/22,5.577,5.611,5.68,5.553,20.40M,-0.18%
10/01/23,6.31,6.25,6.329,6.237,12.86M,0.53%
10/01/24,8.402,8.404,8.436,8.348,7.74M,-0.14%
10/01/25,9.936,9.994,10.07,9.88,33.66K,-0.58%
10/02/20,5.242,5.202,5.29,5.197,27.47M,0.29%
10/02/21,4.394,4.4,4.461,4.362,30.18M,0.37%
10/02/22,6.056,5.945,6.12,5.941,37.01M,0.68%
10/02/23,6.74,6.78,6.818,6.696,9.95M,-0.88%
10/02/25,11.505,11.615,11.635,11.455,7.08M,-1.24%
10/02/26,20.6,20.65,20.89,20.44,9.93M,-0.15%
10/03/20,3.451,3.581,3.769,3.412,49.46M,-1.37%
10/03/21,4.65,4.7,4.784,4.647,21.38M,-1.32%
10/03/22,4.991,5,5.111,4.898,30.09M,-0.07%
10/03/23,7.05,7.04,7.1,6.94,20.60M,-3.41%
10/03/25,12.76,13.11,13.19,12.715,16.94K,-3.04%
10/03/26,19.09,18.975,19.16,18.585,13.29M,4.77%
10/04/18,6.421,6.48,6.495,6.408,14.38M,-0.16%
10/04/19,5.294,5.363,5.382,5.268,14.77M,-0.97%
10/04/24,10.425,10.48,10.495,10.26,11.37M,-0.52%
10/04/25,11.38,11.825,12.53,11.38,7.95K,6.36%
10/04/26,19.705,19.345,19.805,19.245,12.97M,2.58%
10/05/18,6.852,6.82,6.852,6.789,11.12M,0.68%
10/05/19,5.078,5.138,5.158,5.04,13.74M,-0.31%
10/05/21,4.928,4.87,4.965,4.845,19.67M,2.21%
10/05/22,4.64,4.648,4.813,4.633,24.83M,1.33%
10/05/23,6.302,6.37,6.422,6.256,7.76M,-0.13%
10/05/24,9.71,9.638,9.818,9.62,12.16M,1.15%
10/06/19,5.068,5.015,5.08,4.989,16.54M,2.95%
10/06/20,3.313,3.45,3.496,3.309,46.92M,-2.79%
10/06/21,5.273,5.271,5.351,5.24,15.08M,0.15%
10/06/22,4.311,4.686,4.686,4.311,51.19M,-9.13%
10/06/24,9.76,9.888,9.888,9.724,9.06M,-1.35%
10/06/25,13.185,13.23,13.265,13.135,7.46M,-0.49%
10/07/18,6.212,6.35,6.353,6.175,27.85M,-2.45%
10/07/19,4.944,4.93,5.004,4.888,19.73M,-0.14%
10/07/20,3.146,3.047,3.162,3.026,14.64M,2.31%
10/07/23,6.878,6.854,6.964,6.844,5.72M,-0.23%
10/07/24,9.662,9.52,9.662,9.458,6.50M,1.71%
10/07/25,13.35,13.6,13.615,13.35,6.75M,-1.84%
10/08/18,5.64,5.82,5.825,5.6,56.78M,-5.16%
10/08/20,2.578,2.575,2.617,2.524,19.30M,2.10%
10/08/21,5.826,5.735,5.831,5.722,11.82M,1.15%
10/08/22,4.709,4.681,4.71,4.655,14.16M,0.66%
10/08/23,7.166,6.964,7.2,6.95,21.91M,3.70%
10/09/18,5.199,5.166,5.275,5.15,15.87M,0.37%
10/09/19,4.696,4.6,4.702,4.542,23.78M,2.04%
10/09/20,2.514,2.518,2.547,2.471,20.56M,-0.12%
10/09/21,5.5,5.548,5.599,5.479,12.13M,-0.22%
10/09/24,8.922,9.016,9.134,8.902,6.65M,-1.24%
10/09/25,16.15,15.96,16.26,15.89,9.58M,1.35%
10/10/18,5.293,5.257,5.358,5.247,22.11M,-0.04%
10/10/19,4.628,4.516,4.628,4.51,18.48M,2.71%
10/10/22,4.62,4.58,4.655,4.577,9.59M,0.00%
10/10/23,7.65,7.492,7.708,7.492,12.84M,3.07%
10/10/24,9.23,9.274,9.316,9.136,8.60M,-0.45%
10/10/25,15.79,16.03,16.23,15.755,6.73M,-1.71%
10/11/20,3.091,2.907,3.091,2.884,65.83M,6.59%
10/11/21,6.032,5.976,6.047,5.967,10.65M,0.99%
10/11/22,5.306,5.26,5.347,5.207,16.91M,0.36%
10/11/23,7.9,7.9,7.99,7.9,10.27M,-0.90%
10/11/25,18.205,17.81,18.21,17.715,9.86M,4.21%
10/12/18,4.575,4.676,4.71,4.565,21.30M,-2.47%
10/12/19,4.76,4.76,4.772,4.682,19.88M,0.08%
10/12/20,4.054,4.196,4.196,4.003,24.86M,-2.43%
10/12/21,5.11,5.1,5.146,5.041,27.87M,-0.87%
10/12/24,9.592,9.556,9.656,9.526,5.08M,0.10%
10/12/25,18.98,18.83,19.125,18.83,7.15M,0.24%
11/01/18,7.344,7.349,7.45,7.297,20.97M,-0.08%
11/01/19,5.036,4.98,5.049,4.944,19.02M,1.04%
11/01/21,4.251,4.275,4.309,4.213,18.71M,-0.58%
11/01/22,5.595,5.58,5.655,5.577,18.27M,0.32%
11/01/23,6.273,6.33,6.333,6.251,12.18M,-0.59%
11/01/24,8.28,8.454,8.506,8.28,6.98M,-1.45%
11/02/19,5.115,5.102,5.174,5.089,12.29M,1.13%
11/02/20,5.233,5.25,5.282,5.175,18.21M,-0.17%
11/02/21,4.382,4.394,4.416,4.322,11.09M,-0.27%
11/02/22,5.967,6,6.035,5.934,19.10M,-1.47%
11/02/25,11.705,11.5,11.705,11.45,6.10M,1.74%
11/02/26,20.2,20.58,20.8,20.03,10.52M,-1.94%
11/03/19,5.201,5.172,5.225,5.13,12.87M,1.27%
11/03/20,3.542,3.538,3.715,3.465,48.94M,2.64%
11/03/21,4.674,4.731,4.764,4.585,16.52M,0.52%
11/03/22,4.993,5.023,5.29,4.924,29.31M,0.03%
11/03/24,9.936,9.86,9.974,9.83,11.52M,0.38%
11/03/25,12.535,12.76,12.89,12.45,10.68M,-1.76%
11/03/26,18.85,18.73,19.045,18.675,9.43M,-1.26%
11/04/18,6.348,6.405,6.431,6.34,15.94M,-1.14%
11/04/19,5.37,5.318,5.409,5.27,16.80M,1.44%
11/04/22,4.962,4.929,5.054,4.906,49.22M,1.41%
11/04/23,6.482,6.624,6.686,6.476,170.54M,-1.49%
11/04/24,10.12,10.3,10.395,9.986,14.91M,-2.93%
11/04/25,11.28,11.42,11.56,11.02,10.33K,-0.88%
11/05/18,6.854,6.852,6.885,6.838,9.56M,0.03%
11/05/20,2.647,2.75,2.78,2.621,18.14M,-2.93%
11/05/21,4.909,4.876,4.95,4.846,13.87M,-0.39%
11/05/22,4.747,4.677,4.797,4.576,26.42M,2.32%
11/05/23,6.538,6.3,6.57,6.298,17.82M,3.74%
11/06/18,6.206,6.177,6.232,6.1,26.17M,2.11%
11/06/19,5,5.041,5.062,5,15.17M,-1.34%
11/06/20,3.095,3.17,3.238,3.087,35.11M,-6.58%
11/06/21,5.246,5.25,5.276,5.224,8.09M,-0.51%
11/06/24,9.588,9.802,9.802,9.528,8.06M,-1.76%
11/06/25,13.255,13.22,13.315,13.095,8.90M,0.53%
11/07/18,6.045,6.14,6.16,6.045,19.28M,-2.69%
11/07/19,4.93,4.963,4.973,4.883,16.83M,-0.28%
11/07/22,4.285,4.307,4.38,4.264,24.86M,-2.55%
11/07/23,6.942,6.916,6.97,6.834,7.17M,0.93%
11/07/24,9.71,9.71,9.74,9.622,4.73M,0.50%
11/07/25,12.935,13.24,13.285,12.915,6.94M,-3.11%
11/08/20,2.695,2.607,2.695,2.605,27.50M,4.54%
11/08/21,5.905,5.84,5.91,5.807,11.16M,1.36%
11/08/22,4.729,4.733,4.749,4.709,13.04M,0.42%
11/08/23,7.18,7.142,7.214,7.134,10.82M,0.20%
11/08/25,16.06,15.95,16.07,15.755,6.09M,0.75%
11/09/18,5.209,5.229,5.255,5.155,17.24M,0.19%
11/09/19,4.676,4.74,4.772,4.653,19.60M,-0.43%
11/09/20,2.435,2.501,2.503,2.429,27.16M,-3.14%
11/09/23,7.07,7.028,7.12,7.012,7.85M,1.43%
11/09/24,8.894,8.956,9.048,8.796,6.07M,-0.31%
11/09/25,16.21,16.16,16.27,16.005,5.72M,0.37%
11/10/18,5.289,5.193,5.356,5.182,35.63M,-0.08%
11/10/19,4.716,4.542,4.719,4.542,23.30M,1.90%
11/10/21,5.914,5.913,5.983,5.883,25.59M,-0.27%
11/10/22,4.577,4.596,4.6,4.521,9.57M,-0.92%
11/10/23,7.782,7.604,7.792,7.58,37.24M,1.73%
11/10/24,9.288,9.216,9.316,9.204,6.42M,0.63%
11/11/19,4.944,4.925,4.965,4.892,14.02M,-0.28%
11/11/20,3.143,3.078,3.165,3.061,38.88M,1.68%
11/11/21,6.08,6.04,6.118,6.03,23.86M,0.80%
11/11/22,5.297,5.29,5.335,5.223,12.20M,-0.17%
11/11/24,9.124,9.18,9.246,9.122,7.87M,0.24%
11/11/25,18.545,18.28,18.57,18.23,8.20M,1.87%
11/12/18,4.537,4.598,4.623,4.53,33.37M,-0.83%
11/12/19,4.764,4.739,4.809,4.732,25.84M,0.08%
11/12/20,3.971,4.026,4.058,3.864,41.36M,-2.05%
11/12/23,8.492,8.51,8.55,8.476,13.26M,-0.16%
11/12/24,9.508,9.578,9.656,9.484,7.80M,-0.88%
11/12/25,19.425,19.065,19.565,18.9,7.10M,2.34%
12/01/18,7.448,7.391,7.448,7.359,20.46M,1.42%
12/01/21,4.256,4.284,4.295,4.243,13.92M,0.12%
12/01/22,5.698,5.654,5.719,5.631,15.03M,1.84%
12/01/23,6.321,6.295,6.357,6.252,13.22M,0.77%
12/01/24,8.288,8.314,8.386,8.268,5.66M,0.10%
12/01/26,20.71,20.28,20.71,20.1,7.73M,1.27%
12/02/18,7.097,7.084,7.153,7.053,17.87M,1.26%
12/02/19,5.201,5.165,5.209,5.1,19.01M,1.68%
12/02/20,5.329,5.25,5.339,5.238,19.49M,1.83%
12/02/21,4.4,4.367,4.406,4.257,16.97M,0.41%
12/02/24,9.25,9.17,9.254,9.156,18.35M,1.07%
12/02/25,11.96,11.8,11.99,11.765,9.36M,2.18%
12/02/26,19.795,20.48,20.52,19.765,10.84M,-2.00%
12/03/18,6.674,6.691,6.7,6.643,10.86M,0.42%
12/03/19,5.181,5.233,5.246,5.15,14.31M,-0.38%
12/03/20,3.008,3.341,3.402,2.954,71.57M,-15.08%
12/03/21,4.775,4.68,4.81,4.679,15.18M,2.16%
12/03/24,10.195,9.952,10.22,9.952,14.80M,2.61%
12/03/25,12.875,12.645,12.985,12.62,7.58M,2.71%
12/03/26,18.185,18.75,18.76,17.825,14.25M,-3.53%
12/04/18,6.329,6.347,6.372,6.315,12.61M,-0.30%
12/04/19,5.512,5.368,5.522,5.325,25.89M,2.64%
12/04/21,4.477,4.41,4.478,4.36,14.22M,1.04%
12/04/22,4.97,4.873,5.054,4.841,23.14M,0.16%
12/04/23,6.598,6.486,6.678,6.486,61.37M,1.79%
12/04/24,10.05,10.055,10.135,9.924,12.24M,-0.69%
12/05/20,2.662,2.628,2.729,2.618,16.54M,0.57%
12/05/21,4.903,4.89,4.948,4.826,17.76M,-0.12%
12/05/22,4.708,4.627,4.755,4.613,23.75M,-0.82%
12/05/23,6.598,6.576,6.652,6.568,15.09M,0.92%
12/05/25,13.045,12.92,13.09,12.885,9.60M,1.79%
12/06/18,6.19,6.25,6.269,6.19,17.66M,-0.26%
12/06/19,4.939,4.95,4.96,4.878,20.46M,-1.22%
12/06/20,3.129,3.036,3.21,3.024,37.84M,1.10%
12/06/23,6.554,6.554,6.606,6.498,7.50M,0.68%
12/06/24,9.344,9.51,9.56,9.308,13.22M,-2.54%
12/06/25,13.215,13.12,13.265,13,5.68M,-0.30%
12/07/18,6.057,6.079,6.09,5.984,13.76M,0.20%
12/07/19,4.897,4.952,4.985,4.897,17.76M,-0.67%
12/07/21,5.258,5.243,5.268,5.126,13.77M,0.59%
12/07/22,4.123,4.251,4.271,3.993,31.61M,-3.77%
12/07/23,7.106,6.954,7.128,6.954,10.06M,2.36%
12/07/24,9.786,9.708,9.806,9.704,5.61M,0.78%
12/08/19,4.276,4.444,4.451,4.276,20.75M,-3.61%
12/08/20,2.633,2.698,2.762,2.63,24.45M,-2.30%
12/08/21,5.889,5.892,5.932,5.854,10.57M,-0.27%
12/08/22,4.777,4.75,4.801,4.747,15.00M,1.02%
12/08/24,8.924,8.938,8.982,8.848,4.59M,0.29%
12/08/25,15.76,16.05,16.16,15.76,8.77M,-1.87%
12/09/18,5.215,5.21,5.22,5.137,15.33M,0.12%
12/09/19,4.729,4.678,4.775,4.554,26.76M,1.13%
12/09/22,4.956,4.894,4.979,4.876,43.15M,2.14%
12/09/23,7.092,7.078,7.12,7.05,9.63M,0.31%
12/09/24,9.068,9.006,9.116,8.956,10.93M,1.96%
12/09/25,16.215,16.19,16.26,16.04,6.39M,0.03%
12/10/18,5.264,5.37,5.39,5.264,20.86M,-0.47%
12/10/20,2.352,2.388,2.399,2.34,14.48M,-1.59%
12/10/21,5.904,5.81,5.904,5.757,44.78M,-0.17%
12/10/22,4.583,4.556,4.6,4.506,9.11M,0.12%
12/10/23,7.798,7.792,7.846,7.748,14.34M,0.21%
12/11/18,4.912,5.025,5.049,4.9,28.96M,0.00%
12/11/19,4.917,4.971,5.002,4.907,18.79M,-0.55%
12/11/20,3.09,3.05,3.116,3.01,46.62M,-1.69%
12/11/21,6.127,6.18,6.186,6.073,14.89M,0.77%
12/11/24,8.914,9.01,9.164,8.914,8.67M,-2.30%
12/11/25,18.905,18.57,18.91,18.56,10.48M,1.94%
12/12/18,4.65,4.52,4.681,4.52,27.56M,2.49%
12/12/19,4.921,4.782,4.939,4.745,37.28M,3.30%
12/12/22,5.489,5.513,5.531,5.463,10.47M,-0.80%
12/12/23,8.42,8.5,8.518,8.384,8.91M,-0.85%
12/12/24,9.666,9.556,9.672,9.556,8.62M,1.66%
12/12/25,19.205,19.5,19.56,19.135,8.03M,-1.13%
13/01/20,4.923,4.998,5.004,4.896,17.67M,-1.48%
13/01/21,4.196,4.25,4.264,4.191,15.75M,-1.41%
13/01/22,5.759,5.705,5.771,5.66,17.30M,1.07%
13/01/23,6.362,6.337,6.412,6.287,12.72M,0.65%
13/01/25,10.245,9.99,10.245,9.98,33.20K,3.11%
13/01/26,21.01,20.76,21.07,20.73,8.23M,1.45%
13/02/18,6.998,7.102,7.124,6.984,16.12M,-1.39%
13/02/19,5.101,5.189,5.216,5.101,18.85M,-1.92%
13/02/20,5.298,5.28,5.305,5.192,21.91M,-0.58%
13/02/23,6.831,6.75,6.841,6.749,20.10M,1.35%
13/02/24,9.274,9.29,9.306,9.202,9.05M,0.26%
13/02/25,11.955,11.99,12,11.855,1.62K,-0.04%
13/02/26,19.115,19.7,20,19,17.04M,-3.44%
13/03/18,6.67,6.674,6.764,6.647,14.58M,-0.06%
13/03/19,5.275,5.191,5.299,5.18,19.22M,1.81%
13/03/20,3.045,3.31,3.436,2.949,44.19M,1.23%
13/03/23,6.469,7.05,7.05,6.374,43.02M,-8.24%
13/03/24,10.27,10.175,10.355,10.17,14.89M,0.74%
13/03/25,12.77,12.74,12.925,12.655,7.15M,-0.82%
13/03/26,18.01,17.93,18.375,17.745,10.69M,-0.96%
13/04/18,6.41,6.353,6.498,6.338,18.26M,1.28%
13/04/21,4.421,4.457,4.512,4.388,16.12M,-1.25%
13/04/22,4.953,4.952,4.994,4.912,71.75M,-0.33%
13/04/23,6.628,6.598,6.664,6.586,51.06M,0.45%
13/04/26,19.7,19.3,19.715,19.28,9.67M,-0.03%
13/05/19,4.982,5.084,5.093,4.966,17.58M,-1.89%
13/05/20,2.541,2.62,2.641,2.541,35.93M,-4.55%
13/05/21,4.892,4.835,4.923,4.801,15.50M,-0.22%
13/05/22,4.85,4.763,4.857,4.754,22.72M,3.01%
13/05/24,9.724,9.724,9.746,9.65,7.23M,0.14%
13/05/25,13.23,13,13.245,12.945,8.56M,1.42%
13/06/18,6.1,6.176,6.212,6.096,20.60M,-1.45%
13/06/19,4.915,4.92,4.968,4.894,13.84M,-0.49%
13/06/22,4.154,4.31,4.315,4.154,35.46M,-3.63%
13/06/23,6.532,6.554,6.56,6.408,14.65M,-0.34%
13/06/24,9.116,9.288,9.352,9.076,21.32M,-2.44%
13/06/25,12.955,12.995,13.05,12.85,7.83M,-1.97%
13/07/18,6.033,6.083,6.083,5.994,12.50M,-0.40%
13/07/20,3.205,3.21,3.233,3.15,12.12M,1.88%
13/07/21,5.148,5.26,5.285,5.118,12.50M,-2.09%
13/07/22,4.128,4.175,4.175,4.06,21.97M,0.11%
13/07/23,7.092,7.076,7.154,7.04,8.37M,-0.20%
13/08/18,5.458,5.478,5.528,5.4,40.65M,-3.23%
13/08/19,4.353,4.263,4.395,4.23,23.50M,1.80%
13/08/20,2.56,2.61,2.674,2.555,17.97M,-2.77%
13/08/21,5.861,5.9,5.913,5.845,19.24M,-0.48%
13/08/24,8.97,8.97,8.986,8.88,3.92M,0.52%
13/08/25,16.025,15.785,16.055,15.785,7.06M,1.68%
13/09/18,5.438,5.213,5.461,5.209,40.25M,4.28%
13/09/19,4.865,4.77,4.872,4.758,27.14M,2.88%
13/09/21,5.597,5.519,5.602,5.482,14.22M,1.76%
13/09/22,4.887,4.965,4.995,4.851,18.77M,-1.39%
13/09/23,7.118,7.092,7.158,7.056,6.35M,0.37%
13/09/24,9.252,9.058,9.254,9.02,7.90M,2.03%
13/10/20,2.258,2.348,2.348,2.252,24.96M,-4.00%
13/10/21,5.69,5.875,5.92,5.69,18.62M,-3.62%
13/10/22,4.721,4.55,4.74,4.532,14.50M,3.01%
13/10/23,7.682,7.78,7.808,7.65,12.67M,-1.49%
13/10/25,15.87,15.8,15.895,15.685,3.45M,0.51%
13/11/18,5,4.925,5.009,4.925,21.56M,1.79%
13/11/19,4.756,4.865,4.88,4.715,26.06M,-3.27%
13/11/20,3.174,3.05,3.195,3.049,29.84M,2.72%
13/11/23,8.004,7.898,8.024,7.898,12.74M,1.32%
13/11/24,8.878,8.9,8.986,8.768,8.25M,-0.40%
13/11/25,18.88,18.88,19.085,18.87,8.92M,-0.13%
13/12/18,4.737,4.707,4.811,4.666,25.13M,1.87%
13/12/19,4.949,5.04,5.069,4.945,51.16M,0.57%
13/12/21,5.11,5.11,5.204,5.09,23.53M,0.00%
13/12/22,5.556,5.5,5.629,5.485,17.16M,1.22%
13/12/23,8.426,8.402,8.46,8.324,15.79M,0.07%
13/12/24,9.704,9.666,9.834,9.666,7.35M,0.39%
14/01/19,4.989,4.999,5.016,4.927,19.46M,-0.93%
14/01/20,4.859,4.913,4.915,4.825,31.27M,-1.30%
14/01/21,4.174,4.19,4.225,4.136,15.36M,-0.52%
14/01/22,5.766,5.706,5.782,5.698,15.74M,0.12%
14/01/25,10.345,10.3,10.525,10.285,9.52M,0.98%
14/01/26,21.01,21.3,21.3,21.01,8.34M,0.00%
14/02/18,6.968,7.061,7.077,6.915,18.54M,-0.43%
14/02/19,5.028,5.122,5.125,4.99,19.69M,-1.43%
14/02/20,5.243,5.308,5.313,5.233,12.77M,-1.04%
14/02/22,5.731,5.75,5.823,5.676,28.73M,-3.96%
14/02/23,6.875,6.849,6.957,6.809,12.32M,0.64%
14/02/24,9.186,9.274,9.36,9.18,9.46M,-0.95%
14/02/25,12.05,11.91,12.11,11.88,8.61M,0.79%
14/03/18,6.57,6.67,6.697,6.552,15.71M,-1.50%
14/03/19,5.282,5.275,5.342,5.264,14.89M,0.13%
14/03/22,5.105,5,5.155,4.985,25.81M,2.24%
14/03/23,6.69,6.43,6.729,6.371,24.00M,3.42%
14/03/24,10.19,10.275,10.32,10.175,11.59M,-0.78%
14/03/25,13.18,12.74,13.23,12.695,8.49M,3.21%
14/04/20,2.935,3.044,3.05,2.919,32.08M,-2.30%
14/04/21,4.485,4.429,4.496,4.405,11.58M,1.46%
14/04/22,5.034,4.955,5.073,4.936,48.49M,1.63%
14/04/23,6.806,6.65,6.806,6.616,64.72M,2.69%
14/04/25,11.655,11.615,11.68,11.46,18.05K,3.32%
14/04/26,20.07,19.81,20.12,19.695,10.31M,1.88%
14/05/18,6.833,6.845,6.886,6.796,9.13M,-0.31%
14/05/19,5.083,5.023,5.083,5.001,17.21M,2.03%
14/05/20,2.609,2.527,2.623,2.475,28.31M,2.68%
14/05/21,5.028,4.93,5.028,4.925,23.65M,2.78%
14/05/24,9.9,9.698,9.932,9.68,40.47M,1.81%
14/05/25,13.405,13.25,13.405,13.145,9.67M,1.32%
14/06/18,6.094,6.08,6.11,6.03,19.68M,-0.10%
14/06/19,4.878,4.905,4.915,4.862,13.66M,-0.75%
14/06/21,5.343,5.258,5.343,5.258,17.29M,1.85%
14/06/22,4.194,4.232,4.261,4.143,24.18M,0.96%
14/06/23,6.776,6.546,6.814,6.54,17.04M,3.74%
14/06/24,9.02,9.05,9.1,8.79,21.52M,-1.05%
14/07/20,3.169,3.179,3.207,3.117,21.83M,-1.12%
14/07/21,5.17,5.142,5.246,5.127,10.06M,0.43%
14/07/22,4,4.104,4.137,3.986,20.21M,-3.11%
14/07/23,7.08,7.09,7.176,7.062,6.84M,-0.17%
14/07/25,13,12.8,13.03,12.78,4.39M,0.50%
14/08/18,5.453,5.484,5.568,5.385,30.67M,-0.09%
14/08/19,4.244,4.322,4.325,4.215,22.63M,-2.50%
14/08/20,2.527,2.551,2.551,2.436,32.83M,-1.29%
14/08/23,7.202,7.164,7.302,7.164,8.07M,0.31%
14/08/24,8.958,9.004,9.016,8.922,2.91M,-0.13%
14/08/25,16.345,16.03,16.39,16.015,6.65M,2.00%
14/09/18,5.449,5.478,5.479,5.384,21.20M,0.20%
14/09/20,2.49,2.464,2.499,2.427,20.74M,2.26%
14/09/21,5.58,5.602,5.685,5.569,21.58M,-0.30%
14/09/22,4.878,4.854,4.956,4.831,13.57M,-0.18%
14/09/23,7.244,7.1,7.26,7.062,19.02M,1.77%
14/10/19,4.635,4.67,4.682,4.587,14.38M,-1.72%
14/10/20,2.268,2.26,2.313,2.248,38.18M,0.44%
14/10/21,5.637,5.71,5.754,5.58,20.40M,-0.93%
14/10/22,4.747,4.791,4.84,4.727,14.57M,0.54%
14/10/24,9.4,9.28,9.404,9.268,5.27M,1.21%
14/10/25,15.985,15.8,16.02,15.73,4.32M,0.72%
14/11/18,4.972,4.974,5.029,4.95,15.71M,-0.56%
14/11/19,4.74,4.764,4.774,4.713,13.96M,-0.34%
14/11/22,5.369,5.3,5.385,5.267,9.24M,1.36%
14/11/23,8.218,8,8.24,7.996,18.86M,2.67%
14/11/24,9.086,8.92,9.11,8.888,7.40M,2.34%
14/11/25,18.385,18.5,18.69,18.225,11.02M,-2.62%
14/12/18,4.713,4.702,4.724,4.601,17.83M,-0.51%
14/12/20,4.028,4.02,4.114,4.013,27.26M,1.44%
14/12/21,5.12,5.126,5.203,5.062,19.82M,0.20%
14/12/22,5.537,5.527,5.537,5.463,10.76M,-0.34%
14/12/23,8.372,8.49,8.508,8.294,14.78M,-0.64%
15/01/18,7.481,7.465,7.516,7.428,15.06M,0.44%
15/01/19,4.989,5.013,5.069,4.911,16.05M,0.00%
15/01/20,4.777,4.846,4.852,4.771,18.95M,-1.69%
15/01/21,4.088,4.159,4.216,4.02,47.29M,-2.06%
15/01/24,8.252,8.338,8.376,8.216,4.90M,-0.43%
15/01/25,10.41,10.365,10.49,10.265,64.48K,0.63%
15/01/26,20.91,21.08,21.16,20.85,7.55M,-0.48%
15/02/18,6.993,7.06,7.14,6.968,17.16M,0.36%
15/02/19,5.194,5.025,5.218,4.998,31.05M,3.30%
15/02/21,4.566,4.488,4.587,4.458,15.31M,3.77%
15/02/22,5.874,5.681,5.881,5.665,20.90M,2.50%
15/02/23,6.882,6.856,6.904,6.811,11.76M,0.10%
15/02/24,9.042,9.202,9.202,8.96,10.93M,-1.57%
15/03/18,6.528,6.585,6.604,6.505,14.09M,-0.64%
15/03/19,5.373,5.299,5.382,5.27,44.04M,1.72%
15/03/21,4.699,4.779,4.823,4.64,15.63M,-1.59%
15/03/22,5.134,5.046,5.194,5.002,20.20M,0.57%
15/03/23,6.048,6.681,6.687,5.929,49.37M,-9.60%
15/03/24,10.415,10.18,10.515,10.165,42.05M,2.21%
15/04/19,5.481,5.51,5.568,5.425,18.84M,-0.56%
15/04/20,2.731,2.906,2.906,2.713,252.45M,-6.95%
15/04/21,4.338,4.491,4.506,4.338,16.77M,-3.30%
15/04/24,10.17,9.94,10.25,9.91,10.93M,1.19%
15/04/25,11.91,11.7,11.94,11.605,7.98M,2.19%
15/04/26,19.755,19.885,19.975,19.69,8.48M,-1.57%
15/05/18,6.729,6.828,6.855,6.669,17.99M,-1.52%
15/05/19,5.091,5.064,5.117,5.008,17.46M,0.16%
15/05/20,2.578,2.615,2.678,2.558,19.86M,-1.19%
15/05/23,6.322,6.466,6.528,6.276,15.65M,-4.18%
15/05/24,10.2,9.94,10.235,9.88,12.53M,3.03%
15/05/25,13.345,13.3,13.375,13.28,6.09M,-0.45%
15/06/18,5.977,6.103,6.114,5.905,42.12M,-1.92%
15/06/20,3.055,2.978,3.103,2.973,30.68M,-2.36%
15/06/21,5.37,5.345,5.378,5.292,22.56M,0.51%
15/06/22,4.261,4.346,4.347,4.258,25.68M,1.61%
15/06/23,6.734,6.75,6.796,6.686,11.10M,-0.62%
15/07/19,4.926,4.915,4.941,4.873,14.56M,0.59%
15/07/20,3.25,3.205,3.283,3.109,25.05M,2.56%
15/07/21,5.196,5.156,5.21,5.108,7.79M,0.50%
15/07/22,4.101,4,4.118,3.972,24.92M,2.54%
15/07/24,9.814,9.752,9.85,9.684,4.61M,0.29%
15/07/25,12.745,13.045,13.055,12.71,5.78M,-1.96%
15/08/18,5.399,5.479,5.53,5.335,27.48M,-0.99%
15/08/19,4.234,4.281,4.298,4.187,20.11M,-0.24%
15/08/22,4.797,4.798,4.8,4.737,14.91M,0.42%
15/08/23,7.112,7.204,7.222,7.042,5.89M,-1.25%
15/08/24,9.182,9,9.192,8.93,5.82M,2.50%
15/08/25,16.48,16.63,16.7,16.445,7.03M,0.83%
15/09/20,2.413,2.467,2.476,2.4,28.19M,-3.09%
15/09/21,5.602,5.583,5.668,5.551,21.02M,0.39%
15/09/22,4.987,4.907,5.023,4.904,19.26M,2.23%
15/09/23,7.21,7.28,7.318,7.176,22.77M,-0.47%
15/09/25,16.36,16.3,16.385,16.175,4.63M,0.89%
15/10/18,5.319,5.249,5.343,5.233,15.93M,1.04%
15/10/19,4.749,4.689,4.753,4.632,23.39M,2.46%
15/10/20,2.257,2.223,2.269,2.183,19.41M,-0.49%
15/10/21,5.769,5.68,5.835,5.675,49.38M,2.34%
15/10/24,9.442,9.422,9.47,9.306,8.02M,0.45%
15/10/25,15.785,15.985,16.14,15.785,5.17M,-1.25%
15/11/18,4.977,4.993,5.029,4.912,21.29M,0.10%
15/11/19,4.768,4.782,4.806,4.732,18.03M,0.59%
15/11/21,5.865,5.929,5.95,5.705,24.49M,-4.28%
15/11/22,5.411,5.381,5.444,5.339,14.25M,0.78%
15/11/23,8.222,8.2,8.3,8.172,11.85M,0.05%
15/11/24,9.376,9.02,9.392,9.016,17.64M,3.19%
15/12/20,4.099,4.03,4.108,3.983,18.94M,1.76%
15/12/21,5.094,5.125,5.175,5.093,14.83M,-0.51%
15/12/22,5.336,5.532,5.534,5.317,18.17M,-3.63%
15/12/23,8.284,8.394,8.418,8.232,24.88M,-1.05%
15/12/25,19.56,19.415,19.56,19.385,6.80M,1.85%
16/01/18,7.477,7.478,7.51,7.439,15.20M,-0.05%
16/01/19,5.11,5.013,5.11,5,22.12M,2.43%
16/01/20,4.787,4.776,4.826,4.723,36.28M,0.21%
16/01/23,6.398,6.37,6.414,6.34,7.11M,0.57%
16/01/24,8.142,8.2,8.202,8.086,9.40M,-1.33%
16/01/25,10.33,10.5,10.55,10.285,8.49M,-0.77%
16/01/26,20.95,20.79,20.95,20.71,8.20M,0.19%
16/02/18,7.059,7.057,7.077,6.974,20.08M,0.94%
16/02/21,4.507,4.52,4.544,4.446,18.29M,-1.29%
16/02/22,5.816,5.9,5.941,5.741,21.10M,-0.99%
16/02/23,7.01,6.915,7.015,6.914,18.85M,1.86%
16/02/24,9.016,9.1,9.122,8.954,10.98M,-0.29%
16/02/26,19.51,19.3,19.545,19.28,6.12M,2.07%
16/03/18,6.651,6.557,6.678,6.524,37.07M,1.88%
16/03/20,2.638,2.91,2.98,2.561,62.76M,-13.37%
16/03/21,4.674,4.725,4.79,4.634,18.25M,-0.53%
16/03/22,5.372,5.275,5.45,5.244,28.73M,4.64%
16/03/23,6.254,6.39,6.398,6.042,27.26M,3.41%
16/03/26,18.1,17.965,18.26,17.72,7.70M,0.50%
16/04/18,6.415,6.408,6.452,6.395,9.88M,0.08%
16/04/19,5.526,5.494,5.546,5.453,13.37M,0.82%
16/04/20,2.624,2.785,2.82,2.607,246.18M,-3.92%
16/04/21,4.363,4.373,4.41,4.326,25.20M,0.58%
16/04/24,9.962,10.035,10.12,9.906,25.64M,-2.05%
16/04/25,11.95,11.795,11.95,11.61,11.09M,0.34%
16/04/26,19.57,19.73,19.83,19.535,12.78M,-0.94%
16/05/18,6.62,6.708,6.743,6.558,22.78M,-1.62%
16/05/19,5.192,5.076,5.192,5.045,17.28M,1.98%
16/05/22,4.848,4.804,4.87,4.769,14.41M,-0.04%
16/05/23,6.3,6.316,6.35,6.244,8.07M,-0.35%
16/05/24,9.974,10.2,10.235,9.962,9.47M,-2.22%
16/05/25,13.4,13.34,13.42,13.305,7.46M,0.41%
16/06/20,3.153,3.19,3.228,3.084,29.12M,3.21%
16/06/21,5.309,5.413,5.44,5.286,15.06M,-1.14%
16/06/22,4.172,4.25,4.252,4.128,24.82M,-2.10%
16/06/23,6.79,6.758,6.838,6.716,31.48M,0.83%
16/06/25,13.21,13.035,13.29,13,10.26M,1.97%
16/07/18,5.993,6.014,6.064,5.967,11.42M,-0.66%
16/07/19,4.971,4.947,5.008,4.913,16.47M,0.91%
16/07/20,3.262,3.25,3.283,3.216,18.98M,0.37%
16/07/21,5.09,5.215,5.245,5.043,13.60M,-2.04%
16/07/24,9.68,9.78,9.78,9.62,5.59M,-1.37%
16/07/25,12.695,12.7,12.845,12.655,5.90M,-0.39%
16/08/18,5.487,5.466,5.516,5.41,21.23M,1.63%
16/08/19,4.365,4.234,4.375,4.208,41.08M,3.09%
16/08/21,5.816,5.79,5.904,5.75,8.09M,-0.77%
16/08/22,4.857,4.82,4.871,4.799,15.47M,1.25%
16/08/23,7.09,7.064,7.156,7.048,11.53M,-0.31%
16/08/24,9.232,9.164,9.254,9.154,4.09M,0.54%
16/09/19,4.795,4.825,4.846,4.758,15.76M,-1.44%
16/09/20,2.429,2.412,2.43,2.351,29.90M,0.66%
16/09/21,5.724,5.63,5.757,5.618,22.51M,2.18%
16/09/22,4.927,4.896,4.959,4.841,52.70M,-1.19%
16/09/24,9.322,9.23,9.38,9.218,4.62M,0.76%
16/09/25,16.185,16.305,16.345,16.065,8.19M,-1.07%
16/10/18,5.361,5.346,5.384,5.303,17.60M,0.79%
16/10/19,4.808,4.731,4.837,4.654,22.52M,1.24%
16/10/20,2.334,2.278,2.347,2.21,20.03M,3.41%
16/10/23,7.7,7.73,7.756,7.63,10.28M,0.23%
16/10/24,9.288,9.39,9.428,9.24,7.07M,-1.63%
16/10/25,15.715,15.72,15.825,15.395,8.99M,-0.44%
16/11/18,4.911,5.003,5.015,4.909,34.33M,-1.33%
16/11/20,3.658,3.8,3.837,3.58,89.22M,15.25%
16/11/21,5.799,5.884,5.9,5.785,19.19M,-1.13%
16/11/22,5.362,5.396,5.425,5.351,10.82M,-0.91%
16/11/23,8.168,8.22,8.26,8.166,10.86M,-0.66%
16/12/19,5.065,4.973,5.068,4.968,19.83M,2.34%
16/12/20,4.056,4.062,4.118,4.016,17.86M,-1.05%
16/12/21,5.138,5.162,5.212,5.107,20.20M,0.86%
16/12/22,5.398,5.316,5.425,5.301,34.32M,1.16%
16/12/24,9.768,9.71,9.818,9.71,7.58M,0.66%
16/12/25,19.305,19.37,19.72,19.305,7.40M,-1.30%
17/01/18,7.398,7.4,7.457,7.331,17.96M,-1.06%
17/01/19,5.037,5.065,5.11,5.024,18.76M,-1.43%
17/01/20,4.806,4.819,4.854,4.8,28.09M,0.40%
17/01/22,5.781,5.8,5.833,5.768,23.02M,0.26%
17/01/23,6.415,6.398,6.449,6.388,11.52M,0.27%
17/01/24,8.094,8.05,8.112,7.994,9.19M,-0.59%
17/01/25,10.335,10.42,10.455,10.285,10.63M,0.05%
17/02/20,5.228,5.248,5.268,5.205,10.32M,-0.29%
17/02/21,4.448,4.495,4.551,4.404,16.27M,-1.31%
17/02/22,5.748,5.779,5.833,5.71,23.50M,-1.17%
17/02/23,6.976,6.953,7.015,6.927,24.01M,-0.49%
17/02/25,12.195,12.03,12.21,12.025,3.66K,1.20%
17/02/26,19.54,19.4,19.65,19.34,6.88M,0.15%
17/03/20,2.82,2.881,2.89,2.644,67.53M,6.90%
17/03/21,4.771,4.695,4.812,4.67,19.99M,2.08%
17/03/22,5.292,5.389,5.42,5.221,24.82M,-1.49%
17/03/23,6.036,6.275,6.405,5.967,34.55M,-3.49%
17/03/25,13.275,13.14,13.38,13.065,6.57K,0.72%
17/03/26,18.13,18.035,18.44,18,7.41M,0.17%
17/04/18,6.402,6.432,6.485,6.402,12.20M,-0.20%
17/04/19,5.599,5.546,5.679,5.525,21.25M,1.32%
17/04/20,2.664,2.789,2.789,2.634,47.71M,1.52%
17/04/23,6.712,6.832,6.86,6.68,18.79M,-1.38%
17/04/24,10.22,9.966,10.295,9.96,8.58M,2.59%
17/04/25,11.865,12,12.025,11.735,10.44M,-0.71%
17/04/26,20.31,19.525,20.43,19.505,13.51M,3.78%
17/05/18,6.707,6.64,6.708,6.61,15.46M,1.31%
17/05/19,5.152,5.15,5.179,5.09,22.67M,-0.77%
17/05/21,5.008,5,5.044,4.951,12.02M,-0.40%
17/05/22,4.9,4.9,4.929,4.873,11.19M,1.08%
17/05/23,6.368,6.25,6.368,6.25,7.95M,1.08%
17/05/24,10.02,9.9,10.06,9.88,11.83M,0.46%
17/06/19,4.867,4.918,4.939,4.867,13.57M,-0.23%
17/06/20,3.159,3.15,3.244,3.122,25.48M,0.19%
17/06/21,5.397,5.36,5.548,5.359,25.14M,1.66%
17/06/22,4.273,4.228,4.381,4.195,61.43M,2.41%
17/06/24,9.074,9.09,9.174,8.958,7.22M,0.60%
17/06/25,13.05,13.145,13.175,12.87,8.01M,-1.21%
17/07/18,5.935,6,6.046,5.921,23.56M,-0.97%
17/07/19,4.905,4.952,4.965,4.9,14.72M,-1.33%
17/07/20,3.216,3.263,3.265,3.178,25.21M,-1.41%
17/07/23,7.098,7.078,7.134,7.036,4.28M,0.25%
17/07/24,9.818,9.704,9.852,9.654,6.59M,1.43%
17/07/25,12.77,12.8,12.88,12.695,6.02M,0.59%
17/08/18,5.44,5.514,5.514,5.379,20.37M,-0.86%
17/08/20,2.515,2.527,2.556,2.482,27.86M,-0.47%
17/08/21,5.673,5.753,5.775,5.672,18.24M,-2.46%
17/08/22,4.824,4.887,4.947,4.819,14.58M,-0.68%
17/08/23,7.078,7.066,7.17,7.034,7.48M,-0.17%
17/09/18,5.503,5.43,5.528,5.428,20.38M,0.99%
17/09/19,4.697,4.771,4.782,4.669,18.44M,-2.04%
17/09/20,2.418,2.391,2.435,2.341,39.64M,-0.45%
17/09/21,5.672,5.779,5.859,5.666,222.75M,-0.91%
17/09/24,9.41,9.354,9.49,9.352,6.89M,0.94%
17/09/25,16.055,16.25,16.285,15.975,6.22M,-0.80%
17/10/18,5.298,5.38,5.407,5.276,15.65M,-1.18%
17/10/19,4.727,4.779,4.876,4.727,22.81M,-1.68%
17/10/22,4.858,4.747,4.891,4.718,104.74M,2.35%
17/10/23,7.744,7.698,7.758,7.654,24.42M,0.57%
17/10/24,9.1,9.314,9.37,9.088,11.20M,-2.02%
17/10/25,16.655,16.655,17.38,16.395,30.41M,5.98%
17/11/20,3.497,3.624,3.64,3.393,53.35M,-4.40%
17/11/21,5.752,5.8,5.813,5.749,15.79M,-0.81%
17/11/22,5.332,5.38,5.39,5.292,21.51M,-0.56%
17/11/23,8.284,8.2,8.302,8.192,24.37M,1.42%
17/11/25,18.11,18.335,18.46,18.02,7.67M,-1.50%
17/12/18,4.706,4.705,4.758,4.692,17.93M,-0.15%
17/12/19,5.048,5.047,5.062,5.016,14.76M,-0.34%
17/12/20,4.059,4.069,4.088,4.006,23.50M,0.07%
17/12/21,4.997,5.06,5.154,4.827,54.09M,-2.73%
17/12/24,9.52,9.712,9.782,9.502,6.08M,-2.54%
17/12/25,19.19,19.38,19.445,19.11,7.70M,-0.60%
18/01/18,7.379,7.42,7.429,7.345,13.56M,-0.26%
18/01/19,5.2,5.089,5.2,5.074,30.15M,3.24%
18/01/21,4.14,4.07,4.152,4.057,8.69M,1.27%
18/01/22,5.781,5.738,5.81,5.73,17.00M,0.00%
18/01/23,6.443,6.404,6.486,6.404,15.19M,0.44%
18/01/24,8.084,8.1,8.156,8.038,12.72M,-0.12%
18/02/19,5.227,5.208,5.259,5.203,10.81M,0.64%
18/02/20,5.168,5.222,5.249,5.159,15.64M,-1.15%
18/02/21,4.449,4.426,4.499,4.385,19.76M,0.02%
18/02/22,5.712,5.757,5.814,5.689,18.10M,-0.63%
18/02/25,12.45,12.24,12.465,12.205,44.45K,2.09%
18/02/26,20,19.585,20,19.58,9.88M,2.35%
18/03/19,5.421,5.397,5.472,5.39,14.84M,0.89%
18/03/20,2.708,2.779,2.973,2.66,44.61M,-3.97%
18/03/21,4.864,4.81,4.897,4.747,22.26M,1.95%
18/03/22,5.28,5.303,5.324,5.225,35.21M,-0.23%
18/03/24,10.385,10.42,10.55,10.385,12.85M,-0.29%
18/03/25,13.585,13.31,13.59,13.27,54.07K,2.34%
18/03/26,18.315,18.375,18.57,18.12,12.27M,1.02%
18/04/18,6.492,6.411,6.513,6.383,17.09M,1.41%
18/04/19,5.594,5.62,5.633,5.505,25.78M,-0.09%
18/04/23,6.862,6.78,6.928,6.772,15.65M,2.23%
18/04/24,10.42,10.29,10.42,10.27,9.50M,1.96%
18/05/18,6.58,6.7,6.706,6.546,30.18M,-1.89%
18/05/20,2.722,2.619,2.744,2.601,23.86M,5.59%
18/05/21,5.125,5.05,5.129,5.044,15.20M,2.34%
18/05/22,4.854,4.91,4.968,4.832,19.25M,-0.95%
18/05/23,6.464,6.44,6.504,6.406,8.61M,1.51%
18/06/18,5.919,5.95,6.015,5.906,13.92M,-0.97%
18/06/19,4.902,4.861,4.922,4.801,23.27M,0.72%
18/06/20,3.101,3.135,3.217,3.055,42.08M,-1.84%
18/06/21,5.222,5.32,5.381,5.183,51.82M,-3.24%
18/06/24,9.222,9.2,9.236,9.094,11.85M,1.63%
18/06/25,13.075,13.01,13.115,12.9,5.03M,0.19%
18/07/18,6.004,5.921,6.004,5.871,18.03M,1.16%
18/07/19,4.856,4.879,4.894,4.812,16.70M,-1.00%
18/07/22,4.1,4.17,4.19,4.064,23.01M,-0.02%
18/07/23,7.162,7.146,7.174,7.064,7.15M,0.90%
18/07/24,9.948,9.894,10.005,9.83,7.22M,1.32%
18/07/25,12.76,12.85,12.86,12.72,5.76M,-0.08%
18/08/20,2.478,2.5,2.557,2.464,16.49M,-1.47%
18/08/21,5.795,5.67,5.806,5.656,19.42M,2.15%
18/08/22,4.858,4.824,4.911,4.819,12.41M,0.70%
18/08/23,7.06,7.034,7.072,6.99,6.68M,-0.25%
18/08/25,16.36,16.4,16.445,16.2,5.22M,-0.73%
18/09/18,5.486,5.502,5.509,5.443,16.85M,-0.31%
18/09/19,4.692,4.72,4.743,4.646,16.20M,-0.11%
18/09/20,2.311,2.405,2.413,2.298,253.93M,-4.43%
18/09/23,7.156,7.208,7.244,7.106,7.86M,-0.75%
18/09/24,9.462,9.426,9.5,9.42,6.96M,0.55%
18/09/25,16.22,16.2,16.27,16.035,5.60M,1.03%
18/10/18,5.155,5.28,5.339,5.092,34.30M,-2.70%
18/10/19,4.779,4.705,4.79,4.705,18.97M,1.10%
18/10/21,5.823,5.747,5.823,5.736,142.72M,0.94%
18/10/22,4.944,4.883,5.016,4.869,87.79M,1.76%
18/10/23,7.688,7.766,7.798,7.668,14.54M,-0.72%
18/10/24,9.29,9.1,9.364,9.07,11.94M,2.09%
18/11/19,4.736,4.793,4.822,4.691,16.59M,-0.67%
18/11/20,3.511,3.49,3.552,3.429,28.29M,0.40%
18/11/21,5.435,5.75,5.78,5.355,47.15M,-5.51%
18/11/22,5.448,5.38,5.448,5.354,16.37M,2.18%
18/11/24,9.428,9.324,9.43,9.288,6.52M,0.55%
18/11/25,17.6,17.715,17.895,17.485,9.11M,-2.82%
18/12/18,4.683,4.702,4.764,4.671,23.96M,-0.49%
18/12/19,5.095,5.042,5.11,5.042,25.78M,0.93%
18/12/20,4.054,4.033,4.097,4.013,43.55M,-0.12%
18/12/23,8.25,8.266,8.308,8.228,11.06M,-0.41%
18/12/24,9.56,9.506,9.65,9.458,6.17M,0.42%
18/12/25,19.565,19.205,19.565,19.135,8.20M,1.95%
19/01/18,7.4,7.375,7.448,7.354,14.38M,0.28%
19/01/21,4.022,4.16,4.195,4.022,14.23M,-2.85%
19/01/22,5.692,5.77,5.821,5.692,28.35M,-1.54%
19/01/23,6.31,6.39,6.413,6.191,18.79M,-2.06%
19/01/24,7.996,8.14,8.14,7.974,7.69M,-1.09%
19/01/26,20.93,20.82,21.01,20.56,6.67M,-0.10%
19/02/18,7.022,7.085,7.117,7.022,10.23M,-0.52%
19/02/19,5.189,5.2,5.248,5.128,13.58M,-0.73%
19/02/20,5.174,5.198,5.21,5.145,13.89M,0.12%
19/02/21,4.505,4.446,4.538,4.391,15.34M,1.26%
19/02/24,9.026,9,9.062,8.948,5.83M,0.11%
19/02/25,12.125,12.405,12.49,12.105,13.05K,-2.61%
19/02/26,19.81,20,20.03,19.575,8.75M,-0.95%
19/03/18,6.553,6.629,6.652,6.527,13.66M,-1.47%
19/03/19,5.485,5.439,5.55,5.412,17.40M,1.18%
19/03/20,2.803,2.714,2.84,2.649,36.97M,3.53%
19/03/21,4.678,4.806,4.808,4.67,32.88M,-3.82%
19/03/24,10.505,10.385,10.535,10.385,10.83M,1.16%
19/03/25,13.445,13.26,13.47,13.17,10.19M,-1.03%
19/03/26,17.915,17.925,18.05,17.67,17.80M,-2.18%
19/04/18,6.518,6.476,6.538,6.476,11.28M,0.40%
19/04/21,4.514,4.38,4.538,4.358,24.01M,3.46%
19/04/22,5.082,5.02,5.115,4.971,176.77M,0.95%
19/04/23,6.918,6.848,6.944,6.816,12.20M,0.82%
19/04/24,10.205,10.165,10.27,10.135,50.91M,-2.06%
19/05/20,2.599,2.8,2.82,2.532,42.37M,-4.52%
19/05/21,4.996,5.05,5.107,4.928,21.94M,-2.53%
19/05/22,4.766,4.814,4.82,4.701,13.75M,-1.80%
19/05/23,6.492,6.5,6.544,6.466,13.64M,0.43%
19/05/25,13.465,13.42,13.55,13.35,5.88M,0.49%
19/06/18,5.961,5.85,5.994,5.8,16.78M,0.71%
19/06/19,5.01,4.921,5.01,4.892,20.10M,2.20%
19/06/20,3.106,3.147,3.189,3.093,76.08M,0.16%
19/06/23,6.798,6.772,6.856,6.758,5.92M,0.12%
19/06/24,9.25,9.222,9.332,9.176,8.72M,0.30%
19/06/25,12.84,12.99,13.07,12.84,5.42M,-1.80%
19/07/18,5.976,6,6.071,5.949,13.39M,-0.47%
19/07/19,4.78,4.861,4.901,4.758,21.04M,-1.57%
19/07/21,4.914,5.011,5.053,4.853,16.70M,-3.46%
19/07/22,4.26,4.073,4.279,4.06,20.50M,3.91%
19/07/23,7.104,7.18,7.206,7.05,7.15M,-0.81%
19/07/24,9.88,9.894,9.932,9.824,11.02M,-0.68%
19/08/19,4.269,4.396,4.425,4.269,18.29M,-2.20%
19/08/20,2.553,2.47,2.553,2.458,14.46M,3.03%
19/08/21,5.589,5.65,5.686,5.54,12.71M,-3.55%
19/08/22,4.695,4.826,4.851,4.659,17.91M,-3.36%
19/08/24,9.4,9.256,9.456,9.254,5.22M,1.82%
19/08/25,16.4,16.355,16.43,16.28,5.63M,0.24%
19/09/18,5.596,5.505,5.606,5.475,26.57M,2.01%
19/09/19,4.785,4.722,4.785,4.694,15.00M,1.98%
19/09/22,4.913,4.912,4.957,4.861,10.50M,-0.28%
19/09/23,7.314,7.134,7.314,7.084,9.90M,2.21%
19/09/24,9.772,9.578,9.772,9.5,10.95M,3.28%
19/09/25,16.41,16.3,16.535,16.225,21.83M,1.17%
19/10/18,5.206,5.13,5.245,5.016,38.52M,0.99%
19/10/20,2.356,2.343,2.382,2.32,17.28M,0.94%
19/10/21,5.776,5.801,5.857,5.754,66.67M,-0.81%
19/10/22,4.965,4.96,4.988,4.89,16.02M,0.43%
19/10/23,7.624,7.666,7.68,7.566,15.06M,-0.83%
19/11/18,4.91,4.921,4.984,4.903,15.89M,-0.02%
19/11/19,4.762,4.76,4.823,4.745,12.41M,0.55%
19/11/20,3.572,3.433,3.598,3.429,25.85M,1.74%
19/11/21,5.403,5.495,5.578,5.3,34.34M,-0.59%
19/11/24,9.328,9.434,9.442,9.122,8.12M,-1.06%
19/11/25,17.76,17.665,17.885,17.49,10.14M,0.91%
19/12/18,4.728,4.705,4.784,4.704,20.01M,0.96%
19/12/19,5.154,5.087,5.154,5.078,79.88M,1.16%
19/12/22,5.404,5.4,5.428,5.374,9.29M,0.11%
19/12/23,8.262,8.226,8.288,8.17,8.94M,0.15%
19/12/24,9.374,9.4,9.476,9.32,20.00K,-1.95%
19/12/25,19.775,19.7,19.93,19.48,20.18M,1.07%
20/01/20,4.764,4.814,4.814,4.75,9.24M,-0.87%
20/01/21,4.051,4.027,4.074,4.014,18.62M,0.72%
20/01/22,5.703,5.664,5.758,5.642,15.41M,0.19%
20/01/23,6.367,6.369,6.402,6.315,16.92M,0.90%
20/01/25,10.425,10.39,10.5,10.315,7.86M,0.87%
20/01/26,20.78,20.77,20.94,20.46,6.96M,-0.72%
20/02/18,7.026,7.011,7.071,6.975,16.49M,0.06%
20/02/19,5.237,5.199,5.251,5.178,13.59M,0.93%
20/02/20,5.104,5.159,5.213,5.104,19.88M,-1.35%
20/02/23,6.973,7.001,7.023,6.964,5.04M,-0.04%
20/02/24,9.098,9.02,9.11,8.954,7.39M,0.80%
20/02/25,12.17,12.09,12.31,12.07,23.75K,0.37%
20/02/26,19.855,19.88,19.925,19.575,11.38M,0.23%
20/03/18,6.597,6.573,6.617,6.549,10.98M,0.67%
20/03/19,5.419,5.47,5.49,5.418,15.97M,-1.20%
20/03/20,2.886,2.924,3,2.723,47.09M,2.94%
20/03/23,6.231,5.99,6.329,5.735,35.74M,3.23%
20/03/24,10.525,10.515,10.535,10.42,9.73M,0.19%
20/03/25,13.08,13.44,13.505,12.965,71.60K,-2.71%
20/03/26,17.925,18.265,18.435,17.685,29.10M,0.06%
20/04/18,6.578,6.521,6.585,6.501,15.24M,0.92%
20/04/20,2.658,2.675,2.689,2.553,22.94M,-0.23%
20/04/21,4.313,4.501,4.524,4.303,27.01M,-4.45%
20/04/22,5.091,5.105,5.202,5.085,19.70M,0.18%
20/04/23,6.814,6.99,7.048,6.756,10.68M,-1.50%
20/04/26,19.615,19.8,19.945,19.53,10.13M,-3.42%
20/05/19,5.074,5.13,5.207,5.053,19.55M,-1.51%
20/05/20,2.583,2.547,2.599,2.457,35.36M,-0.62%
20/05/21,5.003,5.011,5.039,4.929,12.77M,0.15%
20/05/22,4.747,4.816,4.828,4.735,24.91M,-0.40%
20/05/24,9.932,9.974,10.025,9.912,7.30M,-0.88%
20/05/25,13.77,13.5,13.805,13.5,7.50M,2.27%
20/06/18,6.01,6.02,6.08,6,18.49M,0.82%
20/06/19,4.939,5.01,5.029,4.939,25.41M,-1.42%
20/06/22,4.33,4.293,4.354,4.24,14.58M,1.33%
20/06/23,6.74,6.764,6.808,6.714,5.88M,-0.85%
20/06/24,9.35,9.284,9.35,9.222,7.56M,1.08%
20/06/25,12.91,12.835,13.085,12.835,16.18M,0.55%
20/07/18,5.971,5.95,5.999,5.916,17.42M,-0.08%
20/07/20,3.194,3.204,3.205,3.133,21.22M,-0.68%
20/07/21,5.026,4.964,5.039,4.909,12.43M,2.28%
20/07/22,4.17,4.286,4.31,4.109,23.88M,-2.12%
20/07/23,7.194,7.126,7.228,7.118,7.86M,1.27%
20/08/18,5.416,5.469,5.514,5.394,13.64M,-0.44%
20/08/19,4.207,4.25,4.258,4.19,16.55M,-1.45%
20/08/20,2.464,2.49,2.498,2.448,19.49M,-3.49%
20/08/21,5.554,5.585,5.629,5.508,15.86M,-0.63%
20/08/24,9.336,9.43,9.448,9.284,4.49M,-0.68%
20/08/25,16.25,16.29,16.395,16.19,4.26M,-0.91%
20/09/18,5.678,5.617,5.755,5.617,35.16M,1.47%
20/09/19,4.9,4.77,4.9,4.752,56.44M,2.40%
20/09/21,5.248,5.582,5.589,5.248,51.90M,-7.48%
20/09/22,4.911,4.929,4.985,4.881,12.26M,-0.05%
20/09/23,7.494,7.33,7.508,7.3,17.89M,2.46%
20/09/24,9.74,9.77,9.872,9.72,18.64M,-0.33%
20/10/20,2.428,2.343,2.468,2.333,24.55M,3.06%
20/10/21,5.83,5.763,5.862,5.717,84.65M,0.93%
20/10/22,5.047,4.94,5.074,4.935,14.98M,1.65%
20/10/23,7.54,7.59,7.618,7.52,14.94M,-1.10%
20/10/25,17.295,16.87,17.32,16.79,10.87M,3.84%
20/11/18,4.852,4.9,4.9,4.822,20.44M,-1.18%
20/11/19,4.726,4.718,4.741,4.66,12.88M,-0.76%
20/11/20,3.599,3.598,3.624,3.571,27.37M,0.76%
20/11/23,8.286,8.28,8.332,8.27,12.60M,0.02%
20/11/24,9.23,9.4,9.464,9.188,7.38M,-1.05%
20/11/25,17.96,17.96,18.15,17.855,7.52M,1.13%
20/12/18,4.654,4.65,4.715,4.623,21.87M,-1.57%
20/12/19,5.142,5.112,5.166,5.106,51.16M,-0.23%
20/12/21,4.946,4.8,4.998,4.78,23.76M,-1.03%
20/12/22,5.557,5.374,5.583,5.355,17.60M,2.83%
20/12/23,8.17,8.29,8.29,8.128,12.58M,-1.11%
20/12/24,9.302,9.286,9.318,9.132,35.47K,-0.77%
21/01/19,5.206,5.2,5.21,5.156,8.29M,0.12%
21/01/20,4.748,4.728,4.765,4.713,35.38M,-0.34%
21/01/21,4.035,4.07,4.099,4.02,24.09M,-0.39%
21/01/22,5.626,5.61,5.7,5.586,21.12M,-1.35%
21/01/25,10.44,10.305,10.44,10.2,9.82M,0.14%
21/01/26,20.86,20.66,20.92,20.4,6.24M,0.38%
21/02/18,6.97,7.012,7.03,6.936,14.14M,-0.80%
21/02/19,5.224,5.245,5.256,5.19,13.55M,-0.25%
21/02/20,5.11,5.083,5.125,5.05,22.85M,0.12%
21/02/22,5.621,5.772,5.806,5.592,20.44M,-1.59%
21/02/23,6.968,6.958,6.989,6.842,8.37M,-0.07%
21/02/24,9.294,9.13,9.296,9.11,10.04M,2.15%
21/02/25,12.29,12.145,12.305,12.1,0.43K,0.99%
21/03/18,6.531,6.635,6.661,6.5,14.56M,-1.00%
21/03/19,5.372,5.388,5.408,5.341,16.57M,-0.87%
21/03/22,5.29,5.271,5.384,5.268,13.79M,0.19%
21/03/23,6.567,6.358,6.632,6.356,24.75M,5.39%
21/03/24,10.8,10.62,10.87,10.62,14.00M,2.61%
21/03/25,13.075,12.97,13.17,12.855,0.66K,-0.04%
21/04/20,2.479,2.586,2.597,2.479,31.76M,-6.73%
21/04/21,4.286,4.324,4.386,4.224,28.40M,-0.63%
21/04/22,5.152,5.122,5.178,5.108,11.78M,1.20%
21/04/23,6.782,6.752,6.782,6.678,14.78M,-0.47%
21/04/26,19.23,19.7,19.74,19.225,8.28M,-1.96%
21/05/18,6.508,6.61,6.623,6.489,12.76M,-1.09%
21/05/19,5.117,5.108,5.148,5.071,13.68M,0.85%
21/05/20,2.566,2.544,2.618,2.505,21.85M,-0.66%
21/05/21,5.121,5.01,5.14,5.009,17.70M,2.36%
21/05/24,9.986,9.914,10.02,9.894,7.02M,0.54%
21/05/25,13.695,13.665,13.9,13.645,7.10M,-0.54%
21/06/18,5.972,6.046,6.076,5.909,14.86M,-0.63%
21/06/19,4.918,4.96,5.014,4.891,44.32M,-0.43%
21/06/21,5.238,5.12,5.265,5.09,23.52M,0.31%
21/06/22,4.308,4.337,4.42,4.288,16.31M,-0.50%
21/06/23,6.77,6.744,6.858,6.72,7.12M,0.45%
21/06/24,9.19,9.378,9.378,9.068,29.51M,-1.71%
21/07/20,3.183,3.23,3.319,3.163,20.64M,-0.34%
21/07/21,5.224,5.034,5.226,5.013,15.86M,3.94%
21/07/22,4.201,4.135,4.3,4.122,21.15M,0.73%
21/07/23,7.126,7.19,7.19,7.062,10.15M,-0.95%
21/07/25,12.665,12.7,12.74,12.55,5.87M,-0.74%
21/08/18,5.496,5.4,5.539,5.39,13.45M,1.48%
21/08/19,4.231,4.204,4.261,4.204,9.79M,0.57%
21/08/20,2.426,2.485,2.488,2.388,24.42M,-1.54%
21/08/23,7.096,7.064,7.17,7.062,5.13M,0.51%
21/08/24,9.36,9.296,9.442,9.27,3.56M,0.26%
21/08/25,16.415,16.19,16.425,16.15,5.51M,1.02%
21/09/18,5.636,5.742,5.785,5.605,56.16M,-0.74%
21/09/20,2.164,2.289,2.289,2.15,49.64M,-6.36%
21/09/21,5.281,5.319,5.363,5.25,31.22M,0.63%
21/09/22,4.931,4.861,4.988,4.837,13.23M,0.41%
21/09/23,7.492,7.41,7.504,7.376,10.73M,-0.03%
21/10/19,4.892,4.8,4.909,4.788,18.28M,2.36%
21/10/20,2.394,2.461,2.501,2.394,19.86M,-1.40%
21/10/21,5.661,5.777,5.787,5.637,49.57M,-2.90%
21/10/22,4.999,5.01,5.032,4.903,14.47M,-0.94%
21/10/24,9.074,9.182,9.23,9.04,6.09M,-2.33%
21/10/25,17.065,17.27,17.3,17.005,7.20M,-1.33%
21/11/18,4.938,4.88,4.963,4.865,18.93M,1.77%
21/11/19,4.761,4.703,4.772,4.678,13.93M,0.74%
21/11/22,5.455,5.41,5.498,5.41,13.63M,0.13%
21/11/23,8.296,8.26,8.336,8.23,10.61M,0.12%
21/11/24,9.254,9.24,9.272,9.114,5.51M,0.26%
21/11/25,17.705,17.54,17.805,17.465,9.77M,-1.42%
21/12/18,4.619,4.633,4.66,4.534,45.31M,-0.75%
21/12/20,3.881,3.912,3.958,3.796,21.39M,-4.27%
21/12/21,5.062,5.06,5.07,4.989,19.77M,2.35%
21/12/22,5.687,5.577,5.687,5.538,13.72M,2.34%
21/12/23,8.232,8.168,8.242,8.158,4.61M,0.76%
22/01/18,7.495,7.423,7.535,7.375,16.02M,1.28%
22/01/19,5.17,5.155,5.178,5.134,14.20M,-0.69%
22/01/20,4.698,4.747,4.758,4.677,15.59M,-1.05%
22/01/21,4.002,3.99,4.066,3.958,23.88M,-0.82%
22/01/24,8.172,8.094,8.172,8.046,8.14M,2.20%
22/01/25,10.355,10.5,10.5,10.27,7.09M,-0.81%
22/01/26,21.32,21.1,21.36,20.93,8.42M,2.21%
22/02/18,6.97,6.93,6.978,6.852,20.96M,0.00%
22/02/19,5.227,5.21,5.28,5.204,13.46M,0.06%
22/02/21,4.474,4.48,4.507,4.41,17.05M,-0.69%
22/02/22,5.643,5.476,5.732,5.45,29.67M,0.39%
22/02/23,6.947,6.923,6.95,6.878,11.97M,-0.30%
22/02/24,9.332,9.324,9.406,9.274,8.88M,0.41%
22/03/18,6.445,6.501,6.595,6.375,22.15M,-1.32%
22/03/19,5.188,5.406,5.411,5.163,25.64M,-3.43%
22/03/21,4.317,4.438,4.453,4.312,48.75M,-7.72%
22/03/22,5.365,5.328,5.4,5.327,20.70M,1.42%
22/03/23,6.585,6.538,6.754,6.489,29.35M,0.27%
22/03/24,10.9,10.8,10.945,10.78,11.58M,0.93%
22/04/20,2.585,2.508,2.585,2.483,29.27M,4.28%
22/04/21,4.4,4.299,4.418,4.28,15.76M,2.68%
22/04/22,5.006,5.105,5.168,5.006,15.31M,-2.83%
22/04/24,10.43,10.295,10.435,10.195,6.36M,2.20%
22/04/25,11.915,11.765,11.955,11.725,1.46K,0.42%
22/04/26,19.025,19.025,19.35,18.975,7.92M,-1.07%
22/05/18,6.615,6.526,6.649,6.513,16.62M,1.64%
22/05/19,5.026,5.115,5.14,5,19.37M,-1.78%
22/05/20,2.589,2.522,2.657,2.495,32.62M,0.90%
22/05/23,6.504,6.46,6.568,6.46,11.12M,0.18%
22/05/24,10.01,10.005,10.085,9.986,6.74M,0.24%
22/05/25,13.68,13.615,13.73,13.365,6.38M,-0.11%
22/06/18,6.06,6.014,6.078,5.975,15.97M,1.47%
22/06/20,3.063,3.076,3.112,3.026,16.09M,-1.38%
22/06/21,5.278,5.298,5.298,5.188,13.83M,0.76%
22/06/22,4.372,4.24,4.416,4.205,19.04M,1.50%
22/06/23,6.732,6.674,6.738,6.586,9.19M,-0.56%
22/07/19,4.745,4.777,4.792,4.711,16.09M,-0.73%
22/07/20,3.183,3.197,3.229,3.15,13.86M,0.00%
22/07/21,5.251,5.24,5.333,5.223,13.18M,0.52%
22/07/22,4.148,4.17,4.232,4.13,16.41M,-1.25%
22/07/24,10.085,9.94,10.09,9.902,7.41M,2.07%
22/07/25,12.625,12.63,12.74,12.515,4.82M,-0.32%
22/08/18,5.551,5.489,5.582,5.48,16.37M,1.00%
22/08/19,4.325,4.229,4.371,4.229,15.13M,2.22%
22/08/22,4.551,4.656,4.672,4.508,15.59M,-3.07%
22/08/23,7.128,7.142,7.208,7.116,6.79M,0.45%
22/08/24,9.348,9.336,9.42,9.306,5.54M,-0.13%
22/08/25,16.455,16.335,16.53,16.325,4.54M,0.24%
22/09/20,2.16,2.204,2.226,2.146,40.05M,-0.18%
22/09/21,5.418,5.369,5.46,5.29,19.99M,2.59%
22/09/22,4.9,4.86,5.006,4.834,11.70M,-0.63%
22/09/23,7.466,7.468,7.524,7.434,24.34M,-0.35%
22/09/25,15.975,16.335,16.36,15.86,8.13M,-2.65%
22/10/18,5.095,5.285,5.321,5.094,19.65M,-2.13%
22/10/19,4.887,4.893,4.919,4.818,16.74M,-0.10%
22/10/20,2.427,2.366,2.44,2.332,17.17M,1.38%
22/10/21,5.686,5.671,5.727,5.632,15.53M,0.44%
22/10/24,9.142,9.082,9.172,8.974,7.48M,0.75%
22/10/25,17,16.9,17.18,16.85,7.02M,-0.38%
22/11/18,4.905,4.9,4.944,4.873,11.78M,-0.67%
22/11/19,4.798,4.782,4.854,4.764,19.15M,0.78%
22/11/21,5.424,5.465,5.501,5.314,23.67M,0.39%
22/11/22,5.519,5.46,5.557,5.459,13.24M,1.17%
22/11/23,8.372,8.3,8.386,8.298,11.23M,0.92%
22/11/24,9.17,9.274,9.336,8.942,10.46M,-0.91%
22/12/20,3.966,3.895,3.999,3.893,12.28M,2.19%
22/12/21,5.097,5.062,5.107,5.027,13.81M,0.69%
22/12/22,5.641,5.689,5.72,5.625,12.37M,-0.81%
22/12/23,8.238,8.234,8.278,8.186,5.92M,0.07%
22/12/25,19.78,19.785,20.03,19.73,6.16M,0.03%
23/01/18,7.49,7.53,7.569,7.45,15.62M,-0.07%
23/01/19,5.227,5.158,5.265,5.141,15.68M,1.10%
23/01/20,4.664,4.704,4.739,4.631,29.64M,-0.72%
23/01/23,6.45,6.387,6.508,6.34,11.26M,1.30%
23/01/24,8.134,8.184,8.198,8.064,7.53M,-0.47%
23/01/25,10.635,10.415,10.67,10.395,8.36M,2.70%
23/01/26,21.08,21.25,21.31,20.99,6.23M,-1.13%
23/02/18,6.91,6.967,6.968,6.89,18.45M,-0.86%
23/02/21,4.59,4.482,4.62,4.482,28.84M,2.59%
23/02/22,5.654,5.7,5.766,5.634,19.44M,0.19%
23/02/23,7.033,6.963,7.052,6.961,9.96M,1.24%
23/02/24,9.43,9.344,9.43,9.312,8.38M,1.05%
23/02/26,20.06,19.98,20.36,19.93,8.61M,1.03%
23/03/18,6.274,6.333,6.382,6.254,30.74M,-2.65%
23/03/20,2.784,2.707,2.94,2.69,28.91M,-3.52%
23/03/21,4.337,4.328,4.384,4.301,24.11M,0.46%
23/03/22,5.199,5.356,5.382,5.199,26.56M,-3.09%
23/03/23,6.413,6.45,6.579,6.374,20.91M,-2.61%
23/03/26,18.44,17.5,18.92,17.375,19.92M,2.87%
23/04/18,6.582,6.592,6.593,6.541,12.06M,0.06%
23/04/19,5.476,5.577,5.589,5.446,21.17M,-2.11%
23/04/20,2.704,2.626,2.756,2.611,38.27M,4.60%
23/04/21,4.333,4.39,4.447,4.32,10.24M,-1.53%
23/04/24,10.66,10.48,10.66,10.46,10.34M,2.21%
23/04/25,12.355,12.085,12.405,12.055,9.68M,3.69%
23/05/18,6.467,6.572,6.572,6.392,24.41M,-2.24%
23/05/19,4.973,4.99,5.026,4.955,18.66M,-1.05%
23/05/22,4.871,4.841,4.871,4.786,13.31M,2.60%
23/05/23,6.492,6.51,6.51,6.462,6.75M,-0.18%
23/05/24,10.035,10.025,10.16,9.994,5.91M,0.25%
23/05/25,13.265,13.625,13.785,12.915,11.95M,-3.03%
23/06/20,3.185,3.095,3.229,3.081,32.44M,3.98%
23/06/21,5.27,5.3,5.34,5.27,12.68M,-0.15%
23/06/22,4.243,4.316,4.375,4.213,16.54M,-2.96%
23/06/23,6.652,6.658,6.71,6.55,11.66M,-1.19%
23/06/25,12.79,12.86,12.92,12.645,4.47M,-0.93%
23/07/18,6.026,5.939,6.043,5.916,12.06M,0.92%
23/07/19,4.88,4.787,4.902,4.771,18.14M,2.85%
23/07/20,3.142,3.2,3.206,3.122,19.13M,-1.29%
23/07/21,5.366,5.23,5.39,5.23,13.84M,2.19%
23/07/24,10.195,10.1,10.24,10.02,9.11M,1.09%
23/07/25,12.85,12.795,12.915,12.7,10.89M,1.78%
23/08/18,5.522,5.57,5.597,5.52,11.93M,-0.52%
23/08/19,4.24,4.354,4.373,4.24,15.94M,-1.97%
23/08/21,5.583,5.602,5.626,5.555,10.26M,0.52%
23/08/22,4.585,4.531,4.617,4.515,9.61M,0.76%
23/08/23,7.078,7.142,7.214,7.044,6.37M,-0.70%
23/08/24,9.44,9.392,9.468,9.356,5.29M,0.98%
23/09/19,4.686,4.841,4.85,4.674,26.23M,-4.37%
23/09/20,2.169,2.199,2.279,2.168,33.87M,0.42%
23/09/21,5.57,5.483,5.572,5.441,29.09M,2.81%
23/09/22,4.758,4.883,4.887,4.67,17.83M,-2.90%
23/09/24,9.74,9.71,9.802,9.552,5.30M,0.00%
23/09/25,16.175,16.12,16.255,15.93,6.24M,1.25%
23/10/18,5.068,5.02,5.123,5.007,24.75M,-0.53%
23/10/19,4.908,4.838,4.924,4.822,14.90M,0.43%
23/10/20,2.495,2.442,2.503,2.431,20.24M,2.80%
23/10/23,7.522,7.522,7.544,7.43,9.43M,-0.24%
23/10/24,9.156,9.12,9.178,9.072,7.28M,0.15%
23/10/25,16.96,17,17.175,16.9,4.72M,-0.24%
23/11/18,4.915,4.923,4.962,4.895,9.09M,0.20%
23/11/20,3.63,3.63,3.675,3.612,22.38M,0.86%
23/11/21,5.293,5.327,5.403,5.267,32.98M,-2.42%
23/11/22,5.536,5.517,5.559,5.465,12.08M,0.31%
23/11/23,8.444,8.33,8.49,8.324,11.42M,0.86%
23/12/19,5.09,5.1,5.123,5.067,36.28M,-1.01%
23/12/20,4.081,3.968,4.095,3.956,29.16M,2.90%
23/12/21,5.17,5.121,5.206,5.109,13.67M,1.43%
23/12/22,5.666,5.65,5.693,5.622,6.92M,0.44%
23/12/24,9.3,9.328,9.366,9.206,3.73M,-0.02%
23/12/25,19.77,19.75,19.875,19.49,7.07M,-0.05%
24/01/18,7.48,7.478,7.533,7.455,12.64M,-0.13%
24/01/19,5.205,5.247,5.27,5.145,19.26M,-0.42%
24/01/20,4.607,4.717,4.746,4.604,16.47M,-1.22%
24/01/22,5.431,5.574,5.595,5.387,28.26M,-3.47%
24/01/23,6.431,6.461,6.507,6.35,9.18M,-0.29%
24/01/24,8.226,8.142,8.226,8.106,5.78M,1.13%
24/01/25,10.72,10.7,10.76,10.625,7.14M,0.80%
24/02/20,4.912,5,5,4.903,37.14M,-3.87%
24/02/21,4.63,4.59,4.63,4.542,15.65M,0.87%
24/02/22,5.299,5.344,5.45,5.234,59.14M,-6.28%
24/02/23,7.028,7.037,7.109,7.02,16.49M,-0.07%
24/02/25,12.405,12.29,12.425,12.24,6.38M,0.94%
24/02/26,19.78,19.98,20.01,19.555,9.84M,-1.40%
24/03/20,3.091,2.904,3.091,2.85,28.73M,11.01%
24/03/21,4.395,4.29,4.395,4.225,16.67M,1.34%
24/03/22,5.12,5.26,5.265,5.12,58.15M,-1.52%
24/03/23,6.129,6.35,6.35,6.021,28.08M,-4.43%
24/03/25,13.135,13.255,13.345,13.07,6.66M,0.46%
24/03/26,18.285,18.5,18.575,17.955,11.81M,-0.84%
24/04/18,6.582,6.593,6.593,6.514,11.76M,0.00%
24/04/19,5.409,5.45,5.504,5.362,17.82M,-1.22%
24/04/20,2.593,2.618,2.655,2.582,35.73M,-4.11%
24/04/23,6.814,6.732,6.838,6.702,10.99M,0.47%
24/04/24,10.55,10.68,10.71,10.46,6.26M,-1.03%
24/04/25,12.25,12.275,12.335,12.155,6.12M,-0.85%
24/05/18,6.386,6.484,6.524,6.347,19.41M,-1.25%
24/05/19,5.024,4.992,5.05,4.969,12.90M,1.03%
24/05/21,5.1,5.126,5.143,5.053,23.69M,-0.41%
24/05/22,4.845,4.818,4.91,4.795,16.52M,-0.54%
24/05/23,6.34,6.39,6.414,6.296,17.61M,-2.34%
24/05/24,9.964,9.95,10,9.906,6.65M,-0.71%
24/06/19,4.917,4.921,4.974,4.883,11.18M,-0.02%
24/06/20,3.032,3.15,3.195,3.026,18.47M,-4.80%
24/06/21,5.33,5.289,5.393,5.283,20.44M,1.14%
24/06/22,4.343,4.265,4.354,4.212,29.51M,2.36%
24/06/24,9.392,9.18,9.42,9.178,7.03M,2.20%
24/06/25,13.115,13.14,13.24,12.99,7.71M,2.54%
24/07/18,6.156,6.08,6.2,6.077,21.02M,2.16%
24/07/19,4.878,4.851,4.905,4.83,13.45M,-0.04%
24/07/20,3.117,3.11,3.157,3.098,12.24M,-0.80%
24/07/23,7.118,6.968,7.118,6.91,6.61M,-0.11%
24/07/24,10.1,10.215,10.22,10.035,7.52M,-0.93%
24/07/25,12.995,13,13.09,12.93,9.79M,1.13%
24/08/18,5.533,5.502,5.567,5.502,9.14M,0.20%
24/08/20,2.484,2.453,2.484,2.415,15.74M,2.39%
24/08/21,5.5,5.6,5.614,5.454,13.38M,-1.49%
24/08/22,4.544,4.558,4.58,4.503,8.19M,-0.89%
24/08/23,7.172,7.13,7.186,7.07,11.10M,1.33%
24/09/18,5.593,5.6,5.635,5.568,18.07M,-0.76%
24/09/19,4.67,4.703,4.726,4.654,15.26M,-0.34%
24/09/20,2.284,2.15,2.295,2.128,46.04M,5.30%
24/09/21,5.661,5.529,5.691,5.49,27.44M,1.63%
24/09/24,9.724,9.804,9.878,9.648,5.20M,-0.16%
24/09/25,16.385,16.15,16.385,15.935,7.40M,1.30%
24/10/18,4.965,5.077,5.077,4.965,19.63M,-2.03%
24/10/19,4.886,4.93,4.967,4.865,16.25M,-0.45%
24/10/22,5.189,5.06,5.207,5.027,19.20M,3.79%
24/10/23,7.392,7.522,7.528,7.36,19.72M,-1.73%
24/10/24,9.03,9.132,9.194,9.03,4.87M,-1.38%
24/10/25,16.9,17.015,17.1,16.735,6.49M,-0.35%
24/11/20,3.776,3.68,3.776,3.644,23.39M,4.02%
24/11/21,5.19,5.303,5.36,5.19,35.45M,-1.95%
24/11/22,5.58,5.536,5.598,5.524,8.36M,0.79%
24/11/23,8.39,8.44,8.514,8.39,11.54M,-0.64%
24/11/25,17.98,17.775,18.085,17.775,12.76M,1.55%
24/12/18,4.558,4.574,4.599,4.543,5.46M,-1.32%
24/12/19,5.061,5.042,5.07,5.031,2.89M,-0.57%
24/12/20,4.1,4.093,4.105,4.06,3.84M,0.47%
24/12/24,9.266,9.29,9.32,9.252,1.46M,-0.37%
24/12/25,19.75,19.63,19.84,19.63,2.19M,-0.10%
25/01/18,7.601,7.483,7.601,7.481,17.01M,1.62%
25/01/19,5.304,5.253,5.309,5.22,17.98M,1.90%
25/01/21,3.887,4.05,4.088,3.863,14.12M,-2.87%
25/01/22,5.496,5.42,5.543,5.419,24.16M,1.20%
25/01/23,6.292,6.356,6.381,6.264,16.92M,-2.16%
25/01/24,8.09,8.186,8.188,8.01,7.48M,-1.65%
25/02/19,5.255,5.265,5.289,5.23,10.92M,0.54%
25/02/20,4.754,4.95,4.95,4.738,34.67M,-3.22%
25/02/21,4.704,4.7,4.808,4.672,27.43M,1.60%
25/02/22,5.435,5.3,5.486,5.213,43.03M,2.57%
25/02/25,12.575,12.31,12.765,12.305,42.67K,1.37%
25/02/26,20.16,20.03,20.16,19.94,5.89M,1.92%
25/03/19,5.2,5.163,5.264,5.119,17.72M,0.23%
25/03/20,3.263,3.389,3.45,3.01,33.89M,5.58%
25/03/21,4.356,4.38,4.381,4.273,12.28M,-0.89%
25/03/22,5.115,5.11,5.137,5.055,18.06M,-0.10%
25/03/24,10.855,10.81,10.99,10.81,8.34M,-0.41%
25/03/25,13.44,13.18,13.445,13.13,7.74M,2.32%
25/03/26,18.68,18.73,18.84,18.515,9.30M,2.16%
25/04/18,6.553,6.538,6.553,6.473,11.98M,-0.44%
25/04/19,5.364,5.415,5.422,5.324,16.90M,-0.83%
25/04/22,4.811,4.9,4.943,4.811,26.41M,-3.91%
25/04/23,6.648,6.716,6.724,6.614,9.04M,-2.44%
25/04/24,10.505,10.585,10.67,10.405,9.16M,-0.43%
25/04/25,12.455,12.37,12.5,12.295,20.47K,1.67%
25/05/18,6.208,6.408,6.416,6.124,33.72M,-2.79%
25/05/20,2.65,2.64,2.653,2.59,13.93M,2.36%
25/05/21,5.11,5.1,5.153,5.078,13.12M,0.20%
25/05/22,4.895,4.9,4.951,4.828,15.40M,1.04%
25/05/23,6.416,6.33,6.462,6.286,13.07M,1.20%
25/06/18,5.955,5.998,6.04,5.945,17.63M,-1.73%
25/06/19,4.878,4.887,4.893,4.831,13.83M,-0.79%
25/06/20,3.071,3,3.084,2.96,59.82M,1.29%
25/06/21,5.431,5.37,5.437,5.329,15.90M,1.89%
25/06/24,9.28,9.448,9.48,9.224,7.14M,-1.19%
25/06/25,12.71,13.175,13.175,12.685,8.50M,-3.09%
25/07/18,6.048,6.156,6.16,6.034,16.13M,-1.75%
25/07/19,4.894,4.878,5.046,4.86,27.63M,0.33%
25/07/22,4.197,4.14,4.218,4.138,12.69M,1.18%
25/07/23,7.13,7.12,7.162,7.088,4.84M,0.17%
25/07/24,10.025,10,10.04,9.818,6.27M,-0.74%
25/07/25,13.03,13,13.07,12.895,5.72M,0.27%
25/08/20,2.505,2.51,2.584,2.503,28.03M,0.85%
25/08/21,5.707,5.514,5.723,5.508,16.09M,3.76%
25/08/22,4.522,4.596,4.596,4.481,7.55M,-0.51%
25/08/23,7.15,7.166,7.232,7.124,5.39M,-0.31%
25/08/25,16.145,16.31,16.45,16.09,4.97M,-1.88%
25/09/18,5.598,5.63,5.678,5.595,21.86M,0.09%
25/09/19,4.676,4.638,4.683,4.561,15.39M,0.13%
25/09/20,2.292,2.312,2.389,2.288,43.01M,0.35%
25/09/23,7.39,7.45,7.548,7.35,6.97M,-1.02%
25/09/24,9.664,9.65,9.788,9.596,5.06M,-0.62%
25/09/25,16.105,16.365,16.38,16.045,6.89M,-1.71%
25/10/18,5.106,4.985,5.134,4.972,25.40M,2.84%
25/10/19,4.885,4.892,4.93,4.842,13.78M,-0.02%
25/10/21,5.701,5.65,5.734,5.586,15.57M,0.26%
25/10/22,5.23,5.204,5.265,5.134,15.24M,0.79%
25/10/23,7.43,7.37,7.47,7.322,16.91M,0.51%
25/10/24,9.042,9.046,9.134,9.006,5.13M,0.13%
25/11/19,4.816,4.824,4.867,4.798,10.70M,0.38%
25/11/20,3.785,3.81,3.84,3.683,23.85M,0.24%
25/11/21,5.23,5.216,5.253,5.167,14.47M,0.77%
25/11/22,5.641,5.59,5.644,5.572,11.96M,1.09%
25/11/24,9.252,9.276,9.32,9.166,19.54M,0.89%
25/11/25,18.285,17.93,18.41,17.9,5.26M,1.70%
26/01/18,7.634,7.59,7.65,7.565,12.50M,0.43%
26/01/21,3.944,3.912,3.976,3.891,16.33M,1.47%
26/01/22,5.622,5.52,5.681,5.52,33.49M,2.29%
26/01/23,6.417,6.332,6.447,6.329,19.02M,1.99%
26/01/24,8.092,8.112,8.128,8.052,6.22M,0.02%
26/01/26,21.33,21.08,21.39,21.08,4.83M,1.19%
26/02/18,6.959,6.945,6.96,6.9,13.31M,0.71%
26/02/19,5.249,5.228,5.255,5.177,11.31M,-0.11%
26/02/20,4.742,4.739,4.787,4.629,32.62M,-0.25%
26/02/21,4.603,4.594,4.69,4.541,23.37M,-2.15%
26/02/24,9.456,9.41,9.49,9.408,5.68M,0.28%
26/02/25,12.935,12.605,12.935,12.585,2.48K,2.86%
26/02/26,20.1,20,20.12,19.885,5.36M,-0.30%
26/03/18,6.261,6.3,6.319,6.225,20.30M,-0.21%
26/03/19,5.143,5.213,5.228,5.127,16.78M,-1.10%
26/03/20,3.28,3.12,3.322,3.094,19.79M,0.49%
26/03/21,4.433,4.42,4.48,4.378,18.25M,1.77%
26/03/24,10.84,10.835,10.875,10.74,10.37M,-0.14%
26/03/25,13.325,13.445,13.54,13.24,5.86M,-0.86%
26/03/26,18.295,18.53,18.625,18.215,10.21M,-2.06%
26/04/18,6.542,6.544,6.59,6.5,10.49M,-0.17%
26/04/19,5.377,5.375,5.391,5.303,17.17M,0.24%
26/04/21,4.478,4.364,4.482,4.32,18.71M,3.36%
26/04/22,4.682,4.926,4.926,4.682,36.77M,-2.66%
26/04/23,6.682,6.6,6.694,6.484,11.34M,0.51%
26/04/24,10.985,10.545,11,10.53,13.57M,4.57%
26/05/20,2.825,2.69,2.826,2.685,37.51M,6.60%
26/05/21,5.084,5.095,5.126,5.011,20.12M,-0.51%
26/05/22,5.007,4.928,5.019,4.916,17.37M,2.29%
26/05/23,6.48,6.41,6.504,6.296,8.26M,1.00%
26/05/25,13.435,13.585,13.61,13.415,5.20M,1.28%
26/06/18,6.014,6.002,6.044,5.916,17.66M,0.99%
26/06/19,4.894,4.861,4.93,4.834,18.47M,0.33%
26/06/20,2.998,3.11,3.13,2.998,24.64M,-2.38%
26/06/23,6.748,6.662,6.754,6.534,9.44M,1.44%
26/06/24,9.2,9.29,9.36,9.108,13.00M,-0.86%
26/06/25,12.76,12.8,12.89,12.72,5.28M,0.39%
26/07/18,6.121,6.074,6.168,6.07,16.65M,1.21%
26/07/19,4.833,4.867,4.887,4.816,14.39M,-1.25%
26/07/21,5.48,5.306,5.49,5.236,18.13M,2.12%
26/07/22,4.106,4.162,4.167,4.087,16.09M,-2.17%
26/07/23,7.112,7.12,7.144,7.016,9.33M,-0.25%
26/07/24,10.035,9.99,10.045,9.928,7.26M,0.10%
26/08/19,4.276,4.213,4.308,4.213,10.22M,0.85%
26/08/20,2.541,2.491,2.57,2.48,26.36M,1.44%
26/08/21,5.613,5.684,5.709,5.603,10.04M,-1.65%
26/08/22,4.453,4.56,4.587,4.431,10.32M,-1.51%
26/08/24,9.416,9.434,9.47,9.356,3.34M,-0.25%
26/08/25,15.845,15.95,16.04,15.84,9.77M,-1.86%
26/09/18,5.577,5.601,5.624,5.561,13.86M,-0.38%
26/09/19,4.694,4.652,4.711,4.635,13.01M,0.38%
26/09/22,4.741,4.702,4.801,4.675,14.38M,-0.35%
26/09/23,7.37,7.38,7.43,7.304,9.14M,-0.27%
26/09/24,9.954,9.778,9.97,9.772,7.93M,3.00%
26/09/25,16.465,16.185,16.48,16.13,6.73M,2.24%
26/10/18,5.088,5.072,5.093,5.008,21.73M,-0.35%
26/10/20,2.436,2.41,2.489,2.384,21.05M,-2.36%
26/10/21,5.683,5.701,5.735,5.611,13.94M,-0.32%
26/10/22,5.221,5.269,5.29,5.183,12.92M,-0.17%
26/10/23,7.462,7.378,7.474,7.306,15.55M,0.43%
26/11/18,5.085,4.961,5.098,4.95,25.98M,3.46%
26/11/19,4.792,4.824,4.824,4.763,19.03M,-0.50%
26/11/20,3.77,3.795,3.813,3.675,30.27M,-0.40%
26/11/21,4.846,4.996,5.054,4.846,43.91M,-7.34%
26/11/24,8.946,9.064,9.102,8.926,11.50M,-3.31%
26/11/25,18.6,18.315,18.6,18.31,6.53M,1.72%
27/01/20,4.532,4.554,4.586,4.497,19.36M,-1.63%
27/01/21,3.835,3.945,3.962,3.788,30.12M,-2.76%
27/01/22,5.683,5.543,5.759,5.543,16.40M,1.09%
27/01/23,6.434,6.45,6.507,6.404,18.64M,0.26%
27/01/25,10.785,10.575,10.845,10.56,10.14M,0.61%
27/01/26,21.63,21.47,21.74,21.37,6.84M,1.41%
27/02/18,6.95,6.981,6.998,6.922,13.23M,-0.13%
27/02/19,5.377,5.232,5.385,5.226,23.09M,2.44%
27/02/20,4.547,4.665,4.697,4.492,49.77M,-4.11%
27/02/23,7.187,7.07,7.22,7.064,11.03M,2.26%
27/02/24,9.37,9.432,9.518,9.32,10.84M,-0.91%
27/02/25,12.89,12.9,12.995,12.72,8.78M,-0.35%
27/02/26,19.75,20.06,20.21,19.585,13.19M,-1.74%
27/03/18,6.289,6.368,6.37,6.257,17.64M,0.45%
27/03/19,5.116,5.165,5.284,5.093,28.28M,-0.52%
27/03/20,3.105,3.158,3.2,3.029,46.22M,-5.34%
27/03/23,6.256,6.252,6.332,6.122,72.70M,2.07%
27/03/24,10.905,10.82,10.98,10.81,13.88M,0.60%
27/03/25,13.15,13.06,13.26,12.9,6.62M,-1.31%
27/03/26,17.91,18.36,18.405,17.815,12.15M,-2.10%
27/04/18,6.687,6.595,6.74,6.58,23.03M,2.22%
27/04/20,2.686,2.69,2.706,2.621,20.91M,3.59%
27/04/21,4.485,4.434,4.49,4.36,19.34M,0.15%
27/04/22,4.695,4.776,4.78,4.64,24.34M,0.27%
27/04/23,6.89,6.704,6.896,6.658,12.62M,3.11%
27/05/19,5.036,5.083,5.097,5.011,6.30M,0.24%
27/05/20,2.921,2.85,2.978,2.842,52.07M,3.40%
27/05/21,5.143,5.08,5.197,5.073,28.76M,1.16%
27/05/22,5.041,5.012,5.044,4.968,14.88M,0.68%
27/05/24,9.98,9.984,10.05,9.94,35.08M,0.16%
27/05/25,13.545,13.365,13.585,13.365,6.77M,0.82%
27/06/18,5.968,6.008,6.018,5.886,19.26M,-0.76%
27/06/19,4.903,4.912,4.972,4.865,15.37M,0.18%
27/06/22,4.414,4.36,4.457,4.36,18.76M,1.63%
27/06/23,6.784,6.76,6.812,6.682,9.76M,0.53%
27/06/24,9.24,9.216,9.284,9.15,6.07M,0.43%
27/06/25,13.01,12.85,13.01,12.74,5.67M,1.96%
27/07/18,6.201,6.19,6.328,6.159,18.50M,1.31%
27/07/20,3.018,3.104,3.107,2.992,18.81M,-3.18%
27/07/21,5.443,5.428,5.479,5.392,11.60M,-0.68%
27/07/22,4.16,4.126,4.176,4.11,13.79M,1.32%
27/07/23,7.22,7.15,7.22,7.094,13.24M,1.52%
27/08/18,5.571,5.551,5.587,5.506,8.30M,0.69%
27/08/19,4.29,4.295,4.333,4.261,16.22M,0.33%
27/08/20,2.534,2.525,2.545,2.466,18.90M,-0.28%
27/08/21,5.58,5.6,5.612,5.508,7.95M,-0.59%
27/08/24,9.466,9.412,9.498,9.396,7.60M,0.53%
27/08/25,15.53,15.825,15.84,15.48,7.22M,-1.99%
27/09/18,5.609,5.536,5.609,5.462,19.11M,0.57%
27/09/19,4.747,4.71,4.769,4.681,12.39M,1.13%
27/09/21,5.78,5.678,5.79,5.618,21.28M,2.10%
27/09/22,4.642,4.82,4.826,4.582,17.43M,-2.10%
27/09/23,7.446,7.354,7.47,7.33,9.51M,1.03%
27/09/24,9.936,9.91,9.976,9.834,7.30M,-0.18%
27/10/20,2.406,2.491,2.54,2.38,30.71M,-1.23%
27/10/21,5.615,5.68,5.744,5.562,17.13M,-1.20%
27/10/22,5.258,5.206,5.258,5.127,13.73M,0.71%
27/10/23,7.442,7.516,7.624,7.414,11.43M,-0.27%
27/10/25,17.2,17.05,17.235,17.005,6.47M,1.78%
27/11/18,4.918,5.02,5.059,4.855,40.23M,-3.28%
27/11/19,4.829,4.795,4.849,4.775,18.11M,0.77%
27/11/20,3.958,3.74,3.958,3.738,45.25M,4.99%
27/11/23,8.4,8.388,8.426,8.368,11.36M,0.12%
27/11/24,8.794,8.92,8.934,8.724,9.08M,-1.70%
27/11/25,18.525,18.625,18.64,18.48,3.48M,-0.40%
27/12/18,4.545,4.6,4.638,4.476,31.74M,-0.29%
27/12/19,5.039,5.02,5.084,4.92,10.07M,-0.43%
27/12/21,5.23,5.1,5.252,5.091,11.19M,1.16%
27/12/22,5.649,5.667,5.69,5.629,6.96M,-0.30%
27/12/23,8.242,8.25,8.284,8.202,5.99M,0.05%
27/12/24,9.386,9.24,9.396,9.24,4.33M,1.30%
28/01/19,5.245,5.275,5.331,5.234,14.76M,-1.11%
28/01/20,4.601,4.55,4.63,4.508,15.91M,1.52%
28/01/21,3.941,3.782,3.956,3.782,22.51M,2.76%
28/01/22,5.644,5.63,5.668,5.581,16.61M,-0.69%
28/01/25,10.94,10.765,10.985,10.72,11.07K,1.44%
28/01/26,21.02,21.53,21.62,21.02,10.60M,-2.82%
28/02/18,6.89,6.91,6.94,6.871,17.07M,-0.86%
28/02/19,5.474,5.344,5.492,5.319,23.93M,1.80%
28/02/20,4.335,4.42,4.42,4.235,68.81M,-4.66%
28/02/22,5.29,5.258,5.321,5.162,43.88M,-2.67%
28/02/23,7.373,7.151,7.45,7.129,35.46M,2.59%
28/02/24,9.32,9.342,9.442,9.254,9.86M,-0.53%
28/02/25,12.825,12.745,12.825,12.615,2.63K,-0.50%
28/03/18,6.342,6.222,6.342,6.209,20.42M,0.84%
28/03/19,5.047,5.07,5.094,5.005,21.81M,-1.35%
28/03/22,5.155,5.12,5.292,5.12,33.03M,0.78%
28/03/23,6.344,6.35,6.399,6.241,137.23M,1.41%
28/03/24,11.04,10.905,11.14,10.885,15.04M,1.24%
28/03/25,12.725,12.92,13.045,12.7,7.64K,-3.23%
28/04/20,2.927,2.679,2.927,2.661,33.08M,8.97%
28/04/21,4.492,4.57,4.66,4.424,32.28M,0.17%
28/04/22,4.748,4.805,4.821,4.681,17.79M,1.13%
28/04/23,6.65,6.95,6.95,6.614,13.84M,-3.48%
28/04/25,12.595,12.5,12.7,12.5,63.10K,1.12%
28/05/18,6.134,6.307,6.338,6.09,18.76M,-1.19%
28/05/19,5.047,5.041,5.047,4.956,21.31M,0.22%
28/05/20,2.931,2.986,2.999,2.861,30.62M,0.34%
28/05/21,5.126,5.2,5.2,5.09,17.13M,-0.33%
28/05/24,9.936,9.97,10.05,9.86,6.46M,-0.44%
28/05/25,13.24,13.525,13.64,13.24,9.32M,-2.25%
28/06/18,5.966,5.92,6.005,5.911,13.27M,-0.03%
28/06/19,4.917,4.91,4.934,4.888,13.44M,0.29%
28/06/21,5.277,5.426,5.44,5.277,14.76M,-2.84%
28/06/22,4.409,4.45,4.498,4.401,11.80M,-0.11%
28/06/23,6.854,6.794,6.86,6.782,8.46M,1.03%
28/06/24,9.352,9.32,9.364,9.22,8.22M,1.21%
28/07/20,3.047,3.024,3.09,3.005,17.02M,0.96%
28/07/21,5.372,5.464,5.491,5.358,21.23M,-1.30%
28/07/22,4.168,4.194,4.209,4.121,20.74M,0.19%
28/07/23,7.332,7.25,7.438,7.162,21.80M,1.55%
28/07/25,13.18,13.26,13.375,13.11,8.13M,1.15%
28/08/18,5.49,5.59,5.608,5.49,17.66M,-1.45%
28/08/19,4.274,4.29,4.312,4.244,11.51M,-0.37%
28/08/20,2.6,2.557,2.629,2.546,25.57M,2.60%
28/08/23,7.28,7.28,7.292,7.202,,1.82%
28/08/24,9.468,9.496,9.504,9.318,9.72M,0.02%
28/08/25,15.555,15.53,15.615,15.415,5.84M,0.16%
28/09/18,5.49,5.548,5.549,5.384,29.79M,-2.12%
28/09/20,2.384,2.344,2.384,2.314,24.08M,4.01%
28/09/21,5.687,5.795,5.83,5.684,22.09M,-1.61%
28/09/22,4.643,4.6,4.667,4.517,15.61M,0.03%
28/09/23,7.688,7.476,7.688,7.462,17.71M,3.25%
28/10/19,4.882,4.886,4.905,4.85,12.04M,-0.06%
28/10/20,2.366,2.35,2.404,2.305,29.53M,-1.66%
28/10/21,5.641,5.599,5.674,5.501,15.38M,0.46%
28/10/22,5.246,5.197,5.248,5.021,20.86M,-0.23%
28/10/24,9.058,9.104,9.146,8.912,6.67M,0.18%
28/10/25,17.19,17.07,17.215,17.04,5.31M,-0.06%
28/11/18,4.978,4.925,5.01,4.925,18.45M,1.22%
28/11/19,4.807,4.798,4.819,4.782,12.72M,-0.46%
28/11/22,5.54,5.593,5.628,5.54,10.05M,-1.79%
28/11/23,8.586,8.404,8.586,8.388,12.85M,2.21%
28/11/24,8.87,8.93,8.96,8.862,4.88M,0.86%
28/11/25,18.565,18.53,18.665,18.48,4.31M,0.22%
28/12/18,4.641,4.559,4.648,4.55,18.32M,2.11%
28/12/20,4.078,4.136,4.15,4.001,9.91M,-0.54%
28/12/21,5.248,5.212,5.275,5.201,13.65M,0.34%
28/12/22,5.655,5.656,5.687,5.636,5.82M,0.11%
28/12/23,8.192,8.248,8.258,8.162,4.26M,-0.61%
29/01/18,7.643,7.659,7.674,7.594,14.15M,0.12%
29/01/19,5.26,5.256,5.281,5.211,13.28M,0.29%
29/01/20,4.668,4.64,4.692,4.609,25.61M,1.46%
29/01/21,3.767,3.883,3.908,3.767,26.87M,-4.42%
29/01/24,8.114,8.106,8.154,7.998,7.39M,0.27%
29/01/25,11.065,10.96,11.09,10.945,9.12M,1.14%
29/01/26,21.03,21.28,21.57,20.9,8.70M,0.05%
29/02/24,9.186,9.294,9.348,9.146,30.98M,-1.44%
29/03/18,6.429,6.36,6.485,6.354,19.66M,1.37%
29/03/19,5.093,5.096,5.123,5.051,22.46M,0.91%
29/03/21,4.367,4.4,4.462,4.365,16.58M,-1.49%
29/03/22,5.501,5.23,5.553,5.208,35.11M,6.71%
29/03/23,6.481,6.38,6.497,6.36,70.32M,2.16%
29/04/19,5.415,5.396,5.434,5.354,13.33M,0.71%
29/04/20,3.162,2.924,3.162,2.903,37.33M,8.03%
29/04/21,4.55,4.52,4.621,4.495,18.17M,1.29%
29/04/22,5.059,4.891,5.059,4.86,24.73M,6.55%
29/04/24,10.9,11,11.25,10.63,17.90M,-0.77%
29/04/25,12.34,12.74,12.79,12.17,11.77M,-2.02%
29/05/18,5.878,6.07,6.087,5.85,42.31M,-4.17%
29/05/19,4.997,4.996,5.028,4.948,17.14M,-0.99%
29/05/20,2.793,2.88,2.897,2.782,40.20M,-4.71%
29/05/23,6.4,6.55,6.55,6.36,5.25M,-1.23%
29/05/24,9.766,9.92,9.95,9.74,11.27M,-1.71%
29/05/25,13.25,13.455,13.465,13.215,4.69M,0.08%
29/06/18,6.074,6.05,6.16,6.037,22.52M,1.81%
29/06/20,3.082,3,3.113,2.964,18.48M,2.80%
29/06/21,5.292,5.277,5.338,5.264,8.64M,0.28%
29/06/22,4.318,4.357,4.403,4.31,10.37M,-2.08%
29/06/23,6.958,6.86,6.972,6.858,12.20M,1.52%
29/07/19,4.802,4.821,4.848,4.777,11.45M,-0.64%
29/07/20,2.935,3.05,3.056,2.875,19.80M,-3.68%
29/07/21,5.412,5.389,5.492,5.388,13.77M,0.74%
29/07/22,4.417,4.312,4.445,4.28,37.56M,5.97%
29/07/24,10.03,10.1,10.175,9.954,5.08M,-0.05%
29/07/25,13.5,13.21,13.5,13.2,8.20M,2.43%
29/08/18,5.533,5.51,5.545,5.455,11.76M,0.78%
29/08/19,4.322,4.266,4.368,4.263,14.91M,1.12%
29/08/22,4.433,4.403,4.468,4.356,8.92M,-0.44%
29/08/23,7.35,7.312,7.382,7.274,10.42M,0.96%
29/08/24,9.512,9.468,9.552,9.452,4.20M,0.46%
29/08/25,15.49,15.51,15.585,15.375,5.45M,-0.42%
29/09/20,2.331,2.372,2.372,2.321,30.94M,-2.22%
29/09/21,5.742,5.719,5.745,5.618,16.79M,0.97%
29/09/22,4.552,4.606,4.634,4.502,38.24M,-1.96%
29/09/23,7.71,7.678,7.756,7.636,19.30M,0.29%
29/09/25,16.24,16.47,16.48,16.22,5.90M,-1.37%
29/10/18,5.133,5.168,5.201,5.076,17.63M,0.88%
29/10/19,4.856,4.879,4.894,4.819,23.96M,-0.53%
29/10/20,2.339,2.37,2.412,2.305,18.55M,-1.14%
29/10/21,6.062,5.76,6.099,5.76,45.39M,7.46%
29/10/24,9.018,9.12,9.13,8.99,7.33M,-0.44%
29/10/25,17.58,17.21,17.585,17.055,10.60M,2.27%
29/11/18,4.99,5.03,5.07,4.981,15.20M,0.24%
29/11/19,4.782,4.798,4.832,4.768,15.58M,-0.52%
29/11/21,4.802,4.959,4.973,4.801,27.51M,-0.90%
29/11/22,5.624,5.561,5.663,5.525,12.41M,1.52%
29/11/23,8.696,8.58,8.708,8.578,11.60M,1.28%
29/11/24,8.936,8.81,8.958,8.7,6.92M,0.74%
29/12/20,4.068,4.104,4.12,4.039,9.93M,-0.25%
29/12/21,5.266,5.222,5.266,5.206,11.36M,0.34%
29/12/22,5.702,5.628,5.72,5.61,8.44M,0.83%
29/12/23,8.226,8.194,8.266,8.182,4.49M,0.42%
29/12/25,19.79,19.79,19.89,19.695,8.26M,0.20%
30/01/18,7.563,7.59,7.617,7.512,19.81M,-1.05%
30/01/19,5.258,5.27,5.299,5.235,13.68M,-0.04%
30/01/20,4.708,4.619,4.708,4.598,30.49M,0.86%
30/01/23,6.439,6.41,6.466,6.372,6.88M,0.08%
30/01/24,8.614,8.182,8.636,8.086,17.78M,6.16%
30/01/25,11.215,11.275,11.435,11.07,10.80M,1.36%
30/01/26,21.45,21.19,21.61,21.17,8.07M,2.00%
30/03/20,2.92,3.04,3.08,2.886,26.93M,-5.94%
30/03/21,4.499,4.424,4.51,4.424,17.18M,3.02%
30/03/22,5.39,5.461,5.471,5.357,16.88M,-2.02%
30/03/23,6.619,6.599,6.69,6.547,71.77M,2.13%
30/03/26,17.99,17.845,18.095,17.79,10.12M,0.45%
30/04/18,6.73,6.684,6.745,6.682,14.89M,0.64%
30/04/19,5.418,5.385,5.418,5.303,19.21M,0.06%
30/04/20,2.987,3.05,3.114,2.929,52.46M,-5.53%
30/04/21,4.67,4.541,4.72,4.47,23.62M,2.64%
30/04/24,10.175,10.92,10.975,10.06,29.09M,-6.65%
30/04/25,12.06,12.43,12.48,11.775,38.56K,-2.27%
30/05/18,5.916,5.95,6.022,5.825,36.05M,0.65%
30/05/19,5.075,5.049,5.093,5.033,11.76M,1.56%
30/05/22,5.147,5.08,5.147,5.061,24.52M,2.10%
30/05/23,6.358,6.382,6.492,6.314,10.62M,-0.66%
30/05/24,9.97,9.74,9.986,9.74,17.19M,2.09%
30/05/25,13.21,13.25,13.375,13.2,13.85M,-0.30%
30/06/20,3.064,3.07,3.094,2.995,21.81M,-0.58%
30/06/21,5.228,5.255,5.287,5.188,21.85M,-1.21%
30/06/22,4.331,4.3,4.344,4.202,19.58M,0.30%
30/06/23,7.032,6.98,7.128,6.96,18.40M,1.06%
30/06/25,13.055,13.08,13.1,12.7,6.84M,0.35%
30/07/18,6.228,6.166,6.255,6.152,13.19M,0.44%
30/07/19,4.657,4.787,4.793,4.622,24.45M,-3.02%
30/07/20,2.698,2.905,2.905,2.632,45.68M,-8.07%
30/07/21,5.411,5.353,5.455,5.301,17.91M,-0.02%
30/07/24,10.175,10.015,10.225,10.005,6.28M,1.45%
30/07/25,13.56,13.495,13.565,13.29,8.23M,0.44%
30/08/18,5.381,5.501,5.51,5.378,24.68M,-2.75%
30/08/19,4.309,4.332,4.359,4.292,12.93M,-0.30%
30/08/21,5.535,5.589,5.62,5.527,5.22M,-0.81%
30/08/22,4.486,4.46,4.606,4.43,11.89M,1.20%
30/08/23,7.394,7.38,7.5,7.378,11.95M,0.60%
30/08/24,9.59,9.52,9.592,9.52,10.43M,0.82%
30/09/19,4.78,4.78,4.806,4.739,21.03M,0.70%
30/09/20,2.372,2.293,2.416,2.279,21.11M,1.76%
30/09/21,5.717,5.79,5.812,5.7,24.47M,-0.44%
30/09/22,4.621,4.598,4.632,4.543,19.08M,1.49%
30/09/24,9.708,9.872,9.958,9.708,14.11M,-2.29%
30/09/25,16.34,16.285,16.445,16.2,7.13M,0.62%
30/10/18,4.972,5.2,5.226,4.969,37.18M,-3.14%
30/10/19,4.734,4.851,4.864,4.69,33.39M,-2.51%
30/10/20,2.462,2.34,2.462,2.332,23.55M,5.26%
30/10/23,7.504,7.466,7.536,7.406,11.14M,0.83%
30/10/24,9.094,8.96,9.1,8.922,8.08M,0.84%
30/10/25,17.28,17.39,17.41,17.05,10.57M,-1.71%
30/11/18,5.018,5.003,5.019,4.947,20.58M,0.56%
30/11/20,3.93,3.865,3.966,3.815,51.85M,-0.71%
30/11/21,4.702,4.75,4.805,4.667,44.52M,-2.08%
30/11/22,5.612,5.611,5.642,5.535,70.04M,-0.21%
30/11/23,8.506,8.704,8.726,8.48,22.89M,-2.18%
30/12/19,5.005,5.013,5.045,5.005,9.53M,-0.67%
30/12/20,4.074,4.07,4.148,4.062,9.54M,0.15%
30/12/21,5.25,5.246,5.282,5.233,13.97M,-0.30%
30/12/22,5.634,5.683,5.688,5.63,7.80M,-1.19%
30/12/24,9.37,9.246,9.44,9.246,4.31M,-0.17%
30/12/25,20.08,19.675,20.12,19.675,6.13M,1.47%
31/01/18,7.568,7.569,7.632,7.511,18.41M,0.07%
31/01/19,5.17,5.284,5.293,5.087,24.38M,-1.67%
31/01/20,4.668,4.82,4.85,4.65,31.43M,-0.85%
31/01/22,5.634,5.704,5.72,5.608,17.20M,-0.18%
31/01/23,6.463,6.46,6.482,6.375,13.75M,0.37%
31/01/24,8.676,8.67,8.74,8.608,16.26M,0.72%
31/01/25,11.05,11.23,11.305,11.025,7.14K,-1.47%
31/03/20,2.915,2.962,2.987,2.836,37.38M,-0.15%
31/03/21,4.426,4.46,4.522,4.426,12.79M,-1.62%
31/03/22,5.21,5.344,5.422,5.21,59.68M,-3.34%
31/03/23,6.571,6.66,6.695,6.543,43.52M,-0.73%
31/03/25,12.545,12.6,12.64,12.335,10.94M,-1.41%
31/03/26,18.25,17.96,18.375,17.95,15.45M,1.45%
31/05/18,5.839,5.981,6.066,5.783,39.90M,-1.30%
31/05/19,4.867,4.923,4.949,4.843,43.42M,-4.10%
31/05/21,5.136,5.151,5.172,5.131,5.86M,0.20%
31/05/22,5.079,5.123,5.16,5.046,24.68M,-1.32%
31/05/23,6.12,6.3,6.36,6.058,83.95M,-3.74%
31/05/24,9.94,9.97,9.998,9.904,35.36M,-0.30%
31/07/18,6.286,6.21,6.33,6.21,19.23M,0.93%
31/07/19,4.599,4.68,4.725,4.57,25.00M,-1.25%
31/07/20,2.637,2.714,2.74,2.637,32.18M,-2.26%
31/07/23,7.21,7.376,7.386,7.186,11.52M,-1.66%
31/07/24,9.704,9.958,10.05,9.668,20.95M,-4.63%
31/07/25,14.64,14,14.79,13.965,21.01M,7.96%
31/08/18,5.37,5.394,5.411,5.353,21.15M,-0.20%
31/08/20,2.453,2.62,2.631,2.449,22.98M,-5.65%
31/08/21,5.547,5.535,5.575,5.471,18.69M,0.22%
31/08/22,4.491,4.5,4.542,4.467,16.89M,0.11%
31/08/23,7.266,7.414,7.434,7.264,16.22M,-1.73%
31/10/18,4.885,5.016,5.022,4.866,54.11M,-1.75%
31/10/19,4.723,4.737,4.755,4.606,24.07M,-0.23%
31/10/22,5.209,5.24,5.272,5.172,15.56M,-0.71%
31/10/23,7.422,7.094,7.516,7.05,18.35M,-1.09%
31/10/24,9.15,8.9,9.214,8.82,13.41M,0.62%
31/10/25,17.435,17.35,17.7,17.255,9.38M,0.90%
31/12/18,4.636,4.635,4.663,4.62,6.38M,-0.11%
31/12/19,4.983,4.995,5.004,4.953,5.62M,-0.44%
31/12/20,4.035,4.051,4.082,4.035,6.32M,-0.96%
31/12/24,9.452,9.368,9.452,9.368,2.04M,0.88%
31/12/25,20.05,19.855,20.13,19.855,3.74M,-0.15%