Fecha,BONOM10,UDIBONOS10,Cierre
02/01/18 0:00,7.55,4,3.55
03/01/18 0:00,7.5,4,3.5
04/01/18 0:00,7.44,4,3.44
05/01/18 0:00,7.45,4,3.45
08/01/18 0:00,7.43,4,3.43
09/01/18 0:00,7.48,4,3.48
10/01/18 0:00,7.58,4,3.58
11/01/18 0:00,7.58,4,3.58
12/01/18 0:00,7.56,4,3.56
15/01/18 0:00,7.53,4,3.53
16/01/18 0:00,7.548,4,3.548
17/01/18 0:00,7.556,4,3.556
18/01/18 0:00,7.55,4,3.55
19/01/18 0:00,7.56,4,3.56
22/01/18 0:00,7.567,4,3.567
23/01/18 0:00,7.49,4,3.49
24/01/18 0:00,7.48,4,3.48
25/01/18 0:00,7.5,4,3.5
26/01/18 0:00,7.521,4,3.521
29/01/18 0:00,7.5,4,3.5
30/01/18 0:00,7.64,4,3.64
31/01/18 0:00,7.59,4,3.59
01/02/18 0:00,7.55,4,3.55
02/02/18 0:00,7.57,4,3.57
06/02/18 0:00,7.6,4,3.6
07/02/18 0:00,7.57,4,3.57
08/02/18 0:00,7.64,4,3.64
09/02/18 0:00,7.68,4,3.68
12/02/18 0:00,7.74,4,3.74
13/02/18 0:00,7.75,4,3.75
14/02/18 0:00,7.79,4,3.79
15/02/18 0:00,7.71,4,3.71
16/02/18 0:00,7.67,4,3.67
19/02/18 0:00,7.69,4,3.69
20/02/18 0:00,7.72,4,3.72
21/02/18 0:00,7.69,4,3.69
22/02/18 0:00,7.61,4,3.61
23/02/18 0:00,7.61,4,3.61
26/02/18 0:00,7.63,4,3.63
27/02/18 0:00,7.64,4,3.64
28/02/18 0:00,7.62,4,3.62
01/03/18 0:00,7.59,4,3.59
02/03/18 0:00,7.58,4,3.58
05/03/18 0:00,7.61,4,3.61
06/03/18 0:00,7.56,4,3.56
07/03/18 0:00,7.55,4,3.55
08/03/18 0:00,7.55,4,3.55
09/03/18 0:00,7.52,4,3.52
12/03/18 0:00,7.53,4,3.53
13/03/18 0:00,7.54,4,3.54
14/03/18 0:00,7.56,4,3.56
15/03/18 0:00,7.56,4,3.56
16/03/18 0:00,7.419,4,3.419
20/03/18 0:00,7.55,4,3.55
21/03/18 0:00,7.54,4,3.54
22/03/18 0:00,7.49,4,3.49
23/03/18 0:00,7.47,4,3.47
26/03/18 0:00,7.41,4,3.41
27/03/18 0:00,7.35,4,3.35
28/03/18 0:00,7.29,4,3.29
02/04/18 0:00,7.37,4,3.37
03/04/18 0:00,7.31,4,3.31
04/04/18 0:00,7.25,4,3.25
05/04/18 0:00,7.29,4,3.29
06/04/18 0:00,7.25,4,3.25
09/04/18 0:00,7.26,4,3.26
10/04/18 0:00,7.31,4,3.31
11/04/18 0:00,7.33,4,3.33
12/04/18 0:00,7.3,4,3.3
13/04/18 0:00,7.33,4,3.33
16/04/18 0:00,7.4,4,3.4
17/04/18 0:00,7.36,4,3.36
18/04/18 0:00,7.35,4,3.35
19/04/18 0:00,7.44,4,3.44
20/04/18 0:00,7.47,4,3.47
23/04/18 0:00,7.57,4,3.57
24/04/18 0:00,7.545,4,3.545
25/04/18 0:00,7.52,4,3.52
26/04/18 0:00,7.53,4,3.53
27/04/18 0:00,7.44,4,3.44
30/04/18 0:00,7.46,4,3.46
02/05/18 0:00,7.5,4,3.5
03/05/18 0:00,7.52,4,3.52
04/05/18 0:00,7.56,4,3.56
07/05/18 0:00,7.64,4,3.64
08/05/18 0:00,7.71,4,3.71
09/05/18 0:00,7.69,4,3.69
10/05/18 0:00,7.57,4,3.57
11/05/18 0:00,7.59,4,3.59
14/05/18 0:00,7.67,4,3.67
15/05/18 0:00,7.77,4,3.77
16/05/18 0:00,7.74,4,3.74
17/05/18 0:00,7.74,4,3.74
18/05/18 0:00,7.76,4,3.76
21/05/18 0:00,7.71,4,3.71
22/05/18 0:00,7.71,4,3.71
23/05/18 0:00,7.64,4,3.64
24/05/18 0:00,7.66,4,3.66
25/05/18 0:00,7.62,4,3.62
28/05/18 0:00,7.63,4,3.63
29/05/18 0:00,7.66,4,3.66
30/05/18 0:00,7.73,4,3.73
31/05/18 0:00,7.78,4,3.78
01/06/18 0:00,7.82,4,3.82
04/06/18 0:00,7.829,4,3.829
05/06/18 0:00,7.82,4,3.82
06/06/18 0:00,7.75,4,3.75
07/06/18 0:00,7.84,4,3.84
08/06/18 0:00,7.82,4,3.82
11/06/18 0:00,7.86,4,3.86
12/06/18 0:00,7.93,4,3.93
13/06/18 0:00,7.9,4,3.9
14/06/18 0:00,7.93,4,3.93
15/06/18 0:00,7.99,4,3.99
18/06/18 0:00,7.9,4,3.9
19/06/18 0:00,7.9,4,3.9
20/06/18 0:00,7.79,4,3.79
21/06/18 0:00,7.77,4,3.77
22/06/18 0:00,7.72,4,3.72
25/06/18 0:00,7.72,4,3.72
26/06/18 0:00,7.64,4,3.64
27/06/18 0:00,7.66,4,3.66
28/06/18 0:00,7.58,4,3.58
29/06/18 0:00,7.58,4,3.58
02/07/18 0:00,7.65,4,3.65
03/07/18 0:00,7.56,4,3.56
04/07/18 0:00,7.61,4,3.61
05/07/18 0:00,7.58,4,3.58
06/07/18 0:00,7.68,4,3.68
09/07/18 0:00,7.71,4,3.71
10/07/18 0:00,7.67,4,3.67
11/07/18 0:00,7.69,4,3.69
12/07/18 0:00,7.68,4,3.68
13/07/18 0:00,7.74,4,3.74
16/07/18 0:00,7.7,4,3.7
17/07/18 0:00,7.69,4,3.69
18/07/18 0:00,7.64,4,3.64
19/07/18 0:00,7.7,4,3.7
20/07/18 0:00,7.66,4,3.66
23/07/18 0:00,7.67,4,3.67
24/07/18 0:00,7.73,4,3.73
25/07/18 0:00,7.7,4,3.7
26/07/18 0:00,7.71,4,3.71
27/07/18 0:00,7.75,4,3.75
30/07/18 0:00,7.71,4,3.71
31/07/18 0:00,7.74,4,3.74
01/08/18 0:00,7.76,4,3.76
02/08/18 0:00,7.71,4,3.71
03/08/18 0:00,7.69,4,3.69
06/08/18 0:00,7.69,4,3.69
07/08/18 0:00,7.68,4,3.68
08/08/18 0:00,7.64,4,3.64
09/08/18 0:00,7.67,4,3.67
10/08/18 0:00,7.73,4,3.73
13/08/18 0:00,7.78,4,3.78
14/08/18 0:00,7.81,4,3.81
15/08/18 0:00,7.818,4,3.818
16/08/18 0:00,7.89,4,3.89
17/08/18 0:00,7.84,4,3.84
20/08/18 0:00,7.85,4,3.85
21/08/18 0:00,7.83,4,3.83
22/08/18 0:00,7.77,4,3.77
23/08/18 0:00,7.8,4,3.8
24/08/18 0:00,7.75,4,3.75
27/08/18 0:00,7.74,4,3.74
28/08/18 0:00,7.82,4,3.82
29/08/18 0:00,7.87,4,3.87
30/08/18 0:00,7.9,4,3.9
31/08/18 0:00,7.91,4,3.91
03/09/18 0:00,7.91,4,3.91
04/09/18 0:00,8.01,4,4.01
05/09/18 0:00,8.03,4,4.03
06/09/18 0:00,8,4,4
07/09/18 0:00,8.04,4,4.04
10/09/18 0:00,8.06,4,4.06
11/09/18 0:00,8.06,4,4.06
12/09/18 0:00,8.04,4,4.04
13/09/18 0:00,7.98,4,3.98
14/09/18 0:00,8.01,4,4.01
17/09/18 0:00,8.03,4,4.03
18/09/18 0:00,8.03,4,4.03
19/09/18 0:00,8.03,4,4.03
20/09/18 0:00,8.05,4,4.05
21/09/18 0:00,8.03,4,4.03
24/09/18 0:00,8,4,4
25/09/18 0:00,8.04,4,4.04
26/09/18 0:00,7.94,4,3.94
27/09/18 0:00,7.89,4,3.89
28/09/18 0:00,7.91,4,3.91
01/10/18 0:00,7.93,4,3.93
02/10/18 0:00,7.91,4,3.91
03/10/18 0:00,7.93,4,3.93
04/10/18 0:00,8.01,4,4.01
05/10/18 0:00,8.09,4,4.09
08/10/18 0:00,8.1,4,4.1
09/10/18 0:00,8.15,4,4.15
10/10/18 0:00,8.15,4,4.15
11/10/18 0:00,8.16,4,4.16
12/10/18 0:00,8.1,4,4.1
15/10/18 0:00,8.07,4,4.07
16/10/18 0:00,8.05,4,4.05
17/10/18 0:00,8.09,4,4.09
18/10/18 0:00,8.14,4,4.14
19/10/18 0:00,8.2,4,4.2
22/10/18 0:00,8.35,4,4.35
23/10/18 0:00,8.29,4,4.29
24/10/18 0:00,8.34,4,4.34
25/10/18 0:00,8.34,4,4.34
26/10/18 0:00,8.32,4,4.32
29/10/18 0:00,8.7,4,4.7
30/10/18 0:00,8.71,4,4.71
31/10/18 0:00,8.86,4,4.86
01/11/18 0:00,8.77,4,4.77
05/11/18 0:00,8.59,4,4.59
06/11/18 0:00,8.59,4,4.59
07/11/18 0:00,8.67,4,4.67
08/11/18 0:00,8.82,4,4.82
09/11/18 0:00,8.88,4,4.88
12/11/18 0:00,8.87,4,4.87
13/11/18 0:00,9.01,4,5.01
14/11/18 0:00,9.09,4,5.09
15/11/18 0:00,8.98,4,4.98
16/11/18 0:00,9.05,4,5.05
20/11/18 0:00,9.15,4,5.15
21/11/18 0:00,9.07,4,5.07
22/11/18 0:00,9.02,4,5.02
23/11/18 0:00,9.06,4,5.06
26/11/18 0:00,9.2,4,5.2
27/11/18 0:00,9.22,4,5.22
28/11/18 0:00,9.18,4,5.18
29/11/18 0:00,9.05,4,5.05
30/11/18 0:00,9.24,4,5.24
03/12/18 0:00,9.04,4,5.04
04/12/18 0:00,9.14,4,5.14
05/12/18 0:00,9.09,4,5.09
06/12/18 0:00,9.15,4,5.15
07/12/18 0:00,9.02,4,5.02
10/12/18 0:00,9.06,4,5.06
11/12/18 0:00,9.08,4,5.08
13/12/18 0:00,8.95,4,4.95
14/12/18 0:00,8.92,4,4.92
17/12/18 0:00,8.82,4,4.82
18/12/18 0:00,8.72,4,4.72
19/12/18 0:00,8.71,4,4.71
20/12/18 0:00,8.65,4,4.65
21/12/18 0:00,8.81,4,4.81
24/12/18 0:00,8.84,4,4.84
26/12/18 0:00,8.81,4,4.81
27/12/18 0:00,8.81,4,4.81
28/12/18 0:00,8.73,4,4.73
31/12/18 0:00,8.62,4,4.62
02/01/19 0:00,8.63,4,4.63
03/01/19 0:00,8.6,4,4.6
04/01/19 0:00,8.47,4,4.47
07/01/19 0:00,8.59,4,4.59
08/01/19 0:00,8.68,4,4.68
09/01/19 0:00,8.76,4,4.76
10/01/19 0:00,8.6,4,4.6
11/01/19 0:00,8.69,4,4.69
14/01/19 0:00,8.62,4,4.62
15/01/19 0:00,8.65,4,4.65
16/01/19 0:00,8.63,4,4.63
17/01/19 0:00,8.69,4,4.69
18/01/19 0:00,8.67,4,4.67
21/01/19 0:00,8.71,4,4.71
22/01/19 0:00,8.69,4,4.69
23/01/19 0:00,8.63,4,4.63
24/01/19 0:00,8.48,4,4.48
25/01/19 0:00,8.42,4,4.42
28/01/19 0:00,8.45,4,4.45
29/01/19 0:00,8.4,4,4.4
30/01/19 0:00,8.53,4,4.53
31/01/19 0:00,8.47,4,4.47
01/02/19 0:00,8.47,4,4.47
05/02/19 0:00,8.41,4,4.41
06/02/19 0:00,8.4,4,4.4
07/02/19 0:00,8.41,4,4.41
08/02/19 0:00,8.34,4,4.34
11/02/19 0:00,8.48,4,4.48
12/02/19 0:00,8.38,4,4.38
13/02/19 0:00,8.54,4,4.54
14/02/19 0:00,8.4,4,4.4
15/02/19 0:00,8.27,4,4.27
18/02/19 0:00,8.37,4,4.37
19/02/19 0:00,8.34,4,4.34
20/02/19 0:00,8.35,4,4.35
21/02/19 0:00,8.33,4,4.33
22/02/19 0:00,8.32,4,4.32
25/02/19 0:00,8.24,4,4.24
26/02/19 0:00,8.07,4,4.07
27/02/19 0:00,8.1,4,4.1
28/02/19 0:00,8.198,4,4.198
01/03/19 0:00,8.13,4,4.13
04/03/19 0:00,8.17,4,4.17
05/03/19 0:00,8.13,4,4.13
06/03/19 0:00,8.084,4,4.084
07/03/19 0:00,8.104,4,4.104
08/03/19 0:00,8.044,4,4.044
11/03/19 0:00,8.02,4,4.02
12/03/19 0:00,8.012,4,4.012
13/03/19 0:00,8.01,4,4.01
15/03/19 0:00,8.02,4,4.02
19/03/19 0:00,8.03,4,4.03
20/03/19 0:00,7.976,4,3.976
21/03/19 0:00,7.93,4,3.93
22/03/19 0:00,7.89,4,3.89
25/03/19 0:00,7.84,4,3.84
26/03/19 0:00,7.89,4,3.89
27/03/19 0:00,7.94,4,3.94
28/03/19 0:00,7.96,4,3.96
29/03/19 0:00,8.01,4,4.01
01/04/19 0:00,7.99,4,3.99
02/04/19 0:00,8.01,4,4.01
03/04/19 0:00,8.04,4,4.04
04/04/19 0:00,8,4,4
05/04/19 0:00,7.93,4,3.93
08/04/19 0:00,7.93,4,3.93
09/04/19 0:00,7.96,4,3.96
10/04/19 0:00,7.94,4,3.94
11/04/19 0:00,7.91,4,3.91
12/04/19 0:00,7.89,4,3.89
15/04/19 0:00,7.92,4,3.92
16/04/19 0:00,8.01,4,4.01
17/04/19 0:00,8.02,4,4.02
22/04/19 0:00,8.03,4,4.03
23/04/19 0:00,8.05,4,4.05
24/04/19 0:00,8.1,4,4.1
25/04/19 0:00,8.1,4,4.1
26/04/19 0:00,8.04,4,4.04
29/04/19 0:00,8.09,4,4.09
30/04/19 0:00,8.08,4,4.08
02/05/19 0:00,8.11,4,4.11
03/05/19 0:00,8.08,4,4.08
06/05/19 0:00,8.11,4,4.11
07/05/19 0:00,8.13,4,4.13
08/05/19 0:00,8.12,4,4.12
09/05/19 0:00,8.128,4,4.128
10/05/19 0:00,8.1,4,4.1
13/05/19 0:00,8.1,4,4.1
14/05/19 0:00,8.07,4,4.07
15/05/19 0:00,8.032,4,4.032
16/05/19 0:00,8.04,4,4.04
17/05/19 0:00,8.05,4,4.05
20/05/19 0:00,8.112,4,4.112
21/05/19 0:00,8.112,4,4.112
22/05/19 0:00,8.104,4,4.104
23/05/19 0:00,8.05,4,4.05
24/05/19 0:00,8.02,4,4.02
27/05/19 0:00,8.03,4,4.03
28/05/19 0:00,7.95,4,3.95
29/05/19 0:00,7.94,4,3.94
30/05/19 0:00,7.98,4,3.98
31/05/19 0:00,8.06,4,4.06
03/06/19 0:00,8.06,4,4.06
04/06/19 0:00,7.98,4,3.98
05/06/19 0:00,7.974,4,3.974
06/06/19 0:00,8.01,4,4.01
07/06/19 0:00,7.92,4,3.92
10/06/19 0:00,7.75,4,3.75
11/06/19 0:00,7.68,4,3.68
12/06/19 0:00,7.7,4,3.7
13/06/19 0:00,7.67,4,3.67
14/06/19 0:00,7.65,4,3.65
17/06/19 0:00,7.744,4,3.744
18/06/19 0:00,7.682,4,3.682
19/06/19 0:00,7.63,4,3.63
20/06/19 0:00,7.564,4,3.564
21/06/19 0:00,7.68,4,3.68
24/06/19 0:00,7.66,4,3.66
25/06/19 0:00,7.698,4,3.698
26/06/19 0:00,7.69,4,3.69
27/06/19 0:00,7.58,4,3.58
28/06/19 0:00,7.566,4,3.566
01/07/19 0:00,7.484,4,3.484
02/07/19 0:00,7.39,4,3.39
03/07/19 0:00,7.314,4,3.314
04/07/19 0:00,7.29,4,3.29
05/07/19 0:00,7.3,4,3.3
08/07/19 0:00,7.37,4,3.37
09/07/19 0:00,7.56,4,3.56
10/07/19 0:00,7.58,4,3.58
11/07/19 0:00,7.658,4,3.658
12/07/19 0:00,7.614,4,3.614
15/07/19 0:00,7.602,4,3.602
16/07/19 0:00,7.604,4,3.604
17/07/19 0:00,7.74,4,3.74
18/07/19 0:00,7.54,4,3.54
19/07/19 0:00,7.48,4,3.48
22/07/19 0:00,7.46,4,3.46
23/07/19 0:00,7.478,4,3.478
24/07/19 0:00,7.43,4,3.43
25/07/19 0:00,7.43,4,3.43
26/07/19 0:00,7.53,4,3.53
29/07/19 0:00,7.5,4,3.5
30/07/19 0:00,7.52,4,3.52
31/07/19 0:00,7.49,4,3.49
01/08/19 0:00,7.49,4,3.49
02/08/19 0:00,7.426,4,3.426
05/08/19 0:00,7.42,4,3.42
06/08/19 0:00,7.43,4,3.43
07/08/19 0:00,7.3,4,3.3
08/08/19 0:00,7.262,4,3.262
09/08/19 0:00,7.186,4,3.186
12/08/19 0:00,7.184,4,3.184
13/08/19 0:00,7.18,4,3.18
14/08/19 0:00,7.23,4,3.23
15/08/19 0:00,7.04,4,3.04
16/08/19 0:00,6.93,4,2.93
19/08/19 0:00,7.042,4,3.042
20/08/19 0:00,7.06,4,3.06
21/08/19 0:00,7.016,4,3.016
22/08/19 0:00,6.972,4,2.972
23/08/19 0:00,6.94,4,2.94
26/08/19 0:00,6.97,4,2.97
27/08/19 0:00,7.01,4,3.01
28/08/19 0:00,6.99,4,2.99
29/08/19 0:00,7.01,4,3.01
30/08/19 0:00,6.95,4,2.95
02/09/19 0:00,6.96,4,2.96
03/09/19 0:00,6.93,4,2.93
04/09/19 0:00,6.93,4,2.93
05/09/19 0:00,6.99,4,2.99
06/09/19 0:00,6.95,4,2.95
09/09/19 0:00,7,4,3
10/09/19 0:00,7.07,4,3.07
11/09/19 0:00,7.17,4,3.17
12/09/19 0:00,7.16,4,3.16
13/09/19 0:00,7.23,4,3.23
17/09/19 0:00,7.17,4,3.17
18/09/19 0:00,7.13,4,3.13
19/09/19 0:00,7,4,3
20/09/19 0:00,6.98,4,2.98
23/09/19 0:00,6.89,4,2.89
24/09/19 0:00,6.9,4,2.9
25/09/19 0:00,6.892,4,2.892
26/09/19 0:00,6.82,4,2.82
27/09/19 0:00,6.88,4,2.88
30/09/19 0:00,6.86,4,2.86
01/10/19 0:00,6.9,4,2.9
02/10/19 0:00,6.83,4,2.83
03/10/19 0:00,6.72,4,2.72
04/10/19 0:00,6.73,4,2.73
07/10/19 0:00,6.77,4,2.77
08/10/19 0:00,6.75,4,2.75
09/10/19 0:00,6.71,4,2.71
10/10/19 0:00,6.74,4,2.74
11/10/19 0:00,6.74,4,2.74
14/10/19 0:00,6.744,4,2.744
15/10/19 0:00,6.77,4,2.77
16/10/19 0:00,6.81,4,2.81
17/10/19 0:00,6.84,4,2.84
18/10/19 0:00,6.8,4,2.8
21/10/19 0:00,6.83,4,2.83
22/10/19 0:00,6.86,4,2.86
23/10/19 0:00,6.85,4,2.85
24/10/19 0:00,6.8,4,2.8
25/10/19 0:00,6.83,4,2.83
28/10/19 0:00,6.87,4,2.87
29/10/19 0:00,6.84,4,2.84
30/10/19 0:00,6.77,4,2.77
31/10/19 0:00,6.74,4,2.74
01/11/19 0:00,6.77,4,2.77
04/11/19 0:00,6.77,4,2.77
05/11/19 0:00,6.82,4,2.82
06/11/19 0:00,6.76,4,2.76
07/11/19 0:00,6.81,4,2.81
08/11/19 0:00,6.84,4,2.84
11/11/19 0:00,6.86,4,2.86
12/11/19 0:00,6.92,4,2.92
13/11/19 0:00,6.96,4,2.96
14/11/19 0:00,6.94,4,2.94
15/11/19 0:00,6.89,4,2.89
19/11/19 0:00,6.98,4,2.98
20/11/19 0:00,7.03,4,3.03
21/11/19 0:00,7.01,4,3.01
22/11/19 0:00,7.02,4,3.02
25/11/19 0:00,7.074,4,3.074
26/11/19 0:00,7.11,4,3.11
27/11/19 0:00,7.014,4,3.014
28/11/19 0:00,7.07,4,3.07
29/11/19 0:00,7.07,4,3.07
02/12/19 0:00,7.13,4,3.13
03/12/19 0:00,7.13,4,3.13
04/12/19 0:00,6.98,4,2.98
05/12/19 0:00,7.02,4,3.02
06/12/19 0:00,6.96,4,2.96
09/12/19 0:00,6.8,4,2.8
10/12/19 0:00,6.878,4,2.878
11/12/19 0:00,6.84,4,2.84
13/12/19 0:00,6.8,4,2.8
16/12/19 0:00,6.77,4,2.77
17/12/19 0:00,6.8,4,2.8
18/12/19 0:00,6.77,4,2.77
19/12/19 0:00,6.87,4,2.87
20/12/19 0:00,6.91,4,2.91
23/12/19 0:00,6.88,4,2.88
24/12/19 0:00,6.87,4,2.87
26/12/19 0:00,6.84,4,2.84
27/12/19 0:00,6.81,4,2.81
30/12/19 0:00,6.82,4,2.82
31/12/19 0:00,6.84,4,2.84
02/01/20 0:00,6.78,4,2.78
03/01/20 0:00,6.714,4,2.714
06/01/20 0:00,6.77,4,2.77
07/01/20 0:00,6.83,4,2.83
08/01/20 0:00,6.83,4,2.83
09/01/20 0:00,6.85,4,2.85
10/01/20 0:00,6.764,4,2.764
13/01/20 0:00,6.83,4,2.83
14/01/20 0:00,6.83,4,2.83
15/01/20 0:00,6.8,4,2.8
16/01/20 0:00,6.82,4,2.82
17/01/20 0:00,6.802,4,2.802
20/01/20 0:00,6.79,4,2.79
21/01/20 0:00,6.83,4,2.83
22/01/20 0:00,6.82,4,2.82
23/01/20 0:00,6.78,4,2.78
24/01/20 0:00,6.76,4,2.76
27/01/20 0:00,6.73,4,2.73
28/01/20 0:00,6.706,4,2.706
29/01/20 0:00,6.62,4,2.62
30/01/20 0:00,6.61,4,2.61
31/01/20 0:00,6.6,4,2.6
04/02/20 0:00,6.64,4,2.64
05/02/20 0:00,6.65,4,2.65
06/02/20 0:00,6.638,4,2.638
07/02/20 0:00,6.62,4,2.62
10/02/20 0:00,6.58,4,2.58
11/02/20 0:00,6.558,4,2.558
12/02/20 0:00,6.57,4,2.57
13/02/20 0:00,6.57,4,2.57
14/02/20 0:00,6.53,4,2.53
17/02/20 0:00,6.54,4,2.54
18/02/20 0:00,6.53,4,2.53
19/02/20 0:00,6.5,4,2.5
20/02/20 0:00,6.548,4,2.548
21/02/20 0:00,6.522,4,2.522
24/02/20 0:00,6.49,4,2.49
25/02/20 0:00,6.46,4,2.46
26/02/20 0:00,6.498,4,2.498
27/02/20 0:00,6.68,4,2.68
28/02/20 0:00,6.83,4,2.83
02/03/20 0:00,6.56,4,2.56
03/03/20 0:00,6.42,4,2.42
04/03/20 0:00,6.31,4,2.31
05/03/20 0:00,6.36,4,2.36
06/03/20 0:00,6.35,4,2.35
09/03/20 0:00,6.67,4,2.67
10/03/20 0:00,6.8,4,2.8
11/03/20 0:00,7.26,4,3.26
12/03/20 0:00,7.68,4,3.68
13/03/20 0:00,7.63,4,3.63
17/03/20 0:00,7.75,4,3.75
18/03/20 0:00,8.24,4,4.24
19/03/20 0:00,8.09,4,4.09
20/03/20 0:00,7.32,4,3.32
23/03/20 0:00,7.79,4,3.79
24/03/20 0:00,7.97,4,3.97
25/03/20 0:00,7.74,4,3.74
26/03/20 0:00,7.28,4,3.28
27/03/20 0:00,7.05,4,3.05
30/03/20 0:00,7.25,4,3.25
31/03/20 0:00,7.04,4,3.04
01/04/20 0:00,7.02,4,3.02
02/04/20 0:00,7.09,4,3.09
03/04/20 0:00,7.24,4,3.24
06/04/20 0:00,7.32,4,3.32
07/04/20 0:00,7.11,4,3.11
08/04/20 0:00,7.06,4,3.06
13/04/20 0:00,7.05,4,3.05
14/04/20 0:00,6.82,4,2.82
15/04/20 0:00,6.83,4,2.83
16/04/20 0:00,6.79,4,2.79
17/04/20 0:00,6.83,4,2.83
20/04/20 0:00,6.93,4,2.93
21/04/20 0:00,6.9,4,2.9
22/04/20 0:00,6.68,4,2.68
23/04/20 0:00,6.67,4,2.67
24/04/20 0:00,6.87,4,2.87
27/04/20 0:00,6.84,4,2.84
28/04/20 0:00,6.8,4,2.8
29/04/20 0:00,6.59,4,2.59
30/04/20 0:00,6.465,4,2.465
04/05/20 0:00,6.38,4,2.38
05/05/20 0:00,6.3,4,2.3
06/05/20 0:00,6.26,4,2.26
07/05/20 0:00,5.94,4,1.94
08/05/20 0:00,5.78,4,1.78
11/05/20 0:00,5.89,4,1.89
12/05/20 0:00,5.87,4,1.87
13/05/20 0:00,5.98,4,1.98
14/05/20 0:00,6,4,2
15/05/20 0:00,6.03,4,2.03
18/05/20 0:00,5.98,4,1.98
19/05/20 0:00,5.97,4,1.97
20/05/20 0:00,6.05,4,2.05
21/05/20 0:00,6.1,4,2.1
22/05/20 0:00,6.2,4,2.2
25/05/20 0:00,6.17,4,2.17
26/05/20 0:00,6.07,4,2.07
27/05/20 0:00,6.14,4,2.14
28/05/20 0:00,6.14,4,2.14
29/05/20 0:00,6.11,4,2.11
01/06/20 0:00,6.11,4,2.11
02/06/20 0:00,6.12,4,2.12
03/06/20 0:00,6.08,4,2.08
04/06/20 0:00,6.09,4,2.09
05/06/20 0:00,6.24,4,2.24
08/06/20 0:00,6.24,4,2.24
09/06/20 0:00,6.17,4,2.17
10/06/20 0:00,6.07,4,2.07
11/06/20 0:00,5.99,4,1.99
12/06/20 0:00,5.95,4,1.95
15/06/20 0:00,5.94,4,1.94
16/06/20 0:00,5.99,4,1.99
17/06/20 0:00,5.96,4,1.96
18/06/20 0:00,5.95,4,1.95
19/06/20 0:00,5.87,4,1.87
22/06/20 0:00,5.89,4,1.89
23/06/20 0:00,5.9,4,1.9
24/06/20 0:00,5.97,4,1.97
25/06/20 0:00,5.93,4,1.93
26/06/20 0:00,5.84,4,1.84
29/06/20 0:00,5.84,4,1.84
30/06/20 0:00,5.79,4,1.79
01/07/20 0:00,5.71,4,1.71
02/07/20 0:00,5.66,4,1.66
03/07/20 0:00,5.69,4,1.69
06/07/20 0:00,5.64,4,1.64
07/07/20 0:00,5.71,4,1.71
08/07/20 0:00,5.74,4,1.74
09/07/20 0:00,5.72,4,1.72
10/07/20 0:00,5.64,4,1.64
13/07/20 0:00,5.59,4,1.59
14/07/20 0:00,5.59,4,1.59
15/07/20 0:00,5.62,4,1.62
16/07/20 0:00,5.73,4,1.73
17/07/20 0:00,5.78,4,1.78
20/07/20 0:00,5.8,4,1.8
21/07/20 0:00,5.76,4,1.76
22/07/20 0:00,5.7,4,1.7
23/07/20 0:00,5.73,4,1.73
24/07/20 0:00,5.72,4,1.72
27/07/20 0:00,5.67,4,1.67
28/07/20 0:00,5.65,4,1.65
29/07/20 0:00,5.66,4,1.66
30/07/20 0:00,5.65,4,1.65
31/07/20 0:00,5.69,4,1.69
03/08/20 0:00,5.71,4,1.71
04/08/20 0:00,5.73,4,1.73
05/08/20 0:00,5.7,4,1.7
06/08/20 0:00,5.68,4,1.68
07/08/20 0:00,5.71,4,1.71
10/08/20 0:00,5.745,4,1.745
11/08/20 0:00,5.76,4,1.76
12/08/20 0:00,5.75,4,1.75
13/08/20 0:00,5.74,4,1.74
14/08/20 0:00,5.68,4,1.68
17/08/20 0:00,5.725,4,1.725
18/08/20 0:00,5.72,4,1.72
19/08/20 0:00,5.7,4,1.7
20/08/20 0:00,5.725,4,1.725
21/08/20 0:00,5.74,4,1.74
24/08/20 0:00,5.79,4,1.79
25/08/20 0:00,5.8,4,1.8
26/08/20 0:00,5.87,4,1.87
27/08/20 0:00,5.84,4,1.84
28/08/20 0:00,5.81,4,1.81
31/08/20 0:00,5.81,4,1.81
01/09/20 0:00,5.78,4,1.78
02/09/20 0:00,5.77,4,1.77
03/09/20 0:00,5.75,4,1.75
04/09/20 0:00,5.76,4,1.76
07/09/20 0:00,5.76,4,1.76
08/09/20 0:00,5.75,4,1.75
09/09/20 0:00,5.73,4,1.73
10/09/20 0:00,5.72,4,1.72
11/09/20 0:00,5.69,4,1.69
14/09/20 0:00,5.64,4,1.64
15/09/20 0:00,5.62,4,1.62
17/09/20 0:00,5.61,4,1.61
18/09/20 0:00,5.62,4,1.62
21/09/20 0:00,5.69,4,1.69
22/09/20 0:00,5.66,4,1.66
23/09/20 0:00,5.69,4,1.69
24/09/20 0:00,5.64,4,1.64
25/09/20 0:00,5.66,4,1.66
28/09/20 0:00,5.7,4,1.7
29/09/20 0:00,5.8,4,1.8
30/09/20 0:00,5.81,4,1.81
01/10/20 0:00,5.81,4,1.81
02/10/20 0:00,5.84,4,1.84
05/10/20 0:00,5.84,4,1.84
06/10/20 0:00,5.84,4,1.84
07/10/20 0:00,5.83,4,1.83
08/10/20 0:00,5.81,4,1.81
09/10/20 0:00,5.71,4,1.71
12/10/20 0:00,5.72,4,1.72
13/10/20 0:00,5.75,4,1.75
14/10/20 0:00,5.75,4,1.75
15/10/20 0:00,5.78,4,1.78
16/10/20 0:00,5.81,4,1.81
19/10/20 0:00,5.83,4,1.83
20/10/20 0:00,5.8,4,1.8
21/10/20 0:00,5.83,4,1.83
22/10/20 0:00,5.88,4,1.88
23/10/20 0:00,5.86,4,1.86
26/10/20 0:00,5.88,4,1.88
27/10/20 0:00,5.84,4,1.84
28/10/20 0:00,5.87,4,1.87
29/10/20 0:00,5.94,4,1.94
30/10/20 0:00,6.01,4,2.01
03/11/20 0:00,6.07,4,2.07
04/11/20 0:00,5.89,4,1.89
05/11/20 0:00,5.76,4,1.76
06/11/20 0:00,5.71,4,1.71
09/11/20 0:00,5.72,4,1.72
10/11/20 0:00,5.735,4,1.735
11/11/20 0:00,5.72,4,1.72
12/11/20 0:00,5.665,4,1.665
13/11/20 0:00,5.765,4,1.765
17/11/20 0:00,5.82,4,1.82
18/11/20 0:00,5.73,4,1.73
19/11/20 0:00,5.66,4,1.66
20/11/20 0:00,5.58,4,1.58
23/11/20 0:00,5.58,4,1.58
24/11/20 0:00,5.56,4,1.56
25/11/20 0:00,5.55,4,1.55
26/11/20 0:00,5.57,4,1.57
27/11/20 0:00,5.56,4,1.56
30/11/20 0:00,5.51,4,1.51
01/12/20 0:00,5.5,4,1.5
02/12/20 0:00,5.48,4,1.48
03/12/20 0:00,5.44,4,1.44
04/12/20 0:00,5.4,4,1.4
07/12/20 0:00,5.35,4,1.35
08/12/20 0:00,5.34,4,1.34
09/12/20 0:00,5.3,4,1.3
10/12/20 0:00,5.39,4,1.39
11/12/20 0:00,5.41,4,1.41
14/12/20 0:00,5.4,4,1.4
15/12/20 0:00,5.37,4,1.37
16/12/20 0:00,5.35,4,1.35
17/12/20 0:00,5.31,4,1.31
18/12/20 0:00,5.22,4,1.22
21/12/20 0:00,5.2,4,1.2
22/12/20 0:00,5.21,4,1.21
23/12/20 0:00,5.225,4,1.225
24/12/20 0:00,5.19,4,1.19
28/12/20 0:00,5.2,4,1.2
29/12/20 0:00,5.23,4,1.23
30/12/20 0:00,5.25,4,1.25
31/12/20 0:00,5.25,4,1.25
04/01/21 0:00,5.23,4,1.23
05/01/21 0:00,5.2,4,1.2
06/01/21 0:00,5.23,4,1.23
07/01/21 0:00,5.29,4,1.29
08/01/21 0:00,5.29,4,1.29
11/01/21 0:00,5.33,4,1.33
12/01/21 0:00,5.35,4,1.35
13/01/21 0:00,5.32,4,1.32
14/01/21 0:00,5.33,4,1.33
15/01/21 0:00,5.245,4,1.245
18/01/21 0:00,5.225,4,1.225
19/01/21 0:00,5.225,4,1.225
20/01/21 0:00,5.205,4,1.205
21/01/21 0:00,5.24,4,1.24
22/01/21 0:00,5.24,4,1.24
25/01/21 0:00,5.27,4,1.27
26/01/21 0:00,5.22,4,1.22
27/01/21 0:00,5.19,4,1.19
28/01/21 0:00,5.19,4,1.19
29/01/21 0:00,5.22,4,1.22
02/02/21 0:00,5.17,4,1.17
03/02/21 0:00,5.18,4,1.18
04/02/21 0:00,5.19,4,1.19
05/02/21 0:00,5.17,4,1.17
08/02/21 0:00,5.28,4,1.28
09/02/21 0:00,5.27,4,1.27
10/02/21 0:00,5.3,4,1.3
11/02/21 0:00,5.21,4,1.21
12/02/21 0:00,5.24,4,1.24
15/02/21 0:00,5.25,4,1.25
16/02/21 0:00,5.37,4,1.37
17/02/21 0:00,5.42,4,1.42
18/02/21 0:00,5.55,4,1.55
19/02/21 0:00,5.68,4,1.68
22/02/21 0:00,5.79,4,1.79
23/02/21 0:00,5.95,4,1.95
24/02/21 0:00,6.05,4,2.05
25/02/21 0:00,6.26,4,2.26
26/02/21 0:00,6.2,4,2.2
01/03/21 0:00,6.1,4,2.1
02/03/21 0:00,6.02,4,2.02
03/03/21 0:00,6.08,4,2.08
04/03/21 0:00,6.21,4,2.21
05/03/21 0:00,6.26,4,2.26
08/03/21 0:00,6.25,4,2.25
09/03/21 0:00,6.22,4,2.22
10/03/21 0:00,6.24,4,2.24
11/03/21 0:00,6.18,4,2.18
12/03/21 0:00,6.36,4,2.36
16/03/21 0:00,6.54,4,2.54
17/03/21 0:00,6.51,4,2.51
18/03/21 0:00,6.64,4,2.64
19/03/21 0:00,6.65,4,2.65
22/03/21 0:00,6.66,4,2.66
23/03/21 0:00,6.76,4,2.76
24/03/21 0:00,7,4,3
25/03/21 0:00,6.855,4,2.855
26/03/21 0:00,6.745,4,2.745
29/03/21 0:00,6.805,4,2.805
30/03/21 0:00,6.85,2.75,4.1
31/03/21 0:00,6.84,2.75,4.09
05/04/21 0:00,6.76,2.75,4.01
06/04/21 0:00,6.624,2.75,3.874
07/04/21 0:00,6.449,2.75,3.699
08/04/21 0:00,6.4,2.75,3.65
09/04/21 0:00,6.54,2.75,3.79
12/04/21 0:00,6.63,2.75,3.88
13/04/21 0:00,6.68,2.75,3.93
14/04/21 0:00,6.575,2.75,3.825
15/04/21 0:00,6.43,2.75,3.68
16/04/21 0:00,6.52,2.75,3.77
19/04/21 0:00,6.56,2.75,3.81
20/04/21 0:00,6.69,2.75,3.94
21/04/21 0:00,6.67,2.75,3.92
22/04/21 0:00,6.73,2.75,3.98
23/04/21 0:00,6.68,2.75,3.93
26/04/21 0:00,6.65,2.75,3.9
27/04/21 0:00,6.75,2.75,4
28/04/21 0:00,6.79,2.75,4.04
29/04/21 0:00,6.83,2.75,4.08
30/04/21 0:00,6.88,2.75,4.13
03/05/21 0:00,6.85,2.75,4.1
04/05/21 0:00,6.87,2.75,4.12
05/05/21 0:00,6.795,2.75,4.045
06/05/21 0:00,6.715,2.75,3.965
07/05/21 0:00,6.654,2.75,3.904
10/05/21 0:00,6.715,2.75,3.965
11/05/21 0:00,6.835,2.75,4.085
12/05/21 0:00,6.945,2.75,4.195
13/05/21 0:00,6.865,2.75,4.115
14/05/21 0:00,6.805,2.75,4.055
17/05/21 0:00,6.775,2.75,4.025
18/05/21 0:00,6.815,2.75,4.065
19/05/21 0:00,6.855,2.75,4.105
20/05/21 0:00,6.835,2.75,4.085
21/05/21 0:00,6.825,2.75,4.075
24/05/21 0:00,6.744,2.75,3.994
25/05/21 0:00,6.654,2.75,3.904
26/05/21 0:00,6.674,2.75,3.924
27/05/21 0:00,6.689,2.75,3.939
28/05/21 0:00,6.594,2.75,3.844
31/05/21 0:00,6.524,2.75,3.774
01/06/21 0:00,6.524,2.75,3.774
02/06/21 0:00,6.539,2.75,3.789
03/06/21 0:00,6.644,2.75,3.894
04/06/21 0:00,6.595,2.75,3.845
07/06/21 0:00,6.515,2.75,3.765
08/06/21 0:00,6.454,2.75,3.704
09/06/21 0:00,6.549,2.75,3.799
10/06/21 0:00,6.544,2.75,3.794
11/06/21 0:00,6.614,2.75,3.864
14/06/21 0:00,6.614,2.75,3.864
15/06/21 0:00,6.664,2.75,3.914
16/06/21 0:00,6.715,2.75,3.965
17/06/21 0:00,6.695,2.75,3.945
18/06/21 0:00,6.765,2.75,4.015
21/06/21 0:00,6.815,2.75,4.065
22/06/21 0:00,6.855,2.75,4.105
23/06/21 0:00,6.915,2.75,4.165
24/06/21 0:00,7.015,2.75,4.265
25/06/21 0:00,6.905,2.75,4.155
28/06/21 0:00,6.855,2.75,4.105
29/06/21 0:00,6.895,2.75,4.145
30/06/21 0:00,6.92,2.75,4.17
01/07/21 0:00,7.02,2.75,4.27
02/07/21 0:00,6.97,2.75,4.22
05/07/21 0:00,6.955,2.75,4.205
06/07/21 0:00,6.94,2.75,4.19
07/07/21 0:00,6.85,2.75,4.1
08/07/21 0:00,6.81,2.75,4.06
09/07/21 0:00,6.74,2.75,3.99
12/07/21 0:00,6.72,2.75,3.97
13/07/21 0:00,6.87,2.75,4.12
14/07/21 0:00,6.84,2.75,4.09
15/07/21 0:00,6.85,2.75,4.1
16/07/21 0:00,6.89,2.75,4.14
19/07/21 0:00,6.81,2.75,4.06
20/07/21 0:00,6.855,2.75,4.105
21/07/21 0:00,6.935,2.75,4.185
22/07/21 0:00,6.91,2.75,4.16
23/07/21 0:00,6.96,2.75,4.21
26/07/21 0:00,6.94,2.75,4.19
27/07/21 0:00,6.89,2.75,4.14
28/07/21 0:00,6.87,2.75,4.12
29/07/21 0:00,6.87,2.75,4.12
30/07/21 0:00,6.829,2.75,4.079
02/08/21 0:00,6.849,2.75,4.099
03/08/21 0:00,6.878,2.75,4.128
04/08/21 0:00,6.914,2.75,4.164
05/08/21 0:00,6.948,2.75,4.198
06/08/21 0:00,6.988,2.75,4.238
09/08/21 0:00,6.988,2.75,4.238
10/08/21 0:00,7.018,2.75,4.268
11/08/21 0:00,6.978,2.75,4.228
12/08/21 0:00,6.918,2.75,4.168
13/08/21 0:00,6.908,2.75,4.158
16/08/21 0:00,7.008,2.75,4.258
17/08/21 0:00,6.998,2.75,4.248
18/08/21 0:00,6.978,2.75,4.228
19/08/21 0:00,6.988,2.75,4.238
20/08/21 0:00,6.963,2.75,4.213
23/08/21 0:00,6.98,2.75,4.23
24/08/21 0:00,6.965,2.75,4.215
25/08/21 0:00,6.96,2.75,4.21
26/08/21 0:00,6.983,2.75,4.233
27/08/21 0:00,6.943,2.75,4.193
30/08/21 0:00,6.928,2.75,4.178
31/08/21 0:00,6.928,2.75,4.178
01/09/21 0:00,6.943,2.75,4.193
02/09/21 0:00,6.928,2.75,4.178
03/09/21 0:00,6.938,2.75,4.188
06/09/21 0:00,6.96,2.75,4.21
07/09/21 0:00,6.978,2.75,4.228
08/09/21 0:00,6.928,2.75,4.178
09/09/21 0:00,6.89,2.75,4.14
10/09/21 0:00,6.942,2.75,4.192
13/09/21 0:00,6.982,2.75,4.232
14/09/21 0:00,6.982,2.75,4.232
15/09/21 0:00,6.987,2.75,4.237
17/09/21 0:00,7.04,2.75,4.29
20/09/21 0:00,7.12,2.75,4.37
21/09/21 0:00,7.142,2.75,4.392
22/09/21 0:00,7.126,2.75,4.376
23/09/21 0:00,7.156,2.75,4.406
24/09/21 0:00,7.186,2.75,4.436
27/09/21 0:00,7.236,2.75,4.486
28/09/21 0:00,7.331,2.75,4.581
29/09/21 0:00,7.336,2.75,4.586
30/09/21 0:00,7.371,2.75,4.621
01/10/21 0:00,7.386,2.75,4.636
04/10/21 0:00,7.496,2.75,4.746
05/10/21 0:00,7.601,2.75,4.851
06/10/21 0:00,7.551,2.75,4.801
07/10/21 0:00,7.516,2.75,4.766
08/10/21 0:00,7.476,2.75,4.726
11/10/21 0:00,7.501,2.75,4.751
12/10/21 0:00,7.436,2.75,4.686
13/10/21 0:00,7.396,2.75,4.646
14/10/21 0:00,7.375,2.75,4.625
15/10/21 0:00,7.415,2.75,4.665
18/10/21 0:00,7.465,2.75,4.715
19/10/21 0:00,7.425,2.75,4.675
20/10/21 0:00,7.465,2.75,4.715
21/10/21 0:00,7.555,2.75,4.805
22/10/21 0:00,7.541,2.75,4.791
25/10/21 0:00,7.576,2.75,4.826
26/10/21 0:00,7.576,2.75,4.826
27/10/21 0:00,7.526,2.75,4.776
28/10/21 0:00,7.546,2.75,4.796
29/10/21 0:00,7.486,2.75,4.736
01/11/21 0:00,7.576,2.75,4.826
03/11/21 0:00,7.536,2.75,4.786
04/11/21 0:00,7.406,2.75,4.656
05/11/21 0:00,7.281,2.75,4.531
08/11/21 0:00,7.286,2.75,4.536
09/11/21 0:00,7.236,2.75,4.486
10/11/21 0:00,7.326,2.75,4.576
11/11/21 0:00,7.216,2.75,4.466
12/11/21 0:00,7.366,2.75,4.616
16/11/21 0:00,7.366,2.75,4.616
17/11/21 0:00,7.43,2.75,4.68
18/11/21 0:00,7.486,2.75,4.736
19/11/21 0:00,7.466,2.75,4.716
22/11/21 0:00,7.586,2.75,4.836
23/11/21 0:00,7.726,2.75,4.976
24/11/21 0:00,7.64,2.75,4.89
25/11/21 0:00,7.751,2.75,5.001
26/11/21 0:00,7.656,2.75,4.906
29/11/21 0:00,7.636,2.75,4.886
30/11/21 0:00,7.471,2.75,4.721
01/12/21 0:00,7.476,2.75,4.726
02/12/21 0:00,7.446,2.75,4.696
03/12/21 0:00,7.36,2.75,4.61
06/12/21 0:00,7.386,2.75,4.636
07/12/21 0:00,7.37,2.75,4.62
08/12/21 0:00,7.356,2.75,4.606
09/12/21 0:00,7.316,2.75,4.566
10/12/21 0:00,7.326,2.75,4.576
13/12/21 0:00,7.316,2.75,4.566
14/12/21 0:00,7.361,2.75,4.611
15/12/21 0:00,7.356,2.75,4.606
16/12/21 0:00,7.346,2.75,4.596
17/12/21 0:00,7.316,2.75,4.566
20/12/21 0:00,7.326,2.75,4.576
21/12/21 0:00,7.416,2.75,4.666
22/12/21 0:00,7.496,2.75,4.746
23/12/21 0:00,7.526,2.75,4.776
24/12/21 0:00,7.316,2.75,4.566
27/12/21 0:00,7.601,2.75,4.851
28/12/21 0:00,7.556,2.75,4.806
29/12/21 0:00,7.586,2.75,4.836
30/12/21 0:00,7.581,2.75,4.831
31/12/21 0:00,7.556,2.75,4.806
03/01/22 0:00,7.666,2.75,4.916
04/01/22 0:00,7.796,2.75,5.046
05/01/22 0:00,7.806,2.75,5.056
06/01/22 0:00,7.786,2.75,5.036
07/01/22 0:00,7.801,2.75,5.051
10/01/22 0:00,7.786,2.75,5.036
11/01/22 0:00,7.786,2.75,5.036
12/01/22 0:00,7.786,2.75,5.036
13/01/22 0:00,7.646,2.75,4.896
14/01/22 0:00,7.666,2.75,4.916
17/01/22 0:00,7.686,2.75,4.936
18/01/22 0:00,7.751,2.75,5.001
19/01/22 0:00,7.69,2.75,4.94
20/01/22 0:00,7.646,2.75,4.896
21/01/22 0:00,7.646,2.75,4.896
24/01/22 0:00,7.626,2.75,4.876
25/01/22 0:00,7.616,2.75,4.866
26/01/22 0:00,7.676,2.75,4.926
27/01/22 0:00,7.691,2.75,4.941
28/01/22 0:00,7.696,2.75,4.946
31/01/22 0:00,7.656,2.75,4.906
01/02/22 0:00,7.666,2.75,4.916
02/02/22 0:00,7.596,2.75,4.846
03/02/22 0:00,7.596,2.75,4.846
04/02/22 0:00,7.62,2.75,4.87
08/02/22 0:00,7.656,2.75,4.906
09/02/22 0:00,7.686,2.75,4.936
10/02/22 0:00,7.766,2.75,5.016
11/02/22 0:00,7.766,2.75,5.016
14/02/22 0:00,7.816,2.75,5.066
15/02/22 0:00,7.801,2.75,5.051
16/02/22 0:00,7.766,2.75,5.016
17/02/22 0:00,7.776,2.75,5.026
18/02/22 0:00,7.776,2.75,5.026
21/02/22 0:00,7.7,2.75,4.95
22/02/22 0:00,7.8,2.75,5.05
23/02/22 0:00,7.85,2.75,5.1
24/02/22 0:00,7.89,2.75,5.14
25/02/22 0:00,7.88,2.75,5.13
28/02/22 0:00,7.865,2.75,5.115
01/03/22 0:00,7.95,2.75,5.2
02/03/22 0:00,7.96,2.75,5.21
03/03/22 0:00,7.98,2.75,5.23
04/03/22 0:00,8.07,2.75,5.32
07/03/22 0:00,8.325,2.75,5.575
08/03/22 0:00,8.45,2.75,5.7
09/03/22 0:00,8.34,2.75,5.59
10/03/22 0:00,8.46,2.75,5.71
11/03/22 0:00,8.495,2.75,5.745
14/03/22 0:00,8.635,2.75,5.885
15/03/22 0:00,8.61,2.75,5.86
16/03/22 0:00,8.51,2.75,5.76
17/03/22 0:00,8.43,2.75,5.68
18/03/22 0:00,8.28,2.75,5.53
22/03/22 0:00,8.485,2.75,5.735
23/03/22 0:00,8.415,2.75,5.665
24/03/22 0:00,8.43,2.75,5.68
25/03/22 0:00,8.605,2.75,5.855
28/03/22 0:00,8.525,2.75,5.775
29/03/22 0:00,8.37,2.75,5.62
30/03/22 0:00,8.3,2.75,5.55
31/03/22 0:00,8.27,2.75,5.52
01/04/22 0:00,8.32,2.75,5.57
04/04/22 0:00,8.375,2.75,5.625
05/04/22 0:00,8.422,2.75,5.672
06/04/22 0:00,8.46,2.75,5.71
07/04/22 0:00,8.615,2.75,5.865
08/04/22 0:00,8.693,2.75,5.943
11/04/22 0:00,8.82,2.75,6.07
12/04/22 0:00,8.83,2.75,6.08
13/04/22 0:00,8.826,2.75,6.076
18/04/22 0:00,8.85,2.75,6.1
19/04/22 0:00,8.905,2.75,6.155
20/04/22 0:00,8.805,2.75,6.055
21/04/22 0:00,8.79,2.75,6.04
22/04/22 0:00,8.815,2.75,6.065
25/04/22 0:00,8.87,2.75,6.12
26/04/22 0:00,8.965,2.75,6.215
27/04/22 0:00,8.98,2.75,6.23
28/04/22 0:00,9.075,2.75,6.325
29/04/22 0:00,9.047,2.75,6.297
02/05/22 0:00,9.09,2.75,6.34
03/05/22 0:00,9.1,2.75,6.35
04/05/22 0:00,9.045,2.75,6.295
05/05/22 0:00,9.105,2.75,6.355
06/05/22 0:00,9.105,2.75,6.355
09/05/22 0:00,9.13,2.75,6.38
10/05/22 0:00,8.99,2.75,6.24
11/05/22 0:00,8.86,2.75,6.11
12/05/22 0:00,8.814,2.75,6.064
13/05/22 0:00,8.75,2.75,6
16/05/22 0:00,8.76,2.75,6.01
17/05/22 0:00,8.85,2.75,6.1
18/05/22 0:00,8.79,2.75,6.04
19/05/22 0:00,8.74,2.75,5.99
20/05/22 0:00,8.57,2.75,5.82
23/05/22 0:00,8.65,2.75,5.9
24/05/22 0:00,8.62,2.75,5.87
25/05/22 0:00,8.57,2.75,5.82
26/05/22 0:00,8.57,2.75,5.82
27/05/22 0:00,8.47,2.75,5.72
30/05/22 0:00,8.46,2.75,5.71
31/05/22 0:00,8.63,2.75,5.88
01/06/22 0:00,8.69,2.75,5.94
02/06/22 0:00,8.67,2.75,5.92
03/06/22 0:00,8.75,2.75,6
06/06/22 0:00,8.92,2.75,6.17
07/06/22 0:00,8.91,2.75,6.16
08/06/22 0:00,8.96,2.75,6.21
09/06/22 0:00,8.953,2.75,6.203
10/06/22 0:00,9,2.75,6.25
13/06/22 0:00,9.21,2.75,6.46
14/06/22 0:00,9.28,2.75,6.53
15/06/22 0:00,9.183,2.75,6.433
16/06/22 0:00,9.18,2.75,6.43
17/06/22 0:00,9.19,2.75,6.44
20/06/22 0:00,9.16,2.75,6.41
21/06/22 0:00,9.209,2.75,6.459
22/06/22 0:00,9.105,2.75,6.355
23/06/22 0:00,8.94,2.75,6.19
24/06/22 0:00,8.98,2.75,6.23
27/06/22 0:00,9.05,2.75,6.3
28/06/22 0:00,9.12,2.75,6.37
29/06/22 0:00,9.105,2.75,6.355
30/06/22 0:00,9.01,2.75,6.26
01/07/22 0:00,8.875,2.75,6.125
04/07/22 0:00,8.91,2.75,6.16
05/07/22 0:00,8.86,2.75,6.11
06/07/22 0:00,8.96,2.75,6.21
07/07/22 0:00,8.98,2.75,6.23
08/07/22 0:00,9,2.75,6.25
11/07/22 0:00,9.02,2.75,6.27
12/07/22 0:00,9.06,2.75,6.31
13/07/22 0:00,9.02,2.75,6.27
14/07/22 0:00,9.01,2.75,6.26
15/07/22 0:00,9.03,2.75,6.28
18/07/22 0:00,9.09,2.75,6.34
19/07/22 0:00,9.13,2.75,6.38
20/07/22 0:00,9.12,2.75,6.37
21/07/22 0:00,9.08,2.75,6.33
22/07/22 0:00,8.83,2.75,6.08
25/07/22 0:00,8.77,2.75,6.02
26/07/22 0:00,8.8,2.75,6.05
27/07/22 0:00,8.804,2.75,6.054
28/07/22 0:00,8.63,2.75,5.88
29/07/22 0:00,8.53,2.75,5.78
01/08/22 0:00,8.4,2.75,5.65
02/08/22 0:00,8.55,2.75,5.8
03/08/22 0:00,8.42,2.75,5.67
04/08/22 0:00,8.41,2.75,5.66
05/08/22 0:00,8.43,2.75,5.68
08/08/22 0:00,8.382,2.75,5.632
09/08/22 0:00,8.44,2.75,5.69
10/08/22 0:00,8.44,2.75,5.69
11/08/22 0:00,8.49,2.75,5.74
12/08/22 0:00,8.49,2.75,5.74
15/08/22 0:00,8.44,2.75,5.69
16/08/22 0:00,8.48,2.75,5.73
17/08/22 0:00,8.59,2.75,5.84
18/08/22 0:00,8.705,2.75,5.955
19/08/22 0:00,8.83,2.75,6.08
22/08/22 0:00,8.895,2.75,6.145
23/08/22 0:00,8.89,2.75,6.14
24/08/22 0:00,8.92,2.75,6.17
25/08/22 0:00,8.83,2.75,6.08
26/08/22 0:00,8.89,2.75,6.14
29/08/22 0:00,8.99,2.75,6.24
30/08/22 0:00,9.09,2.75,6.34
31/08/22 0:00,9.02,2.75,6.27
01/09/22 0:00,9.1,2.75,6.35
02/09/22 0:00,8.95,2.75,6.2
05/09/22 0:00,8.97,2.75,6.22
06/09/22 0:00,9.06,2.75,6.31
07/09/22 0:00,9,2.75,6.25
08/09/22 0:00,8.96,2.75,6.21
09/09/22 0:00,8.89,2.75,6.14
12/09/22 0:00,8.89,2.75,6.14
13/09/22 0:00,9.01,2.75,6.26
14/09/22 0:00,9.07,2.75,6.32
15/09/22 0:00,9.16,2.75,6.41
19/09/22 0:00,9.195,2.75,6.445
20/09/22 0:00,9.29,2.75,6.54
21/09/22 0:00,9.285,2.75,6.535
22/09/22 0:00,9.335,2.75,6.585
23/09/22 0:00,9.44,2.75,6.69
26/09/22 0:00,9.583,2.75,6.833
27/09/22 0:00,9.83,2.75,7.08
28/09/22 0:00,9.63,2.75,6.88
29/09/22 0:00,9.68,2.75,6.93
30/09/22 0:00,9.63,2.75,6.88
03/10/22 0:00,9.53,2.75,6.78
04/10/22 0:00,9.51,2.75,6.76
05/10/22 0:00,9.59,2.75,6.84
06/10/22 0:00,9.59,2.75,6.84
07/10/22 0:00,9.65,2.75,6.9
10/10/22 0:00,9.745,2.75,6.995
11/10/22 0:00,9.75,2.75,7
12/10/22 0:00,9.75,2.75,7
13/10/22 0:00,9.8,2.75,7.05
14/10/22 0:00,9.85,2.75,7.1
17/10/22 0:00,9.81,2.75,7.06
18/10/22 0:00,9.83,2.75,7.08
19/10/22 0:00,9.88,2.75,7.13
20/10/22 0:00,9.93,2.75,7.18
21/10/22 0:00,9.91,2.75,7.16
24/10/22 0:00,9.93,2.75,7.18
25/10/22 0:00,9.84,2.75,7.09
26/10/22 0:00,9.76,2.75,7.01
27/10/22 0:00,9.7,2.75,6.95
28/10/22 0:00,9.73,2.75,6.98
31/10/22 0:00,9.84,2.75,7.09
01/11/22 0:00,9.8,2.75,7.05
03/11/22 0:00,9.84,2.75,7.09
04/11/22 0:00,9.79,2.75,7.04
07/11/22 0:00,9.81,2.75,7.06
08/11/22 0:00,9.73,2.75,6.98
09/11/22 0:00,9.59,2.75,6.84
10/11/22 0:00,9.25,2.75,6.5
11/11/22 0:00,9.17,2.75,6.42
14/11/22 0:00,9.2,2.75,6.45
15/11/22 0:00,9.14,2.75,6.39
16/11/22 0:00,9.09,2.75,6.34
17/11/22 0:00,9.23,2.75,6.48
18/11/22 0:00,9.205,2.75,6.455
22/11/22 0:00,9.13,2.75,6.38
23/11/22 0:00,9.12,2.75,6.37
24/11/22 0:00,9.07,2.75,6.32
25/11/22 0:00,9.11,2.75,6.36
28/11/22 0:00,9.19,2.75,6.44
29/11/22 0:00,9.26,2.75,6.51
30/11/22 0:00,9.19,2.75,6.44
01/12/22 0:00,9.01,2.75,6.26
02/12/22 0:00,8.87,2.75,6.12
05/12/22 0:00,9.07,2.75,6.32
06/12/22 0:00,9.09,2.75,6.34
07/12/22 0:00,8.95,2.75,6.2
08/12/22 0:00,8.96,2.75,6.21
09/12/22 0:00,8.915,2.75,6.165
13/12/22 0:00,8.76,2.75,6.01
14/12/22 0:00,8.77,2.75,6.02
15/12/22 0:00,8.76,2.75,6.01
16/12/22 0:00,8.75,2.75,6
19/12/22 0:00,8.77,2.75,6.02
20/12/22 0:00,8.85,2.75,6.1
21/12/22 0:00,8.81,2.75,6.06
22/12/22 0:00,8.82,2.75,6.07
23/12/22 0:00,8.87,2.75,6.12
26/12/22 0:00,8.89,2.75,6.14
27/12/22 0:00,8.95,2.75,6.2
28/12/22 0:00,8.97,2.75,6.22
29/12/22 0:00,8.99,2.75,6.24
30/12/22 0:00,9.02,2.75,6.27
02/01/23 0:00,9,2.75,6.25
03/01/23 0:00,8.95,2.75,6.2
04/01/23 0:00,8.85,2.75,6.1
05/01/23 0:00,8.79,2.75,6.04
06/01/23 0:00,8.52,2.75,5.77
09/01/23 0:00,8.52,2.75,5.77
10/01/23 0:00,8.58,2.75,5.83
11/01/23 0:00,8.525,2.75,5.775
12/01/23 0:00,8.45,2.75,5.7
13/01/23 0:00,8.45,2.75,5.7
16/01/23 0:00,8.49,2.75,5.74
17/01/23 0:00,8.59,2.75,5.84
18/01/23 0:00,8.52,2.75,5.77
19/01/23 0:00,8.54,2.75,5.79
20/01/23 0:00,8.55,2.75,5.8
23/01/23 0:00,8.59,2.75,5.84
24/01/23 0:00,8.6,2.75,5.85
25/01/23 0:00,8.6,2.75,5.85
26/01/23 0:00,8.6,2.75,5.85
27/01/23 0:00,8.68,2.75,5.93
30/01/23 0:00,8.7,2.75,5.95
31/01/23 0:00,8.65,2.75,5.9
01/02/23 0:00,8.55,2.75,5.8
02/02/23 0:00,8.47,2.75,5.72
03/02/23 0:00,8.55,2.75,5.8
07/02/23 0:00,8.651,2.75,5.901
08/02/23 0:00,8.681,2.75,5.931
09/02/23 0:00,8.811,2.75,6.061
10/02/23 0:00,8.861,2.75,6.111
13/02/23 0:00,8.881,2.75,6.131
14/02/23 0:00,8.991,2.75,6.241
15/02/23 0:00,8.981,2.75,6.231
16/02/23 0:00,9.001,2.75,6.251
17/02/23 0:00,9.061,2.75,6.311
20/02/23 0:00,9.171,2.75,6.421
21/02/23 0:00,9.431,2.75,6.681
22/02/23 0:00,9.371,2.75,6.621
23/02/23 0:00,9.261,2.75,6.511
24/02/23 0:00,9.281,2.75,6.531
27/02/23 0:00,9.251,2.75,6.501
28/02/23 0:00,9.281,2.75,6.531
01/03/23 0:00,9.301,2.75,6.551
02/03/23 0:00,9.341,2.75,6.591
03/03/23 0:00,9.261,2.75,6.511
06/03/23 0:00,9.261,2.75,6.511
07/03/23 0:00,9.351,2.75,6.601
08/03/23 0:00,9.361,2.75,6.611
09/03/23 0:00,9.101,2.75,6.351
10/03/23 0:00,9.011,2.75,6.261
13/03/23 0:00,9,2.75,6.25
14/03/23 0:00,9.071,2.75,6.321
15/03/23 0:00,9.021,2.75,6.271
16/03/23 0:00,9.121,2.75,6.371
17/03/23 0:00,9.031,2.75,6.281
21/03/23 0:00,9.151,2.75,6.401
22/03/23 0:00,8.991,2.75,6.241
23/03/23 0:00,8.901,2.75,6.151
24/03/23 0:00,8.861,2.75,6.111
27/03/23 0:00,8.961,2.75,6.211
28/03/23 0:00,8.961,2.75,6.211
29/03/23 0:00,8.911,2.75,6.161
30/03/23 0:00,8.821,2.75,6.071
31/03/23 0:00,8.811,2.75,6.061
03/04/23 0:00,8.861,2.75,6.111
04/04/23 0:00,8.801,2.75,6.051
05/04/23 0:00,8.831,2.75,6.081
10/04/23 0:00,8.811,2.75,6.061
11/04/23 0:00,8.761,2.75,6.011
12/04/23 0:00,8.761,2.75,6.011
13/04/23 0:00,8.811,2.75,6.061
14/04/23 0:00,8.851,2.75,6.101
17/04/23 0:00,8.921,2.75,6.171
18/04/23 0:00,8.891,2.75,6.141
19/04/23 0:00,8.951,2.75,6.201
20/04/23 0:00,8.911,2.75,6.161
21/04/23 0:00,8.911,2.75,6.161
24/04/23 0:00,8.871,2.75,6.121
25/04/23 0:00,8.821,2.75,6.071
26/04/23 0:00,8.761,2.75,6.011
27/04/23 0:00,8.791,2.75,6.041
28/04/23 0:00,8.761,2.75,6.011
02/05/23 0:00,8.771,2.75,6.021
03/05/23 0:00,8.761,2.75,6.011
04/05/23 0:00,8.731,2.75,5.981
05/05/23 0:00,8.741,2.75,5.991
08/05/23 0:00,8.791,2.75,6.041
09/05/23 0:00,8.75,2.75,6
10/05/23 0:00,8.71,2.75,5.96
11/05/23 0:00,8.71,2.75,5.96
12/05/23 0:00,8.74,2.75,5.99
15/05/23 0:00,8.71,2.75,5.96
16/05/23 0:00,8.72,2.75,5.97
17/05/23 0:00,8.71,2.75,5.96
18/05/23 0:00,8.745,2.75,5.995
19/05/23 0:00,8.795,2.75,6.045
22/05/23 0:00,8.835,2.75,6.085
23/05/23 0:00,8.895,2.75,6.145
24/05/23 0:00,8.915,2.75,6.165
25/05/23 0:00,8.975,2.75,6.225
26/05/23 0:00,8.935,2.75,6.185
29/05/23 0:00,8.875,2.75,6.125
30/05/23 0:00,8.815,2.75,6.065
31/05/23 0:00,8.786,2.75,6.036
01/06/23 0:00,8.796,2.75,6.046
02/06/23 0:00,8.866,2.75,6.116
05/06/23 0:00,8.846,2.75,6.096
06/06/23 0:00,8.806,2.75,6.056
07/06/23 0:00,8.876,2.75,6.126
08/06/23 0:00,8.816,2.75,6.066
09/06/23 0:00,8.866,2.75,6.116
12/06/23 0:00,8.846,2.75,6.096
13/06/23 0:00,8.846,2.75,6.096
14/06/23 0:00,8.826,2.75,6.076
15/06/23 0:00,8.776,2.75,6.026
16/06/23 0:00,8.752,2.75,6.002
19/06/23 0:00,8.786,2.75,6.036
20/06/23 0:00,8.756,2.75,6.006
21/06/23 0:00,8.736,2.75,5.986
22/06/23 0:00,8.666,2.75,5.916
23/06/23 0:00,8.566,2.75,5.816
26/06/23 0:00,8.536,2.75,5.786
27/06/23 0:00,8.576,2.75,5.826
28/06/23 0:00,8.566,2.75,5.816
29/06/23 0:00,8.696,2.75,5.946
30/06/23 0:00,8.666,2.75,5.916
03/07/23 0:00,8.686,2.75,5.936
04/07/23 0:00,8.726,2.75,5.976
05/07/23 0:00,8.756,2.75,6.006
06/07/23 0:00,8.85,2.75,6.1
07/07/23 0:00,8.916,2.75,6.166
10/07/23 0:00,8.946,2.75,6.196
11/07/23 0:00,8.946,2.75,6.196
12/07/23 0:00,8.746,2.75,5.996
13/07/23 0:00,8.696,2.75,5.946
14/07/23 0:00,8.736,2.75,5.986
17/07/23 0:00,8.696,2.75,5.946
18/07/23 0:00,8.676,2.75,5.926
19/07/23 0:00,8.726,2.75,5.976
20/07/23 0:00,8.826,2.75,6.076
21/07/23 0:00,8.786,2.75,6.036
24/07/23 0:00,8.826,2.75,6.076
25/07/23 0:00,8.846,2.75,6.096
26/07/23 0:00,8.816,2.75,6.066
27/07/23 0:00,8.851,2.75,6.101
28/07/23 0:00,8.86,2.75,6.11
31/07/23 0:00,8.816,2.75,6.066
01/08/23 0:00,8.866,2.75,6.116
02/08/23 0:00,8.946,2.75,6.196
03/08/23 0:00,9.006,2.75,6.256
04/08/23 0:00,9.016,2.75,6.266
07/08/23 0:00,9.106,2.75,6.356
08/08/23 0:00,9.086,2.75,6.336
09/08/23 0:00,8.986,2.75,6.236
10/08/23 0:00,8.996,2.75,6.246
11/08/23 0:00,9.076,2.75,6.326
14/08/23 0:00,9.176,2.75,6.426
15/08/23 0:00,9.156,2.75,6.406
16/08/23 0:00,9.216,2.75,6.466
17/08/23 0:00,9.306,2.75,6.556
18/08/23 0:00,9.386,2.75,6.636
21/08/23 0:00,9.486,2.75,6.736
22/08/23 0:00,9.466,2.75,6.716
23/08/23 0:00,9.266,2.75,6.516
24/08/23 0:00,9.296,2.75,6.546
25/08/23 0:00,9.306,2.75,6.556
28/08/23 0:00,9.31,2.75,6.56
29/08/23 0:00,9.296,2.75,6.546
30/08/23 0:00,9.356,2.75,6.606
31/08/23 0:00,9.336,2.75,6.586
01/09/23 0:00,9.396,2.75,6.646
04/09/23 0:00,9.406,2.75,6.656
05/09/23 0:00,9.486,2.75,6.736
06/09/23 0:00,9.576,2.75,6.826
07/09/23 0:00,9.545,2.75,6.795
08/09/23 0:00,9.543,2.75,6.793
11/09/23 0:00,9.786,2.75,7.036
12/09/23 0:00,9.736,2.75,6.986
13/09/23 0:00,9.596,2.75,6.846
14/09/23 0:00,9.606,2.75,6.856
15/09/23 0:00,9.616,2.75,6.866
18/09/23 0:00,9.626,2.75,6.876
19/09/23 0:00,9.726,2.75,6.976
20/09/23 0:00,9.685,2.75,6.935
21/09/23 0:00,9.786,2.75,7.036
22/09/23 0:00,9.796,2.75,7.046
25/09/23 0:00,9.906,2.75,7.156
26/09/23 0:00,9.9,2.75,7.15
27/09/23 0:00,10.156,2.75,7.406
28/09/23 0:00,9.956,2.75,7.206
29/09/23 0:00,9.916,2.75,7.166
02/10/23 0:00,9.966,2.75,7.216
03/10/23 0:00,10.417,2.75,7.667
04/10/23 0:00,9.886,2.75,7.136
05/10/23 0:00,9.956,2.75,7.206
06/10/23 0:00,9.886,2.75,7.136
09/10/23 0:00,9.836,2.75,7.086
10/10/23 0:00,9.756,2.75,7.006
11/10/23 0:00,9.766,2.75,7.016
12/10/23 0:00,9.866,2.75,7.116
13/10/23 0:00,9.836,2.75,7.086
16/10/23 0:00,9.886,2.75,7.136
17/10/23 0:00,9.966,2.75,7.216
18/10/23 0:00,10.066,2.75,7.316
19/10/23 0:00,10.056,2.75,7.306
20/10/23 0:00,10.006,2.75,7.256
23/10/23 0:00,9.976,2.75,7.226
24/10/23 0:00,10.056,2.75,7.306
25/10/23 0:00,10.246,2.75,7.496
26/10/23 0:00,10.106,2.75,7.356
27/10/23 0:00,10.126,2.75,7.376
30/10/23 0:00,10.246,2.75,7.496
31/10/23 0:00,10.206,2.75,7.456
01/11/23 0:00,10.116,2.75,7.366
03/11/23 0:00,9.786,2.75,7.036
06/11/23 0:00,9.786,2.75,7.036
07/11/23 0:00,9.826,2.75,7.076
08/11/23 0:00,9.656,2.75,6.906
09/11/23 0:00,9.646,2.75,6.896
10/11/23 0:00,9.626,2.75,6.876
13/11/23 0:00,9.636,2.75,6.886
14/11/23 0:00,9.426,2.75,6.676
15/11/23 0:00,9.446,2.75,6.696
16/11/23 0:00,9.356,2.75,6.606
17/11/23 0:00,9.406,2.75,6.656
21/11/23 0:00,9.506,2.75,6.756
22/11/23 0:00,9.546,2.75,6.796
23/11/23 0:00,9.497,2.75,6.747
24/11/23 0:00,9.546,2.75,6.796
27/11/23 0:00,9.516,2.75,6.766
28/11/23 0:00,9.346,2.75,6.596
29/11/23 0:00,9.246,2.75,6.496
30/11/23 0:00,9.376,2.75,6.626
01/12/23 0:00,9.256,2.75,6.506
04/12/23 0:00,9.356,2.75,6.606
05/12/23 0:00,9.256,2.75,6.506
06/12/23 0:00,9.196,2.75,6.446
07/12/23 0:00,9.136,2.75,6.386
08/12/23 0:00,9.236,2.75,6.486
11/12/23 0:00,9.346,2.75,6.596
13/12/23 0:00,9.096,2.75,6.346
14/12/23 0:00,8.956,2.75,6.206
15/12/23 0:00,9.036,2.75,6.286
18/12/23 0:00,9.046,2.75,6.296
19/12/23 0:00,9.136,2.75,6.386
20/12/23 0:00,9.066,2.75,6.316
21/12/23 0:00,9.096,2.75,6.346
22/12/23 0:00,9.077,2.75,6.327
26/12/23 0:00,9.116,2.75,6.366
27/12/23 0:00,9.006,2.75,6.256
28/12/23 0:00,8.96,2.75,6.21
29/12/23 0:00,8.865,2.75,6.115
02/01/24 0:00,9.016,2.75,6.266
03/01/24 0:00,9.056,2.75,6.306
04/01/24 0:00,9.145,2.75,6.395
05/01/24 0:00,9.146,2.75,6.396
08/01/24 0:00,9.096,2.75,6.346
09/01/24 0:00,9.146,2.75,6.396
10/01/24 0:00,9.116,2.75,6.366
11/01/24 0:00,9.076,2.75,6.326
12/01/24 0:00,8.946,2.75,6.196
15/01/24 0:00,8.893,2.75,6.143
16/01/24 0:00,9.017,2.75,6.267
17/01/24 0:00,9.107,2.75,6.357
18/01/24 0:00,9.182,2.75,6.432
19/01/24 0:00,9.22,2.75,6.47
22/01/24 0:00,9.175,2.75,6.425
23/01/24 0:00,9.23,2.75,6.48
24/01/24 0:00,9.176,2.75,6.426
25/01/24 0:00,9.246,2.75,6.496
26/01/24 0:00,9.246,2.75,6.496
29/01/24 0:00,9.246,2.75,6.496
30/01/24 0:00,9.276,2.75,6.526
31/01/24 0:00,9.166,2.75,6.416
01/02/24 0:00,9.036,2.75,6.286
02/02/24 0:00,9.236,2.75,6.486
06/02/24 0:00,9.266,2.75,6.516
07/02/24 0:00,9.266,2.75,6.516
08/02/24 0:00,9.216,2.75,6.466
09/02/24 0:00,9.156,2.75,6.406
12/02/24 0:00,9.146,2.75,6.396
13/02/24 0:00,9.326,2.75,6.576
14/02/24 0:00,9.246,2.75,6.496
15/02/24 0:00,9.216,2.75,6.466
16/02/24 0:00,9.306,2.75,6.556
19/02/24 0:00,9.306,2.75,6.556
20/02/24 0:00,9.286,2.75,6.536
21/02/24 0:00,9.216,2.75,6.466
22/02/24 0:00,9.216,2.75,6.466
23/02/24 0:00,9.176,2.75,6.426
26/02/24 0:00,9.176,2.75,6.426
27/02/24 0:00,9.246,2.75,6.496
28/02/24 0:00,9.196,2.75,6.446
29/02/24 0:00,9.156,2.75,6.406
01/03/24 0:00,9.146,2.75,6.396
04/03/24 0:00,9.216,2.75,6.466
05/03/24 0:00,9.196,2.75,6.446
06/03/24 0:00,9.126,2.75,6.376
07/03/24 0:00,9.126,2.75,6.376
08/03/24 0:00,9.11,2.75,6.36
11/03/24 0:00,9.146,2.75,6.396
12/03/24 0:00,9.166,2.75,6.416
13/03/24 0:00,9.136,2.75,6.386
14/03/24 0:00,9.206,2.75,6.456
15/03/24 0:00,9.266,2.75,6.516
19/03/24 0:00,9.276,2.75,6.526
20/03/24 0:00,9.256,2.75,6.506
21/03/24 0:00,9.146,2.75,6.396
22/03/24 0:00,9.196,2.75,6.446
25/03/24 0:00,9.316,2.75,6.566
26/03/24 0:00,9.276,2.75,6.526
27/03/24 0:00,9.256,2.75,6.506
01/04/24 0:00,9.356,2.75,6.606
02/04/24 0:00,9.426,2.75,6.676
03/04/24 0:00,9.446,2.75,6.696
04/04/24 0:00,9.446,2.75,6.696
05/04/24 0:00,9.566,2.75,6.816
08/04/24 0:00,9.566,2.75,6.816
09/04/24 0:00,9.596,2.75,6.846
10/04/24 0:00,9.846,2.75,7.096
11/04/24 0:00,9.796,2.75,7.046
12/04/24 0:00,9.776,2.75,7.026
15/04/24 0:00,9.946,2.75,7.196
16/04/24 0:00,10.066,2.75,7.316
17/04/24 0:00,9.916,2.75,7.166
18/04/24 0:00,9.996,2.75,7.246
19/04/24 0:00,9.946,2.75,7.196
22/04/24 0:00,9.886,2.75,7.136
23/04/24 0:00,9.866,2.75,7.116
24/04/24 0:00,9.933,2.75,7.183
25/04/24 0:00,9.936,2.75,7.186
26/04/24 0:00,9.936,2.75,7.186
29/04/24 0:00,9.986,2.75,7.236
30/04/24 0:00,9.946,2.75,7.196
02/05/24 0:00,9.726,2.75,6.976
03/05/24 0:00,9.556,2.75,6.806
06/05/24 0:00,9.576,2.75,6.826
07/05/24 0:00,9.606,2.75,6.856
08/05/24 0:00,9.626,2.75,6.876
09/05/24 0:00,9.626,2.75,6.876
10/05/24 0:00,9.736,2.75,6.986
13/05/24 0:00,9.726,2.75,6.976
14/05/24 0:00,9.696,2.75,6.946
15/05/24 0:00,9.606,2.75,6.856
16/05/24 0:00,9.636,2.75,6.886
17/05/24 0:00,9.666,2.75,6.916
20/05/24 0:00,9.676,2.75,6.926
21/05/24 0:00,9.636,2.75,6.886
22/05/24 0:00,9.706,2.75,6.956
23/05/24 0:00,9.736,2.75,6.986
24/05/24 0:00,9.726,2.75,6.976
27/05/24 0:00,9.736,2.75,6.986
28/05/24 0:00,9.776,2.75,7.026
29/05/24 0:00,9.816,2.75,7.066
30/05/24 0:00,9.806,2.75,7.056
31/05/24 0:00,9.766,2.75,7.016
03/06/24 0:00,9.926,2.75,7.176
04/06/24 0:00,9.916,2.75,7.166
05/06/24 0:00,9.796,2.75,7.046
06/06/24 0:00,9.746,2.75,6.996
10/06/24 0:00,10.196,2.75,7.446
11/06/24 0:00,10.396,2.75,7.646
12/06/24 0:00,10.336,2.75,7.586
13/06/24 0:00,10.096,2.75,7.346
14/06/24 0:00,10.09,2.75,7.34
17/06/24 0:00,10.216,2.75,7.466
18/06/24 0:00,10.006,2.75,7.256
19/06/24 0:00,10.006,2.75,7.256
20/06/24 0:00,9.896,2.75,7.146
21/06/24 0:00,9.976,2.75,7.226
24/06/24 0:00,9.876,2.75,7.126
25/06/24 0:00,9.896,2.75,7.146
26/06/24 0:00,9.936,2.75,7.186
27/06/24 0:00,9.828,2.75,7.078
28/06/24 0:00,9.79,2.75,7.04
01/07/24 0:00,9.937,2.75,7.187
02/07/24 0:00,9.93,2.75,7.18
03/07/24 0:00,9.911,2.75,7.161
04/07/24 0:00,9.94,2.75,7.19
05/07/24 0:00,9.92,2.75,7.17
08/07/24 0:00,9.936,2.75,7.186
09/07/24 0:00,9.975,2.75,7.225
10/07/24 0:00,9.89,2.75,7.14
11/07/24 0:00,9.77,2.75,7.02
12/07/24 0:00,9.703,2.75,6.953
15/07/24 0:00,9.71,2.75,6.96
16/07/24 0:00,9.71,2.75,6.96
17/07/24 0:00,9.67,2.75,6.92
18/07/24 0:00,9.87,2.75,7.12
19/07/24 0:00,9.8,2.75,7.05
22/07/24 0:00,9.955,2.75,7.205
23/07/24 0:00,9.94,2.75,7.19
24/07/24 0:00,9.905,2.75,7.155
25/07/24 0:00,9.95,2.75,7.2
26/07/24 0:00,9.88,2.75,7.13
29/07/24 0:00,9.814,2.75,7.064
30/07/24 0:00,9.68,2.75,6.93
31/07/24 0:00,9.717,2.75,6.967
01/08/24 0:00,9.754,2.75,7.004
02/08/24 0:00,9.62,2.75,6.87
05/08/24 0:00,9.653,2.75,6.903
06/08/24 0:00,9.7,2.75,6.95
07/08/24 0:00,9.667,2.75,6.917
08/08/24 0:00,9.66,2.75,6.91
09/08/24 0:00,9.375,2.75,6.625
12/08/24 0:00,9.43,2.75,6.68
13/08/24 0:00,9.405,2.75,6.655
14/08/24 0:00,9.373,2.75,6.623
15/08/24 0:00,9.5,2.75,6.75
16/08/24 0:00,9.49,2.75,6.74
19/08/24 0:00,9.375,2.75,6.625
20/08/24 0:00,9.46,2.75,6.71
21/08/24 0:00,9.477,2.75,6.727
22/08/24 0:00,9.653,2.75,6.903
23/08/24 0:00,9.53,2.75,6.78
26/08/24 0:00,9.53,2.75,6.78
27/08/24 0:00,9.645,2.75,6.895
28/08/24 0:00,9.62,2.75,6.87
29/08/24 0:00,9.67,2.75,6.92
30/08/24 0:00,9.636,2.75,6.886
02/09/24 0:00,9.597,2.75,6.847
03/09/24 0:00,9.676,2.75,6.926
04/09/24 0:00,9.6,2.75,6.85
05/09/24 0:00,9.496,2.75,6.746
06/09/24 0:00,9.466,2.75,6.716
12/09/24 0:00,9.396,4,5.396
13/09/24 0:00,9.236,4,5.236
17/09/24 0:00,9.156,4,5.156
18/09/24 0:00,9.136,4,5.136
19/09/24 0:00,9.123,4,5.123
20/09/24 0:00,9.186,4,5.186
23/09/24 0:00,9.196,4,5.196
24/09/24 0:00,9.2,4,5.2
25/09/24 0:00,9.25,4,5.25
26/09/24 0:00,9.256,4,5.256
27/09/24 0:00,9.287,4,5.287
30/09/24 0:00,9.307,4,5.307
02/10/24 0:00,9.356,4,5.356
03/10/24 0:00,9.382,4,5.382
04/10/24 0:00,9.466,4,5.466
07/10/24 0:00,9.546,4,5.546
08/10/24 0:00,9.525,4,5.525
09/10/24 0:00,9.596,4,5.596
10/10/24 0:00,9.706,4,5.706
11/10/24 0:00,9.636,4,5.636
14/10/24 0:00,9.636,4,5.636
15/10/24 0:00,9.686,4,5.686
16/10/24 0:00,9.78,4,5.78
17/10/24 0:00,9.852,4,5.852
18/10/24 0:00,9.876,4,5.876
21/10/24 0:00,10.024,4,6.024
22/10/24 0:00,10.066,4,6.066
23/10/24 0:00,10.076,4,6.076
24/10/24 0:00,10.036,4,6.036
25/10/24 0:00,10.086,4,6.086
28/10/24 0:00,10.106,4,6.106
29/10/24 0:00,10.026,4,6.026
30/10/24 0:00,10,4,6
31/10/24 0:00,10.01,4,6.01
01/11/24 0:00,10.17,4,6.17
04/11/24 0:00,10.094,4,6.094
05/11/24 0:00,9.976,4,5.976
06/11/24 0:00,9.936,4,5.936
07/11/24 0:00,9.929,4,5.929
08/11/24 0:00,9.863,4,5.863
11/11/24 0:00,10.026,4,6.026
12/11/24 0:00,10.06,4,6.06
13/11/24 0:00,9.996,4,5.996
14/11/24 0:00,9.845,4,5.845
15/11/24 0:00,9.946,4,5.946
19/11/24 0:00,9.81,4,5.81
20/11/24 0:00,9.785,4,5.785
21/11/24 0:00,9.946,4,5.946
22/11/24 0:00,9.986,4,5.986
25/11/24 0:00,9.926,4,5.926
26/11/24 0:00,10.026,4,6.026
27/11/24 0:00,9.917,4,5.917
28/11/24 0:00,9.86,4,5.86
29/11/24 0:00,9.896,4,5.896
02/12/24 0:00,9.92,4,5.92
03/12/24 0:00,9.936,4,5.936
04/12/24 0:00,9.966,4,5.966
05/12/24 0:00,10.016,4,6.016
06/12/24 0:00,9.97,4,5.97
09/12/24 0:00,10.048,4,6.048
10/12/24 0:00,9.956,4,5.956
11/12/24 0:00,9.92,4,5.92
13/12/24 0:00,10.096,4,6.096
16/12/24 0:00,10.06,4,6.06
17/12/24 0:00,10.156,4,6.156
18/12/24 0:00,10.186,4,6.186
19/12/24 0:00,10.286,4,6.286
20/12/24 0:00,10.366,4,6.366
23/12/24 0:00,10.426,4,6.426
24/12/24 0:00,10.386,4,6.386
26/12/24 0:00,10.406,4,6.406
27/12/24 0:00,10.446,4,6.446
30/12/24 0:00,10.446,4,6.446
31/12/24 0:00,10.416,4,6.416
02/01/25 0:00,10.306,4,6.306
03/01/25 0:00,10.376,4,6.376
06/01/25 0:00,10.376,4,6.376
07/01/25 0:00,10.296,4,6.296
08/01/25 0:00,10.276,4,6.276
09/01/25 0:00,10.203,4,6.203
10/01/25 0:00,10.266,4,6.266
13/01/25 0:00,10.366,4,6.366
14/01/25 0:00,10.39,4,6.39
15/01/25 0:00,10.299,4,6.299
16/01/25 0:00,10.222,4,6.222
17/01/25 0:00,10.346,4,6.346
20/01/25 0:00,10.23,4,6.23
21/01/25 0:00,10.146,4,6.146
22/01/25 0:00,10.016,4,6.016
23/01/25 0:00,10,4,6
24/01/25 0:00,9.996,4,5.996
27/01/25 0:00,10.026,4,6.026
28/01/25 0:00,9.91,4,5.91
29/01/25 0:00,10.04,4,6.04
30/01/25 0:00,9.97,4,5.97
31/01/25 0:00,9.956,4,5.956
04/02/25 0:00,9.956,4,5.956
05/02/25 0:00,9.856,4,5.856
06/02/25 0:00,9.74,4,5.74
07/02/25 0:00,9.703,4,5.703
10/02/25 0:00,9.663,4,5.663
11/02/25 0:00,9.836,4,5.836
12/02/25 0:00,9.865,4,5.865
13/02/25 0:00,9.866,4,5.866
14/02/25 0:00,9.846,4,5.846
17/02/25 0:00,9.886,4,5.886
18/02/25 0:00,9.846,4,5.846
19/02/25 0:00,9.89,4,5.89
20/02/25 0:00,9.87,4,5.87
21/02/25 0:00,9.766,4,5.766
24/02/25 0:00,9.73,4,5.73
26/02/25 0:00,9.53,4,5.53
27/02/25 0:00,9.458,4,5.458
28/02/25 0:00,9.48,4,5.48
03/03/25 0:00,9.44,4,5.44
04/03/25 0:00,9.57,4,5.57
05/03/25 0:00,9.47,4,5.47
06/03/25 0:00,9.47,4,5.47
07/03/25 0:00,9.422,4,5.422
10/03/25 0:00,9.52,4,5.52
11/03/25 0:00,9.524,4,5.524
12/03/25 0:00,9.59,4,5.59
13/03/25 0:00,9.49,4,5.49
14/03/25 0:00,9.47,4,5.47
18/03/25 0:00,9.424,4,5.424
19/03/25 0:00,9.44,4,5.44
20/03/25 0:00,9.37,4,5.37
21/03/25 0:00,9.46,4,5.46
24/03/25 0:00,9.48,4,5.48
25/03/25 0:00,9.46,4,5.46
26/03/25 0:00,9.46,4,5.46
27/03/25 0:00,9.45,4,5.45
28/03/25 0:00,9.335,4,5.335
31/03/25 0:00,9.342,4,5.342
01/04/25 0:00,9.293,4,5.293
02/04/25 0:00,9.255,4,5.255
03/04/25 0:00,9.01,4,5.01
04/04/25 0:00,9.15,4,5.15
07/04/25 0:00,9.313,4,5.313
08/04/25 0:00,9.41,4,5.41
09/04/25 0:00,9.37,4,5.37
10/04/25 0:00,9.3,4,5.3
11/04/25 0:00,9.57,4,5.57
14/04/25 0:00,9.54,4,5.54
15/04/25 0:00,9.46,4,5.46
16/04/25 0:00,9.46,4,5.46
21/04/25 0:00,9.54,4,5.54
22/04/25 0:00,9.49,4,5.49
23/04/25 0:00,9.45,4,5.45
24/04/25 0:00,9.366,4,5.366
25/04/25 0:00,9.27,4,5.27
28/04/25 0:00,9.243,4,5.243
29/04/25 0:00,9.283,4,5.283
30/04/25 0:00,9.32,4,5.32
02/05/25 0:00,9.41,4,5.41
05/05/25 0:00,9.43,4,5.43
06/05/25 0:00,9.35,4,5.35
07/05/25 0:00,9.28,4,5.28
08/05/25 0:00,9.324,4,5.324
09/05/25 0:00,9.36,4,5.36
12/05/25 0:00,9.397,4,5.397
13/05/25 0:00,9.41,4,5.41
14/05/25 0:00,9.493,4,5.493
15/05/25 0:00,9.55,4,5.55
16/05/25 0:00,9.36,4,5.36
20/05/25 0:00,9.37,4,5.37
21/05/25 0:00,9.44,4,5.44
22/05/25 0:00,9.4,4,5.4
23/05/25 0:00,9.387,4,5.387
26/05/25 0:00,9.42,4,5.42
27/05/25 0:00,9.387,4,5.387
28/05/25 0:00,9.382,4,5.382
29/05/25 0:00,9.308,4,5.308
30/05/25 0:00,9.32,4,5.32
02/06/25 0:00,9.302,4,5.302
03/06/25 0:00,9.292,4,5.292
04/06/25 0:00,9.19,4,5.19
05/06/25 0:00,9.188,4,5.188
06/06/25 0:00,9.193,4,5.193
09/06/25 0:00,9.179,4,5.179
10/06/25 0:00,9.16,4,5.16
11/06/25 0:00,9.262,4,5.262
12/06/25 0:00,9.214,4,5.214
13/06/25 0:00,9.34,4,5.34
16/06/25 0:00,9.281,4,5.281
17/06/25 0:00,9.271,4,5.271
18/06/25 0:00,9.271,4,5.271
19/06/25 0:00,9.225,4,5.225
20/06/25 0:00,9.3,4,5.3
23/06/25 0:00,9.294,4,5.294
24/06/25 0:00,9.44,4,5.44
25/06/25 0:00,9.192,4,5.192
26/06/25 0:00,9.17,4,5.17
27/06/25 0:00,9.14,4,5.14
30/06/25 0:00,9.137,4,5.137
01/07/25 0:00,9.097,4,5.097
02/07/25 0:00,9.146,4,5.146
03/07/25 0:00,9.101,4,5.101
04/07/25 0:00,9.153,4,5.153
07/07/25 0:00,9.227,4,5.227
08/07/25 0:00,9.257,4,5.257
09/07/25 0:00,9.214,4,5.214
10/07/25 0:00,9.25,4,5.25
11/07/25 0:00,9.234,4,5.234
15/07/25 0:00,9.444,4,5.444
23/07/25 0:00,9.444,4,5.444
29/07/25 0:00,9.444,4,5.444
01/08/25 0:00,9.144,4,5.144
05/08/25 0:00,9.094,4,5.094
08/08/25 0:00,9.014,4,5.014
12/08/25 0:00,9.024,4,5.024
13/08/25 0:00,8.954,4,4.954
15/08/25 0:00,9.004,4,5.004
19/08/25 0:00,8.984,4,4.984
22/08/25 0:00,8.884,4,4.884
28/08/25 0:00,8.864,4,4.864
02/09/25 0:00,8.774,4,4.774
03/09/25 0:00,8.814,4,4.814
05/09/25 0:00,8.724,4,4.724
10/09/25 0:00,8.734,4,4.734
12/09/25 0:00,8.564,4,4.564
18/09/25 0:00,8.624,4,4.624
19/09/25 0:00,8.55,4,4.55
22/09/25 0:00,8.59,4,4.59
23/09/25 0:00,8.57,4,4.57
24/09/25 0:00,8.54,4,4.54
25/09/25 0:00,8.52,4,4.52
26/09/25 0:00,8.55,4,4.55
29/09/25 0:00,8.62,4,4.62
30/09/25 0:00,8.594,4,4.594
01/10/25 0:00,8.59,4,4.59
02/10/25 0:00,8.654,4,4.654
03/10/25 0:00,8.674,4,4.674
06/10/25 0:00,8.674,4,4.674
07/10/25 0:00,8.67,4,4.67
08/10/25 0:00,8.67,4,4.67
09/10/25 0:00,8.67,4,4.67
10/10/25 0:00,8.6,4,4.6
13/10/25 0:00,8.564,4,4.564
14/10/25 0:00,8.564,4,4.564
15/10/25 0:00,8.56,4,4.56
16/10/25 0:00,8.5,4,4.5
17/10/25 0:00,8.49,4,4.49
20/10/25 0:00,8.54,4,4.54
21/10/25 0:00,8.56,4,4.56
22/10/25 0:00,8.524,4,4.524
23/10/25 0:00,8.52,4,4.52
24/10/25 0:00,8.604,4,4.604
27/10/25 0:00,8.6,4,4.6
28/10/25 0:00,8.59,4,4.59
29/10/25 0:00,8.55,4,4.55
30/10/25 0:00,8.64,4,4.64
31/10/25 0:00,8.66,4,4.66
03/11/25 0:00,8.65,4,4.65
04/11/25 0:00,8.67,4,4.67
05/11/25 0:00,8.67,4,4.67
06/11/25 0:00,8.69,4,4.69
07/11/25 0:00,8.68,4,4.68
10/11/25 0:00,8.76,4,4.76
11/11/25 0:00,8.78,4,4.78
12/11/25 0:00,8.8,4,4.8
13/11/25 0:00,8.75,4,4.75
14/11/25 0:00,8.75,4,4.75
18/11/25 0:00,8.76,4,4.76
19/11/25 0:00,8.73,4,4.73
20/11/25 0:00,8.75,4,4.75
21/11/25 0:00,8.82,4,4.82
24/11/25 0:00,8.84,4,4.84
25/11/25 0:00,8.83,4,4.83
26/11/25 0:00,8.79,4,4.79
27/11/25 0:00,8.694,4,4.694
28/11/25 0:00,8.69,4,4.69
01/12/25 0:00,8.72,4,4.72
02/12/25 0:00,8.76,4,4.76
03/12/25 0:00,8.72,4,4.72
04/12/25 0:00,8.66,4,4.66
05/12/25 0:00,8.69,4,4.69
08/12/25 0:00,8.83,4,4.83
09/12/25 0:00,8.8,4,4.8
10/12/25 0:00,8.974,4,4.974
11/12/25 0:00,8.974,4,4.974
15/12/25 0:00,9.014,4,5.014
16/12/25 0:00,9.01,4,5.01
17/12/25 0:00,8.98,4,4.98
18/12/25 0:00,8.91,4,4.91
19/12/25 0:00,8.89,4,4.89
22/12/25 0:00,9.03,4,5.03
23/12/25 0:00,8.99,4,4.99
24/12/25 0:00,8.96,4,4.96
26/12/25 0:00,8.98,4,4.98
29/12/25 0:00,8.99,4,4.99
30/12/25 0:00,9,4,5
31/12/25 0:00,8.95,4,4.95
02/01/26 0:00,8.91,4,4.91
05/01/26 0:00,8.9,4,4.9
06/01/26 0:00,8.734,4,4.734
07/01/26 0:00,8.73,4,4.73
08/01/26 0:00,8.734,4,4.734
09/01/26 0:00,9.1,4,5.1
12/01/26 0:00,9.1,4,5.1
13/01/26 0:00,9.1,4,5.1
14/01/26 0:00,9.1,4,5.1
15/01/26 0:00,9.1,4,5.1
16/01/26 0:00,9.1,4,5.1
19/01/26 0:00,9.1,4,5.1
20/01/26 0:00,9.1,4,5.1
21/01/26 0:00,9.21,4,5.21
22/01/26 0:00,9.08,4,5.08
23/01/26 0:00,8.97,4,4.97
26/01/26 0:00,8.95,4,4.95
27/01/26 0:00,8.97,4,4.97
28/01/26 0:00,8.95,4,4.95
29/01/26 0:00,8.97,4,4.97
30/01/26 0:00,8.92,4,4.92
03/02/26 0:00,8.92,4,4.92
04/02/26 0:00,8.925,4,4.925
05/02/26 0:00,8.91,4,4.91
06/02/26 0:00,8.84,4,4.84
09/02/26 0:00,8.84,4,4.84
10/02/26 0:00,8.78,4,4.78
11/02/26 0:00,8.78,4,4.78
12/02/26 0:00,8.78,4,4.78
13/02/26 0:00,8.78,4,4.78
16/02/26 0:00,8.78,4,4.78
17/02/26 0:00,8.76,4,4.76
18/02/26 0:00,8.74,4,4.74
19/02/26 0:00,8.75,4,4.75
20/02/26 0:00,8.76,4,4.76
23/02/26 0:00,8.77,4,4.77
24/02/26 0:00,8.75,4,4.75
25/02/26 0:00,8.73,4,4.73
26/02/26 0:00,8.73,4,4.73
27/02/26 0:00,8.73,4,4.73
02/03/26 0:00,8.79,4,4.79
03/03/26 0:00,8.79,4,4.79
04/03/26 0:00,8.79,4,4.79
05/03/26 0:00,8.79,4,4.79
06/03/26 0:00,8.99,4,4.99
09/03/26 0:00,9.03,4,5.03
10/03/26 0:00,9.03,4,5.03
11/03/26 0:00,9.03,4,5.03
12/03/26 0:00,9.03,4,5.03
13/03/26 0:00,9.21,4,5.21
17/03/26 0:00,9.45,4,5.45
18/03/26 0:00,9.45,4,5.45
19/03/26 0:00,9.45,4,5.45
20/03/26 0:00,9.32,4,5.32
23/03/26 0:00,9.45,4,5.45
24/03/26 0:00,9.45,4,5.45
25/03/26 0:00,9.45,4,5.45
26/03/26 0:00,9.45,4,5.45
27/03/26 0:00,9.16,4,5.16