Fecha,Close
02/01/18,2106419.47
03/01/18,2109933.89
04/01/18,2115842.54
05/01/18,2117032.78
08/01/18,2117257.3
09/01/18,2113427.88
10/01/18,2126731.35
11/01/18,2121665.96
12/01/18,2118608.77
15/01/18,2118193.11
16/01/18,2116638.91
17/01/18,2117341.26
18/01/18,2110775.15
19/01/18,2103455.58
22/01/18,2105327.61
23/01/18,2107118.6
24/01/18,2112073.16
25/01/18,2117042.19
26/01/18,2118285.96
29/01/18,2111193.07
30/01/18,2113745.65
31/01/18,2110906.01
01/02/18,2101700.25
02/02/18,2104362.26
06/02/18,2113487.15
07/02/18,2110227.71
08/02/18,2109749.14
09/02/18,2104816.37
12/02/18,2100681.91
13/02/18,2097876.81
14/02/18,2093509.78
15/02/18,2091147.41
16/02/18,2091903.35
19/02/18,2097021.14
20/02/18,2068070.91
21/02/18,2067273.7
22/02/18,2068517.91
23/02/18,2071241.47
26/02/18,2072908.81
27/02/18,2058390.51
28/02/18,2057546.9
01/03/18,2035370.18
02/03/18,2043230.76
05/03/18,2047034.59
06/03/18,2063885.74
07/03/18,2063522.81
08/03/18,2065587.07
09/03/18,2066575.64
12/03/18,2065852.33
13/03/18,2062122.98
14/03/18,2061607.3
15/03/18,2053015.29
16/03/18,2051618.61
20/03/18,2054056.58
21/03/18,2063318.08
22/03/18,2070098.97
23/03/18,2075594.59
26/03/18,2074854.47
27/03/18,2093609.95
28/03/18,2086772.18
02/04/18,2087878.88
03/04/18,2092169.8
04/04/18,2095822.69
05/04/18,2110076.87
06/04/18,2115396.58
09/04/18,2113869.2
10/04/18,2106935.36
11/04/18,2108857.98
12/04/18,2099087.27
13/04/18,2098547.92
16/04/18,2114276
17/04/18,2110028.64
18/04/18,2110480.93
19/04/18,2116468.33
20/04/18,2119458.84
23/04/18,2125226.41
24/04/18,2124580.61
25/04/18,2125030.02
26/04/18,2110613.64
27/04/18,2103155.2
30/04/18,2106477.43
02/05/18,2106566.44
03/05/18,2106329.68
04/05/18,2108757.12
07/05/18,2128205.77
08/05/18,2128979.25
09/05/18,2123996.3
10/05/18,2115035.1
11/05/18,2119761.85
14/05/18,2122065.55
15/05/18,2124126.28
16/05/18,2127730.73
17/05/18,2124298.37
18/05/18,2131086.19
21/05/18,2132440.72
22/05/18,2123294.87
23/05/18,2123081.96
24/05/18,2112879.16
25/05/18,2113949.75
28/05/18,2113524.24
29/05/18,2109572.78
30/05/18,2109697.9
31/05/18,2121789.49
01/06/18,2126576.72
04/06/18,2129619.73
05/06/18,2123744.45
06/06/18,2129185.69
07/06/18,2123564.08
08/06/18,2122777.99
11/06/18,2123360.25
12/06/18,2120973.42
13/06/18,2123034.82
14/06/18,2075577.57
15/06/18,2095562.85
18/06/18,2099577.22
19/06/18,2103062.15
20/06/18,2106577.23
21/06/18,2102005.34
22/06/18,2110855.79
25/06/18,2114559.2
26/06/18,2111220.99
27/06/18,2112864.43
28/06/18,2117030.62
29/06/18,2116638.82
02/07/18,2123559.11
03/07/18,2124536.25
04/07/18,2126217.11
05/07/18,2110889.64
06/07/18,2113004.78
09/07/18,2116029.44
10/07/18,2123326.15
11/07/18,2126582.01
12/07/18,2130224.7
13/07/18,2135051.95
16/07/18,2144273.42
17/07/18,2147707.35
18/07/18,2148349.87
19/07/18,2152419.95
20/07/18,2161742.72
23/07/18,2163357.23
24/07/18,2167368.99
25/07/18,2166036.88
26/07/18,2167537.92
27/07/18,2158075.45
30/07/18,2155702.74
31/07/18,2154561.76
01/08/18,2153102.51
02/08/18,2147459.51
03/08/18,2141393.52
06/08/18,2143309.88
07/08/18,2143738.86
08/08/18,2148428.29
09/08/18,2149144.02
10/08/18,2149264.23
13/08/18,2153717.14
14/08/18,2144301.73
15/08/18,2142374.99
16/08/18,2113948.43
17/08/18,2105436.43
20/08/18,2100069.97
21/08/18,2099322.61
22/08/18,2102675.2
23/08/18,2113958.95
24/08/18,2125318.95
27/08/18,2123788.93
28/08/18,2124346.33
29/08/18,2124496.36
30/08/18,2114335.37
31/08/18,2117828.75
03/09/18,2117418.97
04/09/18,2117253.32
05/09/18,2115205.91
06/09/18,2112185.64
07/09/18,2127557.9
10/09/18,2124562.17
11/09/18,2125111.86
12/09/18,2129753.7
13/09/18,2120564.37
14/09/18,2123306.28
17/09/18,2123991.69
18/09/18,2127889.69
19/09/18,2131171.88
20/09/18,2137486.24
21/09/18,2136374.33
24/09/18,2135865.8
25/09/18,2151574.92
26/09/18,2153508.17
27/09/18,2131308.45
28/09/18,2148848.6
01/10/18,2153959.64
02/10/18,2148745.6
03/10/18,2155137.22
04/10/18,2152739.52
05/10/18,2150231.69
08/10/18,2149751.92
09/10/18,2152873.72
10/10/18,2160862.67
11/10/18,2134678.94
12/10/18,2129373.56
15/10/18,2130631.01
16/10/18,2147373.28
17/10/18,2144323.52
18/10/18,2141676.62
19/10/18,2142807.97
22/10/18,2143005.79
23/10/18,2143775.82
24/10/18,2135864.36
25/10/18,2103433.31
26/10/18,2102763.36
29/10/18,2104789.74
30/10/18,2099205.46
31/10/18,2103560.67
01/11/18,2128324.67
05/11/18,2124892.37
06/11/18,2127001.15
07/11/18,2129673.39
08/11/18,2128161.29
09/11/18,2125300.84
12/11/18,2128864.89
13/11/18,2115401.46
14/11/18,2114277.75
15/11/18,2095945.66
16/11/18,2106007.89
20/11/18,2112670.24
21/11/18,2117698.92
22/11/18,2112024.56
23/11/18,2128156.86
26/11/18,2127688.25
27/11/18,2125165.87
28/11/18,2125994.07
29/11/18,2133275.25
30/11/18,2138791.94
03/12/18,2137705.83
04/12/18,2135159.34
05/12/18,2139626.35
06/12/18,2106360.72
07/12/18,2107420.11
10/12/18,2109674.96
11/12/18,2115115.61
13/12/18,2091953.78
14/12/18,2105147.02
17/12/18,2115555.58
18/12/18,2122005.72
19/12/18,2137847.01
20/12/18,2122851.96
21/12/18,2124562.42
24/12/18,2131189.14
26/12/18,2136934.43
27/12/18,2132341.8
28/12/18,2129879.66
31/12/18,2129768.16
02/01/19,2128151.92
03/01/19,2136453.01
04/01/19,2154515.17
07/01/19,2144187.19
08/01/19,2152741.86
09/01/19,2145355.41
10/01/19,2151628.85
11/01/19,2173646.22
14/01/19,2177386.92
15/01/19,2194470.43
16/01/19,2195046.18
17/01/19,2189283.97
18/01/19,2191987.76
21/01/19,2194900.17
22/01/19,2194255.68
23/01/19,2190470.67
24/01/19,2191686.49
25/01/19,2202710.65
28/01/19,2203779.69
29/01/19,2210381.22
30/01/19,2209702.97
31/01/19,2220058.93
01/02/19,2238908.58
05/02/19,2255195.43
06/02/19,2261408.21
07/02/19,2267886.56
08/02/19,2273928.16
11/02/19,2268383.31
12/02/19,2268178.79
13/02/19,2264714.16
14/02/19,2245458.71
15/02/19,2243763.16
18/02/19,2245236.44
19/02/19,2236354.54
20/02/19,2233281.53
21/02/19,2228966.39
22/02/19,2229899.1
25/02/19,2220033.24
26/02/19,2232243.79
27/02/19,2234055.37
28/02/19,2214625.03
01/03/19,2221872.35
04/03/19,2229305.6
05/03/19,2238770.84
06/03/19,2238734.33
07/03/19,2238778.97
08/03/19,2238132.76
11/03/19,2234521.09
12/03/19,2236641.8
13/03/19,2234285.67
14/03/19,2224828.96
15/03/19,2221167.63
19/03/19,2224738.29
20/03/19,2223853.9
21/03/19,2226977.4
22/03/19,2228402.89
25/03/19,2224613.87
26/03/19,2221301.78
27/03/19,2224196.59
28/03/19,2226362.86
29/03/19,2227086.15
01/04/19,2221218.69
02/04/19,2220476.76
03/04/19,2214349.64
04/04/19,2213218.66
05/04/19,2218440.59
08/04/19,2217046.65
09/04/19,2210824.28
10/04/19,2212686.7
11/04/19,2209045.82
12/04/19,2213731.78
15/04/19,2216345.76
16/04/19,2208340.57
17/04/19,2205215.5
22/04/19,2205527.46
23/04/19,2202688.19
24/04/19,2202590.5
25/04/19,2192679.59
26/04/19,2188973.89
29/04/19,2190370.23
30/04/19,2192330.94
02/05/19,2191829.05
03/05/19,2188825.9
06/05/19,2184670.03
07/05/19,2178063.91
08/05/19,2189175.99
09/05/19,2176879.91
10/05/19,2180889.56
13/05/19,2177618.83
14/05/19,2175154.12
15/05/19,2169114.73
16/05/19,2174931.3
17/05/19,2176312.77
20/05/19,2179581.71
21/05/19,2177379.94
22/05/19,2173141.94
23/05/19,2171271.59
24/05/19,2176474.16
27/05/19,2177592.08
28/05/19,2173430.2
29/05/19,2167894.07
30/05/19,2176577.53
31/05/19,2200738.82
03/06/19,2152929.76
04/06/19,2150212.34
05/06/19,2146841.37
06/06/19,2136808.57
07/06/19,2133064.71
10/06/19,2133662.27
11/06/19,2140631.51
12/06/19,2146052.99
13/06/19,2150811.04
14/06/19,2163892.78
17/06/19,2167441.43
18/06/19,2169302.44
19/06/19,2170276.12
20/06/19,2171147.48
21/06/19,2171889.63
24/06/19,2161347.4
25/06/19,2143693.65
26/06/19,2149147.64
27/06/19,2142763.2
28/06/19,2144409.25
01/07/19,2135069
02/07/19,2136644.85
03/07/19,2138730.65
04/07/19,2128492.44
05/07/19,2116814.42
08/07/19,2116117.8
09/07/19,2111951.7
10/07/19,2121183.32
11/07/19,2116586.37
12/07/19,2111810.31
15/07/19,2115505.93
16/07/19,2111843.44
17/07/19,2119681.12
18/07/19,2095749.94
19/07/19,2103677.27
22/07/19,2098619.25
23/07/19,2101076.51
24/07/19,2101299.15
25/07/19,2108041.39
26/07/19,2112493.32
29/07/19,2111243.71
30/07/19,2110918.26
31/07/19,2112769.73
01/08/19,2101200.81
02/08/19,2094529.04
05/08/19,2091721.96
06/08/19,2094423.71
07/08/19,2092606.03
08/08/19,2093931.64
09/08/19,2098618.47
12/08/19,2103882.4
13/08/19,2106381.96
14/08/19,2101723.23
15/08/19,2094609.13
16/08/19,2096364.07
19/08/19,2101013.32
20/08/19,2093037.11
21/08/19,2107338.01
22/08/19,2110761
23/08/19,2111323.44
26/08/19,2113553.92
27/08/19,2107057.72
28/08/19,2108890.66
29/08/19,2102881.02
30/08/19,2088115.68
02/09/19,2094045.8
03/09/19,2072175.59
04/09/19,2076587.85
05/09/19,2068180.72
06/09/19,2082074.78
09/09/19,2087068.78
10/09/19,2078553.41
11/09/19,2076610.18
12/09/19,2073519.89
13/09/19,2074040.59
17/09/19,2072519.51
18/09/19,2066708.33
19/09/19,2082327.32
20/09/19,2085671.3
23/09/19,2087352.4
24/09/19,2088041.73
25/09/19,2087357.62
26/09/19,2076411.96
27/09/19,2081214.37
30/09/19,2085885.46
01/10/19,2067583.73
02/10/19,2059522.06
03/10/19,2050622.44
04/10/19,2060239.34
07/10/19,2051874.71
08/10/19,2065334.32
09/10/19,2061858.64
10/10/19,2071515.67
11/10/19,2062086.13
14/10/19,2067602.6
15/10/19,2065808.86
16/10/19,2067885.19
17/10/19,2069038.89
18/10/19,2068711.17
21/10/19,2061134.58
22/10/19,2065863.56
23/10/19,2066615.25
24/10/19,2066640.96
25/10/19,2075147.72
28/10/19,2070142.2
29/10/19,2077706.5
30/10/19,2068357.1
31/10/19,2070827.07
01/11/19,2074093.95
04/11/19,2076614.37
05/11/19,2077009.31
06/11/19,2083246.56
07/11/19,2059446.86
08/11/19,2054460.98
11/11/19,2056943.29
12/11/19,2067236.86
13/11/19,2064519.02
14/11/19,2072178.46
15/11/19,2058315.64
19/11/19,2056791.39
20/11/19,2058341.54
21/11/19,2048841.81
22/11/19,2048055.66
25/11/19,2044813
26/11/19,2048825.18
27/11/19,2047352.05
28/11/19,2049060.57
29/11/19,2039261.23
02/12/19,2038574.44
03/12/19,2046217.28
04/12/19,2070719.9
05/12/19,2062310.87
06/12/19,2092927.17
09/12/19,2106866
10/12/19,2124423.96
11/12/19,2107147.7
13/12/19,2119114.35
16/12/19,2123974.54
17/12/19,2132895.22
18/12/19,2146637.06
19/12/19,2143531.08
20/12/19,2148114.01
23/12/19,2156389.41
24/12/19,2153736.65
26/12/19,2150270.42
27/12/19,2148839.57
30/12/19,2151319.34
31/12/19,2148286.84
02/01/20,2130093.92
03/01/20,2130764.13
06/01/20,2130709.11
07/01/20,2140214.66
08/01/20,2143329.32
09/01/20,2150918.51
10/01/20,2166822.64
13/01/20,2177333.86
14/01/20,2186806.71
15/01/20,2190753.02
16/01/20,2188223.8
17/01/20,2175048.47
20/01/20,2177504.97
21/01/20,2168041.16
22/01/20,2169701.85
23/01/20,2172209.64
24/01/20,2177214.98
27/01/20,2182461.21
28/01/20,2189231.61
29/01/20,2190916.66
30/01/20,2185350.32
31/01/20,2180638.5
04/02/20,2188623.05
05/02/20,2190643.39
06/02/20,2192033.04
07/02/20,2200311.64
10/02/20,2196498.04
11/02/20,2201373.08
12/02/20,2202609.45
13/02/20,2196157.81
14/02/20,2190905.16
17/02/20,2191866.63
18/02/20,2178072.08
19/02/20,2182157.69
20/02/20,2194078.27
21/02/20,2214218.35
24/02/20,2210591.55
25/02/20,2208298.28
26/02/20,2210709.92
27/02/20,2166977.79
28/02/20,2185084.93
02/03/20,2171937.05
03/03/20,2158732.01
04/03/20,2143746.02
05/03/20,2163385.36
06/03/20,2170561.86
09/03/20,2163077.14
10/03/20,2149131.25
11/03/20,2136573.86
12/03/20,2120961.76
13/03/20,2115911.95
17/03/20,2095587.32
18/03/20,2079512.77
19/03/20,2064214.37
20/03/20,2073641.01
23/03/20,2072865.56
24/03/20,2058968.76
25/03/20,2052528.04
26/03/20,2044387.21
27/03/20,2033599.7
30/03/20,2036759.05
31/03/20,2018544.34
01/04/20,2011111.11
02/04/20,2011271.4
03/04/20,2008328.6
06/04/20,1987234.84
07/04/20,1982938.72
08/04/20,1974117.1
13/04/20,1963096.21
14/04/20,1967203.16
15/04/20,1962430.44
16/04/20,1958868.16
17/04/20,1952371.24
20/04/20,1948949.74
21/04/20,1941543.12
22/04/20,1943672.22
23/04/20,1930764.98
24/04/20,1923316.8
27/04/20,1916238.08
28/04/20,1908047.53
29/04/20,1900078.51
30/04/20,1897299.62
04/05/20,1896018.13
05/05/20,1894579.49
06/05/20,1899857.45
07/05/20,1887742
08/05/20,1886229.09
11/05/20,1891295.78
12/05/20,1890780.45
13/05/20,1889838.45
14/05/20,1883471.42
15/05/20,1877204.94
18/05/20,1874462.59
19/05/20,1870916.39
20/05/20,1869180.14
21/05/20,1867000.12
22/05/20,1858857.46
25/05/20,1863567.28
26/05/20,1859889.32
27/05/20,1858167.98
28/05/20,1894082.79
29/05/20,1862454.9
01/06/20,1866596.39
02/06/20,1865649.73
03/06/20,1865044.38
04/06/20,1848578.14
05/06/20,1856794.84
08/06/20,1834152.77
09/06/20,1840818.13
10/06/20,1846234.94
11/06/20,1828572.5
12/06/20,1838136.5
15/06/20,1831556.97
16/06/20,1844175.31
17/06/20,1850480.96
18/06/20,1833457.12
19/06/20,1839052.38
22/06/20,1839582.36
23/06/20,1827896.35
24/06/20,1827815.13
25/06/20,1837091.96
26/06/20,1835564.98
29/06/20,1824279.37
30/06/20,1825200.71
01/07/20,1822847.71
02/07/20,1819653.94
03/07/20,1818689.83
06/07/20,1816835.48
07/07/20,1805737.39
08/07/20,1810941.58
09/07/20,1813035.27
10/07/20,1809698.28
13/07/20,1810973.38
14/07/20,1803804.42
15/07/20,1804200.96
16/07/20,1794002.22
17/07/20,1794759.09
20/07/20,1795941.86
21/07/20,1792211.72
22/07/20,1796584.25
23/07/20,1793758.74
24/07/20,1791043.37
27/07/20,1792172.72
28/07/20,1795806.33
29/07/20,1796404.41
30/07/20,1788181.45
31/07/20,1798678.28
03/08/20,1793208.05
04/08/20,1792112.3
05/08/20,1799969.31
06/08/20,1810281.82
07/08/20,1817267.79
10/08/20,1814430.77
11/08/20,1814545.45
12/08/20,1810477.17
13/08/20,1798546.7
14/08/20,1803323.82
17/08/20,1807187.21
18/08/20,1814526.84
19/08/20,1813119.26
20/08/20,1819179.24
21/08/20,1821356.42
24/08/20,1815929.17
25/08/20,1812153.58
26/08/20,1813828.07
27/08/20,1812481.46
28/08/20,1817205.53
31/08/20,1811981.7
01/09/20,1808360.32
02/09/20,1813221.72
03/09/20,1820077.56
04/09/20,1828033.28
07/09/20,1828835.95
08/09/20,1826159.13
09/09/20,1825069.77
10/09/20,1824555.18
11/09/20,1826270.29
14/09/20,1827581.25
15/09/20,1828516.68
17/09/20,1829592.6
18/09/20,1833696.61
21/09/20,1826297.16
22/09/20,1830915.84
23/09/20,1833644.07
24/09/20,1823805.64
25/09/20,1819564.41
28/09/20,1819176.95
29/09/20,1820563.87
30/09/20,1807268.98
01/10/20,1797127.24
02/10/20,1795228.55
05/10/20,1802362.91
06/10/20,1801416.79
07/10/20,1805300.17
08/10/20,1791408.68
09/10/20,1792544.25
12/10/20,1789847.09
13/10/20,1788530.72
14/10/20,1791705.2
15/10/20,1786109.73
16/10/20,1780528.97
19/10/20,1777834.42
20/10/20,1777811.29
21/10/20,1777520.65
22/10/20,1774817.12
23/10/20,1772423.09
26/10/20,1764628.63
27/10/20,1763454.11
28/10/20,1764447.8
29/10/20,1760132.25
30/10/20,1752183.06
03/11/20,1746404.81
04/11/20,1750745.36
05/11/20,1738792.78
06/11/20,1758737.24
09/11/20,1763910.42
10/11/20,1761307.68
11/11/20,1762994.49
12/11/20,1754211.49
13/11/20,1755454.67
17/11/20,1755522.86
18/11/20,1761160.06
19/11/20,1755538.15
20/11/20,1886681.15
23/11/20,1885052.69
24/11/20,1879508.56
25/11/20,1878623.61
26/11/20,1884217.39
27/11/20,1881250.53
30/11/20,1891307.61
01/12/20,1884724.92
02/12/20,1884250.48
03/12/20,1874435.85
04/12/20,1885157
07/12/20,1879962.73
08/12/20,1877439.2
09/12/20,1882381.91
10/12/20,1879944.04
11/12/20,1880465.26
14/12/20,1878012.3
15/12/20,1890339.36
16/12/20,1886715
17/12/20,1885035.77
18/12/20,1891927.86
21/12/20,1887567.01
22/12/20,1893557.32
23/12/20,1898069.33
24/12/20,1892914.55
28/12/20,1890028.31
29/12/20,1895406.25
30/12/20,1897358.45
31/12/20,1891048.32
04/01/21,1888904.28
05/01/21,1889608.56
06/01/21,1877422.06
07/01/21,1885201.76
08/01/21,1892752.32
11/01/21,1879641.58
12/01/21,1885702.8
13/01/21,1894917.94
14/01/21,1886057.15
15/01/21,1875594.02
18/01/21,1884858.67
19/01/21,1871688.84
20/01/21,1881390.58
21/01/21,1877366.87
22/01/21,1883498.8
25/01/21,1884977.68
26/01/21,1882636.37
27/01/21,1877273.97
28/01/21,1878608.53
29/01/21,1880574.87
02/02/21,1879964.56
03/02/21,1893532.46
04/02/21,1892819.05
05/02/21,1888428.07
08/02/21,1891973.44
09/02/21,1889776.78
10/02/21,1884985.1
11/02/21,1890132.15
12/02/21,1885542.51
15/02/21,1889082.9
16/02/21,1891001.24
17/02/21,1883311.61
18/02/21,1877776.1
19/02/21,1858551.16
22/02/21,1847870.16
23/02/21,1845995.77
24/02/21,1847805.11
25/02/21,1835114.1
26/02/21,1828392.35
01/03/21,1834285.84
02/03/21,1833675.38
03/03/21,1830222.94
04/03/21,1839070.36
05/03/21,1838787.81
08/03/21,1837513.85
09/03/21,1835863.81
10/03/21,1827971.07
11/03/21,1813988.39
12/03/21,1818533.61
16/03/21,1825433.5
17/03/21,1822817.53
18/03/21,1839690.93
19/03/21,1836144.68
22/03/21,1833290.41
23/03/21,1836277.02
24/03/21,1834186.9
25/03/21,1798760.73
26/03/21,1801032.3
29/03/21,1787665.21
30/03/21,1791203.95
31/03/21,1784497.96
05/04/21,1775413.81
06/04/21,1777064.88
07/04/21,1782368.7
08/04/21,1769333.64
09/04/21,1773743.25
12/04/21,1781689.92
13/04/21,1772009.25
14/04/21,1782753.12
15/04/21,1774237.22
16/04/21,1776151.35
19/04/21,1786057.18
20/04/21,1779798.06
21/04/21,1779996.87
22/04/21,1788264.91
23/04/21,1776555.39
26/04/21,1775975.61
27/04/21,1786910.74
28/04/21,1768981.59
29/04/21,1773851.04
30/04/21,1783025.02
03/05/21,1773291.67
04/05/21,1769955.24
05/05/21,1785608.03
06/05/21,1768403.82
07/05/21,1768057.49
10/05/21,1782599.84
11/05/21,1769534.06
12/05/21,1767213.54
13/05/21,1785622.89
14/05/21,1783139.31
17/05/21,1778741.99
18/05/21,1776981.91
19/05/21,1766942.43
20/05/21,1760335.47
21/05/21,1759984.56
24/05/21,1758501.8
25/05/21,1761868.97
26/05/21,1766941.84
27/05/21,1773739.61
28/05/21,1764125.52
31/05/21,1766735.91
01/06/21,1765471.23
02/06/21,1772395.43
03/06/21,1777845.21
04/06/21,1780204.46
07/06/21,1780616.62
08/06/21,1783698.65
09/06/21,1787164.24
10/06/21,1781221.64
11/06/21,1791635.82
14/06/21,1787765.72
15/06/21,1785973.43
16/06/21,1787363.19
17/06/21,1779026.64
18/06/21,1778956.82
21/06/21,1776653.66
22/06/21,1767145.44
23/06/21,1756220.63
24/06/21,1749890.02
25/06/21,1743649.69
28/06/21,1761089.66
29/06/21,1751404.09
30/06/21,1756787.82
01/07/21,1755105.5
02/07/21,1750630.9
05/07/21,1749125.36
06/07/21,1745606.89
07/07/21,1743950.04
08/07/21,1748542.43
09/07/21,1740016.3
12/07/21,1718849.64
13/07/21,1705821.2
14/07/21,1708043.7
15/07/21,1703936.74
16/07/21,1711531.72
19/07/21,1712993.06
20/07/21,1716470.58
21/07/21,1713331.81
22/07/21,1715449.9
23/07/21,1709559.75
26/07/21,1707967.59
27/07/21,1698636.37
28/07/21,1693965.98
29/07/21,1683630.37
30/07/21,1689289.14
02/08/21,1691788.56
03/08/21,1698369.49
04/08/21,1701083.72
05/08/21,1695174.63
06/08/21,1693617.87
09/08/21,1691130.35
10/08/21,1693932.08
11/08/21,1693925.03
12/08/21,1684900.63
13/08/21,1687622.66
16/08/21,1678515.45
17/08/21,1667436.12
18/08/21,1672577.06
19/08/21,1665888.31
20/08/21,1663231.18
23/08/21,1666068.51
24/08/21,1660768.19
25/08/21,1661081.68
26/08/21,1648241.69
27/08/21,1648737.49
30/08/21,1650399.38
31/08/21,1654517.14
01/09/21,1657049.06
02/09/21,1666615.81
03/09/21,1665849.04
06/09/21,1670190.14
07/09/21,1667420.29
08/09/21,1672662.88
09/09/21,1670223.44
10/09/21,1669863.96
13/09/21,1671421.11
14/09/21,1673246
15/09/21,1674146.45
17/09/21,1673710.41
20/09/21,1683131.64
21/09/21,1679010.3
22/09/21,1675498
23/09/21,1672731.82
24/09/21,1673146.07
27/09/21,1672112.68
28/09/21,1668870.75
29/09/21,1673871.08
30/09/21,1670294.3
01/10/21,1666838.93
04/10/21,1658090.37
05/10/21,1660540.1
06/10/21,1656935.99
07/10/21,1641907.54
08/10/21,1634615.13
11/10/21,1639842.73
12/10/21,1631722.33
13/10/21,1628200.16
14/10/21,1633297.09
15/10/21,1621977.08
18/10/21,1626703.69
19/10/21,1626198.03
20/10/21,1624063.09
21/10/21,1622213.16
22/10/21,1632332.39
25/10/21,1620501.87
26/10/21,1617893.85
27/10/21,1616760.71
28/10/21,1621206.43
29/10/21,1624643.39
01/11/21,1624408.48
03/11/21,1634835.21
04/11/21,1631191.56
05/11/21,1635221.59
08/11/21,1639302.43
09/11/21,1634120.76
10/11/21,1626022.49
11/11/21,1621218.67
12/11/21,1629175.55
16/11/21,1636526.54
17/11/21,1641084.55
18/11/21,1628298.55
19/11/21,1611596.12
22/11/21,1604817.83
23/11/21,1604286.93
24/11/21,1598756.88
25/11/21,1596119.97
26/11/21,1599828.24
29/11/21,1592969.28
30/11/21,1595640.71
01/12/21,1593433.64
02/12/21,1599805.72
03/12/21,1605980.04
06/12/21,1613343.39
07/12/21,1620083.13
08/12/21,1629158.67
09/12/21,1620945.15
10/12/21,1624964.17
13/12/21,1624476.87
14/12/21,1622881.44
15/12/21,1624281.4
16/12/21,1625860.27
17/12/21,1628646.98
20/12/21,1648963.7
21/12/21,1655373.14
22/12/21,1655903.02
23/12/21,1645864.85
24/12/21,1640611.97
27/12/21,1638414.18
28/12/21,1636984.3
29/12/21,1636566.35
30/12/21,1638626.56
31/12/21,1633447.02
03/01/22,1637174.98
04/01/22,1636888.75
05/01/22,1637230.46
06/01/22,1628915.26
07/01/22,1624502.8
10/01/22,1623918.65
11/01/22,1624546.39
12/01/22,1628333.44
13/01/22,1627138.84
14/01/22,1630378.15
17/01/22,1638005.96
18/01/22,1651316.52
19/01/22,1641096.75
20/01/22,1638737.82
21/01/22,1640103.54
24/01/22,1657553.85
25/01/22,1658045.11
26/01/22,1656478.53
27/01/22,1653295.98
28/01/22,1653535.25
31/01/22,1647655.65
01/02/22,1645899.15
02/02/22,1644596.05
03/02/22,1644222.08
04/02/22,1640270.07
08/02/22,1639745.79
09/02/22,1642514.46
10/02/22,1636686.58
11/02/22,1638423.02
14/02/22,1636509.51
15/02/22,1641187.97
16/02/22,1643563.57
17/02/22,1643434.03
18/02/22,1638160.79
21/02/22,1641784.72
22/02/22,1633846.94
23/02/22,1635411.05
24/02/22,1638013.87
25/02/22,1641277.3
28/02/22,1639634.47
01/03/22,1634241.59
02/03/22,1630411.91
03/03/22,1629986.1
04/03/22,1630088.45
07/03/22,1620661.44
08/03/22,1624994.1
09/03/22,1628355.22
10/03/22,1635025.11
11/03/22,1620161.19
14/03/22,1615712.64
15/03/22,1619463.83
16/03/22,1610791.69
17/03/22,1615348.56
18/03/22,1608596.73
22/03/22,1606593.2
23/03/22,1612285.65
24/03/22,1613461.12
25/03/22,1615811.98
28/03/22,1617105.59
29/03/22,1619661.1
30/03/22,1618829.68
31/03/22,1621359.02
01/04/22,1625629.24
04/04/22,1632175.72
05/04/22,1627235.7
06/04/22,1626692.09
07/04/22,1624096.7
08/04/22,1625521.63
11/04/22,1622559.91
12/04/22,1615325.14
13/04/22,1612780.2
18/04/22,1618904.56
19/04/22,1618601.54
20/04/22,1621012.56
21/04/22,1623975.58
22/04/22,1614498.79
25/04/22,1615411.87
26/04/22,1613645.41
27/04/22,1609220.75
28/04/22,1608887.68
29/04/22,1607191.48
02/05/22,1594590.47
03/05/22,1602122.3
04/05/22,1594669.6
05/05/22,1590617.29
06/05/22,1592894.09
09/05/22,1597350.64
10/05/22,1598818
11/05/22,1613015.33
12/05/22,1618027.95
13/05/22,1615242.74
16/05/22,1611199.11
17/05/22,1603629.53
18/05/22,1604239.96
19/05/22,1598931.33
20/05/22,1602335.98
23/05/22,1610864.7
24/05/22,1606387.18
25/05/22,1607102.32
26/05/22,1610323.42
27/05/22,1605193.08
30/05/22,1606831.9
31/05/22,1606545.76
01/06/22,1601176.27
02/06/22,1596640.78
03/06/22,1601474.13
06/06/22,1599465.13
07/06/22,1605055.88
08/06/22,1605717.89
09/06/22,1583815.27
10/06/22,1584239.64
13/06/22,1591487.81
14/06/22,1599750.89
15/06/22,1599375.8
16/06/22,1600442.29
17/06/22,1589032.5
20/06/22,1585586.63
21/06/22,1592524.79
22/06/22,1595318.3
23/06/22,1599029.81
24/06/22,1600210.47
27/06/22,1605422.02
28/06/22,1598919.13
29/06/22,1599429.3
30/06/22,1588543.32
01/07/22,1596955.26
04/07/22,1586832.83
05/07/22,1591799.64
06/07/22,1593207.48
07/07/22,1590030.79
08/07/22,1582806.1
11/07/22,1573942.15
12/07/22,1572181.62
13/07/22,1573962.82
14/07/22,1571306.07
15/07/22,1577880.64
18/07/22,1569709.55
19/07/22,1561060.71
20/07/22,1551280.24
21/07/22,1546340.06
22/07/22,1546530.62
25/07/22,1533872.87
26/07/22,1532743.16
27/07/22,1532798.57
28/07/22,1531639.66
29/07/22,1532486.94
01/08/22,1528247.54
02/08/22,1528600.77
03/08/22,1533404.05
04/08/22,1550647.56
05/08/22,1553351.18
08/08/22,1573294.19
09/08/22,1574801.07
10/08/22,1581429.51
11/08/22,1574981.05
12/08/22,1582154.69
15/08/22,1587590.16
16/08/22,1586065.91
17/08/22,1586446.78
18/08/22,1602141.47
19/08/22,1599119.34
22/08/22,1591477.95
23/08/22,1589014.69
24/08/22,1586260.29
25/08/22,1571543.8
26/08/22,1563182.98
29/08/22,1563265.49
30/08/22,1564960.66
31/08/22,1558566.5
01/09/22,1561076.45
02/09/22,1565767.14
05/09/22,1567477.73
06/09/22,1564486.8
07/09/22,1564545.52
08/09/22,1555937.97
09/09/22,1549773.67
12/09/22,1562990.96
13/09/22,1573332.47
14/09/22,1573790.26
15/09/22,1583158.07
19/09/22,1583734.55
20/09/22,1568875.8
21/09/22,1564388.32
22/09/22,1559614.03
23/09/22,1563062.99
26/09/22,1567064.51
27/09/22,1566378.29
28/09/22,1574331.26
29/09/22,1583185.86
30/09/22,1578521.97
03/10/22,1580874.1
04/10/22,1578525.4
05/10/22,1574916.18
06/10/22,1568507.44
07/10/22,1572852.26
10/10/22,1571611.01
11/10/22,1563144.37
12/10/22,1565350.66
13/10/22,1557770.56
14/10/22,1543022.51
17/10/22,1533675.4
18/10/22,1536504.97
19/10/22,1538209.51
20/10/22,1540682.6
21/10/22,1532292.3
24/10/22,1534823.05
25/10/22,1523040.92
26/10/22,1518339.37
27/10/22,1526064.19
28/10/22,1537033.1
31/10/22,1537478.89
01/11/22,1528764.65
03/11/22,1533813.47
04/11/22,1529115.45
07/11/22,1541264.7
08/11/22,1551341.83
09/11/22,1552146.74
10/11/22,1563345.11
11/11/22,1566716.76
14/11/22,1592699.04
15/11/22,1596066.5
16/11/22,1602055.91
17/11/22,1596448.3
18/11/22,1590631.07
22/11/22,1585280.35
23/11/22,1582185.7
24/11/22,1580502.63
25/11/22,1575503.44
28/11/22,1575626.15
29/11/22,1578108.73
30/11/22,1575249.06
01/12/22,1581101.58
02/12/22,1585402.31
05/12/22,1592164.75
06/12/22,1600709.64
07/12/22,1604144.35
08/12/22,1621181.2
09/12/22,1631551.8
13/12/22,1636405.87
14/12/22,1643098.61
15/12/22,1656286.64
16/12/22,1653034.59
19/12/22,1647056.49
20/12/22,1651828.41
21/12/22,1650498.98
22/12/22,1656740.77
23/12/22,1665952.28
26/12/22,1669073
27/12/22,1687057.99
28/12/22,1692239.48
29/12/22,1699210.45
30/12/22,1706976.87
02/01/23,1702057.56
03/01/23,1697301.6
04/01/23,1686467.19
05/01/23,1693282.3
06/01/23,1687709.67
09/01/23,1691628.4
10/01/23,1692324.53
11/01/23,1691107.44
12/01/23,1687218.83
13/01/23,1694693.94
16/01/23,1699675.67
17/01/23,1705266.59
18/01/23,1695898.85
19/01/23,1696068.85
20/01/23,1694106.01
23/01/23,1687850.33
24/01/23,1689230.79
25/01/23,1685520.65
26/01/23,1673617.55
27/01/23,1676876.84
30/01/23,1670932.52
31/01/23,1667930.88
01/02/23,1668248.35
02/02/23,1676125.71
03/02/23,1688883.83
07/02/23,1687138.16
08/02/23,1697515.66
09/02/23,1703528.57
10/02/23,1709603.09
13/02/23,1699772.35
14/02/23,1696772.26
15/02/23,1690435.69
16/02/23,1697057.29
17/02/23,1697154.08
20/02/23,1697905.78
21/02/23,1702475.63
22/02/23,1703056.14
23/02/23,1700800.27
24/02/23,1692439.47
27/02/23,1699006.68
28/02/23,1699335.53
01/03/23,1694533.58
02/03/23,1696127.89
03/03/23,1699613.93
06/03/23,1703617.23
07/03/23,1702086.67
08/03/23,1703846.22
09/03/23,1702831.09
10/03/23,1703048.09
13/03/23,1703471.34
14/03/23,1702105.82
15/03/23,1704163.73
16/03/23,1711074.08
17/03/23,1707951.92
21/03/23,1703964.74
22/03/23,1706039.5
23/03/23,1701430.07
24/03/23,1697709.02
27/03/23,1701693.48
28/03/23,1702445.7
29/03/23,1707813.07
30/03/23,1704904.01
31/03/23,1701975.54
03/04/23,1704001.64
04/04/23,1706313.85
05/04/23,1710857.87
10/04/23,1731555.93
11/04/23,1732227.7
12/04/23,1732611.24
13/04/23,1711556.24
14/04/23,1711679.54
17/04/23,1708901.46
18/04/23,1717047.81
19/04/23,1702813.23
20/04/23,1699059.09
21/04/23,1691650
24/04/23,1686594.18
25/04/23,1678565.97
26/04/23,1682421.66
27/04/23,1690295.55
28/04/23,1698810.21
02/05/23,1685315.45
03/05/23,1675252.31
04/05/23,1660030.55
05/05/23,1666654.43
08/05/23,1661133.38
09/05/23,1665458.86
10/05/23,1667207.49
11/05/23,1660897.15
12/05/23,1660964.78
15/05/23,1670416.47
16/05/23,1668842.75
17/05/23,1663125.2
18/05/23,1657508.01
19/05/23,1658944.75
22/05/23,1651126.12
23/05/23,1649889.83
24/05/23,1651737.36
25/05/23,1634745.76
26/05/23,1636324.2
29/05/23,1639777.87
30/05/23,1642703.03
31/05/23,1633915.13
01/06/23,1621385.08
02/06/23,1630460.66
05/06/23,1626123.86
06/06/23,1623238.22
07/06/23,1627124.79
08/06/23,1627662.12
09/06/23,1631440.03
12/06/23,1643358.76
13/06/23,1651262.73
14/06/23,1647516.03
15/06/23,1664991.44
16/06/23,1663865.2
19/06/23,1659089.37
20/06/23,1665773.46
21/06/23,1666724.12
22/06/23,1662558.78
23/06/23,1655952.17
26/06/23,1651046.44
27/06/23,1656002.55
28/06/23,1660549.67
29/06/23,1658736.46
30/06/23,1661046.2
03/07/23,1659958.37
04/07/23,1661828.46
05/07/23,1661184.2
06/07/23,1651247.25
07/07/23,1649573.31
10/07/23,1650504.44
11/07/23,1659942.41
12/07/23,1654375.2
13/07/23,1646244.87
14/07/23,1659974.37
17/07/23,1663062.88
18/07/23,1653143.94
19/07/23,1652431.93
20/07/23,1657454.34
21/07/23,1659204.05
24/07/23,1659390.57
25/07/23,1668033.25
26/07/23,1663561.82
27/07/23,1667510.42
28/07/23,1683611.1
31/07/23,1665855.09
01/08/23,1661656.42
02/08/23,1664816.05
03/08/23,1675591.76
04/08/23,1670270.55
07/08/23,1667965.21
08/08/23,1663011.94
09/08/23,1664814.28
10/08/23,1659559.6
11/08/23,1658146.9
14/08/23,1660162.04
15/08/23,1654622.46
16/08/23,1655538.81
17/08/23,1660712.45
18/08/23,1669570.41
21/08/23,1673604.09
22/08/23,1673749.08
23/08/23,1664774.29
24/08/23,1660405.04
25/08/23,1664975.36
28/08/23,1665265.99
29/08/23,1666187.18
30/08/23,1665268.86
31/08/23,1674688.41
01/09/23,1680166.22
04/09/23,1677193.87
05/09/23,1678774.75
06/09/23,1669068.22
07/09/23,1663181.5
08/09/23,1672582.52
11/09/23,1662334.19
12/09/23,1661079.19
13/09/23,1656913.03
14/09/23,1663971.06
15/09/23,1665168.26
18/09/23,1664142.4
19/09/23,1664330.44
20/09/23,1656682.73
21/09/23,1646974.12
22/09/23,1652805.06
25/09/23,1661860.71
26/09/23,1659544.77
27/09/23,1663029.53
28/09/23,1679095.69
29/09/23,1673124.71
02/10/23,1675809.21
03/10/23,1677107.76
04/10/23,1680020.78
05/10/23,1681305.82
06/10/23,1677858.59
09/10/23,1677170.76
10/10/23,1690584.88
11/10/23,1691213.1
12/10/23,1692612.97
13/10/23,1678421.79
16/10/23,1670069.11
17/10/23,1670081.12
18/10/23,1671877.31
19/10/23,1670880.12
20/10/23,1676231.29
23/10/23,1684084.39
24/10/23,1688050.82
25/10/23,1688671.9
26/10/23,1689005.45
27/10/23,1694025.93
30/10/23,1698425.57
31/10/23,1685907.28
01/11/23,1689893.28
03/11/23,1690260.42
06/11/23,1698035.51
07/11/23,1703692.86
08/11/23,1712900.43
09/11/23,1729711.34
10/11/23,1742163.24
13/11/23,1752735.7
14/11/23,1746626.39
15/11/23,1731508.17
16/11/23,1705997.77
17/11/23,1715012.23
21/11/23,1708319.06
22/11/23,1702573.96
23/11/23,1706405.4
24/11/23,1713709.21
27/11/23,1701863.61
28/11/23,1695824.49
29/11/23,1698183.07
30/11/23,1704315.65
01/12/23,1707246.73
04/12/23,1719552.99
05/12/23,1726129.6
06/12/23,1733494.92
07/12/23,1735626.81
08/12/23,1734398.57
11/12/23,1736008.34
13/12/23,1736910.42
14/12/23,1735321.09
15/12/23,1748686.5
18/12/23,1759654.76
19/12/23,1764055.72
20/12/23,1766190.11
21/12/23,1777785.32
22/12/23,1783307.58
26/12/23,1786360.83
27/12/23,1787219.88
28/12/23,1789282.54
29/12/23,1788933.44
02/01/24,1792009.11
03/01/24,1791471.99
04/01/24,1797714.53
05/01/24,1796757.35
08/01/24,1795164.62
09/01/24,1795597.73
10/01/24,1795465.84
11/01/24,1789957.78
12/01/24,1792547.12
15/01/24,1795600.1
16/01/24,1795478.45
17/01/24,1795991.17
18/01/24,1784414.94
19/01/24,1761559.22
22/01/24,1763079.63
23/01/24,1761211.86
24/01/24,1763599.23
25/01/24,1764617.03
26/01/24,1767219.85
29/01/24,1769700.49
30/01/24,1766532.13
31/01/24,1768151.77
01/02/24,1771194.98
02/02/24,1777713.18
06/02/24,1780997.23
07/02/24,1781445.63
08/02/24,1761987.29
09/02/24,1757510.47
12/02/24,1761686.29
13/02/24,1758626.32
14/02/24,1763521.69
15/02/24,1764678.96
16/02/24,1768718.19
19/02/24,1767342.61
20/02/24,1777039.91
21/02/24,1774149.38
22/02/24,1770002.49
23/02/24,1772229.46
26/02/24,1774796.8
27/02/24,1773140.97
28/02/24,1770764.27
29/02/24,1713213.87
01/03/24,1717732.45
04/03/24,1724598.2
05/03/24,1733328.93
06/03/24,1740259.16
07/03/24,1758437.99
08/03/24,1756488.6
11/03/24,1763151.3
12/03/24,1764825.73
13/03/24,1771674.33
14/03/24,1775079.48
15/03/24,1771791.95
19/03/24,1775414.54
20/03/24,1775366.63
21/03/24,1768518.97
22/03/24,1764794.27
25/03/24,1765584.38
26/03/24,1768019.92
27/03/24,1780394.96
01/04/24,1783613.36
02/04/24,1778757.34
03/04/24,1798518.29
04/04/24,1776458.27
05/04/24,1775603.36
08/04/24,1773326.47
09/04/24,1776381.29
10/04/24,1776868.22
11/04/24,1787865.44
12/04/24,1788080.53
15/04/24,1782156.89
16/04/24,1782048.49
17/04/24,1780546.25
18/04/24,1766324.92
19/04/24,1773667.81
22/04/24,1775736.62
23/04/24,1775999.65
24/04/24,1776267.08
25/04/24,1772312.86
26/04/24,1773672.05
29/04/24,1771545.05
30/04/24,1769656.77
02/05/24,1771808.22
03/05/24,1771481.12
06/05/24,1769896.38
07/05/24,1765246.54
08/05/24,1765523.44
09/05/24,1777178.27
10/05/24,1775417.56
13/05/24,1775877.09
14/05/24,1777622.94
15/05/24,1777377.65
16/05/24,1778433.85
17/05/24,1780875.35
20/05/24,1781677.61
21/05/24,1780765.16
22/05/24,1780525.48
23/05/24,1784646.9
24/05/24,1784647.7
27/05/24,1783180.21
28/05/24,1781342.79
29/05/24,1781795.88
30/05/24,1777066.05
31/05/24,1779503.47
03/06/24,1780674.26
04/06/24,1780401.38
05/06/24,1776429
06/06/24,1775931.41
07/06/24,1783184.26
10/06/24,1781415.71
11/06/24,1789142.76
12/06/24,1770756.97
13/06/24,1760181.59
14/06/24,1751828.94
17/06/24,1746740.73
18/06/24,1745415.96
19/06/24,1750903.53
20/06/24,1760434.8
21/06/24,1756710.67
24/06/24,1755500.56
25/06/24,1750075.66
26/06/24,1755814.69
27/06/24,1761163.01
28/06/24,1790011.56
01/07/24,1800956.09
02/07/24,1810921.43
03/07/24,1827176.14
04/07/24,1828972.41
05/07/24,1817467.86
08/07/24,1807983.51
09/07/24,1804672.23
10/07/24,1809751.8
11/07/24,1791017.01
12/07/24,1802436.88
15/07/24,1800677.5
16/07/24,1802402.44
17/07/24,1788876.2
18/07/24,1770166.74
19/07/24,1767148.6
22/07/24,1766383.76
23/07/24,1755528.09
24/07/24,1756946.75
25/07/24,1732702.58
26/07/24,1733694.58
29/07/24,1745590.64
30/07/24,1746828.39
31/07/24,1751486.9
01/08/24,1762346.14
02/08/24,1769986.39
05/08/24,1772366.51
06/08/24,1771632.32
07/08/24,1785726.79
08/08/24,1785742.1
09/08/24,1787610.26
12/08/24,1786791.5
13/08/24,1785579.05
14/08/24,1790249.99
15/08/24,1790594.26
16/08/24,1792193.75
19/08/24,1794322.92
20/08/24,1790504.72
21/08/24,1791387.41
22/08/24,1779747.43
23/08/24,1774062.52
26/08/24,1776614.64
27/08/24,1784626.89
28/08/24,1794479.34
29/08/24,1788412.27
30/08/24,1788291.71
02/09/24,1791116.12
03/09/24,1791036.17
04/09/24,1809528.46
05/09/24,1791406.36
06/09/24,1799658.38
09/09/24,1803117.87
10/09/24,1801240.47
11/09/24,1802162.9
12/09/24,1806364.69
13/09/24,1809907
17/09/24,1819650.68
18/09/24,1837681.44
19/09/24,1830144.18
20/09/24,1839179.12
23/09/24,1847756.53
24/09/24,1845994.49
25/09/24,1845004.75
26/09/24,1850649.03
27/09/24,1847925.65
30/09/24,1844567.81
02/10/24,1845134.51
03/10/24,1830857.21
04/10/24,1828812.4
07/10/24,1833548.65
08/10/24,1830797.16
09/10/24,1828324.92
10/10/24,1825902.26
11/10/24,1826213.4
14/10/24,1825249.89
15/10/24,1831112.65
16/10/24,1834104.25
17/10/24,1827559.96
18/10/24,1809585.19
21/10/24,1795366.07
22/10/24,1785485.97
23/10/24,1775393.53
24/10/24,1768151.21
25/10/24,1756579.51
28/10/24,1761453.61
29/10/24,1757696.77
30/10/24,1766723.08
31/10/24,1772984
01/11/24,1768677.93
04/11/24,1767497.13
05/11/24,1760439.54
06/11/24,1775848.63
07/11/24,1780693.68
08/11/24,1789034.49
11/11/24,1781278.24
12/11/24,1775904.11
13/11/24,1777721.93
14/11/24,1768909.92
15/11/24,1769326.5
19/11/24,1763233.2
20/11/24,1756947.56
21/11/24,1760780.44
22/11/24,1755887.35
25/11/24,1749813.48
26/11/24,1750188.42
27/11/24,1749676.71
28/11/24,1738307.47
29/11/24,1762569.96
02/12/24,1773371.18
03/12/24,1767200.67
04/12/24,1769881.79
05/12/24,1764515.78
06/12/24,1774529.75
09/12/24,1773238.42
10/12/24,1764432.86
11/12/24,1749563.2
13/12/24,1762264.24
16/12/24,1792662.87
17/12/24,1810910.2
18/12/24,1822531.68
19/12/24,1823762.8
20/12/24,1822661.64
23/12/24,1824750.36
24/12/24,1826724.47
26/12/24,1824342.67
27/12/24,1830077.14
30/12/24,1829902.84
31/12/24,1832178.05
02/01/25,1827749.17
03/01/25,1828799.37
06/01/25,1835344.06
07/01/25,1832611.84
08/01/25,1827444.69
09/01/25,1831047.82
10/01/25,1832875.26
13/01/25,1820771.98
14/01/25,1824055.1
15/01/25,1820961.76
16/01/25,1816073.2
17/01/25,1807088.4
20/01/25,1805310.29
21/01/25,1807591.94
22/01/25,1789965.95
23/01/25,1783481.23
24/01/25,1786296.8
27/01/25,1780692.98
28/01/25,1775650.11
29/01/25,1781829.67
30/01/25,1797038.66
31/01/25,1802946.54
04/02/25,1808816.57
05/02/25,1810069.1
06/02/25,1814163.93
07/02/25,1814379.25
10/02/25,1822035.71
11/02/25,1823331.85
12/02/25,1829635.46
13/02/25,1825537.86
14/02/25,1817710.52
17/02/25,1819246.14
18/02/25,1826844.7
19/02/25,1827729.57
20/02/25,1832190
21/02/25,1833786.57
24/02/25,1830080.53
25/02/25,1841359.77
26/02/25,1844353.55
27/02/25,1856927.16
28/02/25,1852012.93
03/03/25,1862280.58
04/03/25,1862608.3
05/03/25,1852447.53
06/03/25,1832116.28
07/03/25,1836828.34
10/03/25,1848694.93
11/03/25,1857005.99
12/03/25,1863811.02
13/03/25,1871458.12
14/03/25,1878288.11
18/03/25,1863602.96
19/03/25,1862062.07
20/03/25,1859994.04
21/03/25,1859033.7
24/03/25,1858203.17
25/03/25,1853981.13
26/03/25,1855502.95
27/03/25,1852497.21
28/03/25,1860782.55
31/03/25,1869280.17
01/04/25,1868165.64
02/04/25,1865164.69
03/04/25,1857511.12
04/04/25,1860131.67
07/04/25,1869912.91
08/04/25,1875102.77
09/04/25,1867379.4
10/04/25,1853828.41
11/04/25,1827415.68
14/04/25,1815021.48
15/04/25,1810683.9
16/04/25,1811036.4
21/04/25,1820395.21
22/04/25,1833420.27
23/04/25,1837373.88
24/04/25,1833624.39
25/04/25,1832249.14
28/04/25,1841052.5
29/04/25,1844787.13
30/04/25,1841437.86
02/05/25,1832888.23
05/05/25,1818003.02
06/05/25,1813570.1
07/05/25,1812836.42
08/05/25,1820581.47
09/05/25,1831228.16
12/05/25,1826316.23
13/05/25,1825269.29
14/05/25,1819531.01
15/05/25,1804456.71
16/05/25,1789592.39
19/05/25,1785924.39
20/05/25,1777701.33
21/05/25,1771388.98
22/05/25,1754172.37
23/05/25,1761958.41
26/05/25,1762628.99
27/05/25,1770796.91
28/05/25,1770276.99
29/05/25,1769038.49
30/05/25,1795005.05
02/06/25,1764079.84
03/06/25,1750990.2
04/06/25,1750120.98
05/06/25,1768862.41
06/06/25,1782290.82
09/06/25,1787125.21
10/06/25,1787839.19
11/06/25,1800306.32
12/06/25,1786023.39
13/06/25,1783540.8
16/06/25,1785916.27
17/06/25,1793293.02
18/06/25,1792696.66
19/06/25,1790473.87
20/06/25,1790224.49
23/06/25,1786675.69
24/06/25,1791827.99
25/06/25,1788259.45
26/06/25,1781842.21
27/06/25,1785543.86
30/06/25,1790021.44
01/07/25,1795211.88
02/07/25,1804604.71
03/07/25,1810770.14
04/07/25,1812241.56
07/07/25,1815172.77
08/07/25,1804794.92
09/07/25,1795996.02
10/07/25,1778834.76
11/07/25,1776229.66
14/07/25,1769565.59
15/07/25,1762041.03
16/07/25,1757944.45
17/07/25,1768263.46
18/07/25,1767330.82
21/07/25,1770805.64
22/07/25,1766562.5
23/07/25,1764197.58
24/07/25,1758699.19
25/07/25,1756136.16
28/07/25,1759730.26
29/07/25,1759253.16
30/07/25,1762732.74
31/07/25,1780947.07
01/08/25,1780339.73
04/08/25,1779975.99
05/08/25,1787967.99
06/08/25,1791541.53
07/08/25,1789110.77
08/08/25,1794087.09
11/08/25,1790810.97
12/08/25,1789793.69
13/08/25,1787288.13
14/08/25,1786435.31
15/08/25,1791484.68
18/08/25,1773770.03
19/08/25,1770514.24
20/08/25,1760693.41
21/08/25,1758649.97
22/08/25,1748505.67
25/08/25,1760553.68
26/08/25,1763133.58
27/08/25,1764125.88
28/08/25,1774420.81
29/08/25,1770096.69
01/09/25,1767504.08
02/09/25,1767127.48
03/09/25,1759827
04/09/25,1759411.92
05/09/25,1768678.26
08/09/25,1758650.18
09/09/25,1755843.68
10/09/25,1747654.15
11/09/25,1762398.49
12/09/25,1753767.23
15/09/25,1760469.32
17/09/25,1770965.96
18/09/25,1758506.67
19/09/25,1750893.62
22/09/25,1751295.01
23/09/25,1751781.04
24/09/25,1750975.22
25/09/25,1756150.23
26/09/25,1754919.36
29/09/25,1758326.27
30/09/25,1745055.8
01/10/25,1737676.15
02/10/25,1733340.8
03/10/25,1730609.6
06/10/25,1739721.35
07/10/25,1728616.92
08/10/25,1722420.42
09/10/25,1714376.15
10/10/25,1716064.67
13/10/25,1723316.35
14/10/25,1719861.02
15/10/25,1714502.25
16/10/25,1708852.35
17/10/25,1709761.25
20/10/25,1712088.51
21/10/25,1709952.21
22/10/25,1712914.01
23/10/25,1711667.92
24/10/25,1699997.88
27/10/25,1710312.52
28/10/25,1698115.79
29/10/25,1692930.4
30/10/25,1698897.77
31/10/25,1701414.63
03/11/25,1698410.62
04/11/25,1709932.04
05/11/25,1708422.25
06/11/25,1711992.53
07/11/25,1726694.27
10/11/25,1718172.4
11/11/25,1713378.36
12/11/25,1720473.34
13/11/25,1696685.77
14/11/25,1697573.54
18/11/25,1684592
19/11/25,1686140
20/11/25,1691090.75
21/11/25,1691020.35
24/11/25,1702392.93
25/11/25,1691841.62
26/11/25,1692797.5
27/11/25,1698360.13
28/11/25,1696245.97
01/12/25,1693132.03
02/12/25,1693077.28
03/12/25,1687737.77
04/12/25,1692409.27
05/12/25,1697431.69
08/12/25,1702361.91
09/12/25,1712005.28
10/12/25,1710144.97
11/12/25,1735863.76
15/12/25,1728857.74
16/12/25,1722639.18
17/12/25,1720257.6
18/12/25,1724976.63
19/12/25,1729744.71
22/12/25,1720285.95
23/12/25,1728315.3
24/12/25,1716669.52
26/12/25,1722012.7
29/12/25,1729595.79
30/12/25,1738131.61
31/12/25,1739824.42
02/01/26,1739258.21
05/01/26,1740123.64
06/01/26,1746591.39
07/01/26,1758590.52
08/01/26,1763900.02
09/01/26,1744957.52
12/01/26,1747481.14
13/01/26,1744493.6
14/01/26,1747962.07
15/01/26,1759833.73
16/01/26,1763100.29
19/01/26,1775492.61
20/01/26,1763282.54
21/01/26,1769023
22/01/26,1764138.79
23/01/26,1758833.48
26/01/26,1766001.43
27/01/26,1763007.27
28/01/26,1774342.41
29/01/26,1772774.48
30/01/26,1770244.61
03/02/26,1769262.04
04/02/26,1770020.72
05/02/26,1767510.78
06/02/26,1765267.8
09/02/26,1785434.46
10/02/26,1797109.56
11/02/26,1803676.8
12/02/26,1812684.94
13/02/26,1809830.8
16/02/26,1811014.5
17/02/26,1808012.47
18/02/26,1808719.43
19/02/26,1796195.96
20/02/26,1798023.99
23/02/26,1794934.37
24/02/26,1798475.87
25/02/26,1805456.68
26/02/26,1808724.32
27/02/26,1806691.11
02/03/26,1813611.09
03/03/26,1811129.88
04/03/26,1797662.04
05/03/26,1762373.27
06/03/26,1753143.65
09/03/26,1784480.17
10/03/26,1780436.6