Fecha,Cierre,Apertura,Máximo,Mínimo,% var.
10/04/26,90.69,90.69,90.69,90.69,1.68%
09/04/26,89.19,89.19,89.36,89.19,-7.24%
08/04/26,96.16,96.16,96.16,91.19,-7.53%
07/04/26,103.99,103.99,103.99,103.65,-0.64%
06/04/26,104.65,104.65,104.65,103.65,-0.48%
03/04/26,105.15,105.15,105.15,105.15,0.16%
02/04/26,104.99,104.99,104.99,104.99,-0.14%
01/04/26,105.13,105.13,105.13,102.99,-4.68%
31/03/26,110.29,110.29,110.29,109.3,-1.50%
30/03/26,111.97,111.97,113.79,111.97,3.07%
27/03/26,108.64,108.64,110.47,108.64,3.97%
26/03/26,104.49,104.49,107.64,104.49,0.33%
25/03/26,104.14,104.14,104.14,103.49,-2.35%
24/03/26,106.65,106.65,106.82,106.65,0.01%
23/03/26,106.64,106.64,106.64,106.31,-1.27%
20/03/26,108.01,108.01,110.31,108.01,9.09%
19.03.2026,99.01,99.01,99.01,99.01,2.24%
18.03.2026,96.84,96.84,99.67,96.84,-1.35%
17.03.2026,98.17,98.17,98.17,96.68,-0.84%
16.03.2026,99,99,99.83,99,2.40%
13.03.2026,96.68,96.68,98.17,96.68,4.87%
12.03.2026,92.19,92.19,94.01,92.19,3.16%
11.03.2026,89.37,89.37,89.86,89.37,-1.08%
10.03.2026,90.35,90.35,90.35,88.7,-3.73%
09.03.2026,93.85,93.85,93.85,92.01,1.43%
06.03.2026,92.53,92.53,93.85,92.53,5.70%
05.03.2026,87.54,87.54,89.19,87.54,-0.73%
04.03.2026,88.19,88.19,88.19,87.2,-4.86%
03.03.2026,92.69,92.69,92.69,89.85,4.11%
02.03.2026,89.03,89.03,89.35,89.03,0.56%
27.02.2026,88.53,88.53,89.37,88.53,1.72%
26.02.2026,87.04,87.04,87.7,87.04,0.00%
25.02.2026,87.04,87.04,87.04,86.87,0.00%
24.02.2026,87.04,87.04,87.37,87.04,0.38%
23.02.2026,86.71,86.71,86.71,86.37,-0.19%
20.02.2026,86.87,86.87,86.87,86.21,-0.77%
19.02.2026,87.54,87.54,87.87,87.54,1.16%
18.02.2026,86.53,86.53,86.53,86.2,-1.89%
17.02.2026,88.2,88.2,88.2,87.03,-0.19%
16.02.2026,88.37,88.37,88.37,88.2,1.14%
13.02.2026,87.37,87.37,88.37,87.37,-0.38%
12.02.2026,87.7,87.7,88.04,87.7,0.00%
11.02.2026,87.71,87.71,88.03,87.71,1.15%
10.02.2026,86.7,86.7,86.88,86.7,0.20%
09.02.2026,86.53,86.53,86.56,86.53,-3.70%
06.02.2026,89.86,89.86,89.86,87.36,-1.82%
05.02.2026,91.53,91.53,91.69,91.53,1.28%
04.02.2026,90.36,90.36,90.53,90.36,1.87%
03.02.2026,88.7,88.7,90.36,88.7,0.38%
02.02.2026,88.37,88.37,88.7,88.37,0.19%
30.01.2026,88.2,88.2,88.7,88.2,-0.93%
29.01.2026,89.03,89.03,89.03,87.71,0.00%
28.01.2026,89.03,89.03,89.03,88.7,0.19%
27.01.2026,88.87,88.87,88.87,88.7,-0.37%
26.01.2026,89.2,89.2,89.2,89.2,0.37%
23.01.2026,88.87,88.87,89.53,88.87,0.19%
22.01.2026,88.7,88.7,89.03,88.7,-1.84%
21.01.2026,90.36,90.36,90.36,89.53,-1.27%
20.01.2026,91.53,91.53,91.53,91.03,0.36%
19.01.2026,91.19,91.19,91.36,91.19,0.00%
16.01.2026,91.2,91.2,91.2,90.69,0.56%
15.01.2026,90.69,90.69,90.69,90.19,-1.90%
14.01.2026,92.45,92.45,92.52,92.45,1.93%
13.01.2026,90.7,90.7,91.45,90.7,1.30%
12.01.2026,89.53,89.53,89.69,89.53,-0.73%
09.01.2026,90.19,90.19,90.19,89.7,-0.56%
08.01.2026,90.7,90.7,91.19,90.7,1.49%
07.01.2026,89.37,89.37,91.2,89.37,-0.36%
06.01.2026,89.69,89.69,89.69,88.37,-2.28%
05.01.2026,91.78,91.78,92.03,91.78,1.19%
02.01.2026,90.7,90.7,90.95,90.7,0.37%
01.01.2026,90.37,90.37,90.37,90.37,-0.36%
31.12.2025,90.69,90.69,90.69,90.36,0.19%
30.12.2025,90.53,90.53,90.53,90.36,0.00%
29.12.2025,90.53,90.53,90.53,90.53,0.00%
26.12.2025,90.53,90.53,90.53,90.53,0.00%
25.12.2025,90.53,90.53,90.53,90.53,0.00%
24.12.2025,90.53,90.53,90.53,90.53,-0.37%
23.12.2025,90.86,90.86,90.86,90.52,-0.18%
22.12.2025,91.03,91.03,91.03,90.53,-0.54%
19.12.2025,91.52,91.52,91.69,91.52,-0.72%
18.12.2025,92.19,92.19,92.19,92.19,-0.54%
17.12.2025,92.69,92.69,92.86,92.69,1.09%
16.12.2025,91.69,91.69,92.19,91.69,-0.36%
15.12.2025,92.03,92.03,92.03,92.03,-0.71%
12.12.2025,92.69,92.69,92.69,91.69,-2.10%
11.12.2025,94.68,94.68,94.68,93.35,-1.90%
10.12.2025,96.51,96.51,96.51,94.85,1.22%
09.12.2025,95.35,95.35,96.35,95.35,1.41%
08.12.2025,94.02,94.02,94.51,94.02,1.08%
05.12.2025,93.02,93.02,93.35,93.02,-0.36%
04.12.2025,93.36,93.36,93.36,93.35,0.91%
03.12.2025,92.52,92.52,92.52,91.69,-2.11%
02.12.2025,94.51,94.51,94.51,94.18,-2.91%
01.12.2025,97.34,97.34,97.34,95.84,-0.51%
28.11.2025,97.84,97.84,97.84,97.67,0.00%
27.11.2025,97.84,97.84,97.84,97.84,-0.84%
26.11.2025,98.66,98.66,98.66,97.84,-2.31%
25.11.2025,101,101,101,100.33,-0.65%
24.11.2025,101.65,101.65,101.65,100.33,-0.66%
21.11.2025,102.33,102.33,102.49,102.33,3.19%
20.11.2025,99.17,99.17,102,99.17,-0.99%
19.11.2025,100.16,100.16,100.16,100,-1.16%
18.11.2025,101.34,101.34,101.34,101.16,3.05%
17.11.2025,98.34,98.34,100.34,98.34,-0.17%
14.11.2025,98.51,98.51,98.51,98.01,1.89%
13.11.2025,96.68,96.68,98.35,96.68,1.58%
12.11.2025,95.18,95.18,96.35,95.18,-0.69%
11.11.2025,95.85,95.85,95.85,95.68,-2.19%
10.11.2025,97.99,97.99,97.99,95.86,-1.20%
07.11.2025,99.18,99.18,99.99,99.18,2.76%
06.11.2025,96.52,96.52,97.51,96.52,2.65%
05.11.2025,94.02,94.02,95.02,94.02,0.53%
04.11.2025,93.53,93.53,94.35,93.53,1.45%
03.11.2025,92.19,92.19,92.19,91.69,0.18%
31.10.2025,92.03,92.03,92.36,92.03,-0.71%
30.10.2025,92.69,92.69,92.86,92.69,2.76%
29.10.2025,90.2,90.2,92.19,90.2,0.19%
28.10.2025,90.03,90.03,90.03,89.87,0.93%
27.10.2025,89.2,89.2,89.2,88.7,-4.79%
24.10.2025,93.68,93.68,93.68,92.53,-1.14%
23.10.2025,94.76,94.76,94.76,94.18,-0.52%
22.10.2025,95.26,94.36,95.26,94.36,3.14%
21.10.2025,92.36,93.35,93.35,92.36,-2.62%
20.10.2025,94.85,95.68,95.68,94.85,-2.06%
17.10.2025,96.84,97.01,97.01,96.84,-0.86%
16.10.2025,97.68,94.52,97.68,94.52,3.71%
15.10.2025,94.19,94.18,94.19,94.18,-2.57%
14.10.2025,96.68,97.34,97.34,96.68,-2.18%
13.10.2025,98.84,98.84,98.84,98.84,0.51%
10.10.2025,98.34,94.54,98.34,94.54,10.44%
09.10.2025,89.04,88.38,89.04,88.38,2.29%
08.10.2025,87.04,87.54,87.54,87.04,-1.13%
07.10.2025,88.04,88.2,88.2,88.04,1.16%
06.10.2025,87.04,88.04,88.04,87.04,-1.32%
03.10.2025,88.2,88.7,88.7,88.2,-1.12%
02.10.2025,89.2,89.87,89.87,89.2,-1.29%
01.10.2025,90.37,90.53,90.53,90.37,-0.55%
30.09.2025,90.87,91.53,91.53,90.87,-0.54%
29.09.2025,91.36,92.44,92.44,91.36,-2.22%
26.09.2025,93.44,93.52,93.52,93.44,-0.08%
25.09.2025,93.52,93.36,93.52,93.36,-0.89%
24.09.2025,94.36,92.69,94.36,92.69,1.80%
23.09.2025,92.69,92.85,92.85,92.69,-1.06%
22.09.2025,93.68,91.37,93.68,91.37,8.67%
19.09.2025,86.21,85.87,86.21,85.87,0.58%
18.09.2025,85.71,85.7,85.71,85.7,-0.96%
17.09.2025,86.54,87.2,87.2,86.54,-0.95%
16.09.2025,87.37,88.37,88.37,87.37,-0.38%
15.09.2025,87.7,87.37,87.7,87.37,-0.56%
12.09.2025,88.2,88.04,88.2,88.04,1.72%
11.09.2025,86.71,87.36,87.36,86.71,-3.51%
10.09.2025,89.86,91.68,91.68,89.86,-5.09%
09.09.2025,94.68,94.55,94.55,76.69,0.35%
08.09.2025,94.35,94.68,94.68,94.35,-1.39%
05.09.2025,95.68,95.18,95.68,95.18,0.53%
04.09.2025,95.18,96.67,96.67,95.18,-2.88%
03.09.2025,98.01,97.84,98.01,97.84,-0.17%
02.09.2025,98.17,97.93,98.17,97.93,1.98%
01.09.2025,96.26,96.26,96.26,96.26,-0.17%
29.08.2025,96.43,96.35,96.43,96.35,0.41%
28.08.2025,96.03,96.04,96.04,96.03,-0.01%
27.08.2025,96.04,96.04,96.04,96.04,0.00%
26.08.2025,96.04,95.04,96.04,95.04,1.05%
25.08.2025,95.04,95.05,95.05,95.04,-0.01%
22.08.2025,95.05,98.51,98.51,95.05,-3.51%
21.08.2025,98.51,98.51,98.51,98.51,0.00%
20.08.2025,98.51,97.52,98.51,97.52,1.02%
19.08.2025,97.52,97.52,97.52,97.52,0.00%
18.08.2025,97.52,96.53,97.52,96.53,1.03%
15.08.2025,96.53,96.52,96.53,96.52,0.01%
14.08.2025,96.52,96.04,96.52,96.04,0.50%
13.08.2025,96.04,99.01,99.01,96.04,-3.00%
12.08.2025,99.01,100.99,100.99,99.01,-1.96%
11.08.2025,100.99,102.97,102.97,100.99,-1.92%
08.08.2025,102.97,103.96,103.96,102.97,-0.95%
07.08.2025,103.96,107.43,107.43,103.96,-3.23%
06.08.2025,107.43,109.41,109.41,107.43,-1.81%
05.08.2025,109.41,108.91,109.41,108.91,0.46%
04.08.2025,108.91,111.33,111.33,108.91,-2.17%
01.08.2025,111.33,107.42,111.33,107.42,3.64%
31.07.2025,107.42,109.91,109.91,107.42,-2.27%
30.07.2025,109.91,110.88,110.88,109.91,-0.87%
29.07.2025,110.88,113.37,113.37,110.88,-2.20%
28.07.2025,113.37,113.37,113.37,113.37,0.00%
25.07.2025,113.37,111.89,113.37,111.89,1.32%
24.07.2025,111.89,115.36,115.36,111.89,-3.01%
23.07.2025,115.36,113.35,115.36,113.35,1.77%
22.07.2025,113.35,107.42,113.35,107.42,5.52%
21.07.2025,107.42,107.42,107.42,107.42,0.00%
18.07.2025,107.42,110.4,110.4,107.42,-2.70%
17.07.2025,110.4,107.41,110.4,107.41,2.78%
16.07.2025,107.41,103.96,107.41,103.96,3.32%
15.07.2025,103.96,104.45,104.45,103.96,-0.47%
14.07.2025,104.45,102.47,104.45,102.47,1.93%
11.07.2025,102.47,100.99,102.47,100.99,1.47%
10.07.2025,100.99,100.98,100.99,100.98,0.01%
09.07.2025,100.98,103.96,103.96,100.98,-2.87%
08.07.2025,103.96,103.96,103.96,103.96,0.00%
07.07.2025,103.96,100.98,103.96,100.98,2.95%
04.07.2025,100.98,100.99,100.99,100.98,-0.01%
03.07.2025,100.99,106.43,106.43,100.99,-5.11%
02.07.2025,106.43,106.43,106.43,106.43,0.00%
01.07.2025,106.43,106.92,106.92,106.43,-0.46%
30.06.2025,106.92,108.41,108.41,106.92,-1.37%
27.06.2025,108.41,105.93,108.41,105.93,2.34%
26.06.2025,105.93,104.94,105.93,104.94,0.94%
25.06.2025,104.94,104.94,104.94,104.94,0.00%
24.06.2025,104.94,107.9,107.9,104.94,-2.74%
23.06.2025,107.9,107.41,107.9,107.41,0.46%
20.06.2025,107.41,108.9,108.9,107.41,-1.37%
19.06.2025,108.9,107.42,108.9,107.42,1.38%
18.06.2025,107.42,105.43,107.42,105.43,1.89%
17.06.2025,105.43,105.44,105.44,105.43,-0.01%
16.06.2025,105.44,107.92,107.92,105.44,-2.30%
13.06.2025,107.92,106.92,107.92,106.92,0.94%
12.06.2025,106.92,110.37,110.37,106.92,-3.13%
11.06.2025,110.37,113.36,113.36,110.37,-2.64%
10.06.2025,113.36,113.84,113.84,113.36,-0.42%
09.06.2025,113.84,115.38,115.38,113.84,-1.33%
06.06.2025,115.38,115.85,115.85,115.38,-0.41%
05.06.2025,115.85,114.81,115.85,114.81,0.91%
04.06.2025,114.81,115.84,115.84,114.81,-0.89%
03.06.2025,115.84,116.84,116.84,115.84,-0.86%
02.06.2025,116.84,119.77,119.77,116.84,-2.45%
30.05.2025,119.77,120.26,120.26,119.77,-0.41%
29.05.2025,120.26,120.79,120.79,120.26,-0.44%
28.05.2025,120.79,119.77,120.79,119.77,0.85%
27.05.2025,119.77,122.75,122.75,119.77,-2.43%
26.05.2025,122.75,122.73,122.75,122.73,0.02%
23.05.2025,122.73,121.25,122.73,121.25,1.22%
22.05.2025,121.25,119.31,121.25,119.31,1.63%
21.05.2025,119.31,118.79,119.31,118.79,0.44%
20.05.2025,118.79,120.26,120.26,118.79,-1.22%
19.05.2025,120.26,119.78,120.26,119.78,0.40%
16.05.2025,119.78,120.72,120.72,119.78,-0.78%
15.05.2025,120.72,117.32,120.72,117.32,2.90%
14.05.2025,117.32,119.78,119.78,117.32,-2.05%
13.05.2025,119.78,121.81,121.81,119.78,-1.67%
12.05.2025,121.81,135.57,135.57,121.81,-10.15%
09.05.2025,135.57,136.17,136.17,135.57,-0.44%
08.05.2025,136.17,137.53,137.53,136.17,-0.99%
07.05.2025,137.53,140.44,140.44,137.53,-2.07%
06.05.2025,140.44,140.02,140.44,140.02,0.30%
05.05.2025,140.02,140.13,140.13,140.02,-0.08%
02.05.2025,140.13,141.57,141.57,140.13,-1.02%
01.05.2025,141.57,139.46,141.57,139.46,1.51%
30.04.2025,139.46,137.98,139.46,137.98,1.07%
29.04.2025,137.98,138.95,138.95,137.98,-0.69%
28.04.2025,138.94,137.99,138.94,137.99,0.69%
25.04.2025,137.99,137.46,137.99,137.46,0.39%
24.04.2025,137.46,143.98,143.98,137.46,-4.53%
23.04.2025,143.98,150.38,150.38,143.98,-4.26%
22.04.2025,150.38,145.35,150.38,145.35,3.46%
21.04.2025,145.35,145.38,145.38,145.35,-0.02%
18.04.2025,145.38,145.38,145.38,145.38,0.00%
17.04.2025,145.38,149.75,149.75,145.38,-2.92%
16.04.2025,149.75,142.4,149.75,142.4,5.16%
15.04.2025,142.4,145.76,145.76,142.4,-2.31%
14.04.2025,145.76,150.44,150.44,145.76,-3.11%
11.04.2025,150.44,153.19,153.19,150.44,-1.80%
10.04.2025,153.19,142.69,153.19,142.69,7.36%
09.04.2025,142.69,159.06,159.06,142.69,-10.29%
08.04.2025,159.06,153.36,159.06,153.36,12.61%
03.04.2025,141.25,134.1,141.25,134.1,5.33%
02.04.2025,134.1,134.02,134.1,134.02,0.06%
01.04.2025,134.02,138.01,138.01,134.02,-2.89%
31.03.2025,138.01,136.92,138.01,136.92,0.80%
28.03.2025,136.92,133.56,136.92,133.56,2.52%
27.03.2025,133.56,134.56,134.56,133.56,-0.74%
26.03.2025,134.56,130.58,134.56,130.58,3.05%
25.03.2025,130.58,131.17,131.17,130.58,-0.45%
24.03.2025,131.17,137,137,131.17,-4.26%
21.03.2025,137,134.54,137,134.54,1.83%
20.03.2025,134.54,131.57,134.54,131.57,12.33%
19.03.2025,119.77,125.71,125.71,119.77,-4.73%
18.03.2025,125.71,126.73,126.73,125.71,-0.80%
17.03.2025,126.73,129.23,129.23,126.73,-1.93%
14.03.2025,129.23,130.15,130.15,129.23,-0.71%
13.03.2025,130.15,125.26,130.15,125.26,3.90%
12.03.2025,125.26,126.73,126.73,125.26,-1.16%
11.03.2025,126.73,126.16,126.73,126.16,0.45%
10.03.2025,126.16,122.78,126.16,122.78,2.75%
07.03.2025,122.78,121.26,122.78,121.26,1.25%
06.03.2025,121.26,121.81,121.81,121.26,-0.45%
05.03.2025,121.81,127.71,127.71,121.81,-4.62%
04.03.2025,127.71,120.29,127.71,120.29,6.17%
03.03.2025,120.29,122.72,122.72,120.29,-3.57%
28.02.2025,124.74,124.74,124.74,122.72,4.14%
27.02.2025,119.78,119.78,124.74,119.78,-2.39%
26.02.2025,122.71,122.71,122.71,119.78,0.78%
25.02.2025,121.76,121.76,122.71,121.76,0.44%
24.02.2025,121.23,121.23,121.76,121.23,2.05%
21.02.2025,118.79,118.79,121.23,118.79,0.00%
20.02.2025,118.79,118.79,118.79,118.79,0.81%
19.02.2025,117.83,117.83,118.79,117.83,0.44%
18.02.2025,117.31,117.31,117.83,117.31,0.02%
17.02.2025,117.29,117.29,117.31,117.29,-1.24%
14.02.2025,118.76,118.76,118.76,117.29,-0.07%
13.02.2025,118.84,118.84,118.84,118.76,-2.41%
12.02.2025,121.78,121.78,121.78,118.84,-1.58%
11.02.2025,123.73,123.73,123.73,121.78,-0.43%
10.02.2025,124.26,124.26,124.26,123.73,-1.16%
07.02.2025,125.72,125.72,125.72,124.26,0.04%
06.02.2025,125.67,125.67,125.72,125.67,-1.56%
05.02.2025,127.66,127.66,127.66,125.67,-2.30%
04.02.2025,130.67,130.67,130.67,127.66,2.72%
03.02.2025,127.21,127.21,130.67,127.21,-0.37%
31.01.2025,127.68,127.68,127.68,127.21,-0.80%
30.01.2025,128.71,128.71,128.71,127.68,0.41%
29.01.2025,128.19,128.19,128.71,128.19,0.83%
28.01.2025,127.14,127.14,128.19,127.14,5.72%
27.01.2025,120.26,120.26,127.14,120.26,0.00%
24.01.2025,120.26,121.26,121.26,120.26,-1.64%
23.01.2025,122.26,122.26,122.26,121.26,-3.49%
22.01.2025,126.68,126.68,126.68,122.26,2.39%
21.01.2025,123.72,123.72,126.68,123.72,-4.58%
20.01.2025,129.66,129.66,129.66,123.72,-1.47%
17.01.2025,131.59,131.59,131.59,129.66,3.14%
16.01.2025,127.59,127.59,131.59,127.59,-3.05%
15.01.2025,131.61,131.61,131.61,127.59,-1.86%
14.01.2025,134.1,134.1,134.1,131.61,-1.87%
13.01.2025,136.66,136.66,136.66,134.1,4.23%
10.01.2025,131.12,131.12,136.66,131.12,-0.74%
09.01.2025,132.1,132.1,132.1,131.12,0.72%
08.01.2025,131.15,131.15,132.1,131.15,0.38%
07.01.2025,130.65,130.65,131.15,130.65,-3.29%
06.01.2025,135.1,135.1,135.1,130.65,-1.77%
03.01.2025,137.53,137.53,137.53,135.1,-2.11%
02.01.2025,140.5,140.5,140.5,130.66,0.01%
01.01.2025,140.48,140.48,140.5,140.48,0.04%
31.12.2024,140.42,140.42,140.48,140.42,5.88%
30.12.2024,132.62,132.62,140.42,132.62,1.53%
27.12.2024,130.62,130.62,132.62,130.62,0.00%
26.12.2024,130.62,130.62,130.62,130.62,-0.02%
25.12.2024,130.64,130.64,130.64,130.62,-0.02%
24.12.2024,130.66,130.66,130.66,130.64,-0.34%
23.12.2024,131.1,131.1,131.1,130.66,-1.14%
20.12.2024,132.61,132.61,132.61,131.1,-2.27%
19.12.2024,135.69,135.69,135.69,132.61,7.52%
18.12.2024,126.2,126.2,135.69,126.2,2.40%
17.12.2024,123.24,123.24,126.2,123.24,2.45%
16.12.2024,120.29,120.29,123.24,120.29,1.25%
13.12.2024,118.8,118.8,120.29,118.8,1.70%
12.12.2024,116.81,116.81,118.8,116.81,-1.67%
11.12.2024,118.79,118.79,118.79,116.81,-0.83%
10.12.2024,119.78,119.78,119.78,118.79,0.44%
09.12.2024,119.25,119.25,119.78,119.25,-1.24%
06.12.2024,120.75,120.75,120.75,119.25,-2.37%
05.12.2024,123.68,123.68,123.68,120.75,-0.82%
04.12.2024,124.7,124.7,124.7,123.68,-0.01%
03.12.2024,124.71,124.71,124.71,124.7,1.23%
02.12.2024,123.2,123.2,124.71,123.2,-2.36%
29.11.2024,126.18,126.18,126.18,123.2,-1.12%
28.11.2024,127.61,126.18,126.18,126.18,0.73%
27.11.2024,126.68,126.68,127.61,126.68,2.45%
26.11.2024,123.65,123.65,126.68,123.65,-0.84%
25.11.2024,124.7,124.7,124.7,123.65,-0.01%
22.11.2024,124.71,124.71,124.71,124.7,0.01%
21.11.2024,124.7,124.7,124.71,124.7,2.04%
20.11.2024,122.21,122.21,124.7,122.21,-3.12%
19.11.2024,126.15,126.15,126.15,122.21,-0.39%
18.11.2024,126.64,126.64,126.64,126.15,1.56%
15.11.2024,124.69,124.69,126.64,124.69,0.02%
14.11.2024,124.66,124.66,124.69,124.66,-0.85%
13.11.2024,125.73,125.73,125.73,124.66,2.45%
12.11.2024,122.72,122.72,125.73,122.72,2.46%
11.11.2024,119.77,119.77,122.72,119.77,3.44%
08.11.2024,115.79,115.79,119.77,115.79,-5.63%
07.11.2024,122.7,122.7,122.7,115.77,-5.02%
06.11.2024,129.18,129.18,129.18,122.77,0.04%
05.11.2024,129.13,129.13,129.13,127.38,1.19%
04.11.2024,127.61,127.61,127.61,127.33,-0.04%
01.11.2024,127.66,127.66,127.66,127.38,2.36%
31.10.2024,124.72,124.72,127.35,124.72,3.31%
30.10.2024,120.72,120.72,124.72,120.72,0.80%
29.10.2024,119.76,119.76,120.72,119.76,0.00%
28.10.2024,119.76,119.76,119.76,119.76,0.03%
25.10.2024,119.73,119.73,119.76,119.73,-0.84%
24.10.2024,120.75,120.75,120.75,119.73,-2.00%
23.10.2024,123.21,123.21,123.21,120.75,-0.44%
22.10.2024,123.75,123.75,123.75,123.21,2.51%
21.10.2024,120.72,120.72,123.74,120.72,-0.84%
18.10.2024,121.74,121.74,121.74,120.72,-0.77%
17.10.2024,122.69,122.69,122.69,121.74,2.46%
16.10.2024,119.75,119.75,122.69,119.75,0.83%
15.10.2024,118.77,118.77,119.75,118.77,1.71%
14.10.2024,116.77,116.77,118.77,116.77,0.00%
11.10.2024,116.77,116.77,118.75,116.77,-0.03%
10.10.2024,116.81,113.83,117.76,113.83,-0.24%
09.10.2024,117.09,113.82,117.09,113.82,1.09%
08.10.2024,115.83,115.83,115.83,113.82,1.70%
07.10.2024,113.89,113.89,115.83,113.89,-4.88%
04.10.2024,119.73,119.73,119.73,113.89,0.00%
03.10.2024,119.73,119.73,122.63,119.73,0.00%
02.10.2024,119.73,119.73,119.73,116.8,0.01%
01.10.2024,119.72,119.72,119.73,119.72,0.00%
30.09.2024,119.72,119.72,119.72,114.78,0.79%
27.09.2024,118.78,118.78,119.72,118.78,-2.44%
26.09.2024,121.75,121.75,121.75,118.78,4.26%
25.09.2024,116.77,116.77,121.75,116.77,-0.85%
24.09.2024,117.77,117.77,117.77,116.77,0.00%
23.09.2024,117.77,117.77,117.77,114.21,14.38%
20.09.2024,102.96,102.96,117.77,102.96,-3.71%
19.09.2024,106.93,106.93,106.93,102.96,0.00%
18.09.2024,106.93,106.93,106.93,102.76,0.01%
17.09.2024,106.92,106.92,106.93,106.92,-0.91%
16.09.2024,107.9,107.9,107.9,106.92,-1.81%
13.09.2024,109.89,109.89,109.89,107.9,-1.78%
12.09.2024,111.88,111.88,111.88,109.89,-5.00%
11.09.2024,117.77,117.77,117.77,111.88,0.82%
10.09.2024,116.81,116.81,117.77,116.81,-2.46%
09.09.2024,119.75,119.75,119.75,116.81,1.66%
06.09.2024,117.8,117.8,119.75,117.8,0.88%
05.09.2024,116.77,116.77,117.8,116.77,-1.68%
04.09.2024,118.77,118.77,118.77,116.77,4.78%
03.09.2024,113.35,113.35,113.35,119.02,-0.01%
02.09.2024,113.36,113.36,113.36,113.35,1.33%
30.08.2024,111.87,111.87,113.36,106.9,3.19%
29.08.2024,108.41,108.41,111.87,108.41,3.31%
28.08.2024,104.94,104.94,108.41,104.94,1.91%
27.08.2024,102.97,102.97,104.94,102.97,-2.79%
26.08.2024,105.92,105.92,105.92,102.97,0.00%
23.08.2024,105.92,108.42,108.42,105.92,0.00%
22.08.2024,105.92,105.92,108.42,105.92,-0.92%
21.08.2024,106.9,106.9,106.9,105.92,1.87%
20.08.2024,104.94,104.94,106.9,104.94,-1.39%
19.08.2024,106.42,106.42,106.42,104.94,-1.40%
16.08.2024,107.93,107.93,107.93,106.42,-6.01%
15.08.2024,114.83,114.83,114.83,107.93,-2.49%
14.08.2024,117.76,117.76,117.76,114.83,0.84%
13.08.2024,116.78,116.78,116.78,116.78,1.71%
12.08.2024,114.82,114.82,116.78,114.82,-0.87%
09.08.2024,115.83,115.83,115.83,114.82,-5.64%
08.08.2024,122.75,122.75,122.75,115.83,-2.39%
07.08.2024,125.75,125.75,125.75,122.75,-0.74%
06.08.2024,126.69,126.69,126.69,125.75,5.87%
05.08.2024,119.66,119.66,126.69,119.66,6.05%
02.08.2024,112.83,112.83,119.66,112.83,3.63%
01.08.2024,108.88,108.88,112.83,108.88,-0.02%
31.07.2024,108.9,108.9,108.9,108.88,0.00%
30.07.2024,108.9,108.9,110.87,108.9,0.93%
29.07.2024,107.9,107.9,108.9,107.9,-1.81%
26.07.2024,109.89,109.89,109.89,107.9,0.01%
25.07.2024,109.88,109.88,109.89,109.88,3.73%
24.07.2024,105.93,105.93,109.88,105.93,0.00%
23.07.2024,105.93,105.93,105.93,105.93,-2.74%
22.07.2024,108.91,108.91,108.91,105.93,3.78%
19.07.2024,104.94,104.94,108.91,104.94,0.00%
18.07.2024,104.94,104.94,107.92,104.94,2.91%
17.07.2024,101.97,101.97,104.94,101.97,0.00%
16.07.2024,101.97,101.97,101.97,101.97,1.97%
15.07.2024,100,100,101.97,100,-1.93%
12.07.2024,101.97,101.97,101.97,100,0.98%
11.07.2024,100.98,100.98,101.97,100.98,-3.77%
10.07.2024,104.94,104.94,104.94,100.98,1.92%
09.07.2024,102.96,102.96,104.94,102.96,-0.94%
08.07.2024,103.94,103.94,103.94,102.96,-0.95%
05.07.2024,104.94,104.94,104.94,103.94,0.00%
04.07.2024,104.94,104.94,104.94,104.94,-2.74%
03.07.2024,107.9,107.9,107.9,104.94,-1.82%
02.07.2024,109.9,109.9,109.9,107.9,0.01%
01.07.2024,109.89,109.89,109.9,109.89,-1.76%
28.06.2024,111.86,111.86,111.86,109.89,-0.03%
27.06.2024,111.89,111.89,111.89,111.86,3.69%
26.06.2024,107.91,107.91,111.89,107.91,2.83%
25.06.2024,104.94,104.94,107.91,104.94,-0.93%
24.06.2024,105.93,105.93,105.93,104.94,-0.94%
21.06.2024,106.93,106.93,106.93,105.93,0.01%
20.06.2024,106.92,106.92,106.93,106.92,0.01%
19.06.2024,106.91,106.91,106.92,106.91,-4.45%
18.06.2024,111.89,111.89,111.89,106.91,1.83%
17.06.2024,109.88,109.88,111.89,109.88,-4.99%
14.06.2024,115.65,115.65,115.65,109.88,-22.49%
13.06.2024,149.21,149.21,149.21,108.88,33.40%
12.06.2024,111.85,111.85,115.79,111.85,4.61%
11.06.2024,106.92,106.92,111.85,106.92,-1.85%
10.06.2024,108.93,108.93,108.93,106.92,1.88%
07.06.2024,106.92,106.92,108.93,106.92,6.92%
06.06.2024,100,100,106.92,100,-3.34%
05.06.2024,103.46,103.46,103.46,100,1.46%
04.06.2024,101.97,101.97,103.46,101.97,8.41%
03.06.2024,94.06,94.06,101.97,94.06,-28.08%
31.05.2024,130.79,130.79,130.79,94.06,-0.01%
30.05.2024,130.8,130.8,130.8,92.08,40.55%
29.05.2024,93.06,93.06,94.05,93.06,-0.01%
28.05.2024,93.07,93.07,93.07,93.06,0.01%
27.05.2024,93.06,93.06,93.07,93.06,-0.52%
24.05.2024,93.55,93.55,93.55,93.06,3.84%
23.05.2024,90.09,90.09,93.55,90.09,2.24%
22.05.2024,88.12,88.12,90.09,88.12,-2.87%
21.05.2024,90.72,90.72,90.72,88.12,0.70%
20.05.2024,90.09,90.09,90.09,88.11,0.01%
17.05.2024,90.08,90.08,90.09,90.08,1.05%
16.05.2024,89.14,89.14,90.08,89.14,35.37%
15.05.2024,65.85,65.85,89.14,65.85,-29.99%
14.05.2024,94.06,94.06,94.06,94.06,0.01%
13.05.2024,94.05,94.05,94.06,94.05,1.05%
10.05.2024,93.07,93.07,94.05,93.07,1.09%
09.05.2024,92.07,92.07,93.07,92.07,1.08%
08.05.2024,91.09,91.09,92.07,91.09,0.00%
07.05.2024,91.09,91.09,91.09,91.09,-2.15%
06.05.2024,93.09,93.09,93.09,91.09,0.00%
03.05.2024,93.09,96.05,96.05,93.09,-3.08%
02.05.2024,96.05,99.01,99.01,96.05,-2.99%
01.05.2024,99.01,99,99.01,99,4.17%
30.04.2024,95.05,95.05,99,95.05,0.00%
29.04.2024,95.05,97.03,97.03,95.05,-3.02%
26.04.2024,98.01,98.01,98.01,97.03,3.13%
25.04.2024,95.04,95.04,98.01,95.04,-0.01%
24.04.2024,95.05,95.05,95.05,95.04,-3.03%
23.04.2024,98.02,98.02,98.02,95.05,-2.93%
22.04.2024,100.98,100.98,100.98,98.02,-0.98%
19.04.2024,101.98,101.98,101.98,100.98,0.99%
18.04.2024,100.98,100.98,101.98,100.98,-1.93%
17.04.2024,102.97,102.97,102.97,100.98,-1.89%
16.04.2024,104.95,104.95,104.95,102.97,2.92%
15.04.2024,101.97,101.97,104.95,101.97,5.09%
12.04.2024,97.03,97.03,101.97,97.03,2.12%
11.04.2024,95.02,95.02,97.03,95.02,4.30%
10.04.2024,91.1,91.1,95.02,91.1,-1.05%
09.04.2024,92.07,92.07,92.07,91.1,-3.13%
08.04.2024,95.04,95.04,95.04,92.07,-1.04%
05.04.2024,96.04,96.04,96.04,95.04,2.11%
04.04.2024,94.06,94.06,96.04,94.06,-2.06%
03.04.2024,96.04,96.04,96.04,94.06,1.05%
02.04.2024,95.04,95.04,96.04,95.04,3.21%
01.04.2024,92.08,92.08,95.04,92.08,0.01%
29.03.2024,92.07,92.07,92.08,92.07,-1.07%
28.03.2024,93.07,93.07,93.07,92.07,1.08%
27.03.2024,92.08,92.08,93.07,92.08,0.01%
26.03.2024,92.07,92.07,92.08,92.07,-1.09%
25.03.2024,93.08,93.08,93.08,92.07,4.46%
22.03.2024,89.11,89.11,93.08,89.11,-3.24%
21.03.2024,92.09,92.09,92.09,89.11,9.44%
20.03.2024,84.15,84.15,92.09,84.15,-1.14%
19.03.2024,85.12,85.12,85.12,84.15,0.01%
18.03.2024,85.11,85.11,85.12,85.11,2.41%
15.03.2024,83.11,83.11,85.11,83.11,4.99%
14.03.2024,79.16,79.16,83.11,79.16,-2.44%
13.03.2024,81.14,81.14,81.14,79.16,-4.68%
12.03.2024,85.12,85.12,85.12,81.14,-1.17%
11.03.2024,86.13,86.13,86.13,85.12,1.15%
08.03.2024,85.15,85.15,86.13,85.15,-1.13%
07.03.2024,86.12,86.12,86.12,85.15,1.13%
06.03.2024,85.16,85.16,86.12,85.16,2.43%
05.03.2024,83.14,83.14,85.16,83.14,-0.06%
04.03.2024,83.19,83.19,83.19,83.14,-1.15%
01.03.2024,84.16,84.16,84.16,83.19,0.00%
29.02.2024,84.16,87.13,87.13,84.16,-3.41%
28.02.2024,87.13,87.11,87.13,87.11,0.02%
27.02.2024,87.11,84.14,87.11,84.14,6.00%
26.02.2024,82.18,82.18,84.14,82.18,-3.47%
23.02.2024,85.13,85.13,85.13,82.18,0.00%
22.02.2024,85.13,91.08,91.08,85.13,-6.53%
21.02.2024,91.08,92.08,92.08,91.08,-1.09%
20.02.2024,92.08,88.12,92.08,88.12,4.52%
19.02.2024,88.1,88.1,88.12,88.1,-1.13%
16.02.2024,89.11,89.11,89.11,88.1,-2.18%
15.02.2024,91.1,91.1,91.1,89.11,0.00%
14.02.2024,91.1,92.04,92.04,91.1,1.11%
13.02.2024,90.1,90.1,92.04,90.1,1.12%
12.02.2024,89.1,89.1,90.1,89.1,0.00%
09.02.2024,89.1,89.1,89.1,89.1,2.27%
08.02.2024,87.12,87.12,89.1,87.12,-1.16%
07.02.2024,88.14,88.14,88.14,87.12,-2.15%
06.02.2024,90.08,90.08,90.08,88.14,3.46%
05.02.2024,87.07,87.07,90.08,87.07,-1.21%
02.02.2024,88.14,88.14,88.14,87.07,-2.21%
01.02.2024,90.13,90.13,90.13,88.14,3.45%
31.01.2024,87.12,87.12,90.13,87.12,-1.16%
30.01.2024,88.14,88.14,88.14,87.12,-2.16%
29.01.2024,90.09,90.09,90.09,88.14,-2.17%
26.01.2024,92.09,92.09,92.09,90.09,-2.08%
25.01.2024,94.05,94.05,94.05,92.09,-1.05%
24.01.2024,95.05,95.05,95.05,94.05,2.13%
23.01.2024,93.07,93.07,95.05,93.07,0.01%
22.01.2024,93.06,93.06,93.07,93.06,-1.06%
19.01.2024,94.06,94.06,94.06,93.06,0.02%
18.01.2024,94.04,94.04,94.06,94.04,3.26%
17.01.2024,91.07,91.07,94.04,91.07,3.35%
16.01.2024,88.12,88.12,91.07,88.12,-0.02%
15.01.2024,88.14,88.14,88.14,88.12,-2.21%
12.01.2024,90.13,90.13,90.13,88.14,0.02%
11.01.2024,90.11,90.11,90.13,90.11,-4.20%
10.01.2024,94.06,94.06,94.06,90.11,-2.06%
09.01.2024,96.04,96.04,96.04,94.06,-3.00%
08.01.2024,99.01,99.01,99.01,96.04,-1.96%
05.01.2024,100.99,100.99,100.99,99.01,0.99%
04.01.2024,100,100,100.99,100,4.13%
03.01.2024,96.03,96.03,100,96.03,8.96%
02.01.2024,88.13,88.13,96.03,88.13,0.00%
01.01.2024,88.13,88.13,88.13,88.13,-2.18%
29.12.2023,90.09,90.09,90.09,88.13,-0.04%
28.12.2023,90.13,90.13,90.13,90.09,0.03%
27.12.2023,90.1,90.1,90.13,90.1,-0.01%
26.12.2023,90.11,90.11,90.11,90.1,0.00%
25.12.2023,90.11,90.11,90.11,90.11,0.00%
22.12.2023,90.11,91.1,91.1,90.11,-1.10%
21.12.2023,91.11,91.11,91.11,91.1,0.01%
20.12.2023,91.1,91.1,91.11,91.1,1.11%
19.12.2023,90.1,90.1,91.1,90.1,1.12%
18.12.2023,89.1,89.1,90.1,89.1,1.08%
15.12.2023,88.15,88.15,89.1,88.15,-4.32%
14.12.2023,92.13,92.13,92.13,88.15,-4.07%
13.12.2023,96.04,96.04,96.04,92.13,1.04%
12.12.2023,95.05,95.05,96.04,95.05,-2.03%
11.12.2023,97.02,97.02,97.02,95.05,-1.02%
08.12.2023,98.02,98.02,98.02,97.02,-1.00%
07.12.2023,99.01,99.01,99.01,98.02,1.01%
06.12.2023,98.02,98.02,99.01,98.02,1.03%
05.12.2023,97.02,97.02,98.02,97.02,-6.67%
04.12.2023,103.95,103.95,103.95,97.02,5.00%
01.12.2023,99,99,99,96.05,3.07%
30.11.2023,96.05,96.05,99,96.05,-1.02%
29.11.2023,97.04,97.04,97.04,96.05,0.01%
28.11.2023,97.03,97.03,97.04,97.03,-1.01%
27.11.2023,98.02,98.02,98.02,97.03,0.00%
24.11.2023,98.02,98.02,98.02,98.02,0.00%
23.11.2023,98.02,98.02,98.02,98.02,2.05%
22.11.2023,96.05,96.05,98.02,96.05,0.01%
21.11.2023,96.04,96.04,96.05,96.04,-2.02%
20.11.2023,98.02,98.02,98.02,97.03,-1.98%
17.11.2023,100,100,100,98.02,-0.98%
16.11.2023,100.99,100.99,100.99,100,0.01%
15.11.2023,100.98,100.98,100.99,100.98,-5.55%
14.11.2023,106.91,106.91,106.91,100.98,0.93%
13.11.2023,105.92,105.92,106.91,105.92,0.00%
10.11.2023,105.92,108.91,108.91,105.92,-0.93%
09.11.2023,106.91,106.91,108.91,106.91,0.01%
08.11.2023,106.9,106.9,106.91,106.9,-0.94%
07.11.2023,107.91,107.91,107.91,106.9,4.82%
06.11.2023,102.95,102.95,107.91,102.95,-4.58%
03.11.2023,107.89,107.89,119.73,107.89,0.00%
02.11.2023,107.89,115.73,115.73,107.89,-11.35%
01.11.2023,121.71,121.71,121.71,115.73,-1.60%
31.10.2023,123.69,123.69,123.69,121.71,-4.53%
30.10.2023,129.56,129.56,129.56,123.69,0.03%
27.10.2023,129.52,129.52,129.56,129.52,-0.09%
26.10.2023,129.64,129.64,129.64,129.52,1.57%
25.10.2023,127.63,127.63,129.64,127.63,-2.23%
24.10.2023,130.54,130.54,130.54,129.24,-2.90%
23.10.2023,134.44,134.44,134.44,130.54,-0.44%
20.10.2023,135.04,132.53,135.04,132.53,4.99%
19.10.2023,128.62,128.62,132.53,128.62,0.00%
18.10.2023,128.62,128.62,128.62,128.62,3.98%
17.10.2023,123.7,123.7,130.15,123.7,-2.29%
16.10.2023,126.6,123.7,123.7,123.7,2.34%
13.10.2023,123.71,123.71,126.6,123.71,2.49%
12.10.2023,120.7,120.7,122.73,120.7,-2.34%
11.10.2023,123.59,123.59,123.59,120.7,-5.26%
10.10.2023,130.45,130.45,130.45,123.59,-0.12%
09.10.2023,130.61,130.61,130.61,130.45,-2.87%
06.10.2023,134.47,134.47,134.47,130.61,0.03%
05.10.2023,134.43,134.43,134.47,134.43,-2.94%
04.10.2023,138.5,138.5,138.5,134.43,8.55%
03.10.2023,127.59,130.66,130.66,127.59,-0.79%
02.10.2023,128.61,128.61,130.66,128.61,0.00%
29.09.2023,128.61,127.59,128.61,127.59,-0.80%
28.09.2023,129.65,129.65,129.65,127.59,2.38%
27.09.2023,126.64,126.64,129.65,126.64,3.19%
26.09.2023,122.72,122.72,126.64,122.72,0.03%
25.09.2023,122.68,122.68,122.72,122.68,-1.61%
22.09.2023,124.69,124.69,124.69,122.68,2.42%
21.09.2023,121.74,121.74,124.69,121.74,14.91%
20.09.2023,105.94,105.94,116.75,105.94,-0.92%
19.09.2023,106.92,106.92,106.92,106.92,0.93%
18.09.2023,105.93,105.93,106.92,105.93,1.90%
15.09.2023,103.95,103.95,105.93,103.95,-1.87%
14.09.2023,105.93,105.93,105.93,103.95,-1.83%
13.09.2023,107.91,107.91,107.91,107.91,4.81%
12.09.2023,102.96,102.96,107.91,102.96,1.96%
11.09.2023,100.98,100.98,102.96,100.98,-1.92%
08.09.2023,102.96,102.96,102.96,100.98,-0.01%
07.09.2023,102.97,102.97,102.97,102.96,1.96%
06.09.2023,100.99,100.99,102.97,100.99,3.03%
05.09.2023,98.02,98.02,100.99,98.02,0.00%
04.09.2023,98.02,98.02,98.02,98.02,-1.98%
01.09.2023,100,100,100,98.02,2.02%
31.08.2023,98.02,98.02,100,98.02,1.01%
30.08.2023,97.04,97.04,98.02,97.04,-1.99%
29.08.2023,99.01,99.01,99.01,97.04,-5.65%
28.08.2023,104.94,104.94,104.94,99.01,-2.75%
25.08.2023,107.91,107.91,107.91,104.94,1.89%
24.08.2023,105.91,105.91,107.91,105.91,-3.62%
23.08.2023,109.89,109.89,109.89,105.91,-1.78%
22.08.2023,111.88,111.88,111.88,109.89,-0.85%
21.08.2023,112.84,112.84,112.84,111.88,0.00%
18.08.2023,112.84,112.85,112.85,112.84,2.68%
17.08.2023,109.89,109.89,112.85,109.89,0.01%
16.08.2023,109.88,109.88,109.89,109.88,4.71%
15.08.2023,104.94,104.94,109.88,104.94,1.92%
14.08.2023,102.96,102.96,104.94,102.96,0.00%
11.08.2023,102.96,102.96,102.96,102.96,-0.95%
10.08.2023,103.95,103.95,103.95,102.97,0.01%
09.08.2023,103.94,103.94,103.95,103.94,-0.01%
08.08.2023,103.95,103.95,103.95,103.94,-0.92%
07.08.2023,104.92,104.92,104.92,103.95,-2.77%
04.08.2023,107.91,107.91,107.91,104.92,0.01%
03.08.2023,107.9,107.9,107.91,107.9,4.80%
02.08.2023,102.96,102.96,107.9,102.96,2.96%
01.08.2023,100,100,102.96,100,1.00%
31.07.2023,99.01,99.01,99.87,99.01,-4.76%
28.07.2023,103.96,103.96,103.96,101.14,1.95%
27.07.2023,101.97,101.97,103.35,101.97,-2.83%
26.07.2023,104.94,104.94,104.94,102.26,5.99%
25.07.2023,99.01,99.01,102.33,99.01,-1.95%
24.07.2023,100.98,100.98,100.98,100.07,-1.52%
21.07.2023,102.54,103.96,103.96,102.54,0.56%
20.07.2023,101.97,101.97,103.1,101.97,4.03%
19.07.2023,98.02,98.02,100.5,98.02,-1.00%
18.07.2023,99.01,99.01,99.01,98.79,-0.99%
17.07.2023,100,100,100,98.8,2.01%
14.07.2023,98.03,98.03,99.04,98.03,-2.92%
13.07.2023,100.98,100.98,100.98,99.25,-4.66%
12.07.2023,105.92,105.92,105.92,103.22,-0.91%
11.07.2023,106.89,106.89,106.89,106.32,0.45%
10.07.2023,106.41,106.41,106.68,106.41,-0.02%
07.07.2023,106.43,106.43,106.43,106.06,3.86%
06.07.2023,102.47,102.47,104.44,102.47,0.98%
05.07.2023,101.48,101.48,101.98,101.48,0.00%
04.07.2023,101.48,101.48,102.22,101.48,0.00%
03.07.2023,101.48,101.48,102.22,101.48,-3.31%
30.06.2023,104.95,104.95,104.95,102.79,0.50%
29.06.2023,104.43,104.43,104.43,104.41,0.94%
28.06.2023,103.46,103.46,104.43,103.46,-1.86%
27.06.2023,105.42,105.42,105.42,104.32,0.00%
26.06.2023,105.42,105.42,105.53,105.42,1.41%
23.06.2023,103.95,103.95,104.98,103.95,-1.86%
22.06.2023,105.92,105.92,105.92,104.91,-0.92%
21.06.2023,106.9,106.9,106.9,106.74,-0.01%
20.06.2023,106.91,106.91,106.91,106.85,-0.01%
19.06.2023,106.92,106.92,106.92,106.66,0.95%
16.06.2023,105.91,105.91,106.67,105.91,0.93%
15.06.2023,104.93,104.93,104.96,104.93,0.94%
14.06.2023,103.95,103.95,104.18,103.95,-1.85%
13.06.2023,105.91,105.91,105.91,105.03,-0.02%
12.06.2023,105.93,105.93,106.2,105.93,-1.81%
09.06.2023,107.88,107.88,107.88,107.4,-0.02%
08.06.2023,107.9,107.9,108.39,107.9,0.94%
07.06.2023,106.9,106.9,107.62,106.9,0.00%
06.06.2023,106.9,106.9,106.93,106.9,-0.03%
05.06.2023,106.93,106.93,107.3,106.93,-3.52%
02.06.2023,110.83,110.83,110.83,109.61,-2.60%
01.06.2023,113.79,113.79,113.79,112.87,0.02%
31.05.2023,113.77,113.77,113.8,113.77,-0.04%
30.05.2023,113.81,113.81,114.15,113.81,-0.02%
29.05.2023,113.83,113.83,114.31,113.83,-2.57%
26.05.2023,116.83,116.83,116.83,114.32,-1.63%
25.05.2023,118.76,118.76,118.76,116.82,0.85%
24.05.2023,117.76,117.76,118.84,117.76,-0.84%
23.05.2023,118.76,118.76,118.76,117.87,0.83%
22.05.2023,117.78,117.78,118.63,117.78,-0.84%
19.05.2023,118.77,118.77,118.77,117.28,-8.00%
18.05.2023,129.1,129.1,129.1,123.14,7.00%
17.05.2023,120.65,120.66,122.86,120.66,-0.03%
16.05.2023,120.69,120.69,122.84,120.69,-0.03%
15.05.2023,120.73,120.73,122.83,120.73,-0.03%
12.05.2023,120.76,122.81,122.81,120.76,-0.03%
11.05.2023,120.8,120.8,122.81,120.8,-1.61%
10.05.2023,122.78,120.78,122.78,120.78,0.01%
09.05.2023,122.77,120.75,122.77,120.75,2.49%
08.05.2023,119.79,119.79,120.5,119.79,-0.13%
05.05.2023,119.95,123.65,123.65,119.95,-2.00%
04.05.2023,122.4,117.7,122.4,117.7,5.78%
03.05.2023,115.71,115.71,117.56,115.71,4.36%
02.05.2023,110.88,110.88,115.84,110.88,-1.71%
01.05.2023,112.81,112.81,112.81,110.91,-4.98%
28.04.2023,118.72,118.72,118.72,112.68,-0.86%
27.04.2023,119.75,119.75,119.75,116.48,0.11%
26.04.2023,119.62,119.62,119.73,119.62,0.77%
25.04.2023,118.71,118.71,119.73,118.71,-0.03%
24.04.2023,118.75,118.75,118.75,118.72,-0.20%
21.04.2023,118.99,119.67,119.67,118.99,1.90%
20.04.2023,116.77,116.77,119.39,116.77,0.01%
19.04.2023,116.76,116.76,116.98,116.76,1.68%
18.04.2023,114.83,114.83,116.97,114.83,-0.32%
17.04.2023,115.2,113.84,115.2,113.84,1.00%
14.04.2023,114.06,112.82,114.06,112.82,-3.96%
13.04.2023,118.76,118.76,118.76,113.15,0.02%
12.04.2023,118.74,118.74,118.74,115.88,-3.99%
11.04.2023,123.68,123.68,123.68,119.39,-0.05%
10.04.2023,123.74,123.74,124.27,123.74,0.06%
07.04.2023,123.66,123.66,123.9,123.66,0.03%
06.04.2023,123.62,123.62,123.62,123.53,3.32%
05.04.2023,119.64,119.64,123.37,119.64,2.50%
04.04.2023,116.73,116.73,119.55,116.73,-0.83%
03.04.2023,117.71,117.71,117.71,116.74,-4.04%
31.03.2023,122.67,122.67,122.67,118.76,-1.61%
30.03.2023,124.68,124.68,124.68,123.57,-5.96%
29.03.2023,132.58,132.58,132.58,125.9,-0.06%
28.03.2023,132.66,132.66,132.66,132.12,-4.16%
27.03.2023,138.42,138.42,138.42,132.57,-1.32%
24.03.2023,140.27,140.27,140.27,138.25,0.76%
23.03.2023,139.22,139.22,139.44,139.22,1.32%
22.03.2023,137.4,138.65,138.65,137.4,-0.56%
21.03.2023,138.18,146.44,146.44,138.18,-5.72%
20.03.2023,146.57,155.08,155.08,146.57,6.13%
17.03.2023,138.1,131.8,138.1,131.8,4.56%
16.03.2023,132.08,137.35,137.35,132.08,-3.71%
15.03.2023,137.17,125.57,137.17,125.57,17.52%
14.03.2023,116.72,116.72,125.81,116.72,0.03%
13.03.2023,116.69,116.69,127.71,116.69,0.39%
10.03.2023,116.24,113.79,116.24,113.79,3.76%
09.03.2023,112.03,109.89,112.03,109.89,1.69%
08.03.2023,110.17,108.91,110.17,108.91,0.93%
07.03.2023,109.16,103.95,109.16,103.95,4.86%
06.03.2023,104.1,106.91,106.91,104.1,-3.04%
03.03.2023,107.36,112.85,112.85,107.36,-5.88%
02.03.2023,114.07,114.86,114.86,114.07,-0.68%
01.03.2023,114.85,116.81,116.81,114.85,-1.20%
28.02.2023,116.25,115.81,116.25,115.81,0.15%
27.02.2023,116.08,116.86,116.86,116.08,-0.79%
24.02.2023,117.01,114.82,117.01,114.82,1.87%
23.02.2023,114.86,119.77,119.77,114.86,-3.60%
22.02.2023,119.15,122.81,122.81,119.15,-3.04%
21.02.2023,122.89,118.81,122.89,118.81,3.72%
20.02.2023,118.48,118.77,118.77,118.48,0.02%
17.02.2023,118.46,114.83,118.46,114.83,3.54%
16.02.2023,114.41,113.84,114.41,113.84,0.54%
15.02.2023,113.79,114.87,114.87,113.79,-1.23%
14.02.2023,115.21,117.8,117.8,115.21,-2.72%
13.02.2023,118.43,119.8,119.8,118.43,-1.07%
10.02.2023,119.71,118.81,119.71,118.81,1.18%
09.02.2023,118.31,115.81,118.31,115.81,2.09%
08.02.2023,115.89,109.89,115.89,109.89,5.10%
07.02.2023,110.27,112.9,112.9,110.27,-2.10%
06.02.2023,112.64,108.94,112.64,108.94,3.33%
03.02.2023,109.01,107.91,109.01,107.91,1.45%
02.02.2023,107.45,112.82,112.82,107.45,-6.78%
01.02.2023,115.26,117.77,117.77,115.26,-2.92%
31.01.2023,118.73,118.8,118.8,118.73,-0.31%
30.01.2023,119.1,115.82,119.1,115.82,2.13%
27.01.2023,116.62,118.8,118.8,116.62,-2.44%
26.01.2023,119.54,121.73,121.73,119.54,-2.19%
25.01.2023,122.22,119.75,122.22,119.75,1.30%
24.01.2023,120.65,120.78,120.78,120.65,-0.22%
23.01.2023,120.92,122.77,122.77,120.92,-1.74%
20.01.2023,123.06,124.73,124.73,123.06,-1.32%
19.01.2023,124.71,122.66,124.71,122.66,1.54%
18.01.2023,122.82,125.7,125.7,122.82,-2.59%
17.01.2023,126.09,125.7,126.09,125.7,0.02%
16.01.2023,126.06,125.74,126.06,125.74,-0.01%
13.01.2023,126.07,126.63,126.63,126.07,-0.70%
12.01.2023,126.96,128.63,128.63,126.96,-1.28%
11.01.2023,128.6,130.67,130.67,128.6,-1.74%
10.01.2023,130.88,129.62,130.88,129.62,1.36%
09.01.2023,129.12,131.47,131.47,129.12,-2.75%
06.01.2023,132.77,137.62,137.62,132.77,-3.26%
05.01.2023,137.24,134.56,137.24,134.56,1.98%
04.01.2023,134.58,133.54,134.58,133.54,0.50%
03.01.2023,133.91,129.64,133.91,129.64,2.92%
02.01.2023,130.11,129.69,130.11,129.69,-0.02%
30.12.2022,130.13,129.65,130.13,129.65,0.05%
29.12.2022,130.06,130.66,130.66,130.06,-0.45%
28.12.2022,130.65,130.68,130.68,130.65,-0.67%
27.12.2022,131.53,132.61,132.61,131.53,-0.56%
26.12.2022,132.27,132.66,132.66,132.27,-0.02%
23.12.2022,132.3,131.67,132.3,131.67,0.38%
22.12.2022,131.8,130.63,131.8,130.63,0.60%
21.12.2022,131.02,133.66,133.66,131.02,-2.13%
20.12.2022,133.87,133.67,133.87,133.67,0.18%
19.12.2022,133.63,132.62,133.63,132.62,1.08%
16.12.2022,132.2,126.7,132.2,126.7,4.71%
15.12.2022,126.25,121.73,126.25,121.73,3.62%
14.12.2022,121.84,121.68,121.84,121.68,0.16%
13.12.2022,121.64,129.67,129.67,121.64,-6.24%
12.12.2022,129.74,129.69,129.74,129.69,0.29%
09.12.2022,129.36,132.68,132.68,129.36,-2.16%
08.12.2022,132.22,134.52,134.52,132.22,-3.10%
07.12.2022,136.45,137.52,137.52,136.45,-0.32%
06.12.2022,136.89,133.72,136.89,133.72,5.14%
05.12.2022,130.2,125.69,130.2,125.69,4.12%
02.12.2022,125.05,123.65,125.05,123.65,0.12%
01.12.2022,124.9,129.35,129.35,124.9,-1.08%
30.11.2022,126.27,129.65,129.65,126.27,-3.00%
29.11.2022,130.18,130.6,130.6,130.18,-0.29%
28.11.2022,130.56,126.66,130.56,126.66,2.92%
25.11.2022,126.85,128.61,128.61,126.85,-1.22%
24.11.2022,128.42,128.62,128.62,128.42,-0.01%
23.11.2022,128.43,136.76,136.76,128.43,-3.54%
22.11.2022,133.14,136.56,136.56,133.14,-3.42%
21.11.2022,137.85,140.58,140.58,137.85,-1.06%
18.11.2022,139.32,138.62,139.32,138.62,0.59%
17.11.2022,138.5,137.5,138.5,137.5,0.82%
16.11.2022,137.37,134.85,137.37,134.85,4.80%
15.11.2022,131.08,134.6,134.6,131.08,-2.15%
14.11.2022,133.96,136.56,136.56,133.96,-1.57%
11.11.2022,136.1,136.28,136.28,136.1,0.10%
10.11.2022,135.96,155.14,155.14,135.96,-10.59%
09.11.2022,152.06,158.41,158.41,152.06,4.69%
08.11.2022,145.25,158.13,158.13,145.25,-2.80%
07.11.2022,149.43,158.13,158.13,149.43,-5.38%
04.11.2022,157.93,163.25,163.25,157.93,-3.65%
03.11.2022,163.92,162.23,163.92,162.23,2.36%
02.11.2022,160.14,161.82,161.82,160.14,1.01%
01.11.2022,158.54,161.22,161.22,158.54,-1.94%
31.10.2022,161.68,158.33,161.68,158.33,1.56%
28.10.2022,159.2,161.91,161.91,159.2,-1.28%
27.10.2022,161.27,165.9,165.9,161.27,-2.92%
26.10.2022,166.12,167.83,167.83,166.12,-1.28%
25.10.2022,168.27,176.83,176.83,168.27,-5.06%
24.10.2022,177.24,185.38,185.38,177.24,-4.55%
21.10.2022,185.69,189.83,189.83,185.69,-2.09%
20.10.2022,189.65,188.94,189.65,188.94,0.05%
19.10.2022,189.55,184.63,189.55,184.63,1.83%
18.10.2022,186.14,193.45,193.45,186.14,-3.91%
17.10.2022,193.71,198.57,198.57,193.71,-2.80%
14.10.2022,199.3,190.93,199.3,190.93,5.99%
13.10.2022,188.04,187.6,188.04,187.6,0.34%
12.10.2022,187.4,184.77,187.4,184.77,1.60%
11.10.2022,184.45,180.92,184.45,180.92,1.93%
10.10.2022,180.96,180.96,180.96,180.96,0.00%
07.10.2022,180.96,173.06,180.96,173.06,4.82%
06.10.2022,172.64,173.07,173.07,172.64,-0.02%
05.10.2022,172.67,168.85,172.67,168.85,2.01%
04.10.2022,169.27,180.41,180.41,169.27,-6.26%
03.10.2022,180.57,195.64,195.64,180.57,-7.52%
30.09.2022,195.25,195.62,195.62,195.25,-0.10%
29.09.2022,195.45,188.07,195.45,188.07,2.12%
28.09.2022,191.39,207.13,207.13,191.39,-7.30%
27.09.2022,206.46,197.86,206.46,197.86,7.60%
26.09.2022,191.87,188.8,191.87,188.8,2.67%
23.09.2022,186.88,176.15,186.88,176.15,5.81%
22.09.2022,176.62,172.05,176.62,172.05,2.95%
21.09.2022,171.56,172.06,172.06,171.56,0.26%
20.09.2022,171.11,153.49,171.11,153.49,10.48%
19.09.2022,154.88,153.48,154.88,153.48,-0.88%
16.09.2022,156.25,153.48,156.25,153.48,2.43%
15.09.2022,152.55,149.5,152.55,149.5,1.90%
14.09.2022,149.71,137.61,149.71,137.61,-1.32%
13.09.2022,151.72,160.38,160.38,151.72,10.24%
12.09.2022,137.63,137.61,137.63,137.61,0.03%
09.09.2022,137.58,160.78,160.78,137.58,-12.08%
08.09.2022,156.48,160.38,160.38,156.48,0.00%
07.09.2022,156.48,161.38,161.38,156.48,0.04%
06.09.2022,156.42,160.78,160.78,156.42,0.03%
05.09.2022,156.37,160.38,160.38,156.37,0.02%
02.09.2022,156.34,160.38,160.38,156.34,-3.09%
01.09.2022,161.32,163.32,163.32,161.32,-0.88%
31.08.2022,162.76,161.33,162.76,161.33,2.11%
30.08.2022,159.4,153.44,159.4,153.44,3.30%
29.08.2022,154.31,152.41,154.31,152.41,2.78%
26.08.2022,150.13,145.43,150.13,145.43,3.39%
25.08.2022,145.21,144.52,145.21,144.52,-0.13%
24.08.2022,145.4,148.43,148.43,145.4,-2.26%
23.08.2022,148.76,158.44,158.44,148.76,-6.83%
22.08.2022,159.67,153.42,159.67,153.42,4.03%
19.08.2022,153.48,144.43,153.48,144.43,5.99%
18.08.2022,144.81,144.56,144.81,144.56,-0.28%
17.08.2022,145.22,141.55,145.22,141.55,3.50%
16.08.2022,140.31,137.49,140.31,137.49,2.00%
15.08.2022,137.56,133.59,137.56,133.59,2.01%
12.08.2022,134.85,140.55,140.55,134.85,-3.56%
11.08.2022,139.83,139.48,139.83,139.48,0.20%
10.08.2022,139.55,155.38,155.38,139.55,-9.62%
09.08.2022,154.41,151.29,154.41,151.29,2.37%
08.08.2022,150.84,156.58,156.58,150.84,-3.95%
05.08.2022,157.05,156.24,157.05,156.24,0.55%
04.08.2022,156.19,159.23,159.23,156.19,-2.15%
03.08.2022,159.62,163.48,163.48,159.62,-2.00%
02.08.2022,162.87,158.23,162.87,158.23,2.94%
01.08.2022,158.22,155.29,158.22,155.29,1.49%
29.07.2022,155.9,160.98,160.98,155.9,-3.64%
28.07.2022,161.79,166.01,166.01,161.79,-3.41%
27.07.2022,167.51,176.02,176.02,167.51,-4.85%
26.07.2022,176.04,166.16,176.04,166.16,5.80%
25.07.2022,166.39,165.85,166.39,165.85,0.54%
22.07.2022,165.5,163.86,165.5,163.86,0.90%
21.07.2022,164.03,164.14,164.14,164.03,0.55%
20.07.2022,163.14,172.17,172.17,163.14,-5.37%
19.07.2022,172.39,184.93,184.93,172.39,-6.55%
18.07.2022,184.48,188.71,188.71,184.48,-2.52%
15.07.2022,189.24,201.7,201.7,189.24,-6.12%
14.07.2022,201.58,194.89,201.58,194.89,3.06%
13.07.2022,195.6,190.72,195.6,190.72,3.90%
12.07.2022,188.25,179.86,188.25,179.86,4.49%
11.07.2022,180.16,174.24,180.16,174.24,3.26%
08.07.2022,174.47,175.18,175.18,174.47,-0.52%
07.07.2022,175.38,182.27,182.27,175.38,-3.75%
06.07.2022,182.22,180.84,182.22,180.84,0.66%
05.07.2022,181.02,173.32,181.02,173.32,3.19%
04.07.2022,175.43,175.32,175.43,175.25,0.10%
01.07.2022,175.25,175.82,175.82,175.25,0.01%
30.06.2022,175.24,173.92,175.24,173.92,-0.04%
29.06.2022,175.31,178.99,178.99,175.31,-1.37%
28.06.2022,177.74,165.83,177.74,165.83,6.55%
27.06.2022,166.81,166.23,166.81,166.23,0.37%
24.06.2022,166.2,169.92,169.92,166.2,-1.34%
23.06.2022,168.45,163.89,168.45,163.89,3.38%
22.06.2022,162.95,158.17,162.95,158.17,2.51%
21.06.2022,158.96,156.17,158.96,156.17,-4.73%
20.06.2022,166.85,155.87,166.85,155.87,0.02%
17.06.2022,166.82,155.57,166.82,155.57,-1.64%
16.06.2022,169.61,155.97,169.61,155.97,7.57%
15.06.2022,157.68,166.27,166.27,157.68,-4.99%
14.06.2022,165.97,164.63,165.97,164.63,1.51%
13.06.2022,163.5,150.63,163.5,150.63,8.75%
10.06.2022,150.34,144.5,150.34,144.5,5.12%
09.06.2022,143.02,138.55,143.02,138.55,7.80%
08.06.2022,132.67,134.56,134.56,132.67,-1.69%
07.06.2022,134.95,131.68,134.95,131.68,4.64%
06.06.2022,128.97,127.68,128.97,127.68,1.36%
03.06.2022,127.24,125.68,127.24,125.68,1.69%
02.06.2022,125.12,125.75,125.75,125.12,-0.54%
01.06.2022,125.8,125.71,125.8,125.71,0.14%
31.05.2022,125.63,124.73,125.63,124.73,0.75%
30.05.2022,124.69,124.69,124.69,124.69,0.02%
27.05.2022,124.67,125.67,125.67,124.67,-1.10%
26.05.2022,126.06,134.54,134.54,126.06,-6.73%
25.05.2022,135.16,146.25,146.25,135.16,-8.20%
24.05.2022,147.23,148.45,148.45,147.23,-1.07%
23.05.2022,148.82,154.24,154.24,148.82,-3.29%
20.05.2022,153.88,154.2,154.2,153.88,1.31%
19.05.2022,151.89,155.21,155.21,151.89,-0.48%
18.05.2022,152.63,147.55,152.63,147.55,3.29%
17.05.2022,147.77,151.27,151.27,147.77,-1.76%
16.05.2022,150.41,148.41,150.41,148.41,1.16%
13.05.2022,148.69,152.91,152.91,148.69,-1.85%
12.05.2022,151.49,152.31,152.31,151.49,0.85%
11.05.2022,150.22,152.31,152.31,150.22,-0.80%
10.05.2022,151.43,154.09,154.09,151.43,-1.52%
09.05.2022,153.77,144.48,153.77,144.48,6.81%
06.05.2022,143.97,132.5,143.97,132.5,4.96%
05.05.2022,137.17,132.5,137.17,132.5,2.08%
04.05.2022,134.38,140.5,140.5,134.38,-4.12%
03.05.2022,140.16,143.49,143.49,140.16,-2.99%
02.05.2022,144.48,140.6,144.48,140.6,3.09%
29.04.2022,140.15,132.63,140.15,132.63,5.49%
28.04.2022,132.85,136.61,136.61,132.85,-2.84%
27.04.2022,136.74,141.36,141.36,136.74,-2.12%
26.04.2022,139.7,136.47,139.7,136.47,1.79%
25.04.2022,137.24,137.53,137.53,137.24,-0.48%
22.04.2022,137.9,131.7,137.9,131.7,5.53%
21.04.2022,130.67,125.68,130.67,125.68,4.04%
20.04.2022,125.59,127.77,127.77,125.59,-1.43%
19.04.2022,127.41,125.69,127.41,125.69,1.37%
18.04.2022,125.69,120.75,125.69,120.75,3.49%
15.04.2022,121.45,120.8,121.45,120.8,-0.02%
14.04.2022,121.48,115.8,121.48,115.8,4.47%
13.04.2022,116.28,115.28,116.28,115.28,0.81%
12.04.2022,115.34,115.82,115.82,115.34,-0.36%
11.04.2022,115.76,112.87,115.76,112.87,2.61%
08.04.2022,112.82,107.9,112.82,107.9,3.85%
07.04.2022,108.64,102.96,108.64,102.96,4.84%
06.04.2022,103.62,100,103.62,100,3.68%
05.04.2022,99.94,97.03,99.94,97.03,3.44%
04.04.2022,96.62,99.01,99.01,96.62,-2.47%
01.04.2022,99.07,99.01,99.07,99.01,-0.43%
31.03.2022,99.5,97.05,99.5,97.05,2.14%
30.03.2022,97.42,94.11,97.42,94.11,3.24%
29.03.2022,94.36,100,100,94.36,-6.45%
28.03.2022,100.87,103.94,103.94,100.87,-3.36%
25.03.2022,104.38,106.87,106.87,104.38,-2.60%
24.03.2022,107.17,111.74,111.74,107.17,-4.19%
23.03.2022,111.86,109.81,111.86,109.81,1.55%
22.03.2022,110.15,111.81,111.81,110.15,-1.19%
21.03.2022,111.48,96.06,111.48,96.06,15.27%
18.03.2022,96.71,96.06,96.71,96.06,0.27%
17.03.2022,96.45,99.01,99.01,96.45,-7.46%
16.03.2022,104.22,105.91,105.91,104.22,-1.93%
15.03.2022,106.27,108.87,108.87,106.27,-2.33%
14.03.2022,108.8,110.82,110.82,108.8,-1.20%
11.03.2022,110.12,106.88,110.12,106.88,1.85%
10.03.2022,108.12,106.88,108.12,106.88,0.37%
09.03.2022,107.72,116.72,116.72,107.72,-8.33%
08.03.2022,117.51,121.64,121.64,117.51,-3.00%
07.03.2022,121.15,112.75,121.15,112.75,6.61%
04.03.2022,113.64,107.86,113.64,107.86,4.99%
03.03.2022,108.24,108.88,108.88,108.24,-1.64%
02.03.2022,110.05,116.63,116.63,110.05,-5.03%
01.03.2022,115.88,113.71,115.88,113.71,1.46%
28.02.2022,114.21,111.8,114.21,111.8,2.24%
25.02.2022,111.71,116.71,116.71,111.71,-4.93%
24.02.2022,117.5,119.7,119.7,117.5,-1.33%
23.02.2022,119.08,114.77,119.08,114.77,4.06%
22.02.2022,114.43,113.76,114.43,113.76,1.03%
21.02.2022,113.26,113.76,113.76,113.26,0.00%
18.02.2022,113.26,111.79,113.26,111.79,1.20%
17.02.2022,111.92,108.84,111.92,108.84,2.37%
16.02.2022,109.33,111.8,111.8,109.33,-2.11%
15.02.2022,111.69,114.78,114.78,111.69,-3.09%
14.02.2022,115.25,115.69,115.69,115.25,-0.95%
11.02.2022,116.35,110.87,116.35,110.87,5.41%
10.02.2022,110.38,103.93,110.38,103.93,5.75%
09.02.2022,104.38,107.87,107.87,104.38,-3.37%
08.02.2022,108.02,106.88,108.02,106.88,0.09%
07.02.2022,107.92,105.92,107.92,105.92,1.69%
04.02.2022,106.13,102.95,106.13,102.95,3.36%
03.02.2022,102.68,100,102.68,100,2.88%
02.02.2022,99.81,100.98,100.98,99.81,-1.67%
01.02.2022,101.5,103.93,103.93,101.5,-3.05%
31.01.2022,104.69,105.89,105.89,104.69,-1.26%
28.01.2022,106.03,105.9,106.03,105.9,1.38%
27.01.2022,104.59,102.96,104.59,102.96,2.64%
26.01.2022,101.9,102.95,102.95,101.9,-0.84%
25.01.2022,102.76,101.96,102.76,101.96,-0.28%
24.01.2022,103.05,100,103.05,100,3.47%
21.01.2022,99.59,100.98,100.98,100.98,2.39%
20.01.2022,97.27,100,100,97.27,-0.10%
19.01.2022,97.37,100.98,100.98,97.37,-4.45%
18.01.2022,101.9,100,101.9,100,1.67%
17.01.2022,100.23,100,100.23,100,0.00%
14.01.2022,100.23,98.03,100.23,98.03,2.65%
13.01.2022,97.64,94.58,97.64,94.58,3.29%
12.01.2022,94.53,94.1,94.53,94.1,0.20%
11.01.2022,94.34,95.07,95.57,94.34,-1.29%
10.01.2022,95.57,95.07,95.57,95.07,0.12%
07.01.2022,95.46,96.05,96.05,95.46,-0.98%
06.01.2022,96.4,97.04,97.04,96.4,-0.54%
05.01.2022,96.92,92.12,96.92,92.12,7.06%
04.01.2022,90.53,88.16,90.53,88.16,2.51%
03.01.2022,88.31,90.16,90.16,88.31,-2.62%
31.12.2021,90.69,90.16,90.69,90.16,-0.95%
30.12.2021,91.56,91.14,91.56,91.14,0.18%
29.12.2021,91.4,93.11,93.11,91.4,-1.42%
28.12.2021,92.72,93.11,93.11,92.72,-0.33%
27.12.2021,93.03,94.1,94.1,93.03,-1.14%
24.12.2021,94.1,94.09,94.1,94.09,0.20%
23.12.2021,93.91,99.01,99.01,93.91,-5.07%
22.12.2021,98.93,100,100,98.93,-1.02%
21.12.2021,99.95,101.96,101.96,99.95,-2.58%
20.12.2021,102.6,101.47,102.6,101.47,1.15%
17.12.2021,101.43,100.98,101.43,100.98,0.83%
16.12.2021,100.6,100.49,100.6,100.49,-0.17%
15.12.2021,100.77,100.98,100.98,100.77,-0.15%
14.12.2021,100.92,100,100.92,100,0.74%
13.12.2021,100.18,100,100.18,100,-0.47%
10.12.2021,100.65,102.94,102.94,100.65,-1.69%
09.12.2021,102.38,99.01,102.38,99.01,2.28%
08.12.2021,100.1,105.9,105.9,100.1,-5.13%
07.12.2021,105.51,112.78,112.78,105.51,-6.45%
06.12.2021,112.78,114.7,114.7,112.78,-1.42%
03.12.2021,114.41,113.76,114.41,113.76,0.82%
02.12.2021,113.48,104.91,113.48,104.91,-1.58%
01.12.2021,115.3,118.66,118.66,115.3,-2.67%
30.11.2021,118.46,115.71,118.46,115.71,2.32%
29.11.2021,115.77,123.45,123.45,115.77,-6.73%
26.11.2021,124.12,99.01,124.12,99.01,11.28%
25.11.2021,111.54,104.91,111.79,104.91,0.00%
24.11.2021,111.54,104.91,111.54,104.91,6.61%
23.11.2021,104.62,100,104.62,100,5.02%
22.11.2021,99.62,98.03,99.62,98.03,1.78%
19.11.2021,97.88,97.05,97.88,97.05,0.88%
18.11.2021,97.03,99.01,99.01,97.03,-1.37%
17.11.2021,98.38,98.03,98.38,98.03,0.86%
16.11.2021,97.54,97.05,97.54,97.05,0.93%
15.11.2021,96.64,97.05,97.05,96.64,-0.79%
12.11.2021,97.41,99.01,99.01,97.41,-1.41%
11.11.2021,98.8,99.01,99.01,98.8,0.00%
10.11.2021,98.8,96.07,98.8,96.07,2.14%
09.11.2021,96.73,97.04,97.04,96.73,-0.84%
08.11.2021,97.55,94.59,97.55,94.59,-1.51%
05.11.2021,99.05,101.96,101.96,99.05,-2.75%
04.11.2021,101.85,101.96,101.96,101.85,-1.40%
03.11.2021,103.3,104.9,104.9,103.3,-1.37%
02.11.2021,104.73,104.91,104.91,104.73,-0.48%
01.11.2021,105.24,103.93,105.24,103.93,1.75%
29.10.2021,103.43,100,103.43,100,3.86%
28.10.2021,99.59,97.05,99.59,97.05,3.55%
27.10.2021,96.18,94.59,96.18,94.59,1.34%
26.10.2021,94.91,97.05,97.05,94.91,-2.56%
25.10.2021,97.4,99.01,99.01,97.4,-1.74%
22.10.2021,99.12,98.03,99.12,98.03,1.35%
21.10.2021,97.8,96.06,97.8,96.06,1.92%
20.10.2021,95.96,96.06,96.06,95.96,-0.22%
19.10.2021,96.17,99.01,99.01,96.17,-2.96%
18.10.2021,99.1,97.04,99.1,97.04,2.14%
15.10.2021,97.02,96.06,97.02,96.06,-0.13%
14.10.2021,97.15,102.95,102.95,97.15,-6.05%
13.10.2021,103.41,103.44,103.44,103.41,-0.03%
12.10.2021,103.44,99.01,103.44,99.01,4.90%
11.10.2021,98.61,99.01,99.01,98.61,0.00%
08.10.2021,98.61,98.03,98.61,98.03,0.97%
07.10.2021,97.66,101.47,101.47,97.66,-3.75%
06.10.2021,101.47,100.98,101.47,100.98,0.87%
05.10.2021,100.59,102.94,102.94,100.59,-1.76%
04.10.2021,102.39,100.98,102.39,100.98,1.62%
01.10.2021,100.76,101.96,101.96,100.76,-0.94%
30.09.2021,101.72,100.98,101.72,100.98,0.85%
29.09.2021,100.86,102.94,102.94,100.86,-1.25%
28.09.2021,102.14,98.03,102.14,98.03,4.46%
27.09.2021,97.78,96.06,97.78,96.06,1.90%
24.09.2021,95.96,92.12,95.96,92.12,3.93%
23.09.2021,92.33,93.11,93.11,92.33,-1.03%
22.09.2021,93.29,94.1,94.1,93.29,-0.82%
21.09.2021,94.06,97.05,97.05,94.06,-3.22%
20.09.2021,97.19,81.27,97.19,81.27,19.18%
17.09.2021,81.55,83.24,83.24,81.55,-1.81%
16.09.2021,83.05,83.25,83.25,83.05,-0.66%
15.09.2021,83.6,85.22,85.22,83.6,-0.70%
14.09.2021,84.19,83.75,84.19,83.75,0.44%
13.09.2021,83.82,83.24,83.82,83.24,0.32%
10.09.2021,83.55,85.22,85.22,83.55,-1.93%
09.09.2021,85.19,85.22,85.22,85.19,-0.02%
08.09.2021,85.21,85.21,85.21,85.21,0.29%
07.09.2021,84.96,83.25,84.96,83.25,1.77%
06.09.2021,83.48,83.25,83.48,83.25,0.00%
03.09.2021,83.48,84.24,84.24,83.48,-0.69%
02.09.2021,84.06,85.22,85.22,84.06,-1.44%
01.09.2021,85.29,86.21,86.21,85.29,-0.61%
31.08.2021,85.81,85.23,85.81,85.23,0.76%
30.08.2021,85.16,90.15,90.15,85.16,-2.31%
27.08.2021,87.17,90.15,90.15,87.17,-3.50%
26.08.2021,90.33,90.14,90.33,90.14,-0.18%
25.08.2021,90.49,91.62,91.62,90.49,-1.54%
24.08.2021,91.91,94.09,94.09,91.91,-2.36%
23.08.2021,94.13,94.09,94.13,94.09,-0.50%
20.08.2021,94.6,94.09,94.6,94.09,0.11%
19.08.2021,94.5,93.1,94.5,93.1,2.02%
18.08.2021,92.63,92.11,92.63,92.11,0.52%
17.08.2021,92.15,91.14,92.15,91.14,1.59%
16.08.2021,90.71,91.14,91.14,90.71,-0.35%
13.08.2021,91.03,92.11,92.11,91.03,-1.24%
12.08.2021,92.17,95.23,95.23,92.17,-3.21%
11.08.2021,95.23,96.05,96.05,95.23,-1.01%
10.08.2021,96.2,96.05,96.2,96.05,0.26%
09.08.2021,95.95,95.07,95.95,95.07,0.99%
06.08.2021,95.01,95.07,95.07,95.01,-0.20%
05.08.2021,95.2,96.05,96.05,95.2,-0.81%
04.08.2021,95.98,95.07,95.98,95.07,0.69%
03.08.2021,95.32,96.06,96.06,95.32,-0.48%
02.08.2021,95.78,97.04,97.04,95.78,-0.72%
30.07.2021,96.47,95.07,96.47,95.07,1.76%
29.07.2021,94.8,97.04,97.04,94.8,-2.72%
28.07.2021,97.45,99.01,99.01,97.45,-1.33%
27.07.2021,98.76,95.07,98.76,95.07,4.08%
26.07.2021,94.89,94.09,94.89,94.09,0.89%
23.07.2021,94.05,95.07,95.07,94.05,-1.01%
22.07.2021,95.01,95.07,95.07,95.01,-0.24%
21.07.2021,95.24,96.06,96.06,95.24,-1.57%
20.07.2021,96.76,99.01,99.01,96.76,-2.82%
19.07.2021,99.57,94.09,99.57,94.09,6.03%
16.07.2021,93.91,94.09,94.09,93.91,-0.13%
15.07.2021,94.03,93.11,94.03,93.11,0.86%
14.07.2021,93.23,96.06,96.06,93.23,-2.50%
13.07.2021,95.62,93.11,95.62,93.11,2.70%
12.07.2021,93.11,93.1,93.11,93.1,-0.06%
09.07.2021,93.17,95.08,95.08,93.17,-1.92%
08.07.2021,94.99,93.11,94.99,93.11,1.80%
07.07.2021,93.31,94.1,94.1,93.31,-0.60%
06.07.2021,93.87,92.12,93.87,92.12,1.78%
05.07.2021,92.23,92.13,92.23,92.13,0.00%
02.07.2021,92.23,93.1,93.1,92.23,-1.20%
01.07.2021,93.35,94.09,94.09,93.35,-0.66%
30.06.2021,93.97,92.12,93.97,92.12,1.77%
29.06.2021,92.34,93.11,93.11,92.34,-0.59%
28.06.2021,92.89,93.11,93.11,92.89,-0.10%
25.06.2021,92.98,95.07,95.07,92.98,-2.11%
24.06.2021,94.98,97.04,97.04,94.98,-2.11%
23.06.2021,97.03,99.01,99.01,97.03,-2.28%
22.06.2021,99.29,99.01,99.29,99.01,0.68%
21.06.2021,98.62,98.03,98.62,98.03,0.94%
18.06.2021,97.7,95.08,97.7,95.08,2.80%
17.06.2021,95.04,94.07,95.04,94.07,0.97%
16.06.2021,94.13,91.13,95.07,91.13,0.63%
15.06.2021,93.54,92.12,93.54,92.12,0.90%
14.06.2021,92.71,91.13,92.71,91.13,1.54%
11.06.2021,91.3,91.13,91.3,91.13,0.12%
10.06.2021,91.19,91.14,91.19,91.14,0.02%
09.06.2021,91.17,92.12,92.12,91.17,-1.27%
08.06.2021,92.34,94.09,94.09,92.34,-1.37%
07.06.2021,93.62,93.11,93.62,93.11,0.20%
04.06.2021,93.43,94.08,94.08,93.43,-0.35%
03.06.2021,93.76,91.14,93.76,91.14,2.58%
02.06.2021,91.4,92.12,92.12,91.4,-0.98%
01.06.2021,92.3,93.1,93.1,92.3,-1.55%
31.05.2021,93.75,93.1,93.75,93.1,0.00%
28.05.2021,93.75,94.09,94.09,93.75,-0.56%
27.05.2021,94.28,96.06,96.06,94.28,-1.06%
26.05.2021,95.29,96.06,96.06,95.29,-0.57%
25.05.2021,95.84,95.08,95.84,95.08,0.80%
24.05.2021,95.08,96.06,96.06,95.08,-0.19%
21.05.2021,95.26,93.6,95.26,93.6,0.88%
20.05.2021,94.43,97.04,97.04,94.43,-2.32%
19.05.2021,96.67,96.06,96.67,96.06,1.30%
18.05.2021,95.43,93.6,95.43,93.6,1.75%
17.05.2021,93.79,93.11,93.79,93.11,0.58%
14.05.2021,93.25,94.1,94.1,93.25,-1.92%
13.05.2021,95.08,97.04,97.04,95.08,-1.69%
12.05.2021,96.71,93.11,96.71,93.11,3.42%
11.05.2021,93.51,91.15,93.51,91.15,2.25%
10.05.2021,91.45,98.03,98.03,91.45,-1.58%
07.05.2021,92.92,96.06,96.06,92.92,-4.23%
06.05.2021,97.02,98.03,98.03,97.02,-0.68%
05.05.2021,97.68,100,100,97.68,-1.99%
04.05.2021,99.66,98.03,99.66,98.03,1.88%
03.05.2021,97.82,94.1,97.82,94.1,3.89%
30.04.2021,94.16,93.11,94.16,93.11,0.44%
29.04.2021,93.75,94.1,94.1,93.75,-1.06%
28.04.2021,94.75,97.04,97.04,94.75,-1.90%
27.04.2021,96.59,94.1,96.59,94.1,2.77%
26.04.2021,93.99,93.11,93.99,93.11,0.95%
23.04.2021,93.11,95.08,95.08,93.11,-1.96%
22.04.2021,94.97,93.11,94.97,93.11,0.97%
21.04.2021,94.06,96.06,96.06,94.06,-1.55%
20.04.2021,95.54,91.15,95.54,91.15,5.07%
19.04.2021,90.93,90.16,90.93,90.16,0.94%
16.04.2021,90.08,93.12,93.12,90.08,-4.81%
15.04.2021,94.63,100,100,94.63,-5.40%
14.04.2021,100.03,102.94,102.94,100.03,-3.20%
13.04.2021,103.34,104.91,104.91,103.34,-1.36%
12.04.2021,104.76,104.91,104.91,104.76,-0.64%
09.04.2021,105.44,104.9,105.44,104.9,0.22%
08.04.2021,105.21,106.87,106.87,105.21,-0.90%
07.04.2021,106.17,103.92,106.17,103.92,2.09%
06.04.2021,104,106.86,106.86,104,-2.78%
05.04.2021,106.97,108.85,108.85,106.97,-1.83%
02.04.2021,108.96,108.83,108.96,108.83,-0.02%
01.04.2021,108.98,112.77,112.77,108.98,-3.82%
31.03.2021,113.31,116.7,116.7,113.31,-2.86%
30.03.2021,116.65,115.72,116.65,115.72,1.13%
29.03.2021,115.35,111.79,115.35,111.79,3.04%
26.03.2021,111.95,111.78,111.95,111.78,0.04%
25.03.2021,111.9,107.85,111.9,107.85,4.75%
24.03.2021,106.83,107.85,107.85,106.83,0.31%
23.03.2021,106.5,101.96,106.5,101.96,4.39%
22.03.2021,102.02,96.05,102.02,96.05,6.65%
19.03.2021,95.66,100.98,100.98,95.66,-4.85%
18.03.2021,100.54,96.06,100.54,96.06,3.34%
17.03.2021,97.29,101.96,101.96,97.29,-4.45%
16.03.2021,101.82,103.93,103.93,101.82,-1.64%
15.03.2021,103.52,102.95,103.52,102.95,1.15%
12.03.2021,102.34,97.04,102.34,97.04,6.14%
11.03.2021,96.42,105.9,105.9,96.42,-9.04%
10.03.2021,106,114.75,114.75,106,-11.31%
09.03.2021,119.52,121.67,121.67,119.52,-2.81%
08.03.2021,122.98,110.83,122.98,110.83,10.77%
05.03.2021,111.02,110.84,111.02,110.84,0.84%
04.03.2021,110.1,105.91,110.1,105.91,3.62%
03.03.2021,106.25,102.95,106.25,102.95,4.53%
02.03.2021,101.65,99.01,101.65,99.01,2.28%
01.03.2021,99.38,107.86,107.86,99.38,-7.73%
26.02.2021,107.7,98.02,107.7,98.02,10.33%
25.02.2021,97.62,84.22,97.62,84.22,16.26%
24.02.2021,83.97,87.19,87.19,83.97,-3.77%
23.02.2021,87.26,91.12,91.12,87.26,-3.86%
22.02.2021,90.77,85.2,90.77,85.2,6.71%
19.02.2021,85.06,85.21,85.21,85.06,0.41%
18.02.2021,84.71,84.23,84.71,84.23,0.95%
17.02.2021,83.91,83.23,83.91,83.23,1.59%
16.02.2021,82.6,81.27,82.6,81.27,1.50%
15.02.2021,81.38,81.26,81.38,81.26,0.00%
12.02.2021,81.38,81.27,81.38,81.27,-0.49%
11.02.2021,81.78,83.25,83.25,81.78,-2.34%
10.02.2021,83.74,84.73,84.73,83.74,-1.24%
09.02.2021,84.79,81.27,84.79,81.27,4.18%
08.02.2021,81.39,82.26,82.26,81.39,-0.91%
05.02.2021,82.14,84.24,84.24,82.14,-2.94%
04.02.2021,84.63,87.19,87.19,84.63,-2.92%
03.02.2021,87.18,94.09,94.09,87.18,-3.68%
02.02.2021,90.51,94.09,94.09,90.51,-3.95%
01.02.2021,94.23,95.07,95.07,94.23,-1.06%
29.01.2021,95.24,94.09,95.24,94.09,1.65%
28.01.2021,93.69,92.12,93.69,92.12,-2.22%
27.01.2021,95.82,96.06,96.06,95.82,2.25%
26.01.2021,93.71,96.06,96.06,93.71,-2.07%
25.01.2021,95.69,94.09,95.69,94.09,1.86%
22.01.2021,93.94,91.13,93.94,91.13,2.93%
21.01.2021,91.27,91.13,91.27,91.13,0.27%
20.01.2021,91.02,92.12,92.12,91.02,-0.97%
19.01.2021,91.91,93.1,93.1,91.91,-1.24%
18.01.2021,93.06,93.11,93.11,93.06,0.00%
15.01.2021,93.06,88.18,93.06,88.18,5.76%
14.01.2021,87.99,86.2,87.99,86.2,1.00%
13.01.2021,87.12,88.18,88.18,87.12,-0.91%
12.01.2021,87.92,86.2,87.92,86.2,2.46%
11.01.2021,85.81,83.25,85.81,83.25,3.80%
08.01.2021,82.67,83.24,83.24,82.67,0.15%
07.01.2021,82.55,83.24,83.24,82.55,-0.82%
06.01.2021,83.23,83.25,83.25,83.23,-1.76%
05.01.2021,84.72,83.26,84.72,83.26,1.38%
04.01.2021,83.57,83.57,83.57,83.57,1.81%
01.01.2021,82.08,82.27,82.27,82.08,0.00%
31.12.2020,82.08,81.28,82.08,81.28,0.09%
30.12.2020,82.01,81.28,82.01,81.28,0.13%
29.12.2020,81.9,82.27,82.27,81.9,-0.85%
28.12.2020,82.6,83.26,83.26,82.6,-0.94%
25.12.2020,83.38,83.26,83.38,83.26,0.00%
24.12.2020,83.38,84.24,84.24,83.38,-1.40%
23.12.2020,84.56,86.21,86.21,84.56,-2.13%
22.12.2020,86.4,88.18,88.18,86.4,-1.87%
21.12.2020,88.05,86.21,88.05,86.21,2.66%
18.12.2020,85.77,85.22,85.77,85.22,0.66%
17.12.2020,85.21,86.21,86.21,85.21,-1.66%
16.12.2020,86.65,90.15,90.15,86.65,-4.38%
15.12.2020,90.62,92.12,92.12,90.62,-0.88%
14.12.2020,91.42,87.2,91.42,87.2,-0.99%
11.12.2020,92.33,89.17,92.33,89.17,2.58%
10.12.2020,90.01,89.18,90.01,89.18,1.17%
09.12.2020,88.97,87.2,88.97,87.2,1.74%
08.12.2020,87.45,87.21,87.45,87.21,0.10%
07.12.2020,87.36,89.18,89.18,87.36,3.81%
04.12.2020,84.15,84.25,84.25,84.15,-0.19%
03.12.2020,84.31,85.24,85.24,84.31,-1.08%
02.12.2020,85.23,84.24,85.23,84.24,1.22%
01.12.2020,84.2,89.18,89.18,84.2,-4.80%
30.11.2020,88.45,87.22,88.45,87.22,1.50%
27.11.2020,87.14,88.2,88.2,87.14,-2.17%
26.11.2020,89.07,89.18,89.18,89.07,0.00%
25.11.2020,89.07,88.2,89.07,88.2,-0.19%
24.11.2020,89.24,93.11,93.11,89.24,-4.65%
23.11.2020,93.59,94.1,94.1,93.59,-0.78%
20.11.2020,94.33,95.08,95.08,94.33,-0.54%
19.11.2020,94.84,95.08,95.08,94.84,1.27%
18.11.2020,93.65,96.07,96.07,93.65,-2.17%
17.11.2020,95.73,96.06,96.06,95.73,0.47%
16.11.2020,95.28,98.03,98.03,95.28,-2.91%
13.11.2020,98.14,96.24,98.14,96.24,1.98%
12.11.2020,96.24,96.24,96.24,96.24,9.12%
10.11.2020,88.19,88.19,88.19,88.19,-0.46%
09.11.2020,88.6,102.94,102.94,88.6,-14.21%
06.11.2020,103.27,106.87,106.87,103.27,-3.26%
05.11.2020,106.75,117.64,117.64,106.75,-8.84%
04.11.2020,117.1,123.55,123.55,117.1,-4.91%
03.11.2020,123.15,128.44,128.44,123.15,-4.00%
02.11.2020,128.28,128.28,128.28,128.28,1.19%
30.10.2020,126.77,126.04,126.77,125.52,0.58%
29.10.2020,126.04,126.49,126.49,126.04,-0.25%
28.10.2020,126.36,120.59,126.36,120.59,4.78%
27.10.2020,120.59,123.54,123.54,120.59,-2.39%
26.10.2020,123.54,120.6,123.54,120.6,2.36%
23.10.2020,120.69,120.61,120.69,120.61,0.28%
22.10.2020,120.35,118.64,120.35,118.64,-0.04%
21.10.2020,120.4,119.62,120.4,119.62,0.41%
20.10.2020,119.91,121.58,121.58,119.91,-0.27%
19.10.2020,120.23,118.64,120.23,118.64,1.02%
16.10.2020,119.02,121.57,121.57,119.02,-2.66%
15.10.2020,122.27,121.57,122.27,121.57,0.59%
14.10.2020,121.55,123.54,123.54,121.55,1.97%
13.10.2020,119.2,117.67,119.2,117.67,1.66%
12.10.2020,117.25,117.67,117.67,117.25,0.00%
09.10.2020,117.25,123.54,123.54,117.25,-5.52%
08.10.2020,124.1,144.05,144.05,124.1,-1.93%
07.10.2020,126.54,134.27,134.27,126.54,-4.52%
06.10.2020,132.53,138.22,138.22,132.53,-3.44%
05.10.2020,137.25,144.05,144.05,137.25,-5.17%
02.10.2020,144.73,143.07,144.73,143.07,0.96%
01.10.2020,143.35,149.93,149.93,143.35,-4.13%
30.09.2020,149.52,154.82,154.82,149.52,-3.59%
29.09.2020,155.08,161.69,161.69,155.08,0.47%
28.09.2020,154.36,161.69,161.69,154.36,-3.45%
25.09.2020,159.88,161.69,161.69,159.88,-1.15%
24.09.2020,161.74,161.69,161.74,161.69,0.42%
23.09.2020,161.06,115.73,161.06,115.73,7.92%
22.09.2020,149.24,146.01,149.24,146.01,2.39%
21.09.2020,145.76,118.68,145.76,118.68,19.87%
18.09.2020,121.6,115.73,121.6,115.73,3.39%
17.09.2020,117.61,115.73,117.61,115.73,1.38%
16.09.2020,116.01,115.73,116.01,115.73,0.03%
15.09.2020,115.97,118.68,118.68,115.97,-2.41%
14.09.2020,118.83,119.66,119.66,118.83,-0.77%
11.09.2020,119.75,119.66,119.75,119.66,1.50%
10.09.2020,117.98,116.72,117.98,116.72,0.10%
09.09.2020,117.86,121.62,121.62,117.86,-3.21%
08.09.2020,121.77,116.72,121.77,116.72,5.03%
07.09.2020,115.94,116.72,116.72,115.94,0.00%
04.09.2020,115.94,119.63,119.63,115.94,2.95%
03.09.2020,112.62,128.48,128.48,112.62,7.65%
02.09.2020,104.62,119.63,119.63,104.62,-3.91%
01.09.2020,108.88,119.63,119.63,108.88,-7.32%
31.08.2020,117.48,119.63,119.63,117.48,-1.48%
28.08.2020,119.25,123.58,123.58,119.25,-3.72%
27.08.2020,123.86,121.61,123.86,121.61,1.63%
26.08.2020,121.87,121.62,121.87,121.62,0.10%
25.08.2020,121.75,122.6,122.6,121.75,-0.80%
24.08.2020,122.73,126.52,126.52,122.73,-3.11%
21.08.2020,126.67,128.48,128.48,126.67,-2.16%
20.08.2020,129.46,130.45,130.45,129.46,-0.12%
19.08.2020,129.61,129.45,129.61,129.45,0.15%
18.08.2020,129.41,134.37,134.37,129.41,-3.68%
17.08.2020,134.36,137.29,137.29,134.36,-1.73%
14.08.2020,136.73,132.4,136.73,132.4,-0.33%
13.08.2020,137.18,132.4,137.18,132.4,3.85%
12.08.2020,132.1,129.46,132.1,129.46,2.59%
11.08.2020,128.76,131.42,131.42,128.76,-1.66%
10.08.2020,130.94,133.39,133.39,130.94,-2.02%
07.08.2020,133.64,133.38,133.64,133.38,0.35%
06.08.2020,133.18,143.18,143.18,133.18,-3.39%
05.08.2020,137.85,143.18,143.18,137.85,-3.95%
04.08.2020,143.52,142.21,143.52,142.21,2.00%
03.08.2020,140.7,142.24,142.24,140.7,-1.08%
31.07.2020,142.24,142.24,142.24,142.24,0.04%
30.07.2020,142.18,139.23,142.18,139.23,2.00%
29.07.2020,139.39,142.17,142.17,139.39,-2.26%
28.07.2020,142.62,139.25,142.62,139.25,1.45%
27.07.2020,140.58,142.18,142.18,140.58,-0.67%
24.07.2020,141.53,136.29,141.53,136.29,3.62%
23.07.2020,136.58,124.52,136.58,124.52,8.31%
22.07.2020,126.1,131.36,131.36,126.1,-4.27%
21.07.2020,131.73,141.16,141.16,131.73,-6.80%
20.07.2020,141.34,149.98,149.98,141.34,-6.12%
17.07.2020,150.56,153.89,153.89,150.56,-2.31%
16.07.2020,154.12,150.95,154.12,150.95,1.86%
15.07.2020,151.3,150.96,151.3,150.96,-0.51%
14.07.2020,152.07,150.94,152.07,150.94,1.06%
13.07.2020,150.48,150.97,150.97,150.48,-0.32%
10.07.2020,150.97,139.15,150.97,139.15,0.90%
09.07.2020,149.63,163.63,163.63,149.63,4.15%
08.07.2020,143.67,142.12,143.67,142.12,2.74%
07.07.2020,139.84,135.26,139.84,135.26,3.75%
06.07.2020,134.78,163.63,163.63,134.78,-0.73%
03.07.2020,135.77,146.99,146.99,135.77,-0.34%
02.07.2020,136.23,144.09,144.09,136.23,-5.45%
01.07.2020,144.09,154.85,154.85,144.09,-6.95%
30.06.2020,154.85,161.67,161.67,154.85,-4.22%
29.06.2020,161.67,163.62,163.62,161.67,-1.19%
26.06.2020,163.62,163.62,163.62,163.62,4.35%
25.06.2020,156.79,158.74,158.74,156.79,0.00%
24.06.2020,156.79,146.99,156.79,146.99,6.67%
23.06.2020,146.99,151.87,151.87,146.99,-3.85%
22.06.2020,152.87,150.9,152.87,150.9,1.31%
19.06.2020,150.9,151.88,151.88,150.9,-1.04%
18.06.2020,152.49,151.87,152.49,151.87,1.08%
17.06.2020,150.86,146.37,150.86,146.37,3.07%
16.06.2020,146.37,121.57,146.37,121.57,-8.91%
15.06.2020,160.69,163.63,163.63,160.69,-1.80%
12.06.2020,163.63,173.39,173.39,163.63,-5.63%
11.06.2020,173.39,144.04,173.39,144.04,21.61%
10.06.2020,142.58,139.15,142.58,139.15,2.46%
09.06.2020,139.15,127.42,139.15,127.42,9.21%
08.06.2020,127.42,121.57,127.42,121.57,4.81%
05.06.2020,121.57,134.26,148.85,121.57,-10.76%
04.06.2020,136.23,134.26,134.26,134.26,1.46%
03.06.2020,134.26,148.85,148.85,134.26,-9.80%
02.06.2020,148.85,173.2,173.2,148.85,-14.05%
01.06.2020,173.19,177.93,177.93,173.19,-2.67%
29.05.2020,177.94,168.33,177.94,168.33,1.63%
28.05.2020,175.08,168.33,175.08,168.33,4.01%
27.05.2020,168.33,173.2,173.2,168.33,-2.81%
26.05.2020,173.2,197.52,197.52,173.2,-12.31%
25.05.2020,197.52,197.51,197.52,197.51,0.01%
22.05.2020,197.51,197.52,197.52,197.51,-0.01%
21.05.2020,197.52,207.26,207.26,197.52,-4.70%
20.05.2020,207.26,226.64,226.64,207.26,-8.55%
19.05.2020,226.64,226.83,226.83,226.64,-0.07%
18.05.2020,226.79,241.3,241.3,226.79,-6.02%
15.05.2020,241.31,241.23,241.31,241.23,0.02%
14.05.2020,241.25,236.39,241.25,236.39,2.06%
13.05.2020,236.37,250.9,250.9,236.37,6.60%
12.05.2020,221.74,250.9,250.9,221.74,-2.19%
11.05.2020,226.7,241.02,241.02,226.7,-2.09%
08.05.2020,231.53,241.02,241.02,231.53,-3.93%
07.05.2020,240.99,250.9,250.9,240.99,-3.95%
06.05.2020,250.9,241.23,250.9,241.23,4.02%
05.05.2020,241.2,274.94,274.94,241.2,-5.68%
04.05.2020,255.73,274.94,274.94,255.73,-0.01%
01.05.2020,255.75,265.41,265.41,255.75,3.95%
30.04.2020,246.02,265.41,265.41,246.02,-7.30%
29.04.2020,265.38,309.17,309.17,265.38,-11.30%
28.04.2020,299.2,309.17,309.17,299.2,-3.22%
27.04.2020,309.16,299.34,309.16,299.34,3.28%
24.04.2020,299.33,284.63,299.33,284.63,5.16%
23.04.2020,284.63,284.69,284.69,284.63,-3.26%
22.04.2020,294.22,274.94,294.22,274.94,0.01%
21.04.2020,294.2,274.94,294.2,274.94,7.00%
20.04.2020,274.96,270.2,274.96,270.2,1.76%
17.04.2020,270.2,255.38,270.2,255.38,0.01%
16.04.2020,270.18,255.38,270.18,255.38,5.80%
15.04.2020,255.37,235.89,255.37,235.89,15.29%
14.04.2020,221.5,255.23,255.23,221.5,0.01%
13.04.2020,221.48,221.32,221.48,221.32,0.07%
10.04.2020,221.32,182.5,221.32,182.5,0.00%
09.04.2020,221.32,255.23,255.23,221.32,-13.28%
08.04.2020,255.22,260.2,260.2,255.22,-1.92%
07.04.2020,260.21,265.06,265.06,260.21,-1.83%
06.04.2020,265.06,279.47,279.47,265.06,-5.12%
03.04.2020,279.36,274.64,279.36,274.64,1.72%
02.04.2020,274.64,182.5,274.64,182.5,0.00%
01.04.2020,274.64,235.89,274.64,235.89,16.43%
31.03.2020,235.89,182.5,235.89,182.5,-2.02%
30.03.2020,240.76,182.5,240.76,182.5,2.14%
27.03.2020,235.72,182.5,235.72,182.5,29.16%
26.03.2020,182.5,250.37,250.37,182.5,-5.04%
25.03.2020,192.19,250.37,250.37,192.19,-23.24%
24.03.2020,250.37,298.29,298.29,250.37,-16.06%
23.03.2020,298.29,269.41,298.29,269.41,5.32%
20.03.2020,283.22,269.41,283.22,269.41,5.89%
19.03.2020,267.46,294.23,294.23,267.46,-9.10%
18.03.2020,294.23,226.97,294.23,226.97,29.63%
17.03.2020,226.97,255.37,255.37,226.97,-10.37%
16.03.2020,253.23,212.1,253.23,212.1,22.09%
13.03.2020,207.41,245.87,245.87,207.41,-15.67%
12.03.2020,245.95,192.9,245.95,192.9,27.50%
11.03.2020,192.9,168.79,192.9,168.79,14.28%
10.03.2020,168.79,168.79,168.79,168.79,47.13%
09.03.2020,114.72,114.72,114.72,114.72,0.00%
06.03.2020,114.72,105.89,114.72,105.89,8.35%
05.03.2020,105.88,90.16,105.88,90.16,18.54%
04.03.2020,89.32,100,100,89.32,-10.68%
03.03.2020,100,100.98,100.98,100,-2.36%
02.03.2020,102.42,105.88,105.88,102.42,-4.87%
28.02.2020,107.66,97.05,107.66,97.05,12.30%
27.02.2020,95.87,85.2,95.87,85.2,13.33%
26.02.2020,84.59,82.24,84.59,82.24,2.96%
25.02.2020,82.16,76.38,82.16,76.38,7.67%
24.02.2020,76.31,71.42,76.31,71.42,6.94%
21.02.2020,71.36,72.4,72.4,71.36,-1.53%
20.02.2020,72.47,72.37,72.47,72.37,0.50%
19.02.2020,72.11,73.39,73.39,72.11,-2.14%
18.02.2020,73.69,74.36,74.36,73.69,-1.22%
17.02.2020,74.6,74.37,74.6,74.37,0.00%
14.02.2020,74.6,76.3,76.3,74.6,-2.25%
13.02.2020,76.32,76.3,76.32,76.3,0.14%
12.02.2020,76.21,77.3,77.3,76.21,-1.18%
11.02.2020,77.12,79.3,79.3,77.12,-2.58%
10.02.2020,79.16,79.31,79.31,79.16,0.16%
07.02.2020,79.03,79.03,79.03,79.03,2.13%
06.02.2020,77.38,77.3,77.38,77.3,0.05%
05.02.2020,77.34,79.26,79.26,77.34,-2.58%
04.02.2020,79.39,82.24,82.24,79.39,-3.79%
03.02.2020,82.52,84.26,84.26,82.52,-2.05%
31.01.2020,84.25,80.29,84.25,80.29,4.23%
30.01.2020,80.83,78.34,80.83,78.34,3.47%
29.01.2020,78.12,81.26,81.26,78.12,-4.29%
28.01.2020,81.62,88.19,88.19,81.62,-7.67%
27.01.2020,88.4,84.24,88.4,84.24,4.94%
24.01.2020,84.24,81.29,84.24,81.29,3.02%
23.01.2020,81.77,80.29,81.77,80.29,1.97%
22.01.2020,80.19,79.33,80.19,79.33,0.70%
21.01.2020,79.63,78.32,79.63,78.32,1.43%
20.01.2020,78.51,78.32,78.51,78.32,0.01%
17.01.2020,78.5,78.31,78.5,78.31,0.14%
16.01.2020,78.39,78.33,78.39,78.33,-0.06%
15.01.2020,78.44,76.35,78.44,76.35,0.09%
14.01.2020,78.37,76.35,78.37,76.35,2.22%
13.01.2020,76.67,76.37,76.67,76.37,0.60%
10.01.2020,76.21,75.37,76.21,75.37,2.13%
09.01.2020,74.62,76.34,76.34,74.62,-2.05%
08.01.2020,76.18,78.33,78.33,76.18,-2.62%
07.01.2020,78.23,78.34,78.34,78.23,-0.26%
06.01.2020,78.43,78.37,78.43,78.37,0.08%
03.01.2020,78.37,76.88,78.37,76.88,1.69%
02.01.2020,77.07,78.34,78.45,77.07,-1.76%
01.01.2020,78.45,78.34,78.45,78.34,0.00%
31.12.2019,78.45,78.34,78.45,78.34,-0.70%
30.12.2019,79,79.35,79.35,79,-0.43%
27.12.2019,79.34,80.32,80.32,79.34,-1.65%
26.12.2019,80.67,82.28,82.28,80.67,-1.12%
25.12.2019,81.58,82.3,82.3,81.58,-0.01%
24.12.2019,81.59,82.28,82.28,81.59,-0.04%
23.12.2019,81.62,82.28,82.28,81.62,0.10%
20.12.2019,81.54,82.29,82.29,81.54,-0.75%
19.12.2019,82.16,77.36,82.16,77.36,6.11%
18.12.2019,77.43,76.88,77.43,76.88,0.74%
17.12.2019,76.86,77.34,77.34,76.86,-0.79%
16.12.2019,77.47,78.39,78.39,77.47,-0.30%
13.12.2019,77.7,75.34,77.7,75.34,2.98%
12.12.2019,75.45,77.39,77.39,75.45,-2.11%
11.12.2019,77.08,80.32,80.32,77.08,-4.24%
10.12.2019,80.49,81.31,81.31,80.49,-1.66%
09.12.2019,81.85,82.61,82.61,81.85,-0.92%
06.12.2019,82.61,86.22,86.22,82.61,-4.04%
05.12.2019,86.09,88.19,88.19,86.09,-2.33%
04.12.2019,88.14,92.15,92.15,88.14,-4.65%
03.12.2019,92.44,91.15,92.44,91.15,1.24%
02.12.2019,91.31,91.15,91.31,91.15,-0.13%
29.11.2019,91.43,91.15,91.43,91.15,0.15%
28.11.2019,91.29,91.14,91.29,91.14,0.00%
27.11.2019,91.29,91.03,91.29,91.03,0.29%
26.11.2019,91.03,92.14,92.14,91.03,-1.35%
25.11.2019,92.28,92.13,92.28,92.13,0.11%
22.11.2019,92.18,93.11,93.11,92.18,-0.63%
21.11.2019,92.76,94.1,94.1,92.76,-1.51%
20.11.2019,94.18,94.1,94.18,94.1,0.15%
19.11.2019,94.04,94.1,94.1,94.04,0.83%
18.11.2019,93.27,91.15,93.27,91.15,2.47%
15.11.2019,91.02,92.15,92.15,91.02,-0.24%
14.11.2019,91.24,90.18,91.24,90.18,0.85%
13.11.2019,90.47,89.2,90.47,89.2,1.38%
12.11.2019,89.24,86.25,89.24,86.25,3.99%
11.11.2019,85.82,86.24,86.24,85.82,-0.57%
08.11.2019,86.31,85.23,86.31,85.23,1.72%
07.11.2019,84.85,87.23,87.23,84.85,-2.58%
06.11.2019,87.1,87.21,87.21,87.1,0.68%
05.11.2019,86.51,86.22,86.51,86.22,0.35%
04.11.2019,86.21,89.18,89.18,86.21,-3.33%
01.11.2019,89.18,93.13,93.13,89.18,-4.08%
31.10.2019,92.97,90.19,92.97,90.19,3.27%
30.10.2019,90.03,88.21,90.03,88.21,2.06%
29.10.2019,88.21,90.17,90.17,88.21,-2.17%
28.10.2019,90.17,92.14,92.14,90.17,-2.60%
25.10.2019,92.58,96.07,96.07,92.58,-3.63%
24.10.2019,96.07,99.01,99.01,96.07,-2.97%
23.10.2019,99.01,101.96,101.96,99.01,-3.01%
22.10.2019,102.08,102.94,102.94,102.08,-0.84%
21.10.2019,102.94,103.92,103.92,102.94,-1.61%
18.10.2019,104.62,105.39,105.39,104.62,-0.82%
17.10.2019,105.49,107.84,107.84,105.49,-2.18%
16.10.2019,107.84,108.83,108.83,107.84,-1.10%
15.10.2019,109.04,110.77,110.77,109.04,-1.60%
14.10.2019,110.81,110.81,110.81,110.81,-0.01%
11.10.2019,110.82,113.76,113.76,110.82,-2.33%
10.10.2019,113.46,115.71,115.71,113.46,-1.77%
09.10.2019,115.51,116.65,116.65,115.51,-0.98%
08.10.2019,116.65,115.71,116.65,115.71,0.81%
07.10.2019,115.71,113.73,115.71,113.73,1.74%
04.10.2019,113.73,114.67,114.67,113.73,-0.82%
03.10.2019,114.67,115.66,115.66,114.67,-1.37%
02.10.2019,116.26,116.65,116.65,116.26,1.35%
01.10.2019,114.71,114.71,114.71,114.71,0.00%
30.09.2019,114.71,116.67,116.67,114.71,-0.84%
27.09.2019,115.68,115.68,115.68,115.68,-0.34%
26.09.2019,116.07,113.75,116.07,113.75,0.29%
25.09.2019,115.74,115.66,115.74,115.66,0.07%
24.09.2019,115.66,111.76,115.66,111.76,4.72%
23.09.2019,110.45,109.79,110.45,109.79,0.25%
20.09.2019,110.18,100,110.18,100,10.50%
19.09.2019,99.71,100.98,100.98,99.71,-1.01%
18.09.2019,100.73,101.96,101.96,100.73,-1.21%
17.09.2019,101.96,102.94,102.94,101.96,-0.95%
16.09.2019,102.94,100,102.94,100,3.46%
13.09.2019,99.5,100,100,99.5,0.00%
12.09.2019,99.5,99.5,99.5,99.5,-0.25%
11.09.2019,99.75,100,100,99.75,0.75%
10.09.2019,99.01,99.01,99.01,99.01,-0.99%
09.09.2019,100,100,100,100,0.09%
06.09.2019,99.91,101.97,101.97,99.91,-3.54%
05.09.2019,103.58,104.91,104.91,103.58,-1.44%
04.09.2019,105.09,110.79,110.79,105.09,-5.25%
03.09.2019,110.91,111.79,111.79,110.91,-0.30%
02.09.2019,111.24,111.79,111.79,111.24,0.00%
30.08.2019,111.24,114.75,114.75,111.24,-3.06%
29.08.2019,114.75,116.69,116.69,114.75,-1.37%
28.08.2019,116.34,116.69,116.69,116.34,-0.21%
27.08.2019,116.59,118.67,118.67,116.59,-1.56%
26.08.2019,118.44,118.63,118.63,118.44,1.46%
23.08.2019,116.74,115.24,116.74,115.24,1.17%
22.08.2019,115.39,115.74,115.74,115.39,-0.17%
21.08.2019,115.59,117.67,117.67,115.59,-1.68%
20.08.2019,117.57,120.59,120.59,117.57,-0.01%
19.08.2019,117.58,120.59,120.59,117.58,0.07%
16.08.2019,117.5,120.59,120.59,117.5,-2.45%
15.08.2019,120.45,124.52,124.52,120.45,-2.21%
14.08.2019,123.17,118.71,123.17,118.71,2.92%
13.08.2019,119.68,123.54,123.54,119.68,-4.01%
12.08.2019,124.68,119.67,124.68,119.67,3.50%
09.08.2019,120.46,119.66,120.46,119.66,0.26%
08.08.2019,120.15,120.15,120.15,120.15,-6.82%
07.08.2019,128.94,120.56,128.94,120.56,0.94%
06.08.2019,127.74,132.26,132.26,127.74,-2.71%
05.08.2019,131.3,123.55,131.3,123.55,6.79%
02.08.2019,122.95,120.56,122.95,120.56,4.94%
01.08.2019,117.16,116.7,117.16,116.7,0.86%
31.07.2019,116.16,115.72,116.16,115.72,0.38%
30.07.2019,115.72,115.22,115.72,115.22,0.93%
29.07.2019,114.65,113.75,114.65,113.75,0.22%
26.07.2019,114.4,113.76,114.4,113.76,0.90%
25.07.2019,113.38,113.75,113.75,113.38,-0.79%
24.07.2019,114.28,115.72,115.72,114.28,-1.22%
23.07.2019,115.69,115.71,115.71,115.69,0.18%
22.07.2019,115.48,116.67,116.67,115.48,0.31%
19.07.2019,115.12,113.73,115.12,113.73,0.81%
18.07.2019,114.2,116.67,116.67,114.2,-1.01%
17.07.2019,115.36,113.76,115.36,113.76,1.72%
16.07.2019,113.41,114.24,114.24,113.41,2.60%
15.07.2019,110.54,114.24,114.24,110.54,-2.62%
12.07.2019,113.51,117.21,117.21,113.51,-2.95%
11.07.2019,116.96,117.17,117.17,116.96,0.32%
10.07.2019,116.59,111.79,116.59,111.79,0.66%
09.07.2019,115.82,111.79,115.82,111.79,3.95%
08.07.2019,111.42,109.85,111.42,109.85,1.49%
05.07.2019,109.78,109.82,109.82,109.78,-0.67%
04.07.2019,110.52,109.82,110.52,109.82,0.00%
03.07.2019,110.52,110.8,110.8,110.52,1.86%
02.07.2019,108.5,111.68,111.68,108.5,1.01%
01.07.2019,107.41,111.68,111.68,107.41,-3.53%
28.06.2019,111.34,111.68,111.68,111.34,-0.30%
27.06.2019,111.68,113.78,113.78,111.68,-2.55%
26.06.2019,114.6,115.72,115.72,114.6,0.15%
25.06.2019,114.43,113.74,114.43,113.74,1.19%
24.06.2019,113.08,110.81,113.08,110.81,2.11%
21.06.2019,110.74,109.83,110.74,109.83,1.34%
20.06.2019,109.28,113.72,113.72,109.28,-4.12%
19.06.2019,113.97,116.7,116.7,113.97,-2.56%
18.06.2019,116.97,122.61,122.61,116.97,-5.24%
17.06.2019,123.44,121.57,123.44,121.57,0.24%
14.06.2019,123.15,121.57,123.15,121.57,1.42%
13.06.2019,121.42,121.57,121.57,121.42,1.59%
12.06.2019,119.52,118.66,119.52,118.66,-1.21%
11.06.2019,120.99,122.61,122.61,120.99,-2.59%
10.06.2019,124.21,124.57,124.57,124.21,-3.15%
07.06.2019,128.25,124.57,128.25,124.57,1.96%
06.06.2019,125.78,124.54,125.78,124.54,1.95%
05.06.2019,123.37,128.41,128.41,123.37,0.46%
04.06.2019,122.8,128.41,128.41,122.8,-5.15%
03.06.2019,129.47,129.38,129.47,129.38,0.02%
31.05.2019,129.44,122.57,129.44,122.57,5.57%
30.05.2019,122.61,120.63,122.61,120.63,-0.48%
29.05.2019,123.2,121.58,123.2,121.58,1.27%
28.05.2019,121.65,119.6,121.65,119.6,1.38%
27.05.2019,120,120.63,120.63,120,0.00%
24.05.2019,120,119.6,120,119.6,-0.02%
23.05.2019,120.03,115.7,120.03,115.7,3.74%
22.05.2019,115.7,113.76,115.7,113.76,1.23%
21.05.2019,114.29,117.2,117.2,114.29,-2.31%
20.05.2019,116.99,117.18,117.18,116.99,-0.23%
17.05.2019,117.26,117.26,117.26,117.26,0.51%
16.05.2019,116.66,116.18,116.18,116.18,-1.11%
15.05.2019,117.97,120.12,120.12,117.97,-3.62%
14.05.2019,122.4,118.64,122.4,118.64,-1.35%
13.05.2019,124.07,116.7,124.07,116.7,4.46%
10.05.2019,118.77,118.64,118.77,118.64,0.01%
09.05.2019,118.76,116.7,118.76,116.7,1.90%
08.05.2019,116.54,117.65,117.65,116.54,-0.81%
07.05.2019,117.49,112.74,117.49,112.74,4.34%
06.05.2019,112.6,110.79,112.6,110.79,1.74%
03.05.2019,110.67,114.74,114.74,110.67,-3.47%
02.05.2019,114.65,113.75,114.65,113.75,1.68%
01.05.2019,112.76,112.75,112.76,112.75,0.14%
30.04.2019,112.6,112.76,112.76,112.6,-0.08%
29.04.2019,112.69,114.21,114.21,112.69,-0.99%
26.04.2019,113.82,115.22,115.22,113.82,-1.73%
25.04.2019,115.82,116.67,116.67,115.82,-0.04%
24.04.2019,115.87,111.28,115.87,111.28,4.56%
23.04.2019,110.82,109.81,110.82,109.81,1.14%
22.04.2019,109.57,109.81,109.81,109.57,-0.15%
19.04.2019,109.73,109.8,109.8,109.73,0.00%
18.04.2019,109.73,109.81,109.81,109.73,-0.30%
17.04.2019,110.06,111.29,111.29,110.06,-1.11%
16.04.2019,111.3,112.76,112.76,111.3,-0.72%
15.04.2019,112.11,112.78,112.78,112.11,-0.53%
12.04.2019,112.71,115.71,115.71,112.71,-2.67%
11.04.2019,115.8,114.7,115.8,114.7,0.49%
10.04.2019,115.24,116.18,116.18,115.24,-0.95%
09.04.2019,116.35,117.66,117.66,116.35,-1.26%
08.04.2019,117.83,117.65,117.83,117.65,-0.17%
05.04.2019,118.03,118.63,118.63,118.03,-0.55%
04.04.2019,118.68,118.64,118.68,118.64,0.00%
03.04.2019,118.68,121.55,121.55,118.68,-2.37%
02.04.2019,121.56,119.65,121.56,119.65,1.44%
01.04.2019,119.83,122.58,122.58,119.83,-1.25%
29.03.2019,121.35,124.05,124.05,121.35,-2.46%
28.03.2019,124.41,127.93,127.93,124.41,-2.38%
27.03.2019,127.44,123.06,127.44,123.06,3.03%
26.03.2019,123.69,127.39,127.39,123.69,-2.60%
25.03.2019,126.99,128.35,128.35,126.99,-0.66%
22.03.2019,127.83,125.49,127.83,125.49,1.74%
21.03.2019,125.64,129.34,129.34,125.64,-3.51%
20.03.2019,130.21,119.18,130.21,119.18,8.83%
19.03.2019,119.64,120.65,120.65,119.64,-1.21%
18.03.2019,121.11,123.58,123.58,121.11,-1.82%
15.03.2019,123.35,123.6,123.6,123.35,-0.36%
14.03.2019,123.8,123.61,123.8,123.61,-0.15%
13.03.2019,123.99,124.56,124.56,123.99,0.28%
12.03.2019,123.64,121.64,123.64,121.64,0.82%
11.03.2019,122.63,127.52,127.52,122.63,-4.24%
08.03.2019,128.06,129.96,129.96,128.06,-1.01%
07.03.2019,129.37,124.56,129.37,124.56,1.11%
06.03.2019,127.95,126.56,127.95,126.56,0.84%
05.03.2019,126.88,127.51,127.51,126.88,-0.40%
04.03.2019,127.39,125.59,127.39,125.59,1.34%
01.03.2019,125.71,122.63,125.71,122.63,2.60%
28.02.2019,122.53,122.62,122.62,122.53,0.12%
27.02.2019,122.38,124.56,124.56,122.38,-1.36%
26.02.2019,124.07,134.42,134.42,124.07,-4.61%
25.02.2019,130.06,134.42,134.42,132.42,-1.78%
22.02.2019,132.42,134.42,134.42,132.42,-2.03%
21.02.2019,135.16,132.4,135.16,132.4,0.66%
20.02.2019,134.27,132.4,134.27,132.4,0.69%
19.02.2019,133.35,134.37,134.37,133.35,-0.97%
18.02.2019,134.66,134.38,134.66,134.38,0.00%
15.02.2019,134.66,135.31,135.31,134.66,-1.18%
14.02.2019,136.27,138.32,138.32,136.27,-1.43%
13.02.2019,138.24,138.31,138.31,138.24,0.07%
12.02.2019,138.15,141.26,141.26,138.15,-1.82%
11.02.2019,140.71,139.26,140.71,139.26,1.07%
08.02.2019,139.22,137.28,139.22,137.28,1.80%
07.02.2019,136.76,131.9,136.76,131.9,4.30%
06.02.2019,131.12,129.44,131.12,129.44,0.95%
05.02.2019,129.89,133.4,133.4,129.89,-3.30%
04.02.2019,134.32,135.38,135.38,134.32,-0.74%
01.02.2019,135.32,134.32,135.32,134.32,0.77%
31.01.2019,134.29,134.33,134.33,134.29,-0.75%
30.01.2019,135.31,132.37,135.31,132.37,2.23%
29.01.2019,132.36,126.53,132.36,126.53,1.11%
28.01.2019,130.91,130.45,130.91,130.45,0.37%
25.01.2019,130.43,130.4,130.43,130.4,0.02%
24.01.2019,130.4,129.44,130.4,129.44,0.37%
23.01.2019,129.92,132.35,132.35,129.92,-1.11%
22.01.2019,131.38,126.53,131.38,126.53,3.06%
21.01.2019,127.48,126.53,127.48,126.53,0.00%
18.01.2019,127.48,131.42,131.42,127.48,-4.41%
17.01.2019,133.36,134.34,134.34,133.36,-1.09%
16.01.2019,134.83,136.31,136.31,134.83,-1.43%
15.01.2019,136.79,136.29,136.79,136.29,-0.71%
14.01.2019,137.77,151.74,151.74,137.77,0.73%
11.01.2019,136.77,136.3,136.77,136.3,0.34%
10.01.2019,136.3,132.35,136.3,132.35,2.60%
09.01.2019,132.85,134.37,134.37,132.85,-1.48%
08.01.2019,134.84,134.36,134.84,134.36,-1.07%
07.01.2019,136.3,141.3,141.3,136.3,-5.79%
04.01.2019,144.68,151.74,151.74,144.68,-5.35%
03.01.2019,152.85,151.94,152.85,151.94,-0.07%
02.01.2019,152.95,152.94,152.95,152.94,-0.95%
01.01.2019,154.42,152.92,154.42,152.92,0.00%
31.12.2018,154.42,154.82,154.82,154.42,-0.30%
28.12.2018,154.88,156.77,156.77,154.88,-0.92%
27.12.2018,156.32,158.84,158.84,156.32,2.55%
26.12.2018,152.44,154.87,154.87,152.44,1.34%
25.12.2018,150.43,154.77,154.77,150.43,-0.01%
24.12.2018,150.44,147.98,150.44,147.98,0.96%
21.12.2018,149.01,147.98,149.01,147.98,2.01%
20.12.2018,146.08,147.98,147.98,146.08,3.13%
19.12.2018,141.65,147.98,147.98,141.65,2.12%
18.12.2018,138.71,147.98,147.98,138.71,-1.40%
17.12.2018,140.68,147.98,147.98,140.68,-2.37%
14.12.2018,144.09,147.98,147.98,144.09,1.37%
13.12.2018,142.14,147.98,147.98,142.14,-2.68%
12.12.2018,146.06,147.98,147.98,146.06,-0.68%
11.12.2018,147.06,147.98,147.98,147.06,-1.27%
10.12.2018,148.95,147.98,148.95,147.98,1.00%
07.12.2018,147.47,147.98,147.98,147.47,-1.61%
06.12.2018,149.89,147.98,149.89,147.98,3.37%
05.12.2018,145,147.98,147.98,145,-10.04%
04.12.2018,161.18,147.98,161.18,147.98,11.51%
03.12.2018,144.54,150.91,150.91,150.91,-2.32%
30.11.2018,147.97,147.98,147.98,147.97,-1.62%
29.11.2018,150.4,150.91,150.91,150.4,-0.97%
28.11.2018,151.87,160.71,160.71,151.87,-5.78%
27.11.2018,161.18,161.71,161.71,161.18,-0.32%
26.11.2018,161.69,161.66,161.69,161.66,0.63%
23.11.2018,160.68,156.81,160.68,156.81,1.54%
22.11.2018,158.25,156.82,158.25,156.82,-0.01%
21.11.2018,158.26,160.74,160.74,158.26,-1.82%
20.11.2018,161.2,154.8,161.2,154.8,4.13%
19.11.2018,154.8,154.8,154.8,154.8,3.61%
16.11.2018,149.4,148.95,149.4,148.95,-0.01%
15.11.2018,149.42,148.95,149.42,148.95,0.99%
14.11.2018,147.96,146.96,147.96,146.96,1.36%
13.11.2018,145.98,137.19,145.98,137.19,4.92%
12.11.2018,139.13,137.18,139.13,137.18,0.00%
09.11.2018,139.13,138.2,139.13,138.2,2.14%
08.11.2018,136.22,132.32,136.22,132.32,2.21%
07.11.2018,133.28,134.29,134.29,133.28,-1.44%
06.11.2018,135.23,137.26,137.26,135.23,-0.35%
05.11.2018,135.71,137.26,137.26,135.71,-2.48%
02.11.2018,139.16,141.11,141.11,139.16,-1.37%
01.11.2018,141.09,144.08,144.08,141.09,-2.06%
31.10.2018,144.06,140.15,144.06,140.15,1.39%
30.10.2018,142.09,145.03,145.03,142.09,-1.69%
29.10.2018,144.53,134.21,144.53,134.21,7.68%
26.10.2018,134.22,132.33,134.22,132.33,1.84%
25.10.2018,131.8,137.15,137.15,131.8,-2.51%
24.10.2018,135.19,129.35,135.19,129.35,4.11%
23.10.2018,129.85,131.33,131.33,129.85,-0.76%
22.10.2018,130.84,128.41,130.84,128.41,2.29%
19.10.2018,127.91,126.42,127.91,126.42,1.56%
18.10.2018,125.95,120.56,125.95,120.56,6.18%
17.10.2018,118.62,120.57,120.57,118.62,2.12%
16.10.2018,116.16,120.57,120.57,116.16,-4.05%
15.10.2018,121.06,120.57,121.06,120.57,0.00%
12.10.2018,121.06,121.54,121.54,121.06,-0.40%
11.10.2018,121.55,125.45,125.45,121.55,-1.58%
10.10.2018,123.5,118.12,123.5,118.12,3.90%
09.10.2018,118.86,119.6,119.6,118.86,-0.62%
08.10.2018,119.6,119.6,119.6,119.6,0.00%
05.10.2018,119.6,115.69,119.6,115.69,3.39%
04.10.2018,115.68,107.85,115.68,107.85,8.75%
03.10.2018,106.37,107.83,107.83,106.37,-1.80%
02.10.2018,108.32,110.78,110.78,108.32,-2.22%
01.10.2018,110.78,112.73,112.73,110.78,-1.30%
28.09.2018,112.24,111.75,112.24,111.75,-0.64%
27.09.2018,112.96,114.68,114.68,112.96,-1.28%
26.09.2018,114.43,119.6,119.6,114.43,-3.52%
25.09.2018,118.6,119.6,119.6,118.6,0.00%
24.09.2018,118.6,115.67,118.6,115.67,2.96%
21.09.2018,115.19,115.68,115.68,115.19,-0.42%
20.09.2018,115.68,106.88,115.68,106.88,8.73%
19.09.2018,106.39,106.88,106.88,106.39,0.00%
18.09.2018,106.39,107.86,107.86,106.39,-0.91%
17.09.2018,107.37,109.83,109.83,107.37,-2.23%
14.09.2018,109.82,111.79,111.79,109.82,-1.32%
13.09.2018,111.29,119.65,119.65,111.29,-6.21%
12.09.2018,118.66,123.6,123.6,118.66,-3.60%
11.09.2018,123.09,123.58,123.58,123.09,0.01%
10.09.2018,123.08,123.61,123.61,123.08,-0.02%
07.09.2018,123.1,123.58,123.58,123.1,0.42%
06.09.2018,122.59,123.58,123.58,122.59,-0.40%
05.09.2018,123.08,124.57,124.57,123.08,-0.40%
04.09.2018,123.58,119.64,123.58,119.64,4.16%
03.09.2018,118.65,119.64,119.64,118.65,0.00%
31.08.2018,118.65,118.65,118.65,118.65,1.25%
30.08.2018,117.18,114.73,117.18,114.73,3.02%
29.08.2018,113.75,115.72,115.72,113.75,-0.43%
28.08.2018,114.24,112.77,114.24,112.77,1.30%
27.08.2018,112.77,115.71,115.71,112.77,-1.71%
24.08.2018,114.73,116.7,116.7,114.73,-0.43%
23.08.2018,115.22,114.72,115.22,114.72,0.87%
22.08.2018,114.23,117.68,117.68,114.23,-2.10%
21.08.2018,116.68,119.62,119.62,116.68,-1.24%
20.08.2018,118.14,117.67,118.14,117.67,0.83%
17.08.2018,117.17,118.64,118.64,117.17,0.42%
16.08.2018,116.68,118.64,118.64,116.68,-2.06%
15.08.2018,119.13,116.7,119.13,116.7,2.52%
14.08.2018,116.2,120.58,120.58,116.2,-3.64%
13.08.2018,120.59,121.56,121.56,120.59,-0.40%
10.08.2018,121.08,117.65,121.08,117.65,3.78%
09.08.2018,116.67,114.72,116.67,114.72,3.03%
08.08.2018,113.24,114.72,114.72,113.24,-0.87%
07.08.2018,114.23,113.73,114.23,113.73,0.44%
06.08.2018,113.73,113.73,113.73,113.73,0.00%
03.08.2018,113.73,117.65,117.65,113.73,-2.52%
02.08.2018,116.67,114.72,116.67,114.72,2.58%
01.08.2018,113.74,113.73,113.74,113.73,0.44%
31.07.2018,113.24,113.74,113.74,113.24,0.87%
30.07.2018,112.26,110.79,112.26,110.79,1.78%
27.07.2018,110.3,106.87,110.3,106.87,3.70%
26.07.2018,106.36,108.83,108.83,106.36,-2.70%
25.07.2018,109.31,113.73,113.73,109.31,-3.04%
24.07.2018,112.74,113.74,113.74,112.74,-0.86%
23.07.2018,113.72,114.72,114.72,113.72,-0.21%
20.07.2018,113.96,115.68,115.68,113.96,-1.39%
19.07.2018,115.57,113.73,115.57,113.73,1.73%
18.07.2018,113.61,113.73,113.73,113.61,-0.53%
17.07.2018,114.22,112.75,114.22,112.75,1.30%
16.07.2018,112.75,109.79,112.75,109.79,2.23%
13.07.2018,110.29,112.74,112.74,110.29,-2.17%
12.07.2018,112.74,117.63,117.63,112.74,-4.16%
11.07.2018,117.63,110.78,117.63,110.78,6.18%
10.07.2018,110.78,112.75,112.75,110.78,-2.16%
09.07.2018,113.23,113.71,113.71,113.23,-0.42%
06.07.2018,113.71,120.57,120.57,113.71,-9.36%
05.07.2018,125.45,130.35,130.35,125.45,-3.74%
04.07.2018,130.32,130.32,130.32,130.32,0.00%
03.07.2018,130.32,121.05,130.32,121.05,-5.68%
02.07.2018,138.17,134.26,138.17,134.26,3.75%
29.06.2018,133.18,130.35,133.18,130.35,1.49%
28.06.2018,131.22,136.17,136.17,131.22,-3.65%
27.06.2018,136.19,131.32,136.19,131.32,3.32%
26.06.2018,131.81,135.22,135.22,131.81,-1.46%
25.06.2018,133.76,131.32,133.76,131.32,1.48%
22.06.2018,131.81,137.17,137.17,131.81,-4.60%
21.06.2018,138.16,141.12,141.12,138.16,-1.40%
20.06.2018,140.12,143.01,143.01,140.12,-2.37%
19.06.2018,143.52,145,145,143.52,-0.69%
18.06.2018,144.52,143.03,144.52,143.03,1.03%
15.06.2018,143.04,148.85,148.85,143.04,-3.29%
14.06.2018,147.91,144.02,147.91,144.02,2.00%
13.06.2018,145.01,151.8,151.8,145.01,-4.02%
12.06.2018,151.08,149.85,151.08,149.85,1.14%
11.06.2018,149.37,149.83,149.83,149.37,0.02%
08.06.2018,149.34,148.79,149.34,148.79,0.67%
07.06.2018,148.34,144.91,148.34,144.91,2.32%
06.06.2018,144.98,144.91,144.98,144.91,-0.79%
05.06.2018,146.14,136.21,146.14,136.21,6.93%
04.06.2018,136.67,136.21,136.67,136.21,0.00%
01.06.2018,136.67,139.1,139.1,136.67,-2.08%
31.05.2018,139.58,129.39,139.58,129.39,7.90%
30.05.2018,129.36,131.18,131.18,129.36,-1.41%
29.05.2018,131.21,119.57,131.21,119.57,9.29%
28.05.2018,120.06,119.55,120.06,119.55,0.00%
25.05.2018,120.06,119.56,120.06,119.56,0.00%
24.05.2018,120.06,117.58,120.06,117.58,1.25%
23.05.2018,118.58,124.47,124.47,118.58,-3.79%
22.05.2018,123.25,124.47,124.47,123.25,-1.57%
21.05.2018,125.21,129.33,129.33,125.21,-4.11%
18.05.2018,130.57,125.44,130.57,125.44,4.07%
17.05.2018,125.46,118.6,125.46,118.6,4.70%
16.05.2018,119.83,118.62,119.83,118.62,0.19%
15.05.2018,119.6,115.67,119.6,115.67,3.85%
14.05.2018,115.17,113.7,115.17,113.7,1.30%
11.05.2018,113.69,112.72,113.69,112.72,0.87%
10.05.2018,112.71,121.52,121.52,112.71,-7.61%
09.05.2018,122,128.35,128.35,122,-5.30%
08.05.2018,128.83,121.02,128.83,121.02,6.24%
07.05.2018,121.26,114.67,121.26,114.67,4.86%
04.05.2018,115.64,122.47,122.47,115.64,-5.21%
03.05.2018,121.99,113.71,121.99,113.71,2.67%
02.05.2018,118.82,116.63,118.82,116.63,2.10%
01.05.2018,116.38,114.67,116.38,114.67,1.50%
30.04.2018,114.66,111.24,114.66,111.24,1.96%
27.04.2018,112.46,113.68,113.68,112.46,-1.50%
26.04.2018,114.17,114.67,114.67,114.17,-0.85%
25.04.2018,115.15,114.66,115.15,114.66,0.65%
24.04.2018,114.41,112.71,114.41,112.71,1.95%
23.04.2018,112.22,110.76,112.22,110.76,1.77%
20.04.2018,110.27,105.87,110.27,105.87,3.68%
19.04.2018,106.36,103.91,106.36,103.91,2.35%
18.04.2018,103.92,103.91,103.92,103.91,-0.92%
17.04.2018,104.89,104.4,104.89,104.4,0.70%
16.04.2018,104.16,104.88,104.88,104.16,0.24%
13.04.2018,103.91,103.91,103.91,103.91,0.46%
12.04.2018,103.43,101.95,103.43,101.95,0.96%
11.04.2018,102.45,102.93,102.93,102.45,-2.10%
10.04.2018,104.65,105.86,105.86,104.65,-1.38%
09.04.2018,106.11,106.83,106.83,106.11,-0.23%
06.04.2018,106.35,103.91,106.35,103.91,2.35%
05.04.2018,103.91,103.91,103.91,103.91,0.00%
04.04.2018,103.91,107.82,107.82,103.91,-4.92%
03.04.2018,109.29,110.75,110.75,109.29,-1.75%
02.04.2018,111.24,107.33,111.24,107.33,2.47%
30.03.2018,108.56,108.56,108.56,108.56,0.00%
29.03.2018,108.56,117.58,117.58,108.56,-2.42%
28.03.2018,111.25,117.58,117.58,111.25,-2.96%
27.03.2018,114.64,117.58,117.58,114.64,0.83%
26.03.2018,113.7,117.58,117.58,113.7,-2.91%
23.03.2018,117.11,106.86,117.11,106.86,3.01%
22.03.2018,113.69,106.86,113.69,106.86,3.10%
21.03.2018,110.27,106.86,110.27,106.86,-3.85%
20.03.2018,114.68,106.86,114.68,106.86,7.32%
19.03.2018,106.86,106.86,106.86,106.86,1.87%
16.03.2018,104.9,106.86,106.86,104.9,0.00%
15.03.2018,104.9,106.86,106.86,104.9,0.95%
14.03.2018,103.91,106.86,106.86,103.91,0.00%
13.03.2018,103.91,106.86,106.86,103.91,0.47%
12.03.2018,103.42,106.86,106.86,103.42,-0.48%
09.03.2018,103.92,106.86,106.86,103.92,-1.84%
08.03.2018,105.87,106.86,106.86,105.87,-0.47%
07.03.2018,106.37,106.86,106.86,106.37,2.36%
06.03.2018,103.92,106.86,106.86,103.92,0.00%
05.03.2018,103.92,106.86,106.86,103.92,-4.07%
02.03.2018,108.33,106.86,108.33,106.86,0.46%
01.03.2018,107.83,106.86,107.83,106.86,1.85%
28.02.2018,105.87,104.91,105.87,104.91,0.92%
27.02.2018,104.9,101.96,104.9,101.96,2.89%
26.02.2018,101.95,102.94,102.94,101.95,-0.95%
23.02.2018,102.93,105.87,105.87,102.93,-2.78%
22.02.2018,105.87,106.87,106.87,105.87,0.30%
21.02.2018,105.55,104.9,105.55,104.9,0.63%
20.02.2018,104.89,101.96,104.89,101.96,3.88%
19.02.2018,100.97,101.96,101.96,100.97,0.00%
16.02.2018,100.97,102.94,102.94,100.97,-1.28%
15.02.2018,102.28,105.89,105.89,102.28,-4.29%
14.02.2018,106.86,110.79,110.79,106.86,-3.96%
13.02.2018,111.27,107.85,111.27,107.85,3.66%
12.02.2018,107.34,112.73,112.73,107.34,-4.78%
09.02.2018,112.73,110.79,112.73,110.79,1.31%
08.02.2018,111.27,102.45,111.27,102.45,9.40%
07.02.2018,101.71,100.98,101.71,100.98,1.22%
06.02.2018,100.48,104.9,104.9,100.48,-4.21%
05.02.2018,104.9,100.98,104.9,100.98,5.95%
02.02.2018,99.01,97.04,99.01,97.04,2.03%
01.02.2018,97.04,97.04,97.04,97.04,0.00%
31.01.2018,97.04,99.01,99.01,97.04,-1.99%
30.01.2018,99.01,98.03,99.01,98.03,0.01%
29.01.2018,99,99,99,99,1.00%
26.01.2018,98.02,98.02,98.02,98.02,0.00%
25.01.2018,98.02,98.02,98.02,98.02,0.00%
24.01.2018,98.02,98.02,98.02,98.02,-1.32%
23.01.2018,99.33,96.06,99.33,96.06,1.85%
22.01.2018,97.53,97.53,97.53,97.53,-2.46%
19.01.2018,99.99,96.06,99.99,96.06,3.83%
18.01.2018,96.3,100,100,96.3,0.76%
17.01.2018,95.57,100,100,95.57,-0.51%
16.01.2018,96.06,100,100,96.06,-1.26%
15.01.2018,97.29,100,100,97.29,0.00%
12.01.2018,97.29,100,100,97.29,-2.70%
11.01.2018,99.99,100.98,100.98,99.99,-0.49%
10.01.2018,100.48,96.55,100.48,96.55,4.60%
09.01.2018,96.06,96.06,96.06,96.06,-0.51%
08.01.2018,96.55,97.05,97.05,96.55,-0.50%
05.01.2018,97.04,98.03,98.03,97.04,-0.50%
04.01.2018,97.53,100,100,97.53,-2.95%
03.01.2018,100.49,103.44,103.44,100.49,-2.84%
02.01.2018,103.43,105.4,105.4,103.43,-2.09%
01.01.2018,105.64,105.4,105.64,105.4,0.00%