Fecha,BONOMX10,BONOUSA10,Close
02/01/18 0:00,7.55,2.461,5.089
03/01/18 0:00,7.5,2.445,5.055
04/01/18 0:00,7.44,2.453,4.987
05/01/18 0:00,7.45,2.476,4.974
08/01/18 0:00,7.43,2.48,4.95
09/01/18 0:00,7.48,2.551,4.929
10/01/18 0:00,7.58,2.559,5.021
11/01/18 0:00,7.58,2.537,5.043
12/01/18 0:00,7.56,2.55,5.01
15/01/18 0:00,7.53,2.552,4.978
16/01/18 0:00,7.548,2.539,5.009
17/01/18 0:00,7.556,2.587,4.969
18/01/18 0:00,7.55,2.624,4.926
19/01/18 0:00,7.56,2.661,4.899
22/01/18 0:00,7.567,2.656,4.911
23/01/18 0:00,7.49,2.617,4.873
24/01/18 0:00,7.48,2.648,4.832
25/01/18 0:00,7.5,2.624,4.876
26/01/18 0:00,7.521,2.66,4.861
29/01/18 0:00,7.5,2.699,4.801
30/01/18 0:00,7.64,2.724,4.916
31/01/18 0:00,7.59,2.713,4.877
01/02/18 0:00,7.55,2.782,4.768
02/02/18 0:00,7.57,2.841,4.729
06/02/18 0:00,7.6,2.805,4.795
07/02/18 0:00,7.57,2.834,4.736
08/02/18 0:00,7.64,2.828,4.812
09/02/18 0:00,7.68,2.857,4.823
12/02/18 0:00,7.74,2.859,4.881
13/02/18 0:00,7.75,2.833,4.917
14/02/18 0:00,7.79,2.913,4.877
15/02/18 0:00,7.71,2.906,4.804
16/02/18 0:00,7.67,2.873,4.797
19/02/18 0:00,7.69,2.889,4.801
20/02/18 0:00,7.72,2.891,4.829
21/02/18 0:00,7.69,2.952,4.738
22/02/18 0:00,7.61,2.919,4.691
23/02/18 0:00,7.61,2.866,4.744
26/02/18 0:00,7.63,2.864,4.766
27/02/18 0:00,7.64,2.901,4.739
28/02/18 0:00,7.62,2.864,4.756
01/03/18 0:00,7.59,2.811,4.779
02/03/18 0:00,7.58,2.868,4.712
05/03/18 0:00,7.61,2.883,4.727
06/03/18 0:00,7.56,2.886,4.674
07/03/18 0:00,7.55,2.881,4.669
08/03/18 0:00,7.55,2.857,4.693
09/03/18 0:00,7.52,2.896,4.624
12/03/18 0:00,7.53,2.866,4.664
13/03/18 0:00,7.54,2.844,4.696
14/03/18 0:00,7.56,2.819,4.741
15/03/18 0:00,7.56,2.826,4.734
16/03/18 0:00,7.419,2.845,4.574
20/03/18 0:00,7.55,2.9,4.65
21/03/18 0:00,7.54,2.881,4.659
22/03/18 0:00,7.49,2.823,4.667
23/03/18 0:00,7.47,2.813,4.657
26/03/18 0:00,7.41,2.852,4.558
27/03/18 0:00,7.35,2.775,4.575
28/03/18 0:00,7.29,2.783,4.507
29/03/18 0:00,7.34,2.741,4.599
02/04/18 0:00,7.37,2.733,4.637
03/04/18 0:00,7.31,2.781,4.529
04/04/18 0:00,7.25,2.808,4.442
05/04/18 0:00,7.29,2.834,4.456
06/04/18 0:00,7.25,2.775,4.475
09/04/18 0:00,7.26,2.781,4.479
10/04/18 0:00,7.31,2.801,4.509
11/04/18 0:00,7.33,2.779,4.551
12/04/18 0:00,7.3,2.843,4.457
13/04/18 0:00,7.33,2.825,4.505
16/04/18 0:00,7.4,2.829,4.571
17/04/18 0:00,7.36,2.83,4.53
18/04/18 0:00,7.35,2.875,4.475
19/04/18 0:00,7.44,2.914,4.526
20/04/18 0:00,7.47,2.96,4.51
23/04/18 0:00,7.57,2.977,4.593
24/04/18 0:00,7.545,3,4.545
25/04/18 0:00,7.52,3.032,4.488
26/04/18 0:00,7.53,2.983,4.547
27/04/18 0:00,7.44,2.959,4.481
30/04/18 0:00,7.46,2.955,4.505
01/05/18 0:00,7.5,2.968,4.532
02/05/18 0:00,7.5,2.976,4.524
03/05/18 0:00,7.52,2.948,4.572
04/05/18 0:00,7.56,2.951,4.609
07/05/18 0:00,7.64,2.952,4.688
08/05/18 0:00,7.71,2.972,4.738
09/05/18 0:00,7.69,3.006,4.684
10/05/18 0:00,7.57,2.964,4.606
11/05/18 0:00,7.59,2.97,4.62
14/05/18 0:00,7.67,3.002,4.668
15/05/18 0:00,7.77,3.072,4.698
16/05/18 0:00,7.74,3.104,4.636
17/05/18 0:00,7.74,3.115,4.625
18/05/18 0:00,7.76,3.06,4.7
21/05/18 0:00,7.71,3.058,4.652
22/05/18 0:00,7.71,3.063,4.647
23/05/18 0:00,7.64,2.993,4.647
24/05/18 0:00,7.66,2.977,4.683
25/05/18 0:00,7.62,2.931,4.689
28/05/18 0:00,7.63,2.898,4.732
29/05/18 0:00,7.66,2.79,4.87
30/05/18 0:00,7.73,2.857,4.873
31/05/18 0:00,7.78,2.86,4.92
01/06/18 0:00,7.82,2.902,4.918
04/06/18 0:00,7.829,2.944,4.885
05/06/18 0:00,7.82,2.926,4.894
06/06/18 0:00,7.75,2.974,4.776
07/06/18 0:00,7.84,2.922,4.918
08/06/18 0:00,7.82,2.948,4.872
11/06/18 0:00,7.86,2.952,4.908
12/06/18 0:00,7.93,2.964,4.966
13/06/18 0:00,7.9,2.974,4.926
14/06/18 0:00,7.93,2.935,4.995
15/06/18 0:00,7.99,2.922,5.068
18/06/18 0:00,7.9,2.917,4.983
19/06/18 0:00,7.9,2.897,5.003
20/06/18 0:00,7.79,2.937,4.853
21/06/18 0:00,7.77,2.899,4.871
22/06/18 0:00,7.72,2.895,4.825
25/06/18 0:00,7.72,2.882,4.838
26/06/18 0:00,7.64,2.877,4.763
27/06/18 0:00,7.66,2.827,4.833
28/06/18 0:00,7.58,2.84,4.74
29/06/18 0:00,7.58,2.86,4.72
02/07/18 0:00,7.65,2.871,4.779
03/07/18 0:00,7.56,2.833,4.727
04/07/18 0:00,7.61,2.842,4.768
05/07/18 0:00,7.58,2.833,4.747
06/07/18 0:00,7.68,2.824,4.856
09/07/18 0:00,7.71,2.858,4.852
10/07/18 0:00,7.67,2.867,4.803
11/07/18 0:00,7.69,2.84,4.85
12/07/18 0:00,7.68,2.849,4.831
13/07/18 0:00,7.74,2.829,4.911
16/07/18 0:00,7.7,2.856,4.844
17/07/18 0:00,7.69,2.86,4.83
18/07/18 0:00,7.64,2.875,4.765
19/07/18 0:00,7.7,2.838,4.862
20/07/18 0:00,7.66,2.895,4.765
23/07/18 0:00,7.67,2.96,4.71
24/07/18 0:00,7.73,2.95,4.78
25/07/18 0:00,7.7,2.973,4.727
26/07/18 0:00,7.71,2.982,4.728
27/07/18 0:00,7.75,2.958,4.792
30/07/18 0:00,7.71,2.975,4.735
31/07/18 0:00,7.74,2.962,4.778
01/08/18 0:00,7.76,3.004,4.756
02/08/18 0:00,7.71,2.986,4.724
03/08/18 0:00,7.69,2.951,4.739
06/08/18 0:00,7.69,2.945,4.745
07/08/18 0:00,7.68,2.977,4.703
08/08/18 0:00,7.64,2.964,4.676
09/08/18 0:00,7.67,2.929,4.741
10/08/18 0:00,7.73,2.873,4.857
13/08/18 0:00,7.78,2.877,4.903
14/08/18 0:00,7.81,2.9,4.91
15/08/18 0:00,7.818,2.864,4.954
16/08/18 0:00,7.89,2.87,5.02
17/08/18 0:00,7.84,2.864,4.976
20/08/18 0:00,7.85,2.819,5.031
21/08/18 0:00,7.83,2.842,4.988
22/08/18 0:00,7.77,2.821,4.949
23/08/18 0:00,7.8,2.828,4.972
24/08/18 0:00,7.75,2.813,4.937
27/08/18 0:00,7.74,2.846,4.894
28/08/18 0:00,7.82,2.884,4.936
29/08/18 0:00,7.87,2.886,4.984
30/08/18 0:00,7.9,2.859,5.041
31/08/18 0:00,7.91,2.86,5.05
03/09/18 0:00,7.91,2.862,5.048
04/09/18 0:00,8.01,2.898,5.112
05/09/18 0:00,8.03,2.904,5.126
06/09/18 0:00,8,2.878,5.122
07/09/18 0:00,8.04,2.939,5.101
10/09/18 0:00,8.06,2.935,5.125
11/09/18 0:00,8.06,2.981,5.079
12/09/18 0:00,8.04,2.964,5.076
13/09/18 0:00,7.98,2.974,5.006
14/09/18 0:00,8.01,3,5.01
17/09/18 0:00,8.03,2.994,5.036
18/09/18 0:00,8.03,3.057,4.973
19/09/18 0:00,8.03,3.066,4.964
20/09/18 0:00,8.05,3.065,4.985
21/09/18 0:00,8.03,3.066,4.964
24/09/18 0:00,8,3.089,4.911
25/09/18 0:00,8.04,3.098,4.942
26/09/18 0:00,7.94,3.048,4.892
27/09/18 0:00,7.89,3.056,4.834
28/09/18 0:00,7.91,3.065,4.845
01/10/18 0:00,7.93,3.086,4.844
02/10/18 0:00,7.91,3.061,4.849
03/10/18 0:00,7.93,3.181,4.749
04/10/18 0:00,8.01,3.187,4.823
05/10/18 0:00,8.09,3.233,4.857
08/10/18 0:00,8.1,3.231,4.869
09/10/18 0:00,8.15,3.206,4.944
10/10/18 0:00,8.15,3.174,4.976
11/10/18 0:00,8.16,3.146,5.014
12/10/18 0:00,8.1,3.167,4.933
15/10/18 0:00,8.07,3.156,4.914
16/10/18 0:00,8.05,3.163,4.887
17/10/18 0:00,8.09,3.207,4.883
18/10/18 0:00,8.14,3.177,4.963
19/10/18 0:00,8.2,3.196,5.004
22/10/18 0:00,8.35,3.2,5.15
23/10/18 0:00,8.29,3.171,5.119
24/10/18 0:00,8.34,3.111,5.229
25/10/18 0:00,8.34,3.126,5.214
26/10/18 0:00,8.32,3.077,5.243
29/10/18 0:00,8.7,3.089,5.611
30/10/18 0:00,8.71,3.119,5.591
31/10/18 0:00,8.86,3.149,5.711
01/11/18 0:00,8.77,3.134,5.636
02/11/18 0:00,8.79,3.22,5.57
05/11/18 0:00,8.59,3.201,5.389
06/11/18 0:00,8.59,3.231,5.359
07/11/18 0:00,8.67,3.237,5.433
08/11/18 0:00,8.82,3.239,5.581
09/11/18 0:00,8.88,3.186,5.694
12/11/18 0:00,8.87,3.151,5.719
13/11/18 0:00,9.01,3.141,5.869
14/11/18 0:00,9.09,3.127,5.963
15/11/18 0:00,8.98,3.11,5.87
16/11/18 0:00,9.05,3.065,5.985
20/11/18 0:00,9.15,3.061,6.089
21/11/18 0:00,9.07,3.065,6.005
22/11/18 0:00,9.02,3.065,5.955
23/11/18 0:00,9.06,3.046,6.014
26/11/18 0:00,9.2,3.059,6.141
27/11/18 0:00,9.22,3.059,6.161
28/11/18 0:00,9.18,3.061,6.119
29/11/18 0:00,9.05,3.032,6.018
30/11/18 0:00,9.24,2.993,6.247
03/12/18 0:00,9.04,2.966,6.074
04/12/18 0:00,9.14,2.915,6.225
05/12/18 0:00,9.09,2.917,6.173
06/12/18 0:00,9.15,2.892,6.258
07/12/18 0:00,9.02,2.858,6.162
10/12/18 0:00,9.06,2.863,6.197
11/12/18 0:00,9.08,2.879,6.201
13/12/18 0:00,8.95,2.913,6.037
14/12/18 0:00,8.92,2.895,6.025
17/12/18 0:00,8.82,2.857,5.963
18/12/18 0:00,8.72,2.823,5.897
19/12/18 0:00,8.71,2.762,5.948
20/12/18 0:00,8.65,2.808,5.842
21/12/18 0:00,8.81,2.788,6.022
24/12/18 0:00,8.84,2.737,6.103
26/12/18 0:00,8.81,2.81,6
27/12/18 0:00,8.81,2.774,6.036
28/12/18 0:00,8.73,2.716,6.014
31/12/18 0:00,8.62,2.686,5.934
02/01/19 0:00,8.63,2.633,5.997
03/01/19 0:00,8.6,2.552,6.048
04/01/19 0:00,8.47,2.668,5.802
07/01/19 0:00,8.59,2.698,5.892
08/01/19 0:00,8.68,2.73,5.95
09/01/19 0:00,8.76,2.712,6.048
10/01/19 0:00,8.6,2.746,5.854
11/01/19 0:00,8.69,2.699,5.991
14/01/19 0:00,8.62,2.706,5.914
15/01/19 0:00,8.65,2.718,5.932
16/01/19 0:00,8.63,2.727,5.903
17/01/19 0:00,8.69,2.75,5.94
18/01/19 0:00,8.67,2.788,5.882
21/01/19 0:00,8.71,2.773,5.937
22/01/19 0:00,8.69,2.741,5.949
23/01/19 0:00,8.63,2.75,5.88
24/01/19 0:00,8.48,2.716,5.764
25/01/19 0:00,8.42,2.759,5.661
28/01/19 0:00,8.45,2.748,5.702
29/01/19 0:00,8.4,2.71,5.69
30/01/19 0:00,8.53,2.678,5.852
31/01/19 0:00,8.47,2.633,5.837
01/02/19 0:00,8.47,2.684,5.786
05/02/19 0:00,8.41,2.704,5.706
06/02/19 0:00,8.4,2.7,5.7
07/02/19 0:00,8.41,2.657,5.753
08/02/19 0:00,8.34,2.634,5.706
11/02/19 0:00,8.48,2.654,5.826
12/02/19 0:00,8.38,2.686,5.694
13/02/19 0:00,8.54,2.709,5.831
14/02/19 0:00,8.4,2.655,5.745
15/02/19 0:00,8.27,2.664,5.606
18/02/19 0:00,8.37,2.673,5.697
19/02/19 0:00,8.34,2.636,5.704
20/02/19 0:00,8.35,2.648,5.702
21/02/19 0:00,8.33,2.695,5.635
22/02/19 0:00,8.32,2.654,5.666
25/02/19 0:00,8.24,2.668,5.572
26/02/19 0:00,8.07,2.638,5.432
27/02/19 0:00,8.1,2.686,5.414
28/02/19 0:00,8.198,2.717,5.481
01/03/19 0:00,8.13,2.759,5.371
04/03/19 0:00,8.17,2.724,5.446
05/03/19 0:00,8.13,2.719,5.411
06/03/19 0:00,8.084,2.693,5.391
07/03/19 0:00,8.104,2.641,5.463
08/03/19 0:00,8.044,2.63,5.414
11/03/19 0:00,8.02,2.641,5.379
12/03/19 0:00,8.012,2.6,5.412
13/03/19 0:00,8.01,2.625,5.385
15/03/19 0:00,8.02,2.591,5.429
18/03/19 0:00,8.04,2.605,5.435
19/03/19 0:00,8.03,2.618,5.412
20/03/19 0:00,7.976,2.524,5.452
21/03/19 0:00,7.93,2.539,5.391
22/03/19 0:00,7.89,2.437,5.453
25/03/19 0:00,7.84,2.405,5.435
26/03/19 0:00,7.89,2.425,5.465
27/03/19 0:00,7.94,2.381,5.559
28/03/19 0:00,7.96,2.391,5.569
29/03/19 0:00,8.01,2.407,5.603
01/04/19 0:00,7.99,2.503,5.487
02/04/19 0:00,8.01,2.472,5.538
03/04/19 0:00,8.04,2.528,5.512
04/04/19 0:00,8,2.513,5.487
05/04/19 0:00,7.93,2.499,5.431
08/04/19 0:00,7.93,2.52,5.41
09/04/19 0:00,7.96,2.502,5.458
10/04/19 0:00,7.94,2.465,5.475
11/04/19 0:00,7.91,2.499,5.411
12/04/19 0:00,7.89,2.562,5.328
15/04/19 0:00,7.92,2.556,5.364
16/04/19 0:00,8.01,2.592,5.418
17/04/19 0:00,8.02,2.594,5.426
18/04/19 0:00,8.03,2.56,5.47
22/04/19 0:00,8.03,2.587,5.443
23/04/19 0:00,8.05,2.569,5.481
24/04/19 0:00,8.1,2.518,5.582
25/04/19 0:00,8.1,2.534,5.566
26/04/19 0:00,8.04,2.5,5.54
29/04/19 0:00,8.09,2.527,5.563
30/04/19 0:00,8.08,2.504,5.576
02/05/19 0:00,8.11,2.545,5.565
03/05/19 0:00,8.08,2.53,5.55
06/05/19 0:00,8.11,2.5,5.61
07/05/19 0:00,8.13,2.448,5.682
08/05/19 0:00,8.12,2.485,5.635
09/05/19 0:00,8.128,2.453,5.675
10/05/19 0:00,8.1,2.473,5.627
13/05/19 0:00,8.1,2.403,5.697
14/05/19 0:00,8.07,2.414,5.656
15/05/19 0:00,8.032,2.377,5.655
16/05/19 0:00,8.04,2.394,5.646
17/05/19 0:00,8.05,2.393,5.657
20/05/19 0:00,8.112,2.419,5.693
21/05/19 0:00,8.112,2.428,5.684
22/05/19 0:00,8.104,2.38,5.724
23/05/19 0:00,8.05,2.322,5.728
24/05/19 0:00,8.02,2.324,5.696
27/05/19 0:00,8.03,2.31,5.72
28/05/19 0:00,7.95,2.267,5.683
29/05/19 0:00,7.94,2.262,5.678
30/05/19 0:00,7.98,2.217,5.763
31/05/19 0:00,8.06,2.133,5.927
03/06/19 0:00,8.06,2.075,5.985
04/06/19 0:00,7.98,2.121,5.859
05/06/19 0:00,7.974,2.131,5.843
06/06/19 0:00,8.01,2.121,5.889
07/06/19 0:00,7.92,2.084,5.836
10/06/19 0:00,7.75,2.15,5.6
11/06/19 0:00,7.68,2.145,5.535
12/06/19 0:00,7.7,2.122,5.578
13/06/19 0:00,7.67,2.093,5.577
14/06/19 0:00,7.65,2.084,5.566
17/06/19 0:00,7.744,2.091,5.653
18/06/19 0:00,7.682,2.058,5.624
19/06/19 0:00,7.63,2.029,5.601
20/06/19 0:00,7.564,2.023,5.541
21/06/19 0:00,7.68,2.059,5.621
24/06/19 0:00,7.66,2.018,5.642
25/06/19 0:00,7.698,1.988,5.71
26/06/19 0:00,7.69,2.05,5.64
27/06/19 0:00,7.58,2.014,5.566
28/06/19 0:00,7.566,2.007,5.559
01/07/19 0:00,7.484,2.033,5.451
02/07/19 0:00,7.39,1.976,5.414
03/07/19 0:00,7.314,1.953,5.361
04/07/19 0:00,7.29,1.948,5.342
05/07/19 0:00,7.3,2.039,5.261
08/07/19 0:00,7.37,2.048,5.322
09/07/19 0:00,7.56,2.072,5.488
10/07/19 0:00,7.58,2.061,5.519
11/07/19 0:00,7.658,2.143,5.515
12/07/19 0:00,7.614,2.124,5.49
15/07/19 0:00,7.602,2.09,5.512
16/07/19 0:00,7.604,2.106,5.498
17/07/19 0:00,7.74,2.043,5.697
18/07/19 0:00,7.54,2.026,5.514
19/07/19 0:00,7.48,2.057,5.423
22/07/19 0:00,7.46,2.05,5.41
23/07/19 0:00,7.478,2.078,5.4
24/07/19 0:00,7.43,2.05,5.38
25/07/19 0:00,7.43,2.083,5.347
26/07/19 0:00,7.53,2.074,5.456
29/07/19 0:00,7.5,2.063,5.437
30/07/19 0:00,7.52,2.06,5.46
31/07/19 0:00,7.49,2.007,5.483
01/08/19 0:00,7.49,1.902,5.588
02/08/19 0:00,7.426,1.843,5.583
05/08/19 0:00,7.42,1.718,5.702
06/08/19 0:00,7.43,1.716,5.714
07/08/19 0:00,7.3,1.721,5.579
08/08/19 0:00,7.262,1.719,5.543
09/08/19 0:00,7.186,1.745,5.441
12/08/19 0:00,7.184,1.64,5.544
13/08/19 0:00,7.18,1.702,5.478
14/08/19 0:00,7.23,1.583,5.647
15/08/19 0:00,7.04,1.502,5.538
16/08/19 0:00,6.93,1.562,5.368
19/08/19 0:00,7.042,1.608,5.434
20/08/19 0:00,7.06,1.552,5.508
21/08/19 0:00,7.016,1.591,5.425
22/08/19 0:00,6.972,1.613,5.359
23/08/19 0:00,6.94,1.533,5.407
26/08/19 0:00,6.97,1.538,5.432
27/08/19 0:00,7.01,1.474,5.536
28/08/19 0:00,6.99,1.468,5.522
29/08/19 0:00,7.01,1.496,5.514
30/08/19 0:00,6.95,1.499,5.451
02/09/19 0:00,6.96,1.506,5.454
03/09/19 0:00,6.93,1.462,5.468
04/09/19 0:00,6.93,1.471,5.459
05/09/19 0:00,6.99,1.565,5.425
06/09/19 0:00,6.95,1.56,5.39
09/09/19 0:00,7,1.647,5.353
10/09/19 0:00,7.07,1.744,5.326
11/09/19 0:00,7.17,1.745,5.425
12/09/19 0:00,7.16,1.778,5.382
13/09/19 0:00,7.23,1.901,5.329
17/09/19 0:00,7.17,1.81,5.36
18/09/19 0:00,7.13,1.8,5.33
19/09/19 0:00,7,1.787,5.213
20/09/19 0:00,6.98,1.722,5.258
23/09/19 0:00,6.89,1.723,5.167
24/09/19 0:00,6.9,1.652,5.248
25/09/19 0:00,6.892,1.737,5.155
26/09/19 0:00,6.82,1.697,5.123
27/09/19 0:00,6.88,1.687,5.193
30/09/19 0:00,6.86,1.668,5.192
01/10/19 0:00,6.9,1.635,5.265
02/10/19 0:00,6.83,1.601,5.229
03/10/19 0:00,6.72,1.534,5.186
04/10/19 0:00,6.73,1.529,5.201
07/10/19 0:00,6.77,1.565,5.205
08/10/19 0:00,6.75,1.532,5.218
09/10/19 0:00,6.71,1.587,5.123
10/10/19 0:00,6.74,1.67,5.07
11/10/19 0:00,6.74,1.734,5.006
14/10/19 0:00,6.744,1.715,5.029
15/10/19 0:00,6.77,1.771,4.999
16/10/19 0:00,6.81,1.745,5.065
17/10/19 0:00,6.84,1.75,5.09
18/10/19 0:00,6.8,1.754,5.046
21/10/19 0:00,6.83,1.803,5.027
22/10/19 0:00,6.86,1.768,5.092
23/10/19 0:00,6.85,1.768,5.082
24/10/19 0:00,6.8,1.771,5.029
25/10/19 0:00,6.83,1.799,5.031
28/10/19 0:00,6.87,1.845,5.025
29/10/19 0:00,6.84,1.837,5.003
30/10/19 0:00,6.77,1.775,4.995
31/10/19 0:00,6.74,1.688,5.052
01/11/19 0:00,6.77,1.714,5.056
04/11/19 0:00,6.77,1.781,4.989
05/11/19 0:00,6.82,1.857,4.963
06/11/19 0:00,6.76,1.83,4.93
07/11/19 0:00,6.81,1.929,4.881
08/11/19 0:00,6.84,1.945,4.895
11/11/19 0:00,6.86,1.923,4.937
12/11/19 0:00,6.92,1.928,4.992
13/11/19 0:00,6.96,1.891,5.069
14/11/19 0:00,6.94,1.822,5.118
15/11/19 0:00,6.89,1.836,5.054
18/11/19 0:00,7.101,1.815,5.286
19/11/19 0:00,6.98,1.786,5.194
20/11/19 0:00,7.03,1.747,5.283
21/11/19 0:00,7.01,1.776,5.234
22/11/19 0:00,7.02,1.771,5.249
25/11/19 0:00,7.074,1.752,5.322
26/11/19 0:00,7.11,1.741,5.369
27/11/19 0:00,7.014,1.767,5.247
28/11/19 0:00,7.07,1.778,5.292
29/11/19 0:00,7.07,1.774,5.296
02/12/19 0:00,7.13,1.822,5.308
03/12/19 0:00,7.13,1.717,5.413
04/12/19 0:00,6.98,1.778,5.202
05/12/19 0:00,7.02,1.809,5.211
06/12/19 0:00,6.96,1.843,5.117
09/12/19 0:00,6.8,1.821,4.979
10/12/19 0:00,6.878,1.842,5.036
11/12/19 0:00,6.84,1.793,5.047
13/12/19 0:00,6.8,1.824,4.976
16/12/19 0:00,6.77,1.873,4.897
17/12/19 0:00,6.8,1.875,4.925
18/12/19 0:00,6.77,1.922,4.848
19/12/19 0:00,6.87,1.922,4.948
20/12/19 0:00,6.91,1.919,4.991
23/12/19 0:00,6.88,1.928,4.952
24/12/19 0:00,6.87,1.903,4.967
26/12/19 0:00,6.84,1.894,4.946
27/12/19 0:00,6.81,1.877,4.933
30/12/19 0:00,6.82,1.886,4.934
31/12/19 0:00,6.84,1.919,4.921
02/01/20 0:00,6.78,1.877,4.903
03/01/20 0:00,6.714,1.793,4.921
06/01/20 0:00,6.77,1.809,4.961
07/01/20 0:00,6.83,1.811,5.019
08/01/20 0:00,6.83,1.874,4.956
09/01/20 0:00,6.85,1.855,4.995
10/01/20 0:00,6.764,1.82,4.944
13/01/20 0:00,6.83,1.848,4.982
14/01/20 0:00,6.83,1.813,5.017
15/01/20 0:00,6.8,1.786,5.014
16/01/20 0:00,6.82,1.809,5.011
17/01/20 0:00,6.802,1.825,4.977
20/01/20 0:00,6.79,1.823,4.967
21/01/20 0:00,6.83,1.774,5.056
22/01/20 0:00,6.82,1.769,5.051
23/01/20 0:00,6.78,1.731,5.049
24/01/20 0:00,6.76,1.686,5.074
27/01/20 0:00,6.73,1.613,5.117
28/01/20 0:00,6.706,1.661,5.045
29/01/20 0:00,6.62,1.581,5.039
30/01/20 0:00,6.61,1.591,5.019
31/01/20 0:00,6.6,1.505,5.095
04/02/20 0:00,6.64,1.603,5.037
05/02/20 0:00,6.65,1.649,5.001
06/02/20 0:00,6.638,1.644,4.994
07/02/20 0:00,6.62,1.582,5.038
10/02/20 0:00,6.58,1.563,5.017
11/02/20 0:00,6.558,1.602,4.956
12/02/20 0:00,6.57,1.637,4.933
13/02/20 0:00,6.57,1.619,4.951
14/02/20 0:00,6.53,1.588,4.942
17/02/20 0:00,6.54,1.578,4.962
18/02/20 0:00,6.53,1.559,4.971
19/02/20 0:00,6.5,1.568,4.932
20/02/20 0:00,6.548,1.519,5.029
21/02/20 0:00,6.522,1.473,5.049
24/02/20 0:00,6.49,1.37,5.12
25/02/20 0:00,6.46,1.355,5.105
26/02/20 0:00,6.498,1.335,5.163
27/02/20 0:00,6.68,1.274,5.406
28/02/20 0:00,6.83,1.163,5.667
02/03/20 0:00,6.56,1.152,5.408
03/03/20 0:00,6.42,0.999,5.421
04/03/20 0:00,6.31,1.055,5.255
05/03/20 0:00,6.36,0.917,5.443
06/03/20 0:00,6.35,0.773,5.577
09/03/20 0:00,6.67,0.559,6.111
10/03/20 0:00,6.8,0.8,6
11/03/20 0:00,7.26,0.877,6.383
12/03/20 0:00,7.68,0.812,6.868
13/03/20 0:00,7.63,0.983,6.647
17/03/20 0:00,7.75,1.069,6.681
18/03/20 0:00,8.24,1.183,7.057
19/03/20 0:00,8.09,1.158,6.932
20/03/20 0:00,7.32,0.885,6.435
23/03/20 0:00,7.79,0.763,7.027
24/03/20 0:00,7.97,0.858,7.112
25/03/20 0:00,7.74,0.869,6.871
26/03/20 0:00,7.28,0.848,6.432
27/03/20 0:00,7.05,0.676,6.374
30/03/20 0:00,7.25,0.726,6.524
31/03/20 0:00,7.04,0.668,6.372
01/04/20 0:00,7.02,0.602,6.418
02/04/20 0:00,7.09,0.611,6.479
03/04/20 0:00,7.24,0.599,6.641
06/04/20 0:00,7.32,0.678,6.642
07/04/20 0:00,7.11,0.726,6.384
08/04/20 0:00,7.06,0.771,6.289
13/04/20 0:00,7.05,0.77,6.28
14/04/20 0:00,6.82,0.75,6.07
15/04/20 0:00,6.83,0.635,6.195
16/04/20 0:00,6.79,0.617,6.173
17/04/20 0:00,6.83,0.642,6.188
20/04/20 0:00,6.93,0.616,6.314
21/04/20 0:00,6.9,0.566,6.334
22/04/20 0:00,6.68,0.618,6.062
23/04/20 0:00,6.67,0.603,6.067
24/04/20 0:00,6.87,0.605,6.265
27/04/20 0:00,6.84,0.664,6.176
28/04/20 0:00,6.8,0.616,6.184
29/04/20 0:00,6.59,0.628,5.962
30/04/20 0:00,6.465,0.646,5.819
04/05/20 0:00,6.38,0.631,5.749
05/05/20 0:00,6.3,0.662,5.638
06/05/20 0:00,6.26,0.709,5.551
07/05/20 0:00,5.94,0.639,5.301
08/05/20 0:00,5.78,0.685,5.095
11/05/20 0:00,5.89,0.707,5.183
12/05/20 0:00,5.87,0.667,5.203
13/05/20 0:00,5.98,0.654,5.326
14/05/20 0:00,6,0.617,5.383
15/05/20 0:00,6.03,0.644,5.386
18/05/20 0:00,5.98,0.726,5.254
19/05/20 0:00,5.97,0.692,5.278
20/05/20 0:00,6.05,0.69,5.36
21/05/20 0:00,6.1,0.68,5.42
22/05/20 0:00,6.2,0.657,5.543
25/05/20 0:00,6.17,0.659,5.511
26/05/20 0:00,6.07,0.695,5.375
27/05/20 0:00,6.14,0.695,5.445
28/05/20 0:00,6.14,0.697,5.443
29/05/20 0:00,6.11,0.653,5.457
01/06/20 0:00,6.11,0.667,5.443
02/06/20 0:00,6.12,0.687,5.433
03/06/20 0:00,6.08,0.746,5.334
04/06/20 0:00,6.09,0.825,5.265
05/06/20 0:00,6.24,0.893,5.347
08/06/20 0:00,6.24,0.878,5.362
09/06/20 0:00,6.17,0.824,5.346
10/06/20 0:00,6.07,0.736,5.334
11/06/20 0:00,5.99,0.666,5.324
12/06/20 0:00,5.95,0.71,5.24
15/06/20 0:00,5.94,0.72,5.22
16/06/20 0:00,5.99,0.741,5.249
17/06/20 0:00,5.96,0.733,5.227
18/06/20 0:00,5.95,0.707,5.243
19/06/20 0:00,5.87,0.694,5.176
22/06/20 0:00,5.89,0.71,5.18
23/06/20 0:00,5.9,0.715,5.185
24/06/20 0:00,5.97,0.679,5.291
25/06/20 0:00,5.93,0.682,5.248
26/06/20 0:00,5.84,0.64,5.2
29/06/20 0:00,5.84,0.627,5.213
30/06/20 0:00,5.79,0.658,5.132
01/07/20 0:00,5.71,0.676,5.034
02/07/20 0:00,5.66,0.669,4.991
06/07/20 0:00,5.64,0.678,4.962
07/07/20 0:00,5.71,0.64,5.07
08/07/20 0:00,5.74,0.666,5.074
09/07/20 0:00,5.72,0.613,5.107
10/07/20 0:00,5.64,0.643,4.997
13/07/20 0:00,5.59,0.618,4.972
14/07/20 0:00,5.59,0.625,4.965
15/07/20 0:00,5.62,0.633,4.987
16/07/20 0:00,5.73,0.618,5.112
17/07/20 0:00,5.78,0.623,5.157
20/07/20 0:00,5.8,0.613,5.187
21/07/20 0:00,5.76,0.605,5.155
22/07/20 0:00,5.7,0.6,5.1
23/07/20 0:00,5.73,0.577,5.153
24/07/20 0:00,5.72,0.587,5.133
27/07/20 0:00,5.67,0.615,5.055
28/07/20 0:00,5.65,0.579,5.071
29/07/20 0:00,5.66,0.577,5.083
30/07/20 0:00,5.65,0.545,5.105
31/07/20 0:00,5.69,0.533,5.157
03/08/20 0:00,5.71,0.554,5.156
04/08/20 0:00,5.73,0.512,5.218
05/08/20 0:00,5.7,0.549,5.151
06/08/20 0:00,5.68,0.538,5.142
07/08/20 0:00,5.71,0.566,5.144
10/08/20 0:00,5.745,0.581,5.164
11/08/20 0:00,5.76,0.643,5.117
12/08/20 0:00,5.75,0.673,5.077
13/08/20 0:00,5.74,0.717,5.023
14/08/20 0:00,5.68,0.709,4.971
17/08/20 0:00,5.725,0.692,5.033
18/08/20 0:00,5.72,0.67,5.05
19/08/20 0:00,5.7,0.685,5.015
20/08/20 0:00,5.725,0.652,5.073
21/08/20 0:00,5.74,0.636,5.104
24/08/20 0:00,5.79,0.654,5.136
25/08/20 0:00,5.8,0.688,5.112
26/08/20 0:00,5.87,0.688,5.182
27/08/20 0:00,5.84,0.754,5.086
28/08/20 0:00,5.81,0.724,5.086
31/08/20 0:00,5.81,0.706,5.104
01/09/20 0:00,5.78,0.672,5.108
02/09/20 0:00,5.77,0.648,5.122
03/09/20 0:00,5.75,0.636,5.114
04/09/20 0:00,5.76,0.721,5.039
07/09/20 0:00,5.76,0.72,5.04
08/09/20 0:00,5.75,0.682,5.068
09/09/20 0:00,5.73,0.698,5.032
10/09/20 0:00,5.72,0.682,5.038
11/09/20 0:00,5.69,0.669,5.021
14/09/20 0:00,5.64,0.676,4.964
15/09/20 0:00,5.62,0.68,4.94
17/09/20 0:00,5.61,0.689,4.921
18/09/20 0:00,5.62,0.697,4.923
21/09/20 0:00,5.69,0.669,5.021
22/09/20 0:00,5.66,0.671,4.989
23/09/20 0:00,5.69,0.677,5.013
24/09/20 0:00,5.64,0.668,4.972
25/09/20 0:00,5.66,0.656,5.004
28/09/20 0:00,5.7,0.658,5.042
29/09/20 0:00,5.8,0.651,5.149
30/09/20 0:00,5.81,0.686,5.124
01/10/20 0:00,5.81,0.679,5.131
02/10/20 0:00,5.84,0.704,5.136
05/10/20 0:00,5.84,0.778,5.062
06/10/20 0:00,5.84,0.734,5.106
07/10/20 0:00,5.83,0.784,5.046
08/10/20 0:00,5.81,0.779,5.031
09/10/20 0:00,5.71,0.779,4.931
12/10/20 0:00,5.72,0.764,4.956
13/10/20 0:00,5.75,0.729,5.021
14/10/20 0:00,5.75,0.727,5.023
15/10/20 0:00,5.78,0.739,5.041
16/10/20 0:00,5.81,0.749,5.061
19/10/20 0:00,5.83,0.772,5.058
20/10/20 0:00,5.8,0.786,5.014
21/10/20 0:00,5.83,0.821,5.009
22/10/20 0:00,5.88,0.861,5.019
23/10/20 0:00,5.86,0.841,5.019
26/10/20 0:00,5.88,0.803,5.077
27/10/20 0:00,5.84,0.771,5.069
28/10/20 0:00,5.87,0.774,5.096
29/10/20 0:00,5.94,0.831,5.109
30/10/20 0:00,6.01,0.874,5.136
03/11/20 0:00,6.07,0.896,5.174
04/11/20 0:00,5.89,0.771,5.119
05/11/20 0:00,5.76,0.766,4.994
06/11/20 0:00,5.71,0.82,4.89
09/11/20 0:00,5.72,0.924,4.796
10/11/20 0:00,5.735,0.96,4.775
11/11/20 0:00,5.72,0.977,4.743
12/11/20 0:00,5.665,0.883,4.782
13/11/20 0:00,5.765,0.898,4.867
17/11/20 0:00,5.82,0.862,4.958
18/11/20 0:00,5.73,0.87,4.86
19/11/20 0:00,5.66,0.842,4.818
20/11/20 0:00,5.58,0.824,4.756
23/11/20 0:00,5.58,0.859,4.721
24/11/20 0:00,5.56,0.885,4.675
25/11/20 0:00,5.55,0.882,4.668
26/11/20 0:00,5.57,0.859,4.711
27/11/20 0:00,5.56,0.842,4.718
30/11/20 0:00,5.51,0.842,4.668
01/12/20 0:00,5.5,0.929,4.571
02/12/20 0:00,5.48,0.938,4.542
03/12/20 0:00,5.44,0.911,4.529
04/12/20 0:00,5.4,0.973,4.427
07/12/20 0:00,5.35,0.928,4.422
08/12/20 0:00,5.34,0.921,4.419
09/12/20 0:00,5.3,0.938,4.362
10/12/20 0:00,5.39,0.906,4.484
11/12/20 0:00,5.41,0.896,4.514
14/12/20 0:00,5.4,0.898,4.502
15/12/20 0:00,5.37,0.911,4.459
16/12/20 0:00,5.35,0.92,4.43
17/12/20 0:00,5.31,0.935,4.375
18/12/20 0:00,5.22,0.945,4.275
21/12/20 0:00,5.2,0.938,4.262
22/12/20 0:00,5.21,0.921,4.289
23/12/20 0:00,5.225,0.945,4.28
24/12/20 0:00,5.19,0.926,4.264
28/12/20 0:00,5.2,0.923,4.277
29/12/20 0:00,5.23,0.94,4.29
30/12/20 0:00,5.25,0.926,4.324
31/12/20 0:00,5.25,0.916,4.334
04/01/21 0:00,5.23,0.918,4.312
05/01/21 0:00,5.2,0.955,4.245
06/01/21 0:00,5.23,1.039,4.191
07/01/21 0:00,5.29,1.081,4.209
08/01/21 0:00,5.29,1.119,4.171
11/01/21 0:00,5.33,1.144,4.186
12/01/21 0:00,5.35,1.129,4.221
13/01/21 0:00,5.32,1.092,4.228
14/01/21 0:00,5.33,1.129,4.201
15/01/21 0:00,5.245,1.087,4.158
18/01/21 0:00,5.225,1.1,4.125
19/01/21 0:00,5.225,1.092,4.133
20/01/21 0:00,5.205,1.077,4.128
21/01/21 0:00,5.24,1.109,4.131
22/01/21 0:00,5.24,1.086,4.154
25/01/21 0:00,5.27,1.033,4.237
26/01/21 0:00,5.22,1.033,4.187
27/01/21 0:00,5.19,1.013,4.177
28/01/21 0:00,5.19,1.052,4.138
29/01/21 0:00,5.22,1.071,4.149
02/02/21 0:00,5.17,1.095,4.075
03/02/21 0:00,5.18,1.139,4.041
04/02/21 0:00,5.19,1.136,4.054
05/02/21 0:00,5.17,1.169,4.001
08/02/21 0:00,5.28,1.176,4.104
09/02/21 0:00,5.27,1.16,4.11
10/02/21 0:00,5.3,1.124,4.176
11/02/21 0:00,5.21,1.165,4.045
12/02/21 0:00,5.24,1.21,4.03
15/02/21 0:00,5.25,1.25,4
16/02/21 0:00,5.37,1.311,4.059
17/02/21 0:00,5.42,1.282,4.138
18/02/21 0:00,5.55,1.297,4.253
19/02/21 0:00,5.68,1.34,4.34
22/02/21 0:00,5.79,1.369,4.421
23/02/21 0:00,5.95,1.343,4.607
24/02/21 0:00,6.05,1.372,4.678
25/02/21 0:00,6.26,1.53,4.73
26/02/21 0:00,6.2,1.407,4.793
01/03/21 0:00,6.1,1.426,4.674
02/03/21 0:00,6.02,1.398,4.622
03/03/21 0:00,6.08,1.484,4.596
04/03/21 0:00,6.21,1.557,4.653
05/03/21 0:00,6.26,1.577,4.683
08/03/21 0:00,6.25,1.603,4.647
09/03/21 0:00,6.22,1.528,4.692
10/03/21 0:00,6.24,1.521,4.719
11/03/21 0:00,6.18,1.535,4.645
12/03/21 0:00,6.36,1.625,4.735
16/03/21 0:00,6.54,1.621,4.919
17/03/21 0:00,6.51,1.646,4.864
18/03/21 0:00,6.64,1.706,4.934
19/03/21 0:00,6.65,1.73,4.92
22/03/21 0:00,6.66,1.695,4.965
23/03/21 0:00,6.76,1.622,5.138
24/03/21 0:00,7,1.614,5.386
25/03/21 0:00,6.855,1.633,5.222
26/03/21 0:00,6.745,1.674,5.071
29/03/21 0:00,6.805,1.717,5.088
30/03/21 0:00,6.85,1.71,5.14
31/03/21 0:00,6.84,1.744,5.096
05/04/21 0:00,6.76,1.707,5.053
06/04/21 0:00,6.624,1.658,4.966
07/04/21 0:00,6.449,1.679,4.77
08/04/21 0:00,6.4,1.626,4.774
09/04/21 0:00,6.54,1.662,4.878
12/04/21 0:00,6.63,1.669,4.961
13/04/21 0:00,6.68,1.62,5.06
14/04/21 0:00,6.575,1.634,4.941
15/04/21 0:00,6.43,1.574,4.856
16/04/21 0:00,6.52,1.59,4.93
19/04/21 0:00,6.56,1.61,4.95
20/04/21 0:00,6.69,1.566,5.124
21/04/21 0:00,6.67,1.559,5.111
22/04/21 0:00,6.73,1.542,5.188
23/04/21 0:00,6.68,1.559,5.121
26/04/21 0:00,6.65,1.568,5.082
27/04/21 0:00,6.75,1.625,5.125
28/04/21 0:00,6.79,1.611,5.179
29/04/21 0:00,6.83,1.641,5.189
30/04/21 0:00,6.88,1.626,5.254
03/05/21 0:00,6.85,1.599,5.251
04/05/21 0:00,6.87,1.591,5.279
05/05/21 0:00,6.795,1.571,5.224
06/05/21 0:00,6.715,1.57,5.145
07/05/21 0:00,6.654,1.579,5.075
10/05/21 0:00,6.715,1.604,5.111
11/05/21 0:00,6.835,1.622,5.213
12/05/21 0:00,6.945,1.693,5.252
13/05/21 0:00,6.865,1.659,5.206
14/05/21 0:00,6.805,1.635,5.17
17/05/21 0:00,6.775,1.652,5.123
18/05/21 0:00,6.815,1.64,5.175
19/05/21 0:00,6.855,1.676,5.179
20/05/21 0:00,6.835,1.628,5.207
21/05/21 0:00,6.825,1.623,5.202
24/05/21 0:00,6.744,1.603,5.141
25/05/21 0:00,6.654,1.56,5.094
26/05/21 0:00,6.674,1.581,5.093
27/05/21 0:00,6.689,1.606,5.083
28/05/21 0:00,6.594,1.581,5.013
31/05/21 0:00,6.524,1.61,4.914
01/06/21 0:00,6.524,1.606,4.918
02/06/21 0:00,6.539,1.589,4.95
03/06/21 0:00,6.644,1.625,5.019
04/06/21 0:00,6.595,1.557,5.038
07/06/21 0:00,6.515,1.569,4.946
08/06/21 0:00,6.454,1.538,4.916
09/06/21 0:00,6.549,1.492,5.057
10/06/21 0:00,6.544,1.437,5.107
11/06/21 0:00,6.614,1.454,5.16
14/06/21 0:00,6.614,1.497,5.117
15/06/21 0:00,6.664,1.489,5.175
16/06/21 0:00,6.715,1.581,5.134
17/06/21 0:00,6.695,1.511,5.184
18/06/21 0:00,6.765,1.443,5.322
21/06/21 0:00,6.815,1.497,5.318
22/06/21 0:00,6.855,1.467,5.388
23/06/21 0:00,6.915,1.485,5.43
24/06/21 0:00,7.015,1.499,5.516
25/06/21 0:00,6.905,1.524,5.381
28/06/21 0:00,6.855,1.482,5.373
29/06/21 0:00,6.895,1.475,5.42
30/06/21 0:00,6.92,1.468,5.452
01/07/21 0:00,7.02,1.459,5.561
02/07/21 0:00,6.97,1.431,5.539
05/07/21 0:00,6.955,1.436,5.519
06/07/21 0:00,6.94,1.352,5.588
07/07/21 0:00,6.85,1.323,5.527
08/07/21 0:00,6.81,1.294,5.516
09/07/21 0:00,6.74,1.361,5.379
12/07/21 0:00,6.72,1.368,5.352
13/07/21 0:00,6.87,1.418,5.452
14/07/21 0:00,6.84,1.349,5.491
15/07/21 0:00,6.85,1.301,5.549
16/07/21 0:00,6.89,1.3,5.59
19/07/21 0:00,6.81,1.199,5.611
20/07/21 0:00,6.855,1.222,5.633
21/07/21 0:00,6.935,1.292,5.643
22/07/21 0:00,6.91,1.277,5.633
23/07/21 0:00,6.96,1.281,5.679
26/07/21 0:00,6.94,1.295,5.645
27/07/21 0:00,6.89,1.239,5.651
28/07/21 0:00,6.87,1.238,5.632
29/07/21 0:00,6.87,1.266,5.604
30/07/21 0:00,6.829,1.226,5.603
02/08/21 0:00,6.849,1.179,5.67
03/08/21 0:00,6.878,1.174,5.704
04/08/21 0:00,6.914,1.18,5.734
05/08/21 0:00,6.948,1.225,5.723
06/08/21 0:00,6.988,1.305,5.683
09/08/21 0:00,6.988,1.325,5.663
10/08/21 0:00,7.018,1.354,5.664
11/08/21 0:00,6.978,1.335,5.643
12/08/21 0:00,6.918,1.361,5.557
13/08/21 0:00,6.908,1.283,5.625
16/08/21 0:00,7.008,1.268,5.74
17/08/21 0:00,6.998,1.267,5.731
18/08/21 0:00,6.978,1.26,5.718
19/08/21 0:00,6.988,1.243,5.745
20/08/21 0:00,6.963,1.255,5.708
23/08/21 0:00,6.98,1.253,5.727
24/08/21 0:00,6.965,1.297,5.668
25/08/21 0:00,6.96,1.349,5.611
26/08/21 0:00,6.983,1.354,5.629
27/08/21 0:00,6.943,1.31,5.633
30/08/21 0:00,6.928,1.28,5.648
31/08/21 0:00,6.928,1.307,5.621
01/09/21 0:00,6.943,1.299,5.644
02/09/21 0:00,6.928,1.285,5.643
03/09/21 0:00,6.938,1.326,5.612
06/09/21 0:00,6.96,1.336,5.624
07/09/21 0:00,6.978,1.377,5.601
08/09/21 0:00,6.928,1.336,5.592
09/09/21 0:00,6.89,1.297,5.593
10/09/21 0:00,6.942,1.343,5.599
13/09/21 0:00,6.982,1.326,5.656
14/09/21 0:00,6.982,1.284,5.698
15/09/21 0:00,6.987,1.304,5.683
17/09/21 0:00,7.04,1.363,5.677
20/09/21 0:00,7.12,1.312,5.808
21/09/21 0:00,7.142,1.328,5.814
22/09/21 0:00,7.126,1.304,5.822
23/09/21 0:00,7.156,1.435,5.721
24/09/21 0:00,7.186,1.453,5.733
27/09/21 0:00,7.236,1.491,5.745
28/09/21 0:00,7.331,1.546,5.785
29/09/21 0:00,7.336,1.524,5.812
30/09/21 0:00,7.371,1.492,5.879
01/10/21 0:00,7.386,1.465,5.921
04/10/21 0:00,7.496,1.481,6.015
05/10/21 0:00,7.601,1.528,6.073
06/10/21 0:00,7.551,1.528,6.023
07/10/21 0:00,7.516,1.576,5.94
08/10/21 0:00,7.476,1.612,5.864
11/10/21 0:00,7.501,1.628,5.873
12/10/21 0:00,7.436,1.572,5.864
13/10/21 0:00,7.396,1.542,5.854
14/10/21 0:00,7.375,1.516,5.859
15/10/21 0:00,7.415,1.574,5.841
18/10/21 0:00,7.465,1.591,5.874
19/10/21 0:00,7.425,1.641,5.784
20/10/21 0:00,7.465,1.66,5.805
21/10/21 0:00,7.555,1.696,5.859
22/10/21 0:00,7.541,1.638,5.903
25/10/21 0:00,7.576,1.633,5.943
26/10/21 0:00,7.576,1.61,5.966
27/10/21 0:00,7.526,1.55,5.976
28/10/21 0:00,7.546,1.578,5.968
29/10/21 0:00,7.486,1.561,5.925
01/11/21 0:00,7.576,1.561,6.015
03/11/21 0:00,7.536,1.603,5.933
04/11/21 0:00,7.406,1.53,5.876
05/11/21 0:00,7.281,1.455,5.826
08/11/21 0:00,7.286,1.493,5.793
09/11/21 0:00,7.236,1.439,5.797
10/11/21 0:00,7.326,1.57,5.756
11/11/21 0:00,7.216,1.578,5.638
12/11/21 0:00,7.366,1.57,5.796
16/11/21 0:00,7.366,1.64,5.726
17/11/21 0:00,7.43,1.585,5.845
18/11/21 0:00,7.486,1.587,5.899
19/11/21 0:00,7.466,1.548,5.918
22/11/21 0:00,7.586,1.632,5.954
23/11/21 0:00,7.726,1.676,6.05
24/11/21 0:00,7.64,1.643,5.997
25/11/21 0:00,7.751,1.596,6.155
26/11/21 0:00,7.656,1.482,6.174
29/11/21 0:00,7.636,1.502,6.134
30/11/21 0:00,7.471,1.456,6.015
01/12/21 0:00,7.476,1.404,6.072
02/12/21 0:00,7.446,1.444,6.002
03/12/21 0:00,7.36,1.356,6.004
06/12/21 0:00,7.386,1.433,5.953
07/12/21 0:00,7.37,1.482,5.888
08/12/21 0:00,7.356,1.528,5.828
09/12/21 0:00,7.316,1.497,5.819
10/12/21 0:00,7.326,1.482,5.844
13/12/21 0:00,7.316,1.414,5.902
14/12/21 0:00,7.361,1.441,5.92
15/12/21 0:00,7.356,1.458,5.898
16/12/21 0:00,7.346,1.424,5.922
17/12/21 0:00,7.316,1.407,5.909
20/12/21 0:00,7.326,1.428,5.898
21/12/21 0:00,7.416,1.467,5.949
22/12/21 0:00,7.496,1.453,6.043
23/12/21 0:00,7.526,1.493,6.033
27/12/21 0:00,7.601,1.477,6.124
28/12/21 0:00,7.556,1.484,6.072
29/12/21 0:00,7.586,1.556,6.03
30/12/21 0:00,7.581,1.507,6.074
31/12/21 0:00,7.556,1.512,6.044
03/01/22 0:00,7.666,1.637,6.029
04/01/22 0:00,7.796,1.649,6.147
05/01/22 0:00,7.806,1.7,6.106
06/01/22 0:00,7.786,1.728,6.058
07/01/22 0:00,7.801,1.765,6.036
10/01/22 0:00,7.786,1.755,6.031
11/01/22 0:00,7.786,1.746,6.04
12/01/22 0:00,7.786,1.752,6.034
13/01/22 0:00,7.646,1.701,5.945
14/01/22 0:00,7.666,1.793,5.873
17/01/22 0:00,7.686,1.809,5.877
18/01/22 0:00,7.751,1.875,5.876
19/01/22 0:00,7.69,1.854,5.836
20/01/22 0:00,7.646,1.811,5.835
21/01/22 0:00,7.646,1.77,5.876
24/01/22 0:00,7.626,1.776,5.85
25/01/22 0:00,7.616,1.776,5.84
26/01/22 0:00,7.676,1.873,5.803
27/01/22 0:00,7.691,1.803,5.888
28/01/22 0:00,7.696,1.778,5.918
31/01/22 0:00,7.656,1.784,5.872
01/02/22 0:00,7.666,1.795,5.871
02/02/22 0:00,7.596,1.771,5.825
03/02/22 0:00,7.596,1.836,5.76
04/02/22 0:00,7.62,1.916,5.704
08/02/22 0:00,7.656,1.965,5.691
09/02/22 0:00,7.686,1.945,5.741
10/02/22 0:00,7.766,2.043,5.723
11/02/22 0:00,7.766,1.918,5.848
14/02/22 0:00,7.816,1.986,5.83
15/02/22 0:00,7.801,2.043,5.758
16/02/22 0:00,7.766,2.04,5.726
17/02/22 0:00,7.776,1.968,5.808
18/02/22 0:00,7.776,1.927,5.849
21/02/22 0:00,7.7,1.873,5.827
22/02/22 0:00,7.8,1.944,5.856
23/02/22 0:00,7.85,1.998,5.852
24/02/22 0:00,7.89,1.97,5.92
25/02/22 0:00,7.88,1.97,5.91
28/02/22 0:00,7.865,1.822,6.043
01/03/22 0:00,7.95,1.716,6.234
02/03/22 0:00,7.96,1.878,6.082
03/03/22 0:00,7.98,1.84,6.14
04/03/22 0:00,8.07,1.737,6.333
07/03/22 0:00,8.325,1.777,6.548
08/03/22 0:00,8.45,1.84,6.61
09/03/22 0:00,8.34,1.951,6.389
10/03/22 0:00,8.46,1.993,6.467
11/03/22 0:00,8.495,1.997,6.498
14/03/22 0:00,8.635,2.142,6.493
15/03/22 0:00,8.61,2.149,6.461
16/03/22 0:00,8.51,2.192,6.318
17/03/22 0:00,8.43,2.167,6.263
18/03/22 0:00,8.28,2.153,6.127
22/03/22 0:00,8.485,2.381,6.104
23/03/22 0:00,8.415,2.29,6.125
24/03/22 0:00,8.43,2.37,6.06
25/03/22 0:00,8.605,2.488,6.117
28/03/22 0:00,8.525,2.466,6.059
29/03/22 0:00,8.37,2.398,5.972
30/03/22 0:00,8.3,2.358,5.942
31/03/22 0:00,8.27,2.345,5.925
01/04/22 0:00,8.32,2.389,5.931
04/04/22 0:00,8.375,2.393,5.982
05/04/22 0:00,8.422,2.554,5.868
06/04/22 0:00,8.46,2.598,5.862
07/04/22 0:00,8.615,2.665,5.95
08/04/22 0:00,8.693,2.704,5.989
11/04/22 0:00,8.82,2.774,6.046
12/04/22 0:00,8.83,2.727,6.103
13/04/22 0:00,8.826,2.703,6.123
14/04/22 0:00,9.165,2.828,6.337
18/04/22 0:00,8.85,2.857,5.993
19/04/22 0:00,8.905,2.94,5.965
20/04/22 0:00,8.805,2.834,5.971
21/04/22 0:00,8.79,2.908,5.882
22/04/22 0:00,8.815,2.905,5.91
25/04/22 0:00,8.87,2.818,6.052
26/04/22 0:00,8.965,2.728,6.237
27/04/22 0:00,8.98,2.826,6.154
28/04/22 0:00,9.075,2.832,6.243
29/04/22 0:00,9.047,2.938,6.109
02/05/22 0:00,9.09,2.977,6.113
03/05/22 0:00,9.1,2.979,6.121
04/05/22 0:00,9.045,2.946,6.099
05/05/22 0:00,9.105,3.035,6.07
06/05/22 0:00,9.105,3.142,5.963
09/05/22 0:00,9.13,3.034,6.096
10/05/22 0:00,8.99,2.989,6.001
11/05/22 0:00,8.86,2.925,5.935
12/05/22 0:00,8.814,2.855,5.959
13/05/22 0:00,8.75,2.928,5.822
16/05/22 0:00,8.76,2.886,5.874
17/05/22 0:00,8.85,2.995,5.855
18/05/22 0:00,8.79,2.884,5.906
19/05/22 0:00,8.74,2.837,5.903
20/05/22 0:00,8.57,2.788,5.782
23/05/22 0:00,8.65,2.861,5.789
24/05/22 0:00,8.62,2.754,5.866
25/05/22 0:00,8.57,2.751,5.819
26/05/22 0:00,8.57,2.742,5.828
27/05/22 0:00,8.47,2.743,5.727
30/05/22 0:00,8.46,2.812,5.648
31/05/22 0:00,8.63,2.849,5.781
01/06/22 0:00,8.69,2.911,5.779
02/06/22 0:00,8.67,2.913,5.757
03/06/22 0:00,8.75,2.941,5.809
06/06/22 0:00,8.92,3.04,5.88
07/06/22 0:00,8.91,2.979,5.931
08/06/22 0:00,8.96,3.027,5.933
09/06/22 0:00,8.953,3.046,5.907
10/06/22 0:00,9,3.165,5.835
13/06/22 0:00,9.21,3.362,5.848
14/06/22 0:00,9.28,3.479,5.801
15/06/22 0:00,9.183,3.292,5.891
16/06/22 0:00,9.18,3.195,5.985
17/06/22 0:00,9.19,3.231,5.959
20/06/22 0:00,9.16,3.277,5.883
21/06/22 0:00,9.209,3.279,5.93
22/06/22 0:00,9.105,3.16,5.945
23/06/22 0:00,8.94,3.089,5.851
24/06/22 0:00,8.98,3.138,5.842
27/06/22 0:00,9.05,3.202,5.848
28/06/22 0:00,9.12,3.177,5.943
29/06/22 0:00,9.105,3.087,6.018
30/06/22 0:00,9.01,3.017,5.993
01/07/22 0:00,8.875,2.889,5.986
04/07/22 0:00,8.91,2.932,5.978
05/07/22 0:00,8.86,2.818,6.042
06/07/22 0:00,8.96,2.934,6.026
07/07/22 0:00,8.98,3,5.98
08/07/22 0:00,9,3.08,5.92
11/07/22 0:00,9.02,2.993,6.027
12/07/22 0:00,9.06,2.971,6.089
13/07/22 0:00,9.02,2.935,6.085
14/07/22 0:00,9.01,2.958,6.052
15/07/22 0:00,9.03,2.928,6.102
18/07/22 0:00,9.09,2.989,6.101
19/07/22 0:00,9.13,3.028,6.102
20/07/22 0:00,9.12,3.03,6.09
21/07/22 0:00,9.08,2.882,6.198
22/07/22 0:00,8.83,2.754,6.076
25/07/22 0:00,8.77,2.807,5.963
26/07/22 0:00,8.8,2.803,5.997
27/07/22 0:00,8.804,2.785,6.019
28/07/22 0:00,8.63,2.671,5.959
29/07/22 0:00,8.53,2.658,5.872
01/08/22 0:00,8.4,2.588,5.812
02/08/22 0:00,8.55,2.748,5.802
03/08/22 0:00,8.42,2.706,5.714
04/08/22 0:00,8.41,2.694,5.716
05/08/22 0:00,8.43,2.827,5.603
08/08/22 0:00,8.382,2.75,5.632
09/08/22 0:00,8.44,2.779,5.661
10/08/22 0:00,8.44,2.785,5.655
11/08/22 0:00,8.49,2.889,5.601
12/08/22 0:00,8.49,2.842,5.648
15/08/22 0:00,8.44,2.793,5.647
16/08/22 0:00,8.48,2.808,5.672
17/08/22 0:00,8.59,2.902,5.688
18/08/22 0:00,8.705,2.886,5.819
19/08/22 0:00,8.83,2.976,5.854
22/08/22 0:00,8.895,3.024,5.871
23/08/22 0:00,8.89,3.057,5.833
24/08/22 0:00,8.92,3.109,5.811
25/08/22 0:00,8.83,3.031,5.799
26/08/22 0:00,8.89,3.03,5.86
29/08/22 0:00,8.99,3.114,5.876
30/08/22 0:00,9.09,3.112,5.978
31/08/22 0:00,9.02,3.196,5.824
01/09/22 0:00,9.1,3.259,5.841
02/09/22 0:00,8.95,3.195,5.755
05/09/22 0:00,8.97,3.223,5.747
06/09/22 0:00,9.06,3.351,5.709
07/09/22 0:00,9,3.267,5.733
08/09/22 0:00,8.96,3.323,5.637
09/09/22 0:00,8.89,3.315,5.575
12/09/22 0:00,8.89,3.358,5.532
13/09/22 0:00,9.01,3.412,5.598
14/09/22 0:00,9.07,3.404,5.666
15/09/22 0:00,9.16,3.449,5.711
16/09/22 0:00,9.512,3.455,6.057
19/09/22 0:00,9.195,3.494,5.701
20/09/22 0:00,9.29,3.569,5.721
21/09/22 0:00,9.285,3.534,5.751
22/09/22 0:00,9.335,3.71,5.625
23/09/22 0:00,9.44,3.687,5.753
26/09/22 0:00,9.583,3.928,5.655
27/09/22 0:00,9.83,3.949,5.881
28/09/22 0:00,9.63,3.737,5.893
29/09/22 0:00,9.68,3.782,5.898
30/09/22 0:00,9.63,3.829,5.801
03/10/22 0:00,9.53,3.643,5.887
04/10/22 0:00,9.51,3.635,5.875
05/10/22 0:00,9.59,3.755,5.835
06/10/22 0:00,9.59,3.828,5.762
07/10/22 0:00,9.65,3.888,5.762
10/10/22 0:00,9.745,3.955,5.79
11/10/22 0:00,9.75,3.945,5.805
12/10/22 0:00,9.75,3.902,5.848
13/10/22 0:00,9.8,3.95,5.85
14/10/22 0:00,9.85,4.023,5.827
17/10/22 0:00,9.81,4.012,5.798
18/10/22 0:00,9.83,4.007,5.823
19/10/22 0:00,9.88,4.138,5.742
20/10/22 0:00,9.93,4.233,5.697
21/10/22 0:00,9.91,4.219,5.691
24/10/22 0:00,9.93,4.247,5.683
25/10/22 0:00,9.84,4.1,5.74
26/10/22 0:00,9.76,4.007,5.753
27/10/22 0:00,9.7,3.927,5.773
28/10/22 0:00,9.73,4.01,5.72
31/10/22 0:00,9.84,4.05,5.79
01/11/22 0:00,9.8,4.048,5.752
02/11/22 0:00,10.191,4.096,6.095
03/11/22 0:00,9.84,4.149,5.691
04/11/22 0:00,9.79,4.163,5.627
07/11/22 0:00,9.81,4.218,5.592
08/11/22 0:00,9.73,4.128,5.602
09/11/22 0:00,9.59,4.099,5.491
10/11/22 0:00,9.25,3.811,5.439
14/11/22 0:00,9.2,3.863,5.337
15/11/22 0:00,9.14,3.777,5.363
16/11/22 0:00,9.09,3.69,5.4
17/11/22 0:00,9.23,3.769,5.461
18/11/22 0:00,9.205,3.829,5.376
22/11/22 0:00,9.13,3.758,5.372
23/11/22 0:00,9.12,3.689,5.431
24/11/22 0:00,9.07,3.661,5.409
25/11/22 0:00,9.11,3.691,5.419
28/11/22 0:00,9.19,3.679,5.511
29/11/22 0:00,9.26,3.75,5.51
30/11/22 0:00,9.19,3.611,5.579
01/12/22 0:00,9.01,3.51,5.5
02/12/22 0:00,8.87,3.492,5.378
05/12/22 0:00,9.07,3.583,5.487
06/12/22 0:00,9.09,3.531,5.559
07/12/22 0:00,8.95,3.421,5.529
08/12/22 0:00,8.96,3.489,5.471
09/12/22 0:00,8.915,3.586,5.329
13/12/22 0:00,8.76,3.501,5.259
14/12/22 0:00,8.77,3.479,5.291
15/12/22 0:00,8.76,3.45,5.31
16/12/22 0:00,8.75,3.488,5.262
19/12/22 0:00,8.77,3.59,5.18
20/12/22 0:00,8.85,3.692,5.158
21/12/22 0:00,8.81,3.673,5.137
22/12/22 0:00,8.82,3.686,5.134
23/12/22 0:00,8.87,3.751,5.119
26/12/22 0:00,8.89,3.743,5.147
27/12/22 0:00,8.95,3.849,5.101
28/12/22 0:00,8.97,3.886,5.084
29/12/22 0:00,8.99,3.82,5.17
30/12/22 0:00,9.02,3.879,5.141
02/01/23 0:00,9,3.879,5.121
03/01/23 0:00,8.95,3.752,5.198
04/01/23 0:00,8.85,3.69,5.16
05/01/23 0:00,8.79,3.722,5.068
06/01/23 0:00,8.52,3.56,4.96
09/01/23 0:00,8.52,3.527,4.993
10/01/23 0:00,8.58,3.615,4.965
11/01/23 0:00,8.525,3.543,4.982
12/01/23 0:00,8.45,3.444,5.006
13/01/23 0:00,8.45,3.498,4.952
16/01/23 0:00,8.49,3.529,4.961
17/01/23 0:00,8.59,3.549,5.041
18/01/23 0:00,8.52,3.373,5.147
19/01/23 0:00,8.54,3.399,5.141
20/01/23 0:00,8.55,3.482,5.068
23/01/23 0:00,8.59,3.521,5.069
24/01/23 0:00,8.6,3.455,5.145
25/01/23 0:00,8.6,3.451,5.149
26/01/23 0:00,8.6,3.506,5.094
27/01/23 0:00,8.68,3.507,5.173
30/01/23 0:00,8.7,3.542,5.158
31/01/23 0:00,8.65,3.51,5.14
01/02/23 0:00,8.55,3.417,5.133
02/02/23 0:00,8.47,3.402,5.068
03/02/23 0:00,8.55,3.519,5.031
07/02/23 0:00,8.651,3.679,4.972
08/02/23 0:00,8.681,3.615,5.066
09/02/23 0:00,8.811,3.664,5.147
10/02/23 0:00,8.861,3.743,5.118
13/02/23 0:00,8.881,3.704,5.177
14/02/23 0:00,8.991,3.753,5.238
15/02/23 0:00,8.981,3.803,5.178
16/02/23 0:00,9.001,3.863,5.138
17/02/23 0:00,9.061,3.817,5.244
20/02/23 0:00,9.171,3.851,5.32
21/02/23 0:00,9.431,3.954,5.477
22/02/23 0:00,9.371,3.927,5.444
23/02/23 0:00,9.261,3.89,5.371
24/02/23 0:00,9.281,3.947,5.334
27/02/23 0:00,9.251,3.922,5.329
28/02/23 0:00,9.281,3.928,5.353
01/03/23 0:00,9.301,3.994,5.307
02/03/23 0:00,9.341,4.062,5.279
03/03/23 0:00,9.261,3.958,5.303
06/03/23 0:00,9.261,3.964,5.297
07/03/23 0:00,9.351,3.97,5.381
08/03/23 0:00,9.361,3.989,5.372
09/03/23 0:00,9.101,3.907,5.194
10/03/23 0:00,9.011,3.704,5.307
13/03/23 0:00,9,3.545,5.455
14/03/23 0:00,9.071,3.685,5.386
15/03/23 0:00,9.021,3.462,5.559
16/03/23 0:00,9.121,3.579,5.542
17/03/23 0:00,9.031,3.438,5.593
21/03/23 0:00,9.151,3.608,5.543
22/03/23 0:00,8.991,3.451,5.54
23/03/23 0:00,8.901,3.414,5.487
24/03/23 0:00,8.861,3.372,5.489
27/03/23 0:00,8.961,3.539,5.422
28/03/23 0:00,8.961,3.572,5.389
29/03/23 0:00,8.911,3.566,5.345
30/03/23 0:00,8.821,3.547,5.274
31/03/23 0:00,8.811,3.473,5.338
03/04/23 0:00,8.861,3.415,5.446
04/04/23 0:00,8.801,3.339,5.462
05/04/23 0:00,8.831,3.309,5.522
06/04/23 0:00,9.152,3.303,5.849
10/04/23 0:00,8.811,3.415,5.396
11/04/23 0:00,8.761,3.432,5.329
12/04/23 0:00,8.761,3.4,5.361
13/04/23 0:00,8.811,3.449,5.362
14/04/23 0:00,8.851,3.515,5.336
17/04/23 0:00,8.921,3.606,5.315
18/04/23 0:00,8.891,3.578,5.313
19/04/23 0:00,8.951,3.591,5.36
20/04/23 0:00,8.911,3.536,5.375
21/04/23 0:00,8.911,3.568,5.343
24/04/23 0:00,8.871,3.496,5.375
25/04/23 0:00,8.821,3.4,5.421
26/04/23 0:00,8.761,3.445,5.316
27/04/23 0:00,8.791,3.528,5.263
28/04/23 0:00,8.761,3.433,5.328
02/05/23 0:00,8.771,3.433,5.338
03/05/23 0:00,8.761,3.364,5.397
04/05/23 0:00,8.731,3.377,5.354
05/05/23 0:00,8.741,3.435,5.306
08/05/23 0:00,8.791,3.507,5.284
09/05/23 0:00,8.75,3.522,5.228
10/05/23 0:00,8.71,3.439,5.271
11/05/23 0:00,8.71,3.386,5.324
12/05/23 0:00,8.74,3.463,5.277
15/05/23 0:00,8.71,3.507,5.203
16/05/23 0:00,8.72,3.541,5.179
17/05/23 0:00,8.71,3.572,5.138
18/05/23 0:00,8.745,3.651,5.094
19/05/23 0:00,8.795,3.682,5.113
22/05/23 0:00,8.835,3.719,5.116
23/05/23 0:00,8.895,3.698,5.197
24/05/23 0:00,8.915,3.744,5.171
25/05/23 0:00,8.975,3.823,5.152
26/05/23 0:00,8.935,3.81,5.125
29/05/23 0:00,8.875,3.764,5.111
30/05/23 0:00,8.815,3.694,5.121
31/05/23 0:00,8.786,3.646,5.14
01/06/23 0:00,8.796,3.601,5.195
02/06/23 0:00,8.866,3.698,5.168
05/06/23 0:00,8.846,3.689,5.157
06/06/23 0:00,8.806,3.677,5.129
07/06/23 0:00,8.876,3.793,5.083
08/06/23 0:00,8.816,3.718,5.098
09/06/23 0:00,8.866,3.743,5.123
12/06/23 0:00,8.846,3.743,5.103
13/06/23 0:00,8.846,3.827,5.019
14/06/23 0:00,8.826,3.79,5.036
15/06/23 0:00,8.776,3.72,5.056
16/06/23 0:00,8.752,3.767,4.985
19/06/23 0:00,8.786,3.822,4.964
20/06/23 0:00,8.756,3.719,5.037
21/06/23 0:00,8.736,3.727,5.009
22/06/23 0:00,8.666,3.797,4.869
23/06/23 0:00,8.566,3.737,4.829
26/06/23 0:00,8.536,3.723,4.813
27/06/23 0:00,8.576,3.772,4.804
28/06/23 0:00,8.566,3.714,4.852
29/06/23 0:00,8.696,3.842,4.854
30/06/23 0:00,8.666,3.841,4.825
03/07/23 0:00,8.686,3.858,4.828
04/07/23 0:00,8.726,3.839,4.887
05/07/23 0:00,8.756,3.934,4.822
06/07/23 0:00,8.85,4.031,4.819
07/07/23 0:00,8.916,4.066,4.85
10/07/23 0:00,8.946,4,4.946
11/07/23 0:00,8.946,3.978,4.968
12/07/23 0:00,8.746,3.861,4.885
13/07/23 0:00,8.696,3.767,4.929
14/07/23 0:00,8.736,3.83,4.906
17/07/23 0:00,8.696,3.809,4.887
18/07/23 0:00,8.676,3.789,4.887
19/07/23 0:00,8.726,3.748,4.978
20/07/23 0:00,8.826,3.856,4.97
21/07/23 0:00,8.786,3.837,4.949
24/07/23 0:00,8.826,3.878,4.948
25/07/23 0:00,8.846,3.89,4.956
26/07/23 0:00,8.816,3.873,4.943
27/07/23 0:00,8.851,4.002,4.849
28/07/23 0:00,8.86,3.957,4.903
31/07/23 0:00,8.816,3.967,4.849
01/08/23 0:00,8.866,4.037,4.829
02/08/23 0:00,8.946,4.09,4.856
03/08/23 0:00,9.006,4.179,4.827
04/08/23 0:00,9.016,4.042,4.974
07/08/23 0:00,9.106,4.097,5.009
08/08/23 0:00,9.086,4.028,5.058
09/08/23 0:00,8.986,4.016,4.97
10/08/23 0:00,8.996,4.107,4.889
11/08/23 0:00,9.076,4.158,4.918
14/08/23 0:00,9.176,4.201,4.975
15/08/23 0:00,9.156,4.219,4.937
16/08/23 0:00,9.216,4.258,4.958
17/08/23 0:00,9.306,4.284,5.022
18/08/23 0:00,9.386,4.251,5.135
21/08/23 0:00,9.486,4.342,5.144
22/08/23 0:00,9.466,4.332,5.134
23/08/23 0:00,9.266,4.196,5.07
24/08/23 0:00,9.296,4.241,5.055
25/08/23 0:00,9.306,4.231,5.075
28/08/23 0:00,9.31,4.206,5.104
29/08/23 0:00,9.296,4.12,5.176
30/08/23 0:00,9.356,4.112,5.244
31/08/23 0:00,9.336,4.106,5.23
01/09/23 0:00,9.396,4.181,5.215
04/09/23 0:00,9.406,4.206,5.2
05/09/23 0:00,9.486,4.266,5.22
06/09/23 0:00,9.576,4.296,5.28
07/09/23 0:00,9.545,4.25,5.295
08/09/23 0:00,9.543,4.26,5.283
11/09/23 0:00,9.786,4.294,5.492
12/09/23 0:00,9.736,4.28,5.456
13/09/23 0:00,9.596,4.254,5.342
14/09/23 0:00,9.606,4.286,5.32
15/09/23 0:00,9.616,4.336,5.28
18/09/23 0:00,9.626,4.303,5.323
19/09/23 0:00,9.726,4.365,5.361
20/09/23 0:00,9.685,4.399,5.286
21/09/23 0:00,9.786,4.494,5.292
22/09/23 0:00,9.796,4.438,5.358
25/09/23 0:00,9.906,4.531,5.375
26/09/23 0:00,9.9,4.55,5.35
27/09/23 0:00,10.156,4.608,5.548
28/09/23 0:00,9.956,4.579,5.377
29/09/23 0:00,9.916,4.579,5.337
02/10/23 0:00,9.966,4.685,5.281
03/10/23 0:00,10.417,4.795,5.622
04/10/23 0:00,9.886,4.735,5.151
05/10/23 0:00,9.956,4.721,5.235
06/10/23 0:00,9.886,4.795,5.091
09/10/23 0:00,9.836,4.628,5.208
10/10/23 0:00,9.756,4.657,5.099
11/10/23 0:00,9.766,4.558,5.208
12/10/23 0:00,9.866,4.697,5.169
13/10/23 0:00,9.836,4.616,5.22
16/10/23 0:00,9.886,4.7,5.186
17/10/23 0:00,9.966,4.836,5.13
18/10/23 0:00,10.066,4.911,5.155
19/10/23 0:00,10.056,4.99,5.066
20/10/23 0:00,10.006,4.914,5.092
23/10/23 0:00,9.976,4.848,5.128
24/10/23 0:00,10.056,4.819,5.237
25/10/23 0:00,10.246,4.961,5.285
26/10/23 0:00,10.106,4.849,5.257
27/10/23 0:00,10.126,4.845,5.281
30/10/23 0:00,10.246,4.888,5.358
31/10/23 0:00,10.206,4.926,5.28
01/11/23 0:00,10.116,4.734,5.382
02/11/23 0:00,10.512,4.661,5.851
03/11/23 0:00,9.786,4.576,5.21
06/11/23 0:00,9.786,4.647,5.139
07/11/23 0:00,9.826,4.569,5.257
08/11/23 0:00,9.656,4.492,5.164
09/11/23 0:00,9.646,4.632,5.014
10/11/23 0:00,9.626,4.646,4.98
13/11/23 0:00,9.636,4.638,4.998
14/11/23 0:00,9.426,4.453,4.973
15/11/23 0:00,9.446,4.537,4.909
16/11/23 0:00,9.356,4.441,4.915
17/11/23 0:00,9.406,4.439,4.967
21/11/23 0:00,9.506,4.398,5.108
22/11/23 0:00,9.546,4.408,5.138
23/11/23 0:00,9.497,4.453,5.044
24/11/23 0:00,9.546,4.472,5.074
27/11/23 0:00,9.516,4.39,5.126
28/11/23 0:00,9.346,4.325,5.021
29/11/23 0:00,9.246,4.259,4.987
30/11/23 0:00,9.376,4.33,5.046
01/12/23 0:00,9.256,4.209,5.047
04/12/23 0:00,9.356,4.259,5.097
05/12/23 0:00,9.256,4.167,5.089
06/12/23 0:00,9.196,4.114,5.082
07/12/23 0:00,9.136,4.148,4.988
08/12/23 0:00,9.236,4.229,5.007
11/12/23 0:00,9.346,4.237,5.109
12/12/23 0:00,9.71,4.21,5.5
13/12/23 0:00,9.096,4.024,5.072
14/12/23 0:00,8.956,3.921,5.035
15/12/23 0:00,9.036,3.915,5.121
18/12/23 0:00,9.046,3.935,5.111
19/12/23 0:00,9.136,3.931,5.205
20/12/23 0:00,9.066,3.853,5.213
21/12/23 0:00,9.096,3.892,5.204
22/12/23 0:00,9.077,3.901,5.176
26/12/23 0:00,9.116,3.897,5.219
27/12/23 0:00,9.006,3.789,5.217
28/12/23 0:00,8.96,3.846,5.114
29/12/23 0:00,8.865,3.866,4.999
02/01/24 0:00,9.016,3.941,5.075
03/01/24 0:00,9.056,3.92,5.136
04/01/24 0:00,9.145,4.003,5.142
05/01/24 0:00,9.146,4.051,5.095
08/01/24 0:00,9.096,4.027,5.069
09/01/24 0:00,9.146,4.015,5.131
10/01/24 0:00,9.116,4.03,5.086
11/01/24 0:00,9.076,3.975,5.101
12/01/24 0:00,8.946,3.939,5.007
15/01/24 0:00,8.893,3.986,4.907
16/01/24 0:00,9.017,4.054,4.963
17/01/24 0:00,9.107,4.106,5.001
18/01/24 0:00,9.182,4.142,5.04
19/01/24 0:00,9.22,4.13,5.09
22/01/24 0:00,9.175,4.107,5.068
23/01/24 0:00,9.23,4.132,5.098
24/01/24 0:00,9.176,4.18,4.996
25/01/24 0:00,9.246,4.12,5.126
26/01/24 0:00,9.246,4.139,5.107
29/01/24 0:00,9.246,4.076,5.17
30/01/24 0:00,9.276,4.036,5.24
31/01/24 0:00,9.166,3.918,5.248
01/02/24 0:00,9.036,3.882,5.154
02/02/24 0:00,9.236,4.024,5.212
06/02/24 0:00,9.266,4.09,5.176
07/02/24 0:00,9.266,4.115,5.151
08/02/24 0:00,9.216,4.158,5.058
09/02/24 0:00,9.156,4.177,4.979
12/02/24 0:00,9.146,4.179,4.967
13/02/24 0:00,9.326,4.326,5
14/02/24 0:00,9.246,4.261,4.985
15/02/24 0:00,9.216,4.234,4.982
16/02/24 0:00,9.306,4.281,5.025
19/02/24 0:00,9.306,4.317,4.989
20/02/24 0:00,9.286,4.275,5.011
21/02/24 0:00,9.216,4.319,4.897
22/02/24 0:00,9.216,4.331,4.885
23/02/24 0:00,9.176,4.248,4.928
26/02/24 0:00,9.176,4.281,4.895
27/02/24 0:00,9.246,4.303,4.943
28/02/24 0:00,9.196,4.266,4.93
29/02/24 0:00,9.156,4.254,4.902
01/03/24 0:00,9.146,4.186,4.96
04/03/24 0:00,9.216,4.217,4.999
05/03/24 0:00,9.196,4.151,5.045
06/03/24 0:00,9.126,4.108,5.018
07/03/24 0:00,9.126,4.089,5.037
08/03/24 0:00,9.11,4.077,5.033
11/03/24 0:00,9.146,4.098,5.048
12/03/24 0:00,9.166,4.151,5.015
13/03/24 0:00,9.136,4.188,4.948
14/03/24 0:00,9.206,4.292,4.914
15/03/24 0:00,9.266,4.308,4.958
19/03/24 0:00,9.276,4.293,4.983
20/03/24 0:00,9.256,4.277,4.979
21/03/24 0:00,9.146,4.269,4.877
22/03/24 0:00,9.196,4.202,4.994
25/03/24 0:00,9.316,4.249,5.067
26/03/24 0:00,9.276,4.238,5.038
27/03/24 0:00,9.256,4.188,5.068
28/03/24 0:00,9.61,4.206,5.404
01/04/24 0:00,9.356,4.317,5.039
02/04/24 0:00,9.426,4.353,5.073
03/04/24 0:00,9.446,4.351,5.095
04/04/24 0:00,9.446,4.307,5.139
05/04/24 0:00,9.566,4.4,5.166
08/04/24 0:00,9.566,4.422,5.144
09/04/24 0:00,9.596,4.362,5.234
10/04/24 0:00,9.846,4.546,5.3
11/04/24 0:00,9.796,4.584,5.212
12/04/24 0:00,9.776,4.517,5.259
15/04/24 0:00,9.946,4.61,5.336
16/04/24 0:00,10.066,4.669,5.397
17/04/24 0:00,9.916,4.589,5.327
18/04/24 0:00,9.996,4.637,5.359
19/04/24 0:00,9.946,4.623,5.323
22/04/24 0:00,9.886,4.61,5.276
23/04/24 0:00,9.866,4.607,5.259
24/04/24 0:00,9.933,4.648,5.285
25/04/24 0:00,9.936,4.704,5.232
26/04/24 0:00,9.936,4.663,5.273
29/04/24 0:00,9.986,4.611,5.375
30/04/24 0:00,9.946,4.682,5.264
01/05/24 0:00,10.338,4.641,5.697
02/05/24 0:00,9.726,4.589,5.137
03/05/24 0:00,9.556,4.497,5.059
06/05/24 0:00,9.576,4.487,5.089
07/05/24 0:00,9.606,4.461,5.145
08/05/24 0:00,9.626,4.5,5.126
09/05/24 0:00,9.626,4.459,5.167
10/05/24 0:00,9.736,4.5,5.236
13/05/24 0:00,9.726,4.49,5.236
14/05/24 0:00,9.696,4.445,5.251
15/05/24 0:00,9.606,4.344,5.262
16/05/24 0:00,9.636,4.377,5.259
17/05/24 0:00,9.666,4.422,5.244
20/05/24 0:00,9.676,4.447,5.229
21/05/24 0:00,9.636,4.412,5.224
22/05/24 0:00,9.706,4.426,5.28
23/05/24 0:00,9.736,4.479,5.257
24/05/24 0:00,9.726,4.467,5.259
27/05/24 0:00,9.736,4.461,5.275
28/05/24 0:00,9.776,4.548,5.228
29/05/24 0:00,9.816,4.616,5.2
30/05/24 0:00,9.806,4.55,5.256
31/05/24 0:00,9.766,4.503,5.263
03/06/24 0:00,9.926,4.392,5.534
04/06/24 0:00,9.916,4.33,5.586
05/06/24 0:00,9.796,4.277,5.519
06/06/24 0:00,9.746,4.287,5.459
10/06/24 0:00,10.196,4.471,5.725
11/06/24 0:00,10.396,4.402,5.994
12/06/24 0:00,10.336,4.318,6.018
13/06/24 0:00,10.096,4.248,5.848
14/06/24 0:00,10.09,4.221,5.869
17/06/24 0:00,10.216,4.285,5.931
18/06/24 0:00,10.006,4.219,5.787
19/06/24 0:00,10.006,4.236,5.77
20/06/24 0:00,9.896,4.261,5.635
21/06/24 0:00,9.976,4.257,5.719
24/06/24 0:00,9.876,4.234,5.642
25/06/24 0:00,9.896,4.248,5.648
26/06/24 0:00,9.936,4.329,5.607
27/06/24 0:00,9.828,4.286,5.542
28/06/24 0:00,9.79,4.392,5.398
01/07/24 0:00,9.937,4.471,5.466
02/07/24 0:00,9.93,4.438,5.492
03/07/24 0:00,9.911,4.355,5.556
04/07/24 0:00,9.94,4.372,5.568
05/07/24 0:00,9.92,4.278,5.642
08/07/24 0:00,9.936,4.28,5.656
09/07/24 0:00,9.975,4.298,5.677
10/07/24 0:00,9.89,4.282,5.608
11/07/24 0:00,9.77,4.212,5.558
12/07/24 0:00,9.703,4.187,5.516
15/07/24 0:00,9.71,4.231,5.479
16/07/24 0:00,9.71,4.16,5.55
17/07/24 0:00,9.67,4.16,5.51
18/07/24 0:00,9.87,4.202,5.668
19/07/24 0:00,9.8,4.243,5.557
22/07/24 0:00,9.955,4.254,5.701
23/07/24 0:00,9.94,4.254,5.686
24/07/24 0:00,9.905,4.286,5.619
25/07/24 0:00,9.95,4.245,5.705
26/07/24 0:00,9.88,4.194,5.686
29/07/24 0:00,9.814,4.172,5.642
30/07/24 0:00,9.68,4.141,5.539
31/07/24 0:00,9.717,4.033,5.684
01/08/24 0:00,9.754,3.982,5.772
02/08/24 0:00,9.62,3.792,5.828
05/08/24 0:00,9.653,3.779,5.874
06/08/24 0:00,9.7,3.901,5.799
07/08/24 0:00,9.667,3.953,5.714
08/08/24 0:00,9.66,3.99,5.67
09/08/24 0:00,9.375,3.94,5.435
12/08/24 0:00,9.43,3.907,5.523
13/08/24 0:00,9.405,3.846,5.559
14/08/24 0:00,9.373,3.839,5.534
15/08/24 0:00,9.5,3.919,5.581
16/08/24 0:00,9.49,3.883,5.607
19/08/24 0:00,9.375,3.875,5.5
20/08/24 0:00,9.46,3.81,5.65
21/08/24 0:00,9.477,3.799,5.678
22/08/24 0:00,9.653,3.858,5.795
23/08/24 0:00,9.53,3.795,5.735
26/08/24 0:00,9.53,3.82,5.71
27/08/24 0:00,9.645,3.829,5.816
28/08/24 0:00,9.62,3.839,5.781
29/08/24 0:00,9.67,3.863,5.807
30/08/24 0:00,9.636,3.909,5.727
02/09/24 0:00,9.597,3.926,5.671
03/09/24 0:00,9.676,3.831,5.845
04/09/24 0:00,9.6,3.757,5.843
05/09/24 0:00,9.496,3.725,5.771
06/09/24 0:00,9.466,3.716,5.75
09/09/24 0:00,9.41,3.702,5.708
10/09/24 0:00,9.496,3.64,5.856
11/09/24 0:00,9.396,3.661,5.735
12/09/24 0:00,9.396,3.68,5.716
13/09/24 0:00,9.236,3.657,5.579
17/09/24 0:00,9.156,3.648,5.508
18/09/24 0:00,9.136,3.713,5.423
19/09/24 0:00,9.123,3.719,5.404
20/09/24 0:00,9.186,3.741,5.445
23/09/24 0:00,9.196,3.751,5.445
24/09/24 0:00,9.2,3.732,5.468
25/09/24 0:00,9.25,3.791,5.459
26/09/24 0:00,9.256,3.796,5.46
27/09/24 0:00,9.287,3.751,5.536
30/09/24 0:00,9.307,3.787,5.52
02/10/24 0:00,9.356,3.783,5.573
03/10/24 0:00,9.382,3.846,5.536
04/10/24 0:00,9.466,3.981,5.485
07/10/24 0:00,9.546,4.026,5.52
08/10/24 0:00,9.525,4.035,5.49
09/10/24 0:00,9.596,4.067,5.529
10/10/24 0:00,9.706,4.094,5.612
11/10/24 0:00,9.636,4.073,5.563
15/10/24 0:00,9.686,4.038,5.648
16/10/24 0:00,9.78,4.016,5.764
17/10/24 0:00,9.852,4.096,5.756
18/10/24 0:00,9.876,4.075,5.801
21/10/24 0:00,10.024,4.182,5.842
22/10/24 0:00,10.066,4.206,5.86
23/10/24 0:00,10.076,4.242,5.834
24/10/24 0:00,10.036,4.202,5.834
25/10/24 0:00,10.086,4.232,5.854
28/10/24 0:00,10.106,4.278,5.828
29/10/24 0:00,10.026,4.274,5.752
30/10/24 0:00,10,4.299,5.701
31/10/24 0:00,10.01,4.281,5.729
01/11/24 0:00,10.17,4.385,5.785
04/11/24 0:00,10.094,4.286,5.808
05/11/24 0:00,9.976,4.28,5.696
06/11/24 0:00,9.936,4.431,5.505
07/11/24 0:00,9.929,4.325,5.604
08/11/24 0:00,9.863,4.305,5.558
12/11/24 0:00,10.06,4.429,5.631
13/11/24 0:00,9.996,4.45,5.546
14/11/24 0:00,9.845,4.445,5.4
15/11/24 0:00,9.946,4.444,5.502
19/11/24 0:00,9.81,4.395,5.415
20/11/24 0:00,9.785,4.413,5.372
21/11/24 0:00,9.946,4.419,5.527
22/11/24 0:00,9.986,4.411,5.575
25/11/24 0:00,9.926,4.274,5.652
26/11/24 0:00,10.026,4.294,5.732
27/11/24 0:00,9.917,4.26,5.657
29/11/24 0:00,9.896,4.177,5.719
02/12/24 0:00,9.92,4.195,5.725
03/12/24 0:00,9.936,4.226,5.71
04/12/24 0:00,9.966,4.183,5.783
05/12/24 0:00,10.016,4.177,5.839
06/12/24 0:00,9.97,4.148,5.822
09/12/24 0:00,10.048,4.2,5.848
10/12/24 0:00,9.956,4.227,5.729
11/12/24 0:00,9.92,4.274,5.646
13/12/24 0:00,10.096,4.394,5.702
16/12/24 0:00,10.06,4.402,5.658
17/12/24 0:00,10.156,4.394,5.762
18/12/24 0:00,10.186,4.518,5.668
19/12/24 0:00,10.286,4.565,5.721
20/12/24 0:00,10.366,4.529,5.837
23/12/24 0:00,10.426,4.588,5.838
24/12/24 0:00,10.386,4.59,5.796
26/12/24 0:00,10.406,4.584,5.822
27/12/24 0:00,10.446,4.629,5.817
30/12/24 0:00,10.446,4.532,5.914
31/12/24 0:00,10.416,4.572,5.844
02/01/25 0:00,10.306,4.561,5.745
03/01/25 0:00,10.376,4.601,5.775
06/01/25 0:00,10.376,4.623,5.753
07/01/25 0:00,10.296,4.684,5.612
08/01/25 0:00,10.276,4.692,5.584
09/01/25 0:00,10.203,4.688,5.515
10/01/25 0:00,10.266,4.762,5.504
13/01/25 0:00,10.366,4.789,5.577
14/01/25 0:00,10.39,4.792,5.598
15/01/25 0:00,10.299,4.654,5.645
16/01/25 0:00,10.222,4.611,5.611
17/01/25 0:00,10.346,4.622,5.724
21/01/25 0:00,10.146,4.572,5.574
22/01/25 0:00,10.016,4.612,5.404
23/01/25 0:00,10,4.645,5.355
24/01/25 0:00,9.996,4.616,5.38
27/01/25 0:00,10.026,4.533,5.493
28/01/25 0:00,9.91,4.533,5.377
29/01/25 0:00,10.04,4.533,5.507
30/01/25 0:00,9.97,4.519,5.451
31/01/25 0:00,9.956,4.542,5.414
04/02/25 0:00,9.956,4.512,5.444
05/02/25 0:00,9.856,4.423,5.433
06/02/25 0:00,9.74,4.435,5.305
07/02/25 0:00,9.703,4.494,5.209
10/02/25 0:00,9.663,4.5,5.163
11/02/25 0:00,9.836,4.536,5.3
12/02/25 0:00,9.865,4.625,5.24
13/02/25 0:00,9.866,4.532,5.334
14/02/25 0:00,9.846,4.477,5.369
18/02/25 0:00,9.846,4.551,5.295
19/02/25 0:00,9.89,4.534,5.356
20/02/25 0:00,9.87,4.506,5.364
21/02/25 0:00,9.766,4.43,5.336
24/02/25 0:00,9.73,4.399,5.331
26/02/25 0:00,9.53,4.254,5.276
27/02/25 0:00,9.458,4.265,5.193
28/02/25 0:00,9.48,4.202,5.278
03/03/25 0:00,9.44,4.158,5.282
04/03/25 0:00,9.57,4.241,5.329
05/03/25 0:00,9.47,4.279,5.191
06/03/25 0:00,9.47,4.279,5.191
07/03/25 0:00,9.422,4.304,5.118
10/03/25 0:00,9.52,4.218,5.302
11/03/25 0:00,9.524,4.281,5.243
12/03/25 0:00,9.59,4.315,5.275
13/03/25 0:00,9.49,4.269,5.221
14/03/25 0:00,9.47,4.318,5.152
18/03/25 0:00,9.424,4.283,5.141
19/03/25 0:00,9.44,4.246,5.194
20/03/25 0:00,9.37,4.24,5.13
21/03/25 0:00,9.46,4.249,5.211
24/03/25 0:00,9.48,4.338,5.142
25/03/25 0:00,9.46,4.316,5.144
26/03/25 0:00,9.46,4.353,5.107
27/03/25 0:00,9.45,4.36,5.09
28/03/25 0:00,9.335,4.251,5.084
31/03/25 0:00,9.342,4.21,5.132
01/04/25 0:00,9.293,4.16,5.133
02/04/25 0:00,9.255,4.125,5.13
03/04/25 0:00,9.01,4.036,4.974
04/04/25 0:00,9.15,3.999,5.151
07/04/25 0:00,9.313,4.201,5.112
08/04/25 0:00,9.41,4.289,5.121
09/04/25 0:00,9.37,4.325,5.045
10/04/25 0:00,9.3,4.424,4.876
11/04/25 0:00,9.57,4.495,5.075
14/04/25 0:00,9.54,4.383,5.157
15/04/25 0:00,9.46,4.339,5.121
16/04/25 0:00,9.46,4.28,5.18
21/04/25 0:00,9.54,4.416,5.124
22/04/25 0:00,9.49,4.4,5.09
23/04/25 0:00,9.45,4.384,5.066
24/04/25 0:00,9.366,4.314,5.052
25/04/25 0:00,9.27,4.254,5.016
28/04/25 0:00,9.243,4.205,5.038
29/04/25 0:00,9.283,4.171,5.112
30/04/25 0:00,9.32,4.167,5.153
02/05/25 0:00,9.41,4.307,5.103
05/05/25 0:00,9.43,4.348,5.082
06/05/25 0:00,9.35,4.298,5.052
07/05/25 0:00,9.28,4.268,5.012
08/05/25 0:00,9.324,4.379,4.945
09/05/25 0:00,9.36,4.381,4.979
12/05/25 0:00,9.397,4.472,4.925
13/05/25 0:00,9.41,4.47,4.94
14/05/25 0:00,9.493,4.541,4.952
15/05/25 0:00,9.55,4.431,5.119
16/05/25 0:00,9.36,4.443,4.917
20/05/25 0:00,9.37,4.483,4.887
21/05/25 0:00,9.44,4.595,4.845
22/05/25 0:00,9.4,4.528,4.872
23/05/25 0:00,9.387,4.507,4.88
26/05/25 0:00,9.42,4.511,4.909
27/05/25 0:00,9.387,4.445,4.942
28/05/25 0:00,9.382,4.474,4.908
29/05/25 0:00,9.308,4.425,4.883
30/05/25 0:00,9.32,4.397,4.923
02/06/25 0:00,9.302,4.441,4.861
03/06/25 0:00,9.292,4.457,4.835
04/06/25 0:00,9.19,4.356,4.834
05/06/25 0:00,9.188,4.389,4.799
06/06/25 0:00,9.193,4.505,4.688
09/06/25 0:00,9.179,4.475,4.704
10/06/25 0:00,9.16,4.473,4.687
11/06/25 0:00,9.262,4.419,4.843
12/06/25 0:00,9.214,4.364,4.85
13/06/25 0:00,9.34,4.406,4.934
16/06/25 0:00,9.281,4.448,4.833
17/06/25 0:00,9.271,4.386,4.885
18/06/25 0:00,9.271,4.39,4.881
19/06/25 0:00,9.225,4.385,4.84
20/06/25 0:00,9.3,4.376,4.924
23/06/25 0:00,9.294,4.341,4.953
24/06/25 0:00,9.44,4.294,5.146
25/06/25 0:00,9.192,4.29,4.902
26/06/25 0:00,9.17,4.245,4.925
27/06/25 0:00,9.14,4.274,4.866
30/06/25 0:00,9.137,4.231,4.906
01/07/25 0:00,9.097,4.241,4.856
02/07/25 0:00,9.146,4.282,4.864
03/07/25 0:00,9.101,4.346,4.755
04/07/25 0:00,9.153,4.328,4.825
07/07/25 0:00,9.227,4.382,4.845
08/07/25 0:00,9.257,4.417,4.84
09/07/25 0:00,9.214,4.342,4.872
10/07/25 0:00,9.25,4.346,4.904
11/07/25 0:00,9.234,4.423,4.811
15/07/25 0:00,9.444,4.489,4.955
23/07/25 0:00,9.444,4.388,5.056
29/07/25 0:00,9.444,4.328,5.116
01/08/25 0:00,9.144,4.22,4.924
05/08/25 0:00,9.094,4.196,4.898
08/08/25 0:00,9.014,4.283,4.731
12/08/25 0:00,9.024,4.293,4.731
13/08/25 0:00,8.954,4.24,4.714
15/08/25 0:00,9.004,4.328,4.676
19/08/25 0:00,8.984,4.302,4.682
22/08/25 0:00,8.884,4.258,4.626
28/08/25 0:00,8.864,4.207,4.657
02/09/25 0:00,8.774,4.277,4.497
03/09/25 0:00,8.814,4.211,4.603
05/09/25 0:00,8.724,4.086,4.638
10/09/25 0:00,8.734,4.032,4.702
12/09/25 0:00,8.564,4.06,4.504
18/09/25 0:00,8.624,4.104,4.52
19/09/25 0:00,8.55,4.139,4.411
22/09/25 0:00,8.59,4.145,4.445
23/09/25 0:00,8.57,4.118,4.452
24/09/25 0:00,8.54,4.147,4.393
25/09/25 0:00,8.52,4.174,4.346
26/09/25 0:00,8.55,4.187,4.363
29/09/25 0:00,8.62,4.141,4.479
30/09/25 0:00,8.594,4.15,4.444
01/10/25 0:00,8.59,4.106,4.484
02/10/25 0:00,8.654,4.09,4.564
03/10/25 0:00,8.674,4.119,4.555
06/10/25 0:00,8.674,4.162,4.512
07/10/25 0:00,8.67,4.127,4.543
08/10/25 0:00,8.67,4.131,4.539
09/10/25 0:00,8.67,4.148,4.522
10/10/25 0:00,8.6,4.051,4.549
13/10/25 0:00,8.564,4.055,4.509
14/10/25 0:00,8.564,4.022,4.542
15/10/25 0:00,8.56,4.045,4.515
16/10/25 0:00,8.5,3.976,4.524
17/10/25 0:00,8.49,4.009,4.481
20/10/25 0:00,8.54,3.988,4.552
21/10/25 0:00,8.56,3.963,4.597
22/10/25 0:00,8.524,3.953,4.571
23/10/25 0:00,8.52,3.989,4.531
24/10/25 0:00,8.604,3.997,4.607
27/10/25 0:00,8.6,3.997,4.603
28/10/25 0:00,8.59,3.983,4.607
29/10/25 0:00,8.55,4.058,4.492
30/10/25 0:00,8.64,4.093,4.547
31/10/25 0:00,8.66,4.101,4.559
03/11/25 0:00,8.65,4.107,4.543
04/11/25 0:00,8.67,4.091,4.579
05/11/25 0:00,8.67,4.157,4.513
06/11/25 0:00,8.69,4.093,4.597
07/11/25 0:00,8.68,4.093,4.587
10/11/25 0:00,8.76,4.11,4.65
11/11/25 0:00,8.78,4.069,4.711
12/11/25 0:00,8.8,4.067,4.733
13/11/25 0:00,8.75,4.111,4.639
14/11/25 0:00,8.75,4.148,4.602
17/11/25 0:00,8.76,4.133,4.627
18/11/25 0:00,8.76,4.121,4.639
19/11/25 0:00,8.73,4.131,4.599
20/11/25 0:00,8.75,4.104,4.646
21/11/25 0:00,8.82,4.063,4.757
24/11/25 0:00,8.84,4.036,4.804
25/11/25 0:00,8.83,4.002,4.828
26/11/25 0:00,8.79,3.998,4.792
27/11/25 0:00,8.694,4.005,4.689
28/11/25 0:00,8.69,4.019,4.671
01/12/25 0:00,8.72,4.096,4.624
02/12/25 0:00,8.76,4.088,4.672
03/12/25 0:00,8.72,4.058,4.662
04/12/25 0:00,8.66,4.108,4.552
05/12/25 0:00,8.69,4.139,4.551
08/12/25 0:00,8.83,4.172,4.658
09/12/25 0:00,8.8,4.186,4.614
10/12/25 0:00,8.974,4.164,4.81
11/12/25 0:00,8.974,4.141,4.833
12/12/25 0:00,8.97,4.196,4.774
15/12/25 0:00,9.014,4.182,4.832
16/12/25 0:00,9.01,4.149,4.861
17/12/25 0:00,8.98,4.151,4.829
18/12/25 0:00,8.91,4.116,4.794
19/12/25 0:00,8.89,4.151,4.739
22/12/25 0:00,9.03,4.171,4.859
23/12/25 0:00,8.99,4.169,4.821
24/12/25 0:00,8.96,4.134,4.826
26/12/25 0:00,8.98,4.134,4.846
29/12/25 0:00,8.99,4.116,4.874
30/12/25 0:00,9,4.128,4.872
31/12/25 0:00,8.95,4.153,4.797
01/01/26 0:00,8.95,4.175,4.775
02/01/26 0:00,8.91,4.189,4.721
05/01/26 0:00,8.9,4.163,4.737
06/01/26 0:00,8.734,4.179,4.555
07/01/26 0:00,8.73,4.138,4.592
08/01/26 0:00,8.734,4.183,4.551
09/01/26 0:00,9.1,4.171,4.929
12/01/26 0:00,9.1,4.187,4.913
13/01/26 0:00,9.1,4.171,4.929
14/01/26 0:00,9.1,4.14,4.96
15/01/26 0:00,9.1,4.16,4.94
16/01/26 0:00,9.1,4.231,4.869
19/01/26 0:00,9.1,4.263,4.837
20/01/26 0:00,9.1,4.295,4.805
21/01/26 0:00,9.21,4.253,4.957
22/01/26 0:00,9.08,4.251,4.829
23/01/26 0:00,8.97,4.239,4.731
26/01/26 0:00,8.95,4.211,4.739
27/01/26 0:00,8.97,4.223,4.747
28/01/26 0:00,8.95,4.251,4.699
29/01/26 0:00,8.97,4.227,4.743
30/01/26 0:00,8.92,4.241,4.679
02/02/26 0:00,8.93,4.277,4.653
03/02/26 0:00,8.92,4.273,4.647
04/02/26 0:00,8.925,4.278,4.647
05/02/26 0:00,8.91,4.21,4.7
06/02/26 0:00,8.84,4.206,4.634
09/02/26 0:00,8.84,4.198,4.642
10/02/26 0:00,8.78,4.145,4.635
11/02/26 0:00,8.78,4.172,4.608
12/02/26 0:00,8.78,4.104,4.676
13/02/26 0:00,8.78,4.056,4.724
16/02/26 0:00,8.78,4.042,4.738
17/02/26 0:00,8.76,4.054,4.706
18/02/26 0:00,8.74,4.081,4.659
19/02/26 0:00,8.75,4.075,4.675
20/02/26 0:00,8.76,4.085,4.675
23/02/26 0:00,8.77,4.027,4.743
24/02/26 0:00,8.75,4.033,4.717
25/02/26 0:00,8.73,4.048,4.682
26/02/26 0:00,8.73,4.017,4.713
27/02/26 0:00,8.73,3.962,4.768
02/03/26 0:00,8.79,4.052,4.738
03/03/26 0:00,8.79,4.057,4.733
04/03/26 0:00,8.79,4.082,4.708
05/03/26 0:00,8.79,4.146,4.644
06/03/26 0:00,8.99,4.132,4.858
09/03/26 0:00,9.03,4.134,4.896
10/03/26 0:00,9.03,4.136,4.894
11/03/26 0:00,9.03,4.206,4.824
12/03/26 0:00,9.03,4.273,4.757
13/03/26 0:00,9.21,4.285,4.925
16/03/26 0:00,9.45,4.22,5.23
17/03/26 0:00,9.45,4.202,5.248
18/03/26 0:00,9.45,4.257,5.193
19/03/26 0:00,9.45,4.283,5.167
20/03/26 0:00,9.32,4.384,4.936