Date,Close,Open,High,Low,Vol.,Change %
03/20/2026,35.91,35.16,35.99,35.12,1.02M,3.76%
03/19/2026,34.61,34.99,35.01,34.41,576.51K,-1.23%
03/18/2026,35.04,34.7,35.04,34.63,320.24K,1.30%
03/17/2026,34.59,34.66,34.71,34.54,326.83K,-0.60%
03/16/2026,34.8,34.8,34.98,34.69,406.01K,-1.50%
03/13/2026,35.33,35.03,35.39,34.85,419.78K,1.17%
03/12/26,34.92,35,35.13,34.76,320.26K,0.23%
03/11/26,34.84,34.36,34.87,34.31,486.26K,2.77%
03/10/26,33.9,33.53,33.94,33.45,504.67K,2.08%
03/09/26,33.21,33.96,33.99,33.16,338.00K,-1.66%
03/06/26,33.77,33.92,34.12,33.45,413.42K,0.63%
03/05/26,33.56,33.65,33.76,33.42,514.64K,0.87%
03/04/26,33.27,33.2,33.28,33.05,348.93K,0.51%
03/03/26,33.1,33.38,33.4,32.87,894.97K,0.52%
03/02/26,32.93,32.64,33.09,32.64,1.11M,2.05%
02/27/2026,32.27,32.32,32.43,32.22,636.74K,-1.16%
02/26/2026,32.65,32.76,32.77,32.58,297.76K,-0.91%
02/25/2026,32.95,32.99,33.02,32.75,193.68K,0.40%
02/24/2026,32.82,32.82,32.97,32.77,235.64K,-0.52%
02/23/2026,32.99,33.13,33.14,32.77,288.26K,-0.51%
02/20/2026,33.16,32.99,33.54,32.99,336.94K,0.39%
02/19/2026,33.03,33.21,33.22,32.96,283.73K,-0.36%
02/18/2026,33.15,32.97,33.15,32.87,272.78K,0.88%
02/17/2026,32.86,32.78,32.92,32.67,337.33K,-0.48%
02/13/2026,33.02,33,33.07,32.87,657.68K,-0.66%
02/12/26,33.24,33.96,33.96,33.22,407.88K,-2.75%
02/11/26,34.18,34.21,34.27,33.87,269.43K,1.06%
02/10/26,33.82,34.04,34.04,33.79,380.06K,-2.28%
02/09/26,34.61,34.83,34.99,34.56,231.60K,-0.03%
02/06/26,34.62,34.64,34.83,34.58,341.42K,0.00%
02/05/26,34.62,35,35.17,34.59,849.87K,-2.09%
02/04/26,35.36,35.27,35.41,35.17,186.58K,0.60%
02/03/26,35.15,35.41,35.44,35.14,247.74K,-0.40%
02/02/26,35.29,34.94,35.32,34.93,466.81K,0.51%
01/30/2026,35.11,34.94,35.11,34.78,358.66K,1.15%
01/29/2026,34.71,35.09,35.13,34.62,501.26K,-0.06%
01/28/2026,34.73,34.8,34.94,34.67,297.90K,0.40%
01/27/2026,34.59,34.32,34.64,34.22,327.02K,1.35%
01/26/2026,34.13,34.08,34.21,33.99,616.82K,-0.87%
01/23/2026,34.43,34.5,34.76,34.35,400.46K,-0.46%
01/22/2026,34.59,34.95,35.02,34.54,480.67K,-0.83%
01/21/2026,34.88,35.31,35.45,34.75,695.60K,-1.55%
01/20/2026,35.43,35.45,35.53,35.15,1.03M,2.64%
01/16/2026,34.52,34.26,34.58,34.12,285.21K,1.38%
01/15/2026,34.05,33.84,34.06,33.81,223.91K,0.06%
01/14/2026,34.03,34.39,34.39,33.98,276.87K,-1.28%
01/13/2026,34.47,34.36,34.66,34.36,211.27K,-0.26%
01/12/26,34.56,34.68,34.77,34.38,197.52K,0.76%
01/09/26,34.3,34.83,34.96,34.29,311.19K,-1.44%
01/08/26,34.8,34.79,34.86,34.63,156.84K,1.16%
01/07/26,34.4,34.38,34.66,34.27,324.67K,-1.26%
01/06/26,34.84,34.93,35.14,34.79,363.58K,0.40%
01/05/26,34.7,34.91,34.94,34.63,380.73K,-0.60%
01/02/26,34.91,34.64,34.93,34.02,436.14K,-0.09%
12/31/2025,34.94,34.46,34.94,34.31,286.84K,1.81%
12/30/2025,34.32,34.43,34.45,34.18,243.21K,0.44%
12/29/2025,34.17,34.25,34.35,34.14,121.14K,-0.61%
12/26/2025,34.38,34.1,34.49,34.06,229.78K,0.64%
12/24/2025,34.16,34.33,34.44,34.11,244.99K,-1.70%
12/23/2025,34.75,35.22,35.23,34.75,409.45K,-0.63%
12/22/2025,34.97,34.9,35.03,34.88,240.06K,0.34%
12/19/2025,34.85,34.76,34.89,34.63,283.14K,0.99%
12/18/2025,34.51,34.58,34.62,34.38,243.22K,-0.92%
12/17/2025,34.83,34.98,34.98,34.69,251.32K,0.40%
12/16/2025,34.69,35.3,35.32,34.69,298.74K,-1.34%
12/15/2025,35.16,34.9,35.16,34.75,369.92K,0.20%
12/12/25,35.09,35.16,35.31,35.08,351.14K,1.45%
12/11/25,34.59,34.12,34.59,33.99,289.32K,0.44%
12/10/25,34.44,34.62,34.74,34.18,507.82K,-0.69%
12/09/25,34.68,34.38,34.74,34.26,355.62K,-0.29%
12/08/25,34.78,34.47,34.97,34.47,570.34K,0.81%
12/05/25,34.5,34.18,34.56,34.18,505.59K,1.11%
12/04/25,34.12,33.87,34.19,33.86,189.00K,1.16%
12/03/25,33.73,33.88,34,33.69,285.45K,-0.59%
12/02/25,33.93,34.11,34.21,33.83,334.21K,-0.06%
12/01/25,33.95,33.89,34.01,33.81,618.00K,2.60%
11/28/2025,33.09,32.78,33.31,32.78,440.28K,0.95%
11/26/2025,32.78,33.12,33.38,32.78,329.91K,-0.88%
11/25/2025,33.07,33.04,33.13,32.82,690.91K,-0.51%
11/24/2025,33.24,33.3,33.38,33.18,424.75K,-1.22%
11/21/2025,33.65,33.48,33.83,33.45,827.09K,-0.30%
11/20/2025,33.75,33.97,33.97,33.63,328.19K,-0.76%
11/19/2025,34.01,33.77,34.06,33.73,402.95K,0.06%
11/18/2025,33.99,33.66,34.09,33.61,501.87K,0.41%
11/17/2025,33.85,33.87,33.94,33.7,268.53K,-0.47%
11/14/2025,34.01,33.36,34.02,33.31,468.44K,1.16%
11/13/2025,33.62,33.28,33.62,33.22,308.69K,1.60%
11/12/25,33.09,33.19,33.24,32.93,221.99K,-0.30%
11/11/25,33.19,33.2,33.3,33.11,282.48K,-0.93%
11/10/25,33.5,33.5,33.6,33.38,212.53K,0.09%
11/07/25,33.47,33.58,33.6,33.22,343.27K,0.66%
11/06/25,33.25,33.41,33.47,33.21,471.94K,-1.71%
11/05/25,33.83,33.48,33.95,33.45,379.20K,2.02%
11/04/25,33.16,33.27,33.32,33.06,217.49K,-0.27%
11/03/25,33.25,33.35,33.52,33.24,687.57K,0.70%
10/31/2025,33.02,32.91,33.16,32.85,396.49K,0.46%
10/30/2025,32.87,33.04,33.05,32.6,802.30K,1.05%
10/29/2025,32.53,31.94,32.56,31.94,682.36K,2.14%
10/28/2025,31.85,31.96,31.99,31.75,343.73K,-0.31%
10/27/2025,31.95,32.35,32.49,31.95,444.52K,-1.14%
10/24/2025,32.32,32.13,32.42,32.1,481.18K,0.47%
10/23/2025,32.17,32.1,32.31,31.97,458.06K,1.20%
10/22/2025,31.79,31.83,31.93,31.71,188.45K,-0.13%
10/21/2025,31.83,31.82,31.87,31.68,522.89K,-0.90%
10/20/2025,32.12,32.19,32.32,32.06,1.01M,-0.80%
10/17/2025,32.38,32.33,32.55,32.31,511.72K,0.53%
10/16/2025,32.21,32.79,32.86,32.11,622.33K,-1.56%
10/15/2025,32.72,32.47,32.86,32.27,613.06K,0.49%
10/14/2025,32.56,32.69,32.85,32.53,446.92K,-0.61%
10/13/2025,32.76,32.98,33.25,32.76,385.79K,0.00%
10/10/25,32.76,33.2,33.26,32.66,903.76K,-2.99%
10/09/25,33.77,33.77,33.91,33.71,301.38K,0.06%
10/08/25,33.75,33.47,33.81,33.43,288.84K,-0.15%
10/07/25,33.8,33.94,34.03,33.61,536.54K,-1.02%
10/06/25,34.15,34.1,34.18,33.79,430.40K,1.40%
10/03/25,33.68,33.41,33.69,33.38,207.34K,0.54%
10/02/25,33.5,33.62,33.71,33.38,474.77K,-0.59%
10/01/25,33.7,33.5,33.79,33.36,808.25K,-0.24%
09/30/2025,33.78,33.59,33.93,33.3,702.42K,0.48%
09/29/2025,33.62,33.87,33.87,33.52,459.03K,-1.61%
09/26/2025,34.17,34.09,34.3,33.72,257.22K,0.26%
09/25/2025,34.08,34.17,34.47,34.04,375.80K,0.06%
09/24/2025,34.06,33.99,34.26,33.9,227.70K,0.03%
09/23/2025,34.05,34.31,34.5,34.03,316.34K,-1.28%
09/22/2025,34.49,34.46,34.65,34.38,324.34K,0.58%
09/19/2025,34.29,34.26,34.44,34.11,479.87K,0.62%
09/18/2025,34.08,34.05,34.32,33.9,1.05M,1.76%
09/17/2025,33.49,33,33.59,32.76,1.15M,0.63%
09/16/2025,33.28,33.45,33.46,33.13,547.01K,-0.33%
09/15/2025,33.39,33.4,33.47,33.16,393.76K,-0.45%
09/12/25,33.54,33.58,33.85,33.49,435.14K,0.99%
09/11/25,33.21,33.53,33.53,33.1,561.16K,-1.25%
09/10/25,33.63,33.9,34.05,33.36,719.02K,-1.20%
09/09/25,34.04,33.93,34.2,33.81,586.90K,1.22%
09/08/25,33.63,34.07,34.13,33.63,768.90K,-2.66%
09/05/25,34.55,34.79,34.86,34.51,1.03M,-3.03%
09/04/25,35.63,35.78,36.12,35.61,1.05M,-1.41%
09/03/25,36.14,36.71,36.71,35.92,486.71K,-2.17%
09/02/25,36.94,36.8,37.05,36.76,467.91K,1.54%
08/29/2025,36.38,36.2,36.49,36.16,359.95K,1.71%
08/28/2025,35.77,36.17,36.3,35.77,403.55K,-1.60%
08/27/2025,36.35,36.75,36.87,36.32,353.25K,0.36%
08/26/2025,36.22,36.37,36.65,36.2,284.49K,0.33%
08/25/2025,36.1,36.19,36.28,35.96,446.90K,0.33%
08/22/2025,35.98,36.12,36.21,35.73,744.74K,-1.24%
08/21/2025,36.43,36.29,36.7,36.27,258.10K,0.91%
08/20/2025,36.1,36.32,36.32,35.97,451.55K,-0.19%
08/19/2025,36.17,36.42,36.42,36.15,212.16K,-1.34%
08/18/2025,36.66,36.32,36.81,36.32,334.04K,0.71%
08/15/2025,36.4,36.2,36.54,36.11,351.28K,1.36%
08/14/2025,35.91,35.47,35.98,35.47,670.55K,1.70%
08/13/2025,35.31,35.54,35.54,35.22,601.88K,-1.73%
08/12/25,35.93,35.93,36.23,35.91,293.44K,1.04%
08/11/25,35.56,35.4,35.64,35.33,172.41K,-0.08%
08/08/25,35.59,35.55,35.72,35.55,232.45K,0.71%
08/07/25,35.34,35.13,35.34,34.83,349.18K,0.34%
08/06/25,35.22,35.19,35.88,34.97,460.24K,1.44%
08/05/25,34.72,35.12,35.18,34.65,457.88K,-0.83%
08/04/25,35.01,35,35.27,34.88,311.34K,-0.20%
08/01/25,35.08,35.32,35.39,35.05,882.69K,-2.85%
07/31/2025,36.11,35.96,36.16,35.72,218.59K,-0.58%
07/30/2025,36.32,36.25,36.39,36.1,179.86K,1.54%
07/29/2025,35.77,36.74,36.74,35.77,269.17K,-3.38%
07/28/2025,37.02,36.96,37.07,36.75,201.93K,1.34%
07/25/2025,36.53,37.07,37.12,36.52,218.23K,-1.22%
07/24/2025,36.98,37.24,37.25,36.68,555.17K,0.46%
07/23/2025,36.81,36.79,37.02,36.69,200.54K,1.02%
07/22/2025,36.44,36.68,36.74,36.2,440.52K,-1.27%
07/21/2025,36.91,36.6,36.91,36.38,424.49K,-1.47%
07/18/2025,37.46,37.31,37.63,37.31,275.49K,-0.29%
07/17/2025,37.57,37.53,37.69,37.24,135.81K,-0.03%
07/16/2025,37.58,37.42,38.37,37.08,1.16M,-0.21%
07/15/2025,37.66,36.87,37.74,36.87,515.77K,1.43%
07/14/2025,37.13,37.18,37.36,36.89,292.13K,0.38%
07/11/25,36.99,36.57,37.07,36.54,403.06K,2.95%
07/10/25,35.93,36.02,36.31,35.85,382.65K,0.14%
07/09/25,35.88,36.64,36.64,35.88,387.22K,-2.15%
07/08/25,36.67,37.12,37.22,36.67,515.20K,0.16%
07/07/25,36.61,36.25,36.81,36.25,439.37K,1.98%
07/03/25,35.9,35.77,35.99,35.66,343.90K,1.36%
07/02/25,35.42,35.68,35.77,35.39,347.08K,1.23%
07/01/25,34.99,34.83,35.29,34.78,568.56K,-0.26%
06/30/2025,35.08,35.38,35.61,34.94,359.56K,-2.01%
06/27/2025,35.8,35.6,35.88,35.16,269.15K,1.36%
06/26/2025,35.32,35.67,35.88,35.28,250.43K,-1.09%
06/25/2025,35.71,36.07,36.2,35.63,153.66K,-0.81%
06/24/2025,36,36.8,36.8,35.82,391.57K,-1.26%
06/23/2025,36.46,36.26,36.51,35.92,243.10K,-0.76%
06/20/2025,36.74,37,37.2,36.42,160.05K,0.41%
06/18/2025,36.59,36.28,36.86,36.18,204.12K,-0.27%
06/17/2025,36.69,37.17,37.31,36.54,145.73K,-2.39%
06/16/2025,37.59,37,37.6,36.76,228.39K,1.95%
06/13/2025,36.87,36.32,37.23,36.09,437.62K,2.08%
06/12/25,36.12,36.42,36.68,36.08,415.77K,-2.46%
06/11/25,37.03,37.3,37.37,36.72,150.08K,-0.32%
06/10/25,37.15,36.89,37.46,36.85,110.97K,-1.17%
06/09/25,37.59,37.9,37.95,37.38,170.89K,-0.11%
06/06/25,37.63,37.28,37.68,37.13,220.91K,2.62%
06/05/25,36.67,36.49,36.8,36.27,289.62K,-0.19%
06/04/25,36.74,37.24,37.4,36.5,454.22K,-3.11%
06/03/25,37.92,37.53,38.01,37.3,314.96K,0.26%
06/02/25,37.82,37.64,38.09,37.51,394.52K,1.91%
05/30/2025,37.11,37.11,37.47,36.9,316.90K,0.08%
05/29/2025,37.08,37.54,37.6,37.03,217.93K,-2.34%
05/28/2025,37.97,37.81,38.23,37.65,165.41K,1.55%
05/27/2025,37.39,38.01,38.06,37.18,237.18K,-2.78%
05/23/2025,38.46,38.22,38.85,38.12,324.85K,-0.75%
05/22/2025,38.75,39.61,39.7,38.67,1.02M,-0.79%
05/21/2025,39.06,38.4,39.25,38.04,889.78K,3.33%
05/20/2025,37.8,37.77,38.11,37.6,266.75K,1.67%
05/19/2025,37.18,38.27,38.27,37.14,407.78K,0.65%
05/16/2025,36.94,36.48,37.1,36.36,221.20K,-0.54%
05/15/2025,37.14,37.5,37.68,36.88,302.28K,-1.82%
05/14/2025,37.83,37.43,37.94,37.26,203.12K,1.37%
05/13/2025,37.32,37.04,37.59,36.96,189.17K,1.03%
05/12/25,36.94,36.8,37.03,36.49,217.31K,1.68%
05/09/25,36.33,36.3,36.38,36.04,122.33K,0.08%
05/08/25,36.3,35.4,36.48,35.35,240.86K,2.22%
05/07/25,35.51,35.64,35.77,35.33,265.99K,-1.03%
05/06/25,35.88,36.48,36.59,35.75,389.97K,-0.61%
05/05/25,36.1,35.99,36.39,35.85,164.14K,1.35%
05/02/25,35.62,35.71,35.81,35.31,569.89K,2.03%
05/01/25,34.91,34.41,35.24,34.41,296.10K,1.45%
04/30/2025,34.41,34.15,34.61,34.03,356.56K,1.24%
04/29/2025,33.99,34.6,34.6,33.97,282.86K,-1.62%
04/28/2025,34.55,35.19,35.19,34.46,651.63K,-1.34%
04/25/2025,35.02,34.79,35.5,34.77,190.20K,-0.99%
04/24/2025,35.37,35.52,35.82,35.36,310.42K,-2.13%
04/23/2025,36.14,34.84,36.34,34.75,662.39K,-1.95%
04/22/2025,36.86,36.59,36.96,36.43,362.45K,-1.18%
04/21/2025,37.3,36.85,37.3,36.39,530.15K,3.52%
04/17/2025,36.03,35.57,36.27,35.46,406.73K,1.92%
04/16/2025,35.35,35.87,36.14,35.19,435.00K,-1.20%
04/15/2025,35.78,36.37,36.37,35.46,294.40K,-0.75%
04/14/2025,36.05,36,36.6,35.72,595.92K,-1.31%
04/11/25,36.53,37.32,38.15,36.02,779.02K,-0.92%
04/10/25,36.87,35.98,36.91,35.46,1.65M,5.01%
04/09/25,35.11,36.31,37.28,34.62,3.47M,-0.43%
04/08/25,35.26,34.27,35.36,33.95,1.06M,4.38%
04/07/25,33.78,32.52,34.13,32.5,1.85M,5.56%
04/04/25,32,31.62,32,31.17,1.74M,-2.14%
04/03/25,32.7,32.34,32.74,32.12,642.91K,-1.18%
04/02/25,33.09,32.5,33.63,32.32,408.77K,0.21%
04/01/25,33.02,33.08,33.23,32.72,339.93K,-1.87%
03/31/2025,33.65,33.46,34.1,33.25,1.07M,-1.78%
03/28/2025,34.26,34.38,34.75,34.1,297.57K,-2.67%
03/27/2025,35.2,35.16,35.42,35.14,374.30K,0.69%
03/26/2025,34.96,35,35.05,34.69,193.73K,0.52%
03/25/2025,34.78,34.94,34.97,34.54,125.34K,-0.06%
03/24/2025,34.8,34.37,34.83,34.37,394.90K,2.20%
03/21/2025,34.05,33.56,34.1,33.53,110.54K,1.34%
03/20/2025,33.6,33,33.69,32.85,717.61K,-0.24%
03/19/2025,33.68,33.96,34.26,33.63,147.46K,-0.74%
03/18/2025,33.93,34.49,34.49,33.79,1.46M,-0.35%
03/17/2025,34.05,33.93,34.22,33.65,391.27K,-0.99%
03/14/2025,34.39,34.4,34.65,34.23,650.25K,1.18%
03/13/2025,33.99,34.87,34.98,33.95,635.49K,-1.73%
03/12/25,34.59,34.5,34.63,34.21,522.85K,1.20%
03/11/25,34.18,33.67,34.35,33.38,788.76K,1.64%
03/10/25,33.63,33.59,33.78,33.26,485.22K,-2.21%
03/07/25,34.39,33.53,34.46,33.52,612.01K,0.76%
03/06/25,34.13,34.1,34.63,33.84,462.54K,0.71%
03/05/25,33.89,33.31,33.97,33.11,392.46K,1.74%
03/04/25,33.31,32.55,33.46,32.42,865.90K,2.46%
03/03/25,32.51,33.32,33.38,32.47,1.22M,-1.13%
02/28/2025,32.88,33.27,33.55,32.81,666.99K,-2.35%
02/27/2025,33.67,33.6,33.77,33.33,258.54K,1.51%
02/26/2025,33.17,33.57,33.73,33.11,400.68K,-1.19%
02/25/2025,33.57,33.93,34.02,33.52,519.25K,-3.42%
02/24/2025,34.76,35.18,35.21,34.63,255.99K,-0.54%
02/21/2025,34.95,35.56,35.6,34.71,638.70K,-2.29%
02/20/2025,35.77,35.97,35.97,35.61,188.87K,-0.75%
02/19/2025,36.04,36.17,36.31,35.86,183.29K,-0.22%
02/18/2025,36.12,35.7,36.15,35.53,335.93K,2.47%
02/14/2025,35.25,35.12,35.3,34.87,328.53K,-1.04%
02/13/2025,35.62,36.1,36.11,35.44,2.01M,-3.29%
02/12/25,36.83,36.8,37.13,36.54,688.62K,2.85%
02/11/25,35.81,35.75,35.86,35.63,309.52K,1.13%
02/10/25,35.41,35.17,35.49,34.96,165.83K,0.77%
02/07/25,35.14,35.1,35.42,35.03,364.82K,1.56%
02/06/25,34.6,34.59,34.9,34.43,270.02K,-0.06%
02/05/25,34.62,34.98,35.01,34.41,498.86K,-3.40%
02/04/25,35.84,36.53,36.56,35.79,634.23K,-0.44%
02/03/25,36,35.63,36.26,35.19,767.83K,-1.34%
01/31/2025,36.49,36.05,36.86,35.88,885.34K,0.88%
01/30/2025,36.17,36,36.21,35.79,548.37K,-0.52%
01/29/2025,36.36,36.04,36.65,35.89,838.90K,0.47%
01/28/2025,36.19,36.39,36.61,36.16,282.65K,0.36%
01/27/2025,36.06,36.15,36.46,35.98,351.38K,-2.65%
01/24/2025,37.04,37.4,37.54,36.97,212.08K,-0.75%
01/23/2025,37.32,37.47,37.55,37.17,303.79K,1.66%
01/22/2025,36.71,36.33,36.87,36.33,481.97K,0.99%
01/21/2025,36.35,36.36,36.6,36.16,423.89K,-1.76%
01/17/2025,37,36.67,37.09,36.66,540.43K,-0.03%
01/16/2025,37.01,37.35,37.71,36.77,516.01K,-0.70%
01/15/2025,37.27,37.28,37.61,37.09,980.78K,-3.57%
01/14/2025,38.65,38.75,38.98,38.57,476.29K,0.29%
01/13/2025,38.54,38.44,38.86,38.29,822.09K,0.26%
01/10/25,38.44,38.65,38.7,38.12,962.97K,1.48%
01/08/25,37.88,38.42,38.51,37.77,859.11K,-0.29%
01/07/25,37.99,37.43,38.09,37.26,621.20K,2.29%
01/06/25,37.14,37,37.32,36.85,421.28K,0.76%
01/03/25,36.86,36.35,36.87,36.29,368.58K,0.71%
01/02/25,36.6,36.36,36.81,36.05,565.23K,-0.05%
12/31/2024,36.62,35.94,36.65,35.91,364.25K,1.05%
12/30/2024,36.24,36.15,36.5,36.1,523.66K,-1.66%
12/27/2024,36.85,36.6,36.88,36.33,556.31K,1.43%
12/26/2024,36.33,36.82,36.82,36.14,592.05K,0.36%
12/24/2024,36.2,36.82,36.94,36.2,399.18K,-0.63%
12/23/2024,36.43,35.88,36.53,35.88,745.27K,0.50%
12/20/2024,36.25,36,36.25,35.76,581.15K,-0.74%
12/19/2024,36.52,36.42,36.85,36.17,1.08M,2.82%
12/18/2024,35.52,34.96,35.57,34.62,877.52K,2.57%
12/17/2024,34.63,34.69,34.8,34.41,594.15K,-0.46%
12/16/2024,34.79,34.67,35.11,34.66,376.49K,-0.49%
12/13/2024,34.96,34.44,35.06,34.44,731.68K,1.98%
12/12/24,34.28,33.81,34.33,33.81,337.66K,2.39%
12/11/24,33.48,32.88,33.51,32.68,545.26K,2.01%
12/10/24,32.82,32.79,32.93,32.67,447.10K,1.05%
12/09/24,32.48,32.17,32.53,32.15,415.42K,1.82%
12/06/24,31.9,31.66,32.13,31.59,739.13K,-0.34%
12/05/24,32.01,32.26,32.35,31.88,787.88K,-0.19%
12/04/24,32.07,33.14,33.14,31.99,412.92K,-2.11%
12/03/24,32.76,32.11,32.82,32.11,735.26K,1.93%
12/02/24,32.14,32.52,32.78,32.03,912.96K,-0.86%
11/29/2024,32.42,32.54,32.73,32.35,523.89K,-1.76%
11/27/2024,33,32.9,33.23,32.74,926.41K,-1.14%
11/26/2024,33.38,33.56,33.85,33.38,498.33K,0.60%
11/25/2024,33.18,33.55,33.74,33.14,1.17M,-5.06%
11/22/2024,34.95,34.88,35.15,34.73,468.93K,-0.37%
11/21/2024,35.08,34.89,35.24,34.61,352.67K,0.49%
11/20/2024,34.91,35.12,35.14,34.59,498.89K,0.75%
11/19/2024,34.65,34.61,34.74,34.4,376.38K,-1.11%
11/18/2024,35.04,35.47,35.66,34.77,537.77K,-0.26%
11/15/2024,35.13,35.18,35.57,34.71,1.46M,0.63%
11/14/2024,34.91,34.83,34.96,34.38,1.24M,-1.02%
11/13/2024,35.27,34.14,35.38,33.92,1.06M,1.85%
11/12/24,34.63,34.18,34.76,33.79,1.77M,3.10%
11/11/24,33.59,33.5,33.92,33.45,516.21K,0.78%
11/08/24,33.33,33.71,33.79,33.24,1.36M,-2.57%
11/07/24,34.21,34.59,34.68,33.94,1.26M,-2.20%
11/06/24,34.98,35.46,35.48,34.62,1.84M,5.30%
11/05/24,33.22,33.74,33.99,33.07,491.23K,-1.01%
11/04/24,33.56,33.48,33.98,33.27,394.16K,-3.01%
11/01/24,34.6,33.88,34.61,33.35,877.95K,2.95%
10/31/2024,33.61,33.8,34.01,33.25,450.55K,-0.12%
10/30/2024,33.65,33.31,33.78,32.97,332.14K,-0.71%
10/29/2024,33.89,34.51,34.64,33.87,496.25K,-0.35%
10/28/2024,34.01,33.73,34.31,33.67,411.73K,0.62%
10/25/2024,33.8,33.09,33.86,33.09,495.01K,1.53%
10/24/2024,33.29,33.69,33.86,33.12,320.82K,-1.51%
10/23/2024,33.8,33.91,34.06,33.58,505.57K,0.78%
10/22/2024,33.54,33.35,33.75,33.26,376.26K,-0.30%
10/21/2024,33.64,33.05,33.64,33.05,550.33K,3.54%
10/18/2024,32.49,32.39,32.49,32.22,256.22K,-0.09%
10/17/2024,32.52,32.23,32.58,32.09,336.91K,3.07%
10/16/2024,31.55,31.41,31.62,31.3,201.89K,-0.25%
10/15/2024,31.63,32.05,32.11,31.63,645.90K,-2.89%
10/14/2024,32.57,32.77,33.09,32.57,381.68K,0.09%
10/11/24,32.54,32.66,32.75,32.33,941.62K,0.74%
10/10/24,32.3,32.4,32.7,32.28,533.93K,0.81%
10/09/24,32.04,31.79,32.16,31.71,296.23K,1.33%
10/08/24,31.62,31.94,32.06,31.62,443.98K,-0.32%
10/07/24,31.72,31.58,31.77,31.44,599.10K,1.47%
10/04/24,31.26,31.23,31.32,30.98,851.19K,2.66%
10/03/24,30.45,30.09,30.45,30,461.67K,1.84%
10/02/24,29.9,30.05,30.25,29.85,495.08K,1.80%
10/01/24,29.37,29.21,29.45,28.86,517.08K,-1.38%
09/30/2024,29.78,29.48,29.94,29.47,342.67K,0.91%
09/27/2024,29.51,29.5,29.73,29.42,440.62K,-1.01%
09/26/2024,29.81,29.83,30.18,29.7,385.58K,-0.37%
09/25/2024,29.92,29.63,29.93,29.63,274.79K,0.34%
09/24/2024,29.82,30.28,30.34,29.75,474.11K,-0.03%
09/23/2024,29.83,29.94,30.22,29.59,539.84K,0.71%
09/20/2024,29.62,29.56,29.79,29.48,1.45M,0.65%
09/19/2024,29.43,29.63,29.71,29.41,627.05K,0.72%
09/18/2024,29.22,28.85,29.23,28,1.25M,2.49%
09/17/2024,28.51,28.2,28.56,28.07,677.04K,0.88%
09/16/2024,28.26,28.65,28.74,28.2,342.98K,-1.67%
09/13/2024,28.74,28.7,28.94,28.61,632.57K,-0.31%
09/12/24,28.83,28.68,29.1,28.62,647.00K,0.87%
09/11/24,28.58,28.61,28.78,28.24,950.21K,0.11%
09/10/24,28.55,28.99,29.03,28.39,862.54K,-1.38%
09/09/24,28.95,29.3,29.41,28.84,539.89K,-0.69%
09/06/24,29.15,29.11,29.35,28.46,1.34M,0.10%
09/05/24,29.12,29.27,29.58,29.07,716.86K,-1.22%
09/04/24,29.48,30.13,30.15,29.43,440.18K,-2.35%
09/03/24,30.19,30.3,30.41,30.03,766.66K,-3.02%
08/30/2024,31.13,30.46,31.18,30.25,1.09M,1.93%
08/29/2024,30.54,30.58,30.74,30.44,378.60K,0.86%
08/28/2024,30.28,30.19,30.35,30.08,212.72K,0.20%
08/27/2024,30.22,30.48,30.54,30.15,329.68K,0.53%
08/26/2024,30.06,29.73,30.12,29.73,221.07K,0.37%
08/23/2024,29.95,30.02,30.18,29.77,554.85K,-0.93%
08/22/2024,30.23,29.97,30.48,29.95,413.72K,1.92%
08/21/2024,29.66,29.7,29.99,29.4,439.14K,-0.07%
08/20/2024,29.68,29.91,30.05,29.6,265.98K,-1.75%
08/19/2024,30.21,30.47,30.49,30.04,474.48K,-0.85%
08/16/2024,30.47,30.46,30.71,30.4,353.22K,-0.55%
08/15/2024,30.64,31.08,31.18,30.64,219.79K,1.76%
08/14/2024,30.11,30.34,30.37,29.98,354.09K,-1.31%
08/13/2024,30.51,30.47,30.69,30.45,314.70K,-1.23%
08/12/24,30.89,31.28,31.4,30.8,229.38K,-0.71%
08/09/24,31.11,30.98,31.25,30.95,347.40K,-2.08%
08/08/24,31.77,31.83,32.05,31.69,302.80K,1.40%
08/07/24,31.33,31.27,31.6,31,469.58K,1.69%
08/06/24,30.81,29.95,30.81,29.8,829.44K,4.16%
08/05/24,29.58,29,30.08,28.87,1.52M,-1.04%
08/02/24,29.89,30.7,30.79,29.82,1.12M,-5.80%
08/01/24,31.73,31.94,31.94,31.41,593.27K,-2.07%
07/31/2024,32.4,32.59,32.76,32.36,419.70K,-1.94%
07/30/2024,33.04,33.13,33.39,32.93,197.58K,-0.69%
07/29/2024,33.27,33.16,33.45,33.13,238.17K,-0.92%
07/26/2024,33.58,33.64,33.8,33.48,507.98K,-1.52%
07/25/2024,34.1,34.32,34.33,33.66,334.43K,-1.53%
07/24/2024,34.63,33.85,34.69,33.72,388.58K,2.15%
07/23/2024,33.9,33.69,33.93,33.52,244.18K,0.30%
07/22/2024,33.8,33.26,34.05,33.19,293.18K,0.69%
07/19/2024,33.57,33.51,33.65,33.42,273.52K,1.33%
07/18/2024,33.13,32.99,33.22,32.72,252.34K,1.41%
07/17/2024,32.67,32.87,33,32.52,372.56K,-0.06%
07/16/2024,32.69,33.15,33.22,32.65,345.79K,-2.65%
07/15/2024,33.58,33.49,33.65,33.29,354.28K,2.22%
07/12/24,32.85,33.14,33.23,32.84,452.78K,-0.64%
07/11/24,33.06,32.98,33.13,32.65,444.37K,-2.10%
07/10/24,33.77,33.9,34,33.72,120.44K,-0.47%
07/09/24,33.93,33.84,34.27,33.71,132.75K,0.89%
07/08/24,33.63,33.77,34,33.57,145.82K,-0.27%
07/05/24,33.72,33.93,34.23,33.63,309.02K,-1.58%
07/03/24,34.26,34.78,34.82,34.22,254.42K,-2.56%
07/02/24,35.16,35.1,35.6,35.02,271.83K,-1.46%
07/01/24,35.68,35.31,35.78,34.86,452.22K,3.54%
06/28/2024,34.46,33.09,34.49,33.09,861.37K,3.51%
06/27/2024,33.29,33.2,33.32,33.1,151.11K,-0.63%
06/26/2024,33.5,33.38,33.51,33.27,279.59K,1.39%
06/25/2024,33.04,33.3,33.34,32.99,274.96K,-0.36%
06/24/2024,33.16,33.37,33.55,33.15,241.80K,-0.69%
06/21/2024,33.39,33.12,33.63,33.02,479.36K,0.06%
06/20/2024,33.37,33.66,33.75,33.31,607.01K,1.40%
06/18/2024,32.91,33.4,33.5,32.87,572.32K,-1.64%
06/17/2024,33.46,33.58,33.77,33.41,586.92K,2.04%
06/14/2024,32.79,32.99,33.1,32.69,1.17M,-1.62%
06/13/2024,33.33,33.82,34.03,33.26,564.93K,-2.91%
06/12/24,34.33,34,34.36,33.53,704.68K,-1.49%
06/11/24,34.85,35.45,35.55,34.82,292.00K,-1.94%
06/10/24,35.54,35.45,35.71,35.44,276.56K,1.37%
06/07/24,35.06,34.87,35.15,34.84,1.09M,3.88%
06/06/24,33.75,34.02,34.08,33.68,293.35K,0.15%
06/05/24,33.7,33.98,34.41,33.7,590.37K,-1.52%
06/04/24,34.22,34.58,34.71,34.1,618.40K,-2.23%
06/03/24,35,35.8,35.8,34.95,978.84K,-3.02%
05/31/2024,36.09,36.21,36.33,36,1.30M,-1.50%
05/30/2024,36.64,36.82,36.96,36.6,637.54K,-1.82%
05/29/2024,37.32,37.04,37.56,37,797.21K,2.33%
05/28/2024,36.47,35.51,36.5,35.44,1.19M,3.17%
05/24/2024,35.35,35.72,35.74,35.33,189.74K,-0.70%
05/23/2024,35.6,35.06,35.81,35.06,1.13M,1.48%
05/22/2024,35.08,35.44,35.44,35.03,293.38K,-0.17%
05/21/2024,35.14,35.06,35.27,35.02,321.12K,-1.15%
05/20/2024,35.55,35.59,35.6,35.36,499.67K,0.91%
05/17/2024,35.23,35.1,35.3,34.97,464.55K,1.24%
05/16/2024,34.8,34.48,34.86,34.48,758.18K,0.40%
05/15/2024,34.66,34.88,35.07,34.58,558.47K,-2.94%
05/14/2024,35.71,35.87,36.01,35.63,412.70K,-1.11%
05/13/2024,36.11,35.87,36.11,35.86,183.58K,-0.17%
05/10/24,36.17,36.06,36.33,36.02,389.11K,0.92%
05/09/24,35.84,36.42,36.49,35.71,1.08M,-0.86%
05/08/24,36.15,36.04,36.16,35.92,770.23K,1.43%
05/07/24,35.64,35.54,35.76,35.27,537.63K,-1.36%
05/06/24,36.13,36.35,36.53,36.06,352.68K,-0.52%
05/03/24,36.32,36.24,36.83,36.15,1.15M,-1.94%
05/02/24,37.04,37.76,37.89,37.04,635.35K,-0.91%
05/01/24,37.38,37.37,37.62,36.81,943.12K,-1.42%
04/30/2024,37.92,37.78,38,37.5,514.23K,1.77%
04/29/2024,37.26,37.57,37.71,37.25,753.23K,-1.69%
04/26/2024,37.9,37.9,37.96,37.56,531.88K,-0.99%
04/25/2024,38.28,38.54,38.68,38.17,1.16M,1.27%
04/24/2024,37.8,37.54,38.07,37.53,515.16K,1.64%
04/23/2024,37.19,37.41,37.56,36.73,413.69K,0.08%
04/22/2024,37.16,37.45,37.47,37.09,508.18K,0.43%
04/19/2024,37,36.81,37.23,36.81,464.09K,-0.88%
04/18/2024,37.33,36.93,37.49,36.93,524.97K,1.08%
04/17/2024,36.93,37.19,37.6,36.81,805.75K,-1.94%
04/16/2024,37.66,37.92,38.13,37.46,899.27K,1.29%
04/15/2024,37.18,36.9,37.5,36.9,1.37M,3.22%
04/12/24,36.02,35.76,36.06,35.52,663.75K,-1.15%
04/11/24,36.44,35.92,36.7,35.92,1.05M,1.05%
04/10/24,36.06,35.3,36.22,35.27,1.47M,4.49%
04/09/24,34.51,34.81,34.85,34.47,486.35K,-1.93%
04/08/24,35.19,35.34,35.39,35.04,520.54K,0.09%
04/05/24,35.16,34.96,35.16,34.56,608.52K,2.87%
04/04/24,34.18,34.26,34.68,34.16,451.38K,-1.36%
04/03/24,34.65,35.22,35.38,34.63,539.54K,0.12%
04/02/24,34.61,34.96,35.14,34.53,1.03M,1.05%
04/01/24,34.25,33.62,34.29,33.6,1.22M,3.91%
03/28/2024,32.96,33.03,33.17,32.69,418.65K,0.00%
03/27/2024,32.96,33.36,33.47,32.96,798.94K,-1.49%
03/26/2024,33.46,33.7,33.88,33.46,336.70K,-0.74%
03/25/2024,33.71,33.55,33.86,33.55,362.38K,1.08%
03/22/2024,33.35,33.17,33.49,33.17,396.36K,-1.91%
03/21/2024,34,33.87,34.27,33.78,467.16K,-0.29%
03/20/2024,34.1,33.99,34.54,33.5,780.39K,-0.90%
03/19/2024,34.41,34.5,34.6,34.18,532.00K,-0.66%
03/18/2024,34.64,34.55,34.75,34.39,572.33K,0.90%
03/15/2024,34.33,34.33,34.49,34.21,757.98K,-0.15%
03/14/2024,34.38,33.78,34.42,33.78,788.19K,3.37%
03/13/2024,33.26,33.2,33.43,33.07,564.98K,0.85%
03/12/24,32.98,32.82,33.06,32.74,642.99K,1.79%
03/11/24,32.4,32.18,32.62,32.18,446.65K,0.15%
03/08/24,32.35,32.29,32.52,32.14,537.11K,0.34%
03/07/24,32.24,31.88,32.5,31.88,995.05K,0.25%
03/06/24,32.16,32.46,32.51,32.01,931.55K,-1.02%
03/05/24,32.49,32.66,32.81,32.32,861.70K,-2.81%
03/04/24,33.43,33.71,33.74,33.4,558.96K,0.84%
03/01/24,33.15,33.91,34.17,33.11,1.02M,-1.22%
02/29/2024,33.56,33.86,33.86,33.49,1.46M,-1.29%
02/28/2024,34,34.31,34.46,33.96,952.78K,-1.25%
02/27/2024,34.43,34.23,34.49,34.04,614.66K,1.35%
02/26/2024,33.97,33.69,34.23,33.63,531.05K,0.83%
02/23/2024,33.69,34.54,34.57,33.62,1.23M,-2.77%
02/22/2024,34.65,34.87,34.91,34.54,1.55M,-0.80%
02/21/2024,34.93,34.44,35.05,34.4,875.79K,1.36%
02/20/2024,34.46,34.52,34.54,34.18,417.85K,0.03%
02/16/2024,34.45,34.65,34.76,34.42,1.05M,1.00%
02/15/2024,34.11,33.9,34.31,33.78,1.94M,-0.76%
02/14/2024,34.37,34.8,34.81,34.21,1.23M,-1.01%
02/13/2024,34.72,34.28,34.73,34.21,1.45M,3.43%
02/12/24,33.57,33.58,33.89,33.45,644.88K,-0.15%
02/09/24,33.62,33.62,33.74,33.5,830.82K,0.42%
02/08/24,33.48,33.47,33.74,33.29,1.11M,1.67%
02/07/24,32.93,33.05,33.09,32.59,938.92K,0.52%
02/06/24,32.76,33.33,33.33,32.63,745.39K,-1.65%
02/05/24,33.31,33,33.44,32.88,1.40M,4.03%
02/02/24,32.02,31.92,32.27,31.69,1.60M,4.20%
02/01/24,30.73,31.24,31.34,30.38,2.59M,-3.43%
01/31/2024,31.82,32.17,32.31,31.72,2.37M,-2.39%
01/30/2024,32.6,32.68,33.19,32.51,1.16M,-1.51%
01/29/2024,33.1,33.42,33.63,32.91,1.19M,-2.24%
01/26/2024,33.86,33.73,34.08,33.66,676.91K,0.27%
01/25/2024,33.77,33.71,34,33.54,1.71M,-1.05%
01/24/2024,34.13,33.27,34.31,33.27,1.53M,1.25%
01/23/2024,33.71,33.71,34.06,33.67,939.03K,1.69%
01/22/2024,33.15,33.05,33.38,32.88,954.68K,-1.19%
01/19/2024,33.55,33.78,34.16,33.53,2.93M,-0.65%
01/18/2024,33.77,33.31,33.95,33.22,1.26M,2.12%
01/17/2024,33.07,33.16,33.47,32.88,1.23M,0.18%
01/16/2024,33.01,32.46,33.2,32.37,1.76M,3.77%
01/12/24,31.81,31.68,32.01,31.38,1.31M,0.06%
01/11/24,31.79,32.13,32.42,31.7,1.80M,-0.75%
01/10/24,32.03,31.52,32.07,31.47,1.29M,1.01%
01/09/24,31.71,31.76,31.76,31.41,698.44K,1.08%
01/08/24,31.37,32.02,32.09,31.26,933.33K,-1.78%
01/05/24,31.94,31.8,32.01,31.06,2.10M,1.98%
01/04/24,31.32,31.2,31.44,31.11,1.28M,3.13%
01/03/24,30.37,31.17,31.34,30.29,5.12M,-0.78%
01/02/24,30.61,30.65,30.79,30.4,1.43M,1.36%
12/29/2023,30.2,30.13,30.32,29.72,1.33M,1.55%
12/28/2023,29.74,29.51,29.87,29.26,1.66M,1.61%
12/27/2023,29.27,29.68,29.84,29.22,1.71M,-3.40%
12/26/2023,30.3,30.4,30.47,30.22,603.82K,-0.39%
12/22/2023,30.42,29.9,30.58,29.88,1.21M,0.63%
12/21/2023,30.23,29.71,30.31,29.63,2.21M,1.55%
12/20/2023,29.77,30,30.36,29.67,1.63M,-3.03%
12/19/2023,30.7,30.65,30.83,30.45,1.38M,-1.00%
12/18/2023,31.01,30.97,31.22,30.9,1.23M,1.74%
12/15/2023,30.48,30.78,30.85,30.36,2.31M,-0.36%
12/14/2023,30.59,31.52,31.65,30.59,3.78M,-4.91%
12/13/2023,32.17,33.36,33.48,32.1,3.47M,-4.79%
12/12/23,33.79,34.09,34.29,33.72,1.08M,-0.62%
12/11/23,34,34.2,34.56,33.9,1.43M,0.53%
12/08/23,33.82,33.92,34.24,33.68,1.67M,1.81%
12/07/23,33.22,33.35,33.43,32.73,4.16M,1.28%
12/06/23,32.8,33.42,33.54,32.7,3.21M,-2.87%
12/05/23,33.77,34.45,34.51,33.73,3.04M,-4.25%
12/04/23,35.27,35.31,35.62,35.08,1.82M,0.74%
12/01/23,35.01,36.22,36.38,34.85,3.65M,-3.29%
11/30/2023,36.2,35.97,36.58,35.83,2.10M,2.17%
11/29/2023,35.43,35.77,36.13,35.39,4.20M,-2.40%
11/28/2023,36.3,36.8,36.87,36.28,2.08M,-0.55%
11/27/2023,36.5,37.26,37.36,36.48,1.37M,-3.05%
11/24/2023,37.65,37.4,37.65,37.3,527.03K,2.20%
11/22/2023,36.84,36.55,37.2,36.44,2.33M,-0.57%
11/21/2023,37.05,37.03,37.57,36.83,1.44M,0.14%
11/20/2023,37,37.73,37.75,36.92,1.46M,-1.07%
11/17/2023,37.4,37.32,37.74,37.1,1.62M,-0.93%
11/16/2023,37.75,37.93,38.07,37.44,2.14M,-2.33%
11/15/2023,38.65,38.21,38.82,38.17,1.51M,2.87%
11/14/2023,37.57,37.37,38,37.26,2.18M,-4.50%
11/13/2023,39.34,39.83,40.12,39.21,1.33M,0.54%
11/10/23,39.13,38.95,39.34,38.76,2.67M,-1.24%
11/09/23,39.62,38.3,40.26,38.3,3.62M,5.04%
11/08/23,37.72,38.75,38.79,37.72,2.58M,-3.53%
11/07/23,39.1,39.57,39.57,38.69,2.40M,-3.10%
11/06/23,40.35,40.05,40.45,39.93,2.08M,2.18%
11/03/23,39.49,38.4,39.54,38.21,2.98M,-1.42%
11/02/23,40.06,40.36,40.83,39.78,2.02M,-4.30%
11/01/23,41.86,43.02,43.02,41.86,4.20M,-3.97%
10/31/2023,43.59,42.95,43.8,42.57,1.76M,0.74%
10/30/2023,43.27,43.43,44.1,42.87,2.03M,0.79%
10/27/2023,42.93,43.13,43.55,42.81,1.29M,0.85%
10/26/2023,42.57,43.77,43.96,42.45,2.12M,-2.99%
10/25/2023,43.88,43.33,44.17,43.23,2.18M,4.68%
10/24/2023,41.92,42.78,43.25,41.92,1.69M,-2.49%
10/23/2023,42.99,44.47,44.96,42.4,2.38M,-2.56%
10/20/2023,44.12,44.25,44.58,43.79,2.99M,-0.97%
10/19/2023,44.55,43.53,44.57,42.79,3.94M,3.99%
10/18/2023,42.84,42.93,43.43,42.57,2.37M,1.98%
10/17/2023,42.01,42.34,42.74,41.7,1.57M,2.34%
10/16/2023,41.05,41.1,41.39,40.95,1.29M,3.11%
10/13/2023,39.81,39.54,40.22,39.54,1.66M,-3.51%
10/12/23,41.26,39.42,41.41,39.39,3.97M,5.50%
10/11/23,39.11,39.66,39.91,39.11,2.30M,-4.02%
10/10/23,40.75,41.51,41.89,40.29,1.84M,0.05%
10/09/23,40.73,41.95,42.44,40.69,1.11M,-4.46%
10/06/23,42.63,43.17,43.31,41.75,2.89M,2.43%
10/05/23,41.62,41.36,41.79,41.28,3.73M,1.19%
10/04/23,41.13,41.64,42.05,41.1,3.86M,-2.83%
10/03/23,42.33,41.19,42.5,40.85,4.17M,4.44%
10/02/23,40.53,39.8,40.74,39.65,3.44M,3.34%
09/29/2023,39.22,38.66,39.71,38.49,2.80M,-0.03%
09/28/2023,39.23,40.14,40.66,39.21,6.29M,-0.36%
09/27/2023,39.37,38.42,39.71,38.35,3.67M,0.90%
09/26/2023,39.02,38.49,39.14,38.36,3.45M,0.80%
09/25/2023,38.71,38.25,38.74,38.04,5.72M,5.02%
09/22/2023,36.86,37.43,37.49,36.73,4.37M,-1.63%
09/21/2023,37.47,37.07,37.49,36.99,6.87M,5.13%
09/20/2023,35.64,35.44,35.65,35.23,5.02M,-1.27%
09/19/2023,36.1,35.95,36.13,35.66,2.98M,1.38%
09/18/2023,35.61,36.08,36.1,35.56,3.46M,-0.84%
09/15/2023,35.91,35.61,35.95,35.58,3.25M,1.04%
09/14/2023,35.54,35.25,35.65,35.06,5.86M,1.60%
09/13/2023,34.98,35.19,35.29,34.77,2.24M,0.03%
09/12/23,34.97,35.23,35.45,34.97,1.63M,-1.13%
09/11/23,35.37,35.38,35.46,35.14,1.69M,1.58%
09/08/23,34.82,34.83,34.98,34.44,1.28M,-0.77%
09/07/23,35.09,35.05,35.34,35.04,1.12M,-0.37%
09/06/23,35.22,34.97,35.46,34.96,1.72M,-0.51%
09/05/23,35.4,34.85,35.42,34.85,1.58M,2.85%
09/01/23,34.42,33.75,34.58,33.75,2.32M,3.21%
08/31/2023,33.35,33.39,33.51,33.1,2.51M,-0.77%
08/30/2023,33.61,33.61,33.86,33.49,1.14M,0.21%
08/29/2023,33.54,34.53,34.54,33.4,2.42M,-2.16%
08/28/2023,34.28,34,34.57,34,1.85M,-0.09%
08/25/2023,34.31,34.6,34.82,34.09,2.97M,-0.52%
08/24/2023,34.49,34.34,34.53,34.06,1.23M,1.32%
08/23/2023,34.04,34.95,35.02,34.03,1.99M,-4.94%
08/22/2023,35.81,36.21,36.39,35.75,2.30M,-1.38%
08/21/2023,36.31,36.13,36.53,36.13,3.56M,2.63%
08/18/2023,35.38,35.6,35.72,35.05,2.94M,-0.53%
08/17/2023,35.57,35.5,35.91,35.47,2.56M,0.94%
08/16/2023,35.24,34.92,35.36,34.58,3.74M,1.50%
08/15/2023,34.72,34.6,34.72,34.27,3.49M,1.34%
08/14/2023,34.26,34.23,34.48,33.72,2.77M,0.35%
08/11/23,34.14,34.14,34.22,33.76,2.09M,0.83%
08/10/23,33.86,32.95,33.93,32.75,2.83M,3.11%
08/09/23,32.84,33.03,33.08,32.77,2.75M,-0.99%
08/08/23,33.17,33.05,33.33,32.68,2.07M,-2.18%
08/07/23,33.91,33.58,33.99,33.52,1.96M,1.92%
08/04/23,33.27,34.28,34.28,33.17,2.38M,-3.43%
08/03/23,34.45,34.23,34.68,34.15,3.62M,4.71%
08/02/23,32.9,32.92,33.38,32.84,2.23M,2.08%
08/01/23,32.23,31.8,32.38,31.75,1.63M,3.47%
07/31/2023,31.15,31.45,31.45,31.01,2.53M,-0.51%
07/28/2023,31.31,31.57,31.75,31.3,1.33M,-0.95%
07/27/2023,31.61,30.81,31.86,30.66,2.56M,3.91%
07/26/2023,30.42,30.16,30.6,30.16,2.03M,-0.20%
07/25/2023,30.48,30.67,30.7,30.27,1.44M,0.40%
07/24/2023,30.36,29.99,30.38,29.88,2.22M,0.90%
07/21/2023,30.09,29.83,30.16,29.74,1.10M,-0.07%
07/20/2023,30.11,29.82,30.35,29.77,1.75M,2.52%
07/19/2023,29.37,29.9,30.09,29.36,1.63M,-2.23%
07/18/2023,30.04,30.05,30.18,29.88,2.44M,-0.83%
07/17/2023,30.29,30.37,30.55,30.23,1.32M,-0.07%
07/14/2023,30.31,30.05,30.34,29.94,1.59M,1.03%
07/13/2023,30,30.29,30.48,29.9,2.31M,-1.93%
07/12/23,30.59,31.03,31.26,30.4,4.25M,-2.27%
07/11/23,31.3,31.4,31.56,31.11,2.53M,-0.92%
07/10/23,31.59,31.79,31.81,31.39,3.70M,-0.16%
07/07/23,31.64,31.59,31.72,31.34,6.16M,1.38%
07/06/23,31.21,30.93,31.39,30.84,6.91M,2.80%
07/05/23,30.36,29.91,30.57,29.83,4.84M,1.98%
07/03/23,29.77,29.37,29.78,29.08,3.42M,1.26%
06/30/2023,29.4,29.96,30.07,29.35,5.48M,-2.29%
06/29/2023,30.09,29.9,30.28,29.79,5.77M,3.54%
06/28/2023,29.06,29.2,29.5,28.93,5.11M,-0.75%
06/27/2023,29.28,29.05,29.51,28.84,2.01M,0.41%
06/26/2023,29.16,29.03,29.28,28.93,1.91M,-0.07%
06/23/2023,29.18,28.86,29.36,28.81,2.39M,-1.82%
06/22/2023,29.72,29.46,29.8,29.23,1.95M,2.45%
06/21/2023,29.01,29.45,29.72,28.97,2.23M,-1.59%
06/20/2023,29.48,29.6,29.6,29.29,2.13M,-1.34%
06/16/2023,29.88,29.97,30.22,29.76,2.26M,0.71%
06/15/2023,29.67,29.58,29.87,29.26,3.16M,-1.62%
06/14/2023,30.16,30.45,30.53,30.03,4.32M,-1.63%
06/13/2023,30.66,30.13,30.82,30.01,2.68M,1.96%
06/12/23,30.07,30.05,30.71,30.02,1.79M,-0.33%
06/09/23,30.17,30.39,30.56,30.02,1.58M,0.17%
06/08/23,30.12,30.83,30.88,30.08,1.42M,-2.14%
06/07/23,30.78,30.06,30.88,29.92,2.31M,2.91%
06/06/23,29.91,30.23,30.52,29.9,1.29M,-1.03%
06/05/23,30.22,30.51,30.6,29.88,2.26M,0.40%
06/02/23,30.1,29.57,30.15,29.52,1.54M,2.10%
06/01/23,29.48,29.35,29.74,29.18,2.01M,-0.64%
05/31/2023,29.67,30.25,30.33,29.57,2.99M,-1.82%
05/30/2023,30.22,30.6,30.71,30.11,2.79M,-2.07%
05/26/2023,30.86,31.4,31.48,30.84,1.62M,-1.28%
05/25/2023,31.26,30.99,31.43,30.95,1.72M,0.61%
05/24/2023,31.07,30.62,31.08,30.61,1.58M,0.91%
05/23/2023,30.79,31.15,31.25,30.66,2.38M,-0.45%
05/22/2023,30.93,30.64,31,30.38,2.71M,0.75%
05/19/2023,30.7,30.59,30.82,30.28,3.41M,1.32%
05/18/2023,30.3,30.05,30.32,30.03,2.09M,1.71%
05/17/2023,29.79,29.51,29.96,29.48,1.91M,0.44%
05/16/2023,29.66,29.9,30.08,29.64,2.07M,0.78%
05/15/2023,29.43,29.33,29.47,29.29,1.39M,2.26%
05/12/23,28.78,28.41,28.82,28.3,1.49M,1.52%
05/11/23,28.35,28.26,28.57,28.11,2.51M,-2.00%
05/10/23,28.93,29.13,29.16,28.83,2.32M,-1.83%
05/09/23,29.47,29.24,29.52,29.17,1.88M,0.96%
05/08/23,29.19,29.22,29.32,29.03,1.75M,2.46%
05/05/23,28.49,28.68,28.87,28.46,1.64M,0.99%
05/04/23,28.21,28.25,28.29,27.62,3.68M,1.88%
05/03/23,27.69,27.86,28.21,27.52,3.76M,-1.18%
05/02/23,28.02,28.98,29.03,28.02,2.68M,-4.92%
05/01/23,29.47,28.33,29.63,28.26,2.35M,5.82%
04/28/2023,27.85,27.97,28.15,27.69,2.03M,-3.10%
04/27/2023,28.74,28.49,28.84,28.47,1.36M,2.10%
04/26/2023,28.15,27.64,28.24,27.46,1.79M,1.96%
04/25/2023,27.61,27.95,27.95,27.5,1.53M,-2.88%
04/24/2023,28.43,28.66,28.73,28.39,1.18M,-1.86%
04/21/2023,28.97,28.46,29.05,28.39,1.49M,1.15%
04/20/2023,28.64,28.7,28.76,28.46,1.24M,-1.55%
04/19/2023,29.09,29.17,29.46,29.04,1.64M,0.28%
04/18/2023,29.01,29.26,29.28,28.82,1.45M,-0.79%
04/17/2023,29.24,28.93,29.3,28.84,1.81M,2.35%
04/14/2023,28.57,28.29,28.71,28.28,2.44M,2.11%
04/13/2023,27.98,27.47,28.09,27.31,1.64M,1.49%
04/12/23,27.57,27.47,28.08,27.42,1.99M,0.33%
04/11/23,27.48,27.45,27.74,27.45,1.23M,-0.33%
04/10/23,27.57,27.17,27.7,27.11,1.75M,3.07%
04/06/23,26.75,26.78,26.8,26.57,1.82M,-0.37%
04/05/23,26.85,27.04,27.27,26.78,3.73M,-1.94%
04/04/23,27.38,28.11,28.12,27.06,2.44M,-1.12%
04/03/23,27.69,28.04,28.14,27.41,3.08M,-0.97%
03/31/2023,27.96,28.4,28.62,27.82,2.89M,-2.88%
03/30/2023,28.79,28.99,29.07,28.64,1.58M,-0.96%
03/29/2023,29.07,29.41,29.43,28.96,2.26M,0.52%
03/28/2023,28.92,29.05,29.19,28.83,1.86M,-0.14%
03/27/2023,28.96,28.62,28.99,28.26,1.97M,4.40%
03/24/2023,27.74,27.53,27.98,27.36,2.75M,-0.61%
03/23/2023,27.91,28.31,28.72,27.83,4.54M,0.11%
03/22/2023,27.88,28.84,28.94,27.85,6.38M,-3.83%
03/21/2023,28.99,28.89,29.2,28.73,4.18M,1.79%
03/20/2023,28.48,27.92,28.56,27.91,4.03M,1.86%
03/17/2023,27.96,28.05,28.14,27.46,7.37M,-2.82%
03/16/2023,28.77,27.64,28.89,27.29,12.39M,1.62%
03/15/2023,28.31,27.96,28.75,27.4,8.73M,-3.94%
03/14/2023,29.47,28.88,29.65,28.65,8.73M,3.51%
03/13/2023,28.47,27.22,28.92,26.73,10.31M,-0.70%
03/10/23,28.67,29.57,29.57,28.56,6.33M,-6.67%
03/09/23,30.72,31.09,31.21,30.49,2.83M,-0.58%
03/08/23,30.9,30.53,31.14,30.21,3.33M,-0.10%
03/07/23,30.93,31.1,31.45,30.56,3.96M,-1.28%
03/06/23,31.33,30.63,31.38,30.57,2.37M,1.62%
03/03/23,30.83,31.42,31.67,30.82,3.14M,-4.82%
03/02/23,32.39,32.57,32.75,32.28,3.09M,1.86%
03/01/23,31.8,31.49,32.04,31.39,2.93M,2.19%
02/28/2023,31.12,31.8,31.99,31.11,3.10M,-0.83%
02/27/2023,31.38,31.38,31.57,31.1,2.16M,-0.57%
02/24/2023,31.56,31.23,31.79,31.04,2.34M,2.67%
02/23/2023,30.74,31.19,31.23,30.55,2.36M,-1.76%
02/22/2023,31.29,31.5,31.53,31.07,3.58M,-1.91%
02/21/2023,31.9,31.48,31.95,31.41,3.27M,3.94%
02/17/2023,30.69,31.47,31.53,30.69,3.14M,-1.45%
02/16/2023,31.14,30.85,31.29,30.75,3.36M,2.91%
02/15/2023,30.26,29.97,30.57,29.75,3.87M,1.89%
02/14/2023,29.7,29.58,30.2,29.23,5.13M,0.58%
02/13/2023,29.53,29.88,29.93,29.44,3.31M,-1.67%
02/10/23,30.03,29.43,30.18,29.43,3.34M,2.35%
02/09/23,29.34,28.29,29.45,28.24,3.03M,1.84%
02/08/23,28.81,29.05,29.44,28.78,3.32M,-0.79%
02/07/23,29.04,28.89,29.09,28.43,3.40M,1.68%
02/06/23,28.56,28.68,28.71,28.38,2.81M,1.53%
02/03/23,28.13,28.1,28.48,27.95,3.79M,2.89%
02/02/23,27.34,27,27.45,26.81,4.12M,-0.18%
02/01/23,27.39,27.69,28.3,27.18,4.87M,-2.21%
01/31/2023,28.01,28.14,28.74,27.98,3.02M,-1.62%
01/30/2023,28.47,28.41,28.56,28.05,2.01M,0.81%
01/27/2023,28.24,28.54,28.6,28.15,2.20M,0.39%
01/26/2023,28.13,28.05,28.38,27.77,2.17M,1.01%
01/25/2023,27.85,27.91,28.29,27.63,2.67M,-0.54%
01/24/2023,28,28.6,28.98,27.87,2.47M,-2.78%
01/23/2023,28.8,28.86,28.93,28.53,2.26M,1.05%
01/20/2023,28.5,28.11,28.56,27.99,3.37M,3.30%
01/19/2023,27.59,27.53,27.88,27.41,2.68M,1.21%
01/18/2023,27.26,27.31,28.02,27.16,5.91M,-4.69%
01/17/2023,28.6,28.81,28.85,28.3,3.24M,1.27%
01/13/2023,28.24,28.08,28.43,27.72,2.77M,1.80%
01/12/23,27.74,28.77,29.44,27.7,6.47M,-3.75%
01/11/23,28.82,29.2,29.38,28.81,2.80M,-3.13%
01/10/23,29.75,29.5,30.03,29.34,2.70M,3.16%
01/09/23,28.84,29.58,29.65,28.73,3.53M,-1.06%
01/06/23,29.15,30.56,30.6,29.06,5.77M,-3.54%
01/05/23,30.22,31.02,31.1,30.21,2.34M,-0.85%
01/04/23,30.48,30.24,30.86,30.1,4.05M,-2.78%
01/03/23,31.35,30.81,31.73,30.76,3.60M,-3.54%
12/30/2022,32.5,32.3,32.64,31.91,4.49M,2.20%
12/29/2022,31.8,32.29,32.35,31.58,2.27M,-2.15%
12/28/2022,32.5,31.81,32.61,31.71,3.11M,1.25%
12/27/2022,32.1,31.88,32.15,31.52,2.46M,4.05%
12/23/2022,30.85,30.6,30.92,30.47,2.71M,3.07%
12/22/2022,29.93,29.96,30.14,29.73,2.20M,-0.60%
12/21/2022,30.11,29.72,30.49,29.66,2.96M,-0.26%
12/20/2022,30.19,30.22,30.38,29.98,3.09M,3.67%
12/19/2022,29.12,28.89,29.34,28.89,3.35M,3.23%
12/16/2022,28.21,28.48,28.65,27.87,2.75M,2.14%
12/15/2022,27.62,27.59,27.69,27.21,3.10M,-0.61%
12/14/2022,27.79,28.07,28.5,27.74,6.66M,-0.93%
12/13/2022,28.05,27.29,28.17,27.29,5.47M,-1.79%
12/12/22,28.56,27.93,28.81,27.81,3.83M,-0.52%
12/09/22,28.71,27.94,28.75,27.83,4.49M,5.09%
12/08/22,27.32,27.53,27.67,27.19,4.45M,0.40%
12/07/22,27.21,27.72,27.83,27.07,5.86M,-4.39%
12/06/22,28.46,28.7,28.9,28.24,2.70M,-2.47%
12/05/22,29.18,29.11,29.59,29.01,4.31M,2.49%
12/02/22,28.47,29.44,29.8,28.46,5.48M,-2.47%
12/01/22,29.19,30.68,30.76,29.14,5.72M,-6.32%
11/30/2022,31.16,31.78,31.94,31.11,4.61M,-1.20%
11/29/2022,31.54,31.48,31.62,31,2.61M,2.24%
11/28/2022,30.85,30.53,31.15,30.48,1.76M,-0.48%
11/25/2022,31,31.16,31.29,30.98,1.08M,0.45%
11/23/2022,30.86,31.46,31.51,30.81,4.52M,-3.23%
11/22/2022,31.89,32.4,32.48,31.76,2.44M,-2.51%
11/21/2022,32.71,32.38,32.94,32.27,2.09M,-0.97%
11/18/2022,33.03,32.43,33.11,32.24,2.50M,1.35%
11/17/2022,32.59,32.63,32.94,32.43,3.04M,2.04%
11/16/2022,31.94,32.86,33.02,31.94,5.81M,-4.31%
11/15/2022,33.38,34.03,34.16,33.34,4.44M,-3.27%
11/14/2022,34.51,34.23,34.83,34.23,2.54M,0.82%
11/11/22,34.23,34.4,34.57,34.03,2.72M,0.35%
11/10/22,34.11,35.17,35.31,33.97,8.03M,-7.49%
11/09/22,36.87,37.41,37.53,36.5,3.94M,-0.57%
11/08/22,37.08,37.41,37.45,36.49,4.41M,-2.03%
11/07/22,37.85,36.65,37.87,36.61,4.31M,2.13%
11/04/22,37.06,36.44,37.09,36.04,5.60M,3.29%
11/03/22,35.88,36.36,36.41,35.49,4.66M,1.30%
11/02/22,35.42,35.03,35.76,34.55,8.04M,0.62%
11/01/22,35.2,34.7,35.61,34.7,4.87M,-2.17%
10/31/2022,35.98,35.73,36.64,35.49,5.64M,1.75%
10/28/2022,35.36,35.31,35.63,34.78,4.12M,1.41%
10/27/2022,34.87,35.25,35.8,34.55,6.88M,-2.13%
10/26/2022,35.63,36.13,36.14,35.41,6.22M,-2.89%
10/25/2022,36.69,37.01,37.19,36.54,6.99M,-5.71%
10/24/2022,38.91,38.53,39.32,37.99,7.38M,1.70%
10/21/2022,38.26,38.37,38.79,37.68,12.04M,3.71%
10/20/2022,36.89,36.09,37,35.84,5.82M,3.42%
10/19/2022,35.67,35.21,35.8,35.04,5.32M,3.69%
10/18/2022,34.4,34.64,35.42,34.32,4.69M,-0.61%
10/17/2022,34.61,33.71,34.67,33.46,4.49M,1.23%
10/14/2022,34.19,33.1,34.41,33.1,4.72M,1.67%
10/13/2022,33.63,34.27,34.34,33.01,8.54M,1.88%
10/12/22,33.01,33.73,33.8,32.9,3.81M,-1.02%
10/11/22,33.35,33.45,33.92,32.7,3.91M,-0.74%
10/10/22,33.6,32.97,33.97,32.94,4.38M,3.07%
10/07/22,32.6,32.72,32.94,32.2,5.17M,2.03%
10/06/22,31.95,31.55,32.24,31.41,5.65M,1.01%
10/05/22,31.63,31.5,32.18,31.44,6.41M,2.13%
10/04/22,30.97,30.6,31.13,30.33,5.86M,0.52%
10/03/22,30.81,30.77,31.25,30.3,7.22M,-3.14%
09/30/2022,31.81,30.74,31.96,30.4,7.46M,2.45%
09/29/2022,31.05,31.51,31.62,30.77,6.13M,1.21%
09/28/2022,30.68,31.48,31.87,30.61,10.65M,-6.61%
09/27/2022,32.85,31.82,32.92,31.68,8.12M,5.22%
09/26/2022,31.22,30.35,31.5,30.25,6.52M,3.82%
09/23/2022,30.07,30.27,30.74,29.68,6.14M,-0.79%
09/22/2022,30.31,30.05,30.61,29.96,5.51M,5.10%
09/21/2022,28.84,29.57,29.99,28.83,5.70M,-3.32%
09/20/2022,29.83,30.05,30.27,29.49,3.15M,2.09%
09/19/2022,29.22,29.42,29.49,28.96,3.14M,-0.44%
09/16/2022,29.35,29.31,29.51,28.84,3.39M,1.63%
09/15/2022,28.88,28.94,29.07,28.76,3.20M,0.28%
09/14/2022,28.8,29.14,29.3,28.73,2.80M,-0.66%
09/13/2022,28.99,29.61,29.77,28.97,4.44M,-0.55%
09/12/22,29.15,28.43,29.41,28.37,4.26M,1.78%
09/09/22,28.64,28.63,29.01,28.4,3.23M,-0.49%
09/08/22,28.78,28.36,28.78,28.02,4.27M,2.09%
09/07/22,28.19,28.69,28.71,28.04,4.20M,-3.29%
09/06/22,29.15,28.4,29.15,28.39,7.32M,5.12%
09/02/22,27.73,27.95,28.1,27.54,4.98M,-1.03%
09/01/22,28.02,27.87,28.36,27.72,6.29M,3.82%
08/31/2022,26.99,26.74,27.16,26.35,4.75M,1.93%
08/30/2022,26.48,26.69,26.89,26.27,3.82M,-0.71%
08/29/2022,26.67,26.56,26.91,26.5,2.92M,1.79%
08/26/2022,26.2,26.82,26.97,26.05,5.68M,-1.61%
08/25/2022,26.63,27.34,27.49,26.47,3.05M,-2.74%
08/24/2022,27.38,27.21,27.54,27.06,3.62M,1.56%
08/23/2022,26.96,26.9,27.1,26.28,4.00M,1.01%
08/22/2022,26.69,26.56,26.91,26.52,3.87M,0.87%
08/19/2022,26.46,26.36,26.61,26.34,4.67M,3.12%
08/18/2022,25.66,25.64,25.77,25.32,3.50M,-0.19%
08/17/2022,25.71,25.56,25.89,25.56,4.16M,2.10%
08/16/2022,25.18,25.49,25.93,25.16,2.86M,-0.83%
08/15/2022,25.39,25,25.4,24.82,2.60M,0.20%
08/12/22,25.34,25.53,25.84,25.34,3.81M,-2.01%
08/11/22,25.86,24.81,25.98,24.73,5.74M,4.65%
08/10/22,24.71,24.44,24.85,23.97,6.36M,1.31%
08/09/22,24.39,24.44,24.55,24.2,2.74M,0.79%
08/08/22,24.2,24.5,24.53,24.12,3.09M,-3.16%
08/05/22,24.99,24.78,25.22,24.74,6.25M,4.74%
08/04/22,23.86,24,24.15,23.75,5.49M,0.25%
08/03/22,23.8,24.74,25.09,23.79,6.87M,-3.17%
08/02/22,24.58,23.54,24.68,23.34,8.06M,4.24%
08/01/22,23.58,24.35,24.4,23.56,8.54M,-4.73%
07/29/2022,24.75,24.77,24.81,23.97,6.15M,0.49%
07/28/2022,24.63,24.47,24.82,24.1,6.82M,-1.52%
07/27/2022,25.01,24.51,25.07,24.33,8.01M,1.09%
07/26/2022,24.74,24.16,24.79,24.01,3.68M,-0.32%
07/25/2022,24.82,25.05,25.16,24.72,4.15M,2.14%
07/22/2022,24.3,24.45,24.56,24.01,6.69M,-3.46%
07/21/2022,25.17,25.82,25.89,25.1,5.16M,-3.34%
07/20/2022,26.04,25.67,26.33,25.63,5.28M,-0.72%
07/19/2022,26.23,25.9,26.51,25.83,6.01M,1.16%
07/18/2022,25.93,25.78,26.24,25.75,3.91M,1.97%
07/15/2022,25.43,25.55,25.64,25.09,5.15M,-0.97%
07/14/2022,25.68,25.83,26.13,25.4,6.06M,1.58%
07/13/2022,25.28,26.45,26.6,25.18,9.18M,-2.39%
07/12/22,25.9,25.65,25.92,25.32,3.82M,-1.03%
07/11/22,26.17,26.47,26.5,25.98,3.56M,-3.29%
07/08/22,27.06,26.62,27.28,26.62,4.17M,2.19%
07/07/22,26.48,25.89,26.59,25.86,5.67M,1.77%
07/06/22,26.02,24.88,26.03,24.84,7.89M,3.42%
07/05/22,25.16,25.08,25.43,24.74,6.89M,-1.99%
07/01/22,25.67,25.53,25.87,24.79,7.08M,-1.84%
06/30/2022,26.15,26.15,26.2,25.71,5.81M,-1.80%
06/29/2022,26.63,27.34,27.42,26.59,4.32M,-2.99%
06/28/2022,27.45,27.86,28.05,27.43,4.55M,-0.76%
06/27/2022,27.66,27.87,27.91,27.4,4.64M,1.62%
06/24/2022,27.22,26.8,27.24,26.48,7.93M,2.79%
06/23/2022,26.48,26.6,26.81,26,7.17M,-1.71%
06/22/2022,26.94,27.16,27.34,26.88,6.39M,-5.31%
06/21/2022,28.45,28.5,28.64,28.07,5.85M,3.42%
06/17/2022,27.51,27.57,28.1,27.18,10.31M,-0.79%
06/16/2022,27.73,29.4,29.56,27.72,8.67M,-1.42%
06/15/2022,28.13,28.57,29.12,28.1,12.05M,-3.73%
06/14/2022,29.22,28.36,29.36,28.12,9.35M,2.67%
06/13/2022,28.46,27.94,29,27.86,9.52M,6.04%
06/10/22,26.84,26.59,27.23,26.47,9.90M,1.17%
06/09/22,26.53,26.81,26.89,26.42,4.17M,-0.60%
06/08/22,26.69,26.45,26.69,26.23,4.58M,1.64%
06/07/22,26.26,26.44,26.48,25.95,4.41M,-2.01%
06/06/22,26.8,26.25,26.84,26.1,5.65M,3.68%
06/03/22,25.85,26.32,26.36,25.85,5.64M,0.31%
06/02/22,25.77,25.61,26.11,25.57,4.78M,-0.04%
06/01/22,25.78,25.44,26,25.28,6.98M,0.51%
05/31/2022,25.65,25.41,25.98,25.41,7.89M,3.80%
05/27/2022,24.71,24.55,24.82,24.42,3.89M,-0.36%
05/26/2022,24.8,24.7,25.2,24.67,9.06M,0.81%
05/25/2022,24.6,24.43,24.89,24.43,3.84M,-0.53%
05/24/2022,24.73,25.19,25.2,24.45,7.85M,-4.04%
05/23/2022,25.77,25.29,25.78,25.08,5.66M,3.37%
05/20/2022,24.93,25.57,25.6,24.76,11.70M,-2.50%
05/19/2022,25.57,24.88,25.7,24.87,7.50M,-0.35%
05/18/2022,25.66,26.68,26.73,25.64,5.92M,-4.15%
05/17/2022,26.77,26.66,26.82,26.38,8.69M,2.33%
05/16/2022,26.16,26.02,26.16,25.68,3.95M,0.23%
05/13/2022,26.1,25.7,26.13,25.62,5.07M,2.96%
05/12/22,25.35,25.21,25.42,24.89,7.45M,0.24%
05/11/22,25.29,26.69,26.85,25.29,8.44M,-3.58%
05/10/22,26.23,26.14,26.38,25.68,9.30M,-2.05%
05/09/22,26.78,27.62,27.73,26.74,7.25M,-1.58%
05/06/22,27.21,27.03,27.38,26.61,9.64M,2.99%
05/05/22,26.42,26.01,27.01,25.99,14.19M,5.43%
05/04/22,25.06,25.35,25.61,24.92,12.74M,-1.14%
05/03/22,25.35,24.93,25.38,24.77,6.70M,-1.25%
05/02/22,25.67,25.41,25.78,25.25,7.72M,3.34%
04/29/2022,24.84,24.89,24.98,24.22,12.02M,2.52%
04/28/2022,24.23,24.45,24.62,24.19,5.09M,-0.12%
04/27/2022,24.26,23.75,24.3,23.71,5.51M,2.49%
04/26/2022,23.67,23.67,23.93,23.43,4.89M,-1.99%
04/25/2022,24.15,24.08,24.19,23.75,5.44M,-1.99%
04/22/2022,24.64,24.64,24.72,24.07,5.19M,1.19%
04/21/2022,24.35,24.27,24.97,24.27,8.45M,1.50%
04/20/2022,23.99,24.58,24.73,23.85,8.90M,-3.92%
04/19/2022,24.97,25.03,25.25,24.81,6.89M,1.42%
04/18/2022,24.62,24.34,24.81,24.25,6.15M,0.90%
04/14/2022,24.4,23.58,24.47,23.58,9.41M,4.10%
04/13/2022,23.44,23.5,23.57,23.04,7.74M,-0.42%
04/12/22,23.54,23.12,23.68,23.1,11.23M,0.21%
04/11/22,23.49,23.22,23.7,23.11,11.96M,2.98%
04/08/22,22.81,22.63,23.07,22.52,9.85M,2.33%
04/07/22,22.29,22.39,22.65,22.21,12.35M,1.60%
04/06/22,21.94,22.28,22.29,21.65,13.71M,1.67%
04/05/22,21.58,20.91,21.65,20.88,11.02M,4.35%
04/04/22,20.68,20.5,20.91,20.5,5.24M,1.27%
04/01/22,20.42,21.08,21.21,20.22,6.91M,-0.29%
03/31/2022,20.48,20.55,20.66,20.35,6.67M,-0.78%
03/30/2022,20.64,21.17,21.2,20.56,6.33M,-1.43%
03/29/2022,20.94,21,21.26,20.69,8.06M,-1.51%
03/28/2022,21.26,21.42,21.52,21.02,6.34M,-1.80%
03/25/2022,21.65,21.36,21.97,21.36,9.20M,2.61%
03/24/2022,21.1,21.33,21.35,20.85,6.40M,1.78%
03/23/2022,20.73,21.46,21.63,20.71,7.89M,-4.43%
03/22/2022,21.69,21.6,21.8,21.48,8.83M,2.41%
03/21/2022,21.18,20.87,21.33,20.76,7.13M,4.59%
03/18/2022,20.25,20.48,20.48,20.2,8.06M,-2.32%
03/17/2022,20.73,20.39,20.94,20.24,9.51M,1.67%
03/16/2022,20.39,20.74,21.2,20.32,10.92M,-2.02%
03/15/2022,20.81,20.42,20.91,20.3,6.76M,0.48%
03/14/2022,20.71,20.46,20.75,20.41,5.82M,4.54%
03/11/22,19.81,19.97,20.02,19.65,5.46M,-0.60%
03/10/22,19.93,19.83,20.15,19.75,11.41M,2.78%
03/09/22,19.39,19.23,19.47,19.14,7.59M,1.89%
03/08/22,19.03,19.07,19.16,18.9,9.27M,2.26%
03/07/22,18.61,18.66,18.76,18.26,12.87M,1.25%
03/04/22,18.38,18.35,18.64,18.22,6.76M,-3.47%
03/03/22,19.04,19.15,19.28,18.81,8.59M,-2.11%
03/02/22,19.45,18.58,19.46,18.43,11.28M,6.93%
03/01/22,18.19,18.46,18.54,17.91,18.62M,-2.20%
02/28/2022,18.6,19.04,19.08,18.57,10.65M,-4.52%
02/25/2022,19.48,19.5,19.68,19.36,6.22M,-0.15%
02/24/2022,19.51,18.82,19.66,18.82,14.30M,-0.15%
02/23/2022,19.54,19.25,19.56,19.21,8.22M,2.73%
02/22/2022,19.02,19.25,19.33,18.99,8.11M,-0.42%
02/18/2022,19.1,19.31,19.42,19.08,12.52M,-2.15%
02/17/2022,19.52,19.6,19.78,19.31,10.96M,-1.56%
02/16/2022,19.83,19.79,20.2,19.74,11.83M,-1.10%
02/15/2022,20.05,19.86,20.07,19.82,10.03M,2.30%
02/14/2022,19.6,19.42,19.77,19.28,13.64M,2.56%
02/11/22,19.11,19.53,19.98,19.07,21.93M,-3.04%
02/10/22,19.71,19.33,19.83,19.29,16.24M,3.09%
02/09/22,19.12,19.03,19.19,18.86,8.12M,-0.42%
02/08/22,19.2,19.17,19.29,19.08,7.43M,1.37%
02/07/22,18.94,18.97,19.09,18.89,4.88M,-0.05%
02/04/22,18.95,18.73,19.04,18.68,12.86M,2.93%
02/03/22,18.41,18.58,18.66,18.33,7.31M,1.54%
02/02/22,18.13,18.21,18.21,17.8,5.83M,-0.71%
02/01/22,18.26,18.13,18.44,18.11,6.37M,0.61%
01/31/2022,18.15,18.22,18.26,18.02,10.08M,1.00%
01/28/2022,17.97,18.23,18.3,17.89,8.58M,-0.11%
01/27/2022,17.99,18.16,18.18,17.91,11.85M,-3.54%
01/26/2022,18.65,18.21,18.66,18.14,13.68M,2.30%
01/25/2022,18.23,17.99,18.33,17.84,11.95M,0.44%
01/24/2022,18.15,17.7,18.18,17.68,8.60M,1.62%
01/21/2022,17.86,17.93,18.12,17.75,10.78M,-2.46%
01/20/2022,18.31,18.44,18.54,18.3,6.75M,-1.19%
01/19/2022,18.53,18.7,18.75,18.38,8.92M,-1.44%
01/18/2022,18.8,18.6,18.83,18.49,9.43M,2.90%
01/14/2022,18.27,17.97,18.36,17.96,8.79M,2.93%
01/13/2022,17.75,17.97,18.07,17.72,7.20M,-1.72%
01/12/22,18.06,17.84,18.08,17.82,7.50M,0.73%
01/11/22,17.93,18.11,18.16,17.92,8.12M,-1.43%
01/10/22,18.19,18.44,18.51,18.13,7.45M,-0.33%
01/07/22,18.25,18.06,18.45,18.03,8.96M,1.22%
01/06/22,18.03,18.21,18.28,17.99,10.67M,-0.39%
01/05/22,18.1,17.8,18.17,17.8,9.80M,1.06%
01/04/22,17.91,17.94,18.16,17.82,11.90M,0.84%
01/03/22,17.76,17.25,17.78,17.17,8.65M,5.15%
12/31/2021,16.89,16.96,17.06,16.69,8.67M,-0.41%
12/30/2021,16.96,17.12,17.3,16.93,11.96M,-1.51%
12/29/2021,17.22,17.17,17.31,17.1,7.08M,2.07%
12/28/2021,16.87,16.58,16.94,16.54,4.80M,0.72%
12/27/2021,16.75,16.85,16.87,16.72,2.98M,-0.48%
12/23/2021,16.83,16.59,16.94,16.59,3.63M,1.69%
12/22/2021,16.55,16.58,16.73,16.54,3.80M,-0.96%
12/21/2021,16.71,16.9,17.04,16.68,5.68M,0.91%
12/20/2021,16.56,16.34,16.59,16.29,5.13M,1.28%
12/17/2021,16.35,16.42,16.48,16.3,6.06M,-2.15%
12/16/2021,16.71,16.78,16.8,16.55,6.45M,0.00%
12/15/2021,16.71,16.64,16.75,16.4,7.86M,1.83%
12/14/2021,16.41,16.49,16.71,16.36,6.34M,0.37%
12/13/2021,16.35,16.49,16.5,16.27,4.92M,-2.74%
12/10/21,16.81,16.6,16.84,16.51,5.84M,0.42%
12/09/21,16.74,16.71,16.91,16.6,8.35M,-1.01%
12/08/21,16.91,16.5,16.92,16.49,7.13M,3.17%
12/07/21,16.39,16.24,16.41,16.05,8.53M,1.61%
12/06/21,16.13,15.74,16.18,15.68,8.28M,2.74%
12/03/21,15.7,16.25,16.33,15.53,12.07M,-2.36%
12/02/21,16.08,15.99,16.28,15.98,8.37M,-0.31%
12/01/21,16.13,16.51,16.65,16.11,8.08M,-1.04%
11/30/2021,16.3,16.47,16.6,16.22,19.72M,-3.26%
11/29/2021,16.85,17.05,17.08,16.76,5.62M,1.57%
11/26/2021,16.59,16.96,17,16.55,8.62M,-4.93%
11/24/2021,17.45,17.9,17.94,17.44,6.10M,-3.06%
11/23/2021,18,17.66,18.01,17.63,5.87M,2.80%
11/22/2021,17.51,17.33,17.62,17.28,5.17M,2.34%
11/19/2021,17.11,17.28,17.29,17.05,5.83M,-2.12%
11/18/2021,17.48,17.66,17.68,17.46,3.59M,-0.68%
11/17/2021,17.6,18.02,18.06,17.6,8.86M,-1.62%
11/16/2021,17.89,17.76,17.95,17.59,6.18M,0.45%
11/15/2021,17.81,17.46,17.87,17.46,7.15M,2.42%
11/12/21,17.39,17.21,17.51,17.1,6.00M,1.05%
11/11/21,17.21,17.13,17.24,17.07,2.25M,0.29%
11/10/21,17.16,16.59,17.45,16.58,15.79M,3.62%
11/09/21,16.56,16.6,16.64,16.39,8.56M,-2.47%
11/08/21,16.98,17.02,17.12,16.96,3.58M,0.12%
11/05/21,16.96,17.15,17.23,16.88,7.25M,-2.97%
11/04/21,17.48,17.76,17.76,17.4,4.52M,-1.96%
11/03/21,17.83,17.3,17.84,17.29,7.53M,1.89%
11/02/21,17.5,17.61,17.61,17.36,2.87M,-0.74%
11/01/21,17.63,17.8,17.81,17.56,4.81M,1.50%
10/29/2021,17.37,17.69,17.72,17.3,11.29M,-0.69%
10/28/2021,17.49,17.35,17.58,17.24,8.10M,0.69%
10/27/2021,17.37,17.7,17.81,17.27,14.19M,-3.61%
10/26/2021,18.02,18.16,18.35,18.02,4.43M,-1.64%
10/25/2021,18.32,18.38,18.38,18.24,3.94M,0.33%
10/22/2021,18.26,18.46,18.51,18.2,6.90M,-2.20%
10/21/2021,18.67,18.58,18.77,18.54,5.67M,0.21%
10/20/2021,18.63,18.52,18.7,18.42,4.92M,1.42%
10/19/2021,18.37,18.17,18.4,18.15,4.36M,2.57%
10/18/2021,17.91,18.09,18.2,17.84,3.82M,-0.89%
10/15/2021,18.07,18.07,18.21,18.05,5.25M,1.12%
10/14/2021,17.87,17.99,18.09,17.85,4.01M,-0.83%
10/13/2021,18.02,18.2,18.2,17.95,7.10M,-1.91%
10/12/21,18.37,18.71,18.74,18.34,5.37M,-3.32%
10/11/21,19,18.99,19.02,18.91,2.27M,0.58%
10/08/21,18.89,18.79,19,18.79,8.84M,1.34%
10/07/21,18.64,18.57,18.72,18.54,5.24M,1.97%
10/06/21,18.28,18.31,18.36,18.18,4.13M,-1.03%
10/05/21,18.47,18.23,18.5,18.19,6.00M,1.88%
10/04/21,18.13,18.21,18.34,18,6.24M,0.44%
10/01/21,18.05,18.18,18.32,18.02,6.95M,-1.63%
09/30/2021,18.35,18.4,18.52,18.3,4.49M,0.22%
09/29/2021,18.31,18.23,18.5,18.07,8.03M,-0.44%
09/28/2021,18.39,18.34,18.51,18.17,11.47M,3.08%
09/27/2021,17.84,17.94,17.97,17.74,5.59M,0.73%
09/24/2021,17.71,17.5,17.76,17.5,5.41M,1.90%
09/23/2021,17.38,16.93,17.38,16.93,6.47M,4.32%
09/22/2021,16.66,16.85,16.93,16.64,5.34M,-1.01%
09/21/2021,16.83,16.88,16.99,16.82,2.55M,0.18%
09/20/2021,16.8,16.91,16.98,16.73,6.24M,-2.44%
09/17/2021,17.22,17.22,17.34,17.2,6.88M,0.94%
09/16/2021,17.06,17.14,17.16,16.95,4.52M,0.83%
09/15/2021,16.92,16.78,17.06,16.77,3.53M,0.65%
09/14/2021,16.81,17.12,17.15,16.69,11.48M,-2.27%
09/13/2021,17.2,17.28,17.3,17.18,3.17M,-1.21%
09/10/21,17.41,17.32,17.49,17.26,4.04M,1.69%
09/09/21,17.12,17.49,17.57,17.1,5.64M,-2.51%
09/08/21,17.56,17.63,17.68,17.5,4.50M,-1.24%
09/07/21,17.78,17.73,17.85,17.66,4.20M,1.66%
09/03/21,17.49,17.48,17.56,17.43,2.58M,1.63%
09/02/21,17.21,17.26,17.37,17.2,1.67M,-0.81%
09/01/21,17.35,17.25,17.43,17.23,2.92M,-0.06%
08/31/2021,17.36,17.21,17.47,17.12,4.37M,1.05%
08/30/2021,17.18,17.37,17.38,17.16,3.89M,-0.46%
08/27/2021,17.26,17.47,17.53,17.25,5.95M,-1.32%
08/26/2021,17.49,17.61,17.73,17.49,4.72M,-0.57%
08/25/2021,17.59,17.33,17.71,17.3,5.08M,1.68%
08/24/2021,17.3,17.21,17.31,17.14,2.97M,1.41%
08/23/2021,17.06,17.12,17.16,17.04,3.36M,0.24%
08/20/2021,17.02,17.01,17.13,16.97,3.34M,-0.23%
08/19/2021,17.06,17.09,17.19,17.04,4.90M,-1.33%
08/18/2021,17.29,17.45,17.51,17.28,3.23M,-0.75%
08/17/2021,17.42,17.43,17.46,17.27,5.85M,0.00%
08/16/2021,17.42,17.35,17.44,17.16,4.82M,-0.51%
08/13/2021,17.51,17.93,17.93,17.5,5.92M,-2.99%
08/12/21,18.05,18.12,18.27,18.02,3.39M,0.28%
08/11/21,18,18.02,18.18,17.83,7.90M,0.00%
08/10/21,18,17.76,18,17.75,3.55M,0.90%
08/09/21,17.84,17.71,17.84,17.52,4.76M,0.73%
08/08/21,17.71,17.71,17.71,17.71,,0.00%
08/07/21,17.71,17.71,17.71,17.71,,0.00%
08/06/21,17.71,17.58,17.73,17.49,6.69M,3.27%
08/05/21,17.15,17.02,17.19,16.99,2.77M,1.12%
08/04/21,16.96,16.87,17.26,16.79,4.38M,-0.53%
08/03/21,17.05,17.05,17.12,16.92,3.58M,-0.12%
08/02/21,17.07,17.33,17.39,16.94,3.76M,-1.67%
07/30/2021,17.36,17.46,17.47,17.32,2.38M,-1.08%
07/29/2021,17.55,17.54,17.59,17.44,1.99M,1.21%
07/28/2021,17.34,17.57,17.65,17.34,2.61M,0.06%
07/27/2021,17.33,17.4,17.48,17.32,2.88M,-2.20%
07/26/2021,17.72,17.48,17.75,17.48,1.49M,0.68%
07/23/2021,17.6,17.76,17.76,17.57,2.64M,1.15%
07/22/2021,17.4,17.72,17.72,17.31,3.88M,-1.81%
07/21/2021,17.72,17.7,17.91,17.62,6.05M,2.43%
07/20/2021,17.3,16.73,17.34,16.68,7.07M,1.88%
07/19/2021,16.98,17.09,17.16,16.84,8.03M,-4.39%
07/16/2021,17.76,17.95,17.95,17.71,3.53M,0.40%
07/15/2021,17.69,17.79,18.03,17.64,4.75M,-2.16%
07/14/2021,18.08,18.29,18.33,18.06,3.86M,-2.27%
07/13/2021,18.5,18.1,18.64,17.95,6.78M,1.54%
07/12/21,18.22,18.05,18.27,18.01,2.66M,0.22%
07/09/21,18.18,18.11,18.19,18.09,4.07M,2.71%
07/08/21,17.7,17.63,17.79,17.5,8.16M,-0.90%
07/07/21,17.86,17.93,18.02,17.7,7.41M,-1.65%
07/06/21,18.16,18.59,18.59,18.1,4.42M,-2.31%
07/05/21,18.59,18.59,18.59,18.59,,0.00%
07/04/21,18.59,18.59,18.59,18.59,,0.00%
07/03/21,18.59,18.59,18.59,18.59,,0.00%
07/02/21,18.59,18.78,18.83,18.58,2.69M,-1.17%
07/01/21,18.81,18.86,18.96,18.77,2.81M,-0.11%
06/30/2021,18.83,18.84,18.88,18.66,6.10M,-0.95%
06/29/2021,19.01,19.16,19.17,19,2.10M,-0.37%
06/28/2021,19.08,19.27,19.27,18.98,2.17M,-1.90%
06/25/2021,19.45,19.1,19.64,19.1,5.68M,1.83%
06/24/2021,19.1,19.09,19.11,18.98,2.18M,-0.26%
06/23/2021,19.15,19.18,19.27,19.07,2.81M,0.63%
06/22/2021,19.03,19.42,19.43,19.03,3.59M,-0.42%
06/21/2021,19.11,18.86,19.2,18.82,6.88M,3.19%
06/20/2021,18.52,18.52,18.52,18.52,,0.00%
06/19/2021,18.52,18.52,18.52,18.52,,0.00%
06/18/2021,18.52,18.87,18.93,18.43,6.35M,-3.74%
06/17/2021,19.24,19.57,19.62,18.72,8.46M,-2.93%
06/16/2021,19.82,19.68,20.01,19.62,5.28M,0.20%
06/15/2021,19.78,19.88,19.94,19.78,2.56M,0.25%
06/14/2021,19.73,19.51,19.8,19.5,2.59M,1.49%
06/11/21,19.44,19.46,19.58,19.43,2.72M,0.31%
06/10/21,19.38,19.88,19.92,19.37,7.80M,-1.32%
06/09/21,19.64,19.62,19.76,19.5,6.86M,-1.85%
06/08/21,20.01,19.94,20.05,19.9,4.43M,-1.23%
06/07/21,20.26,20.25,20.31,20.21,2.26M,0.50%
06/04/21,20.16,20.55,20.55,20.16,4.34M,-2.56%
06/03/21,20.69,20.57,20.75,20.57,2.19M,0.58%
06/02/21,20.57,20.56,20.61,20.47,2.11M,0.15%
06/01/21,20.54,20.71,20.85,20.53,3.15M,-0.53%
05/28/2021,20.65,20.62,20.66,20.4,3.06M,0.34%
05/27/2021,20.58,20.63,20.78,20.58,4.99M,0.73%
05/26/2021,20.43,20.3,20.52,20.22,3.47M,0.54%
05/25/2021,20.32,20.6,20.6,20.32,3.76M,-1.98%
05/24/2021,20.73,20.79,20.82,20.6,4.02M,-0.72%
05/21/2021,20.88,20.9,21.07,20.87,2.46M,-0.67%
05/20/2021,21.02,21.16,21.18,20.93,3.59M,-1.55%
05/19/2021,21.35,21.24,21.52,20.99,6.12M,0.47%
05/18/2021,21.25,21.29,21.39,21.21,4.57M,0.38%
05/17/2021,21.17,21.16,21.23,21.04,3.18M,0.52%
05/14/2021,21.06,21.23,21.32,21.05,4.07M,-1.86%
05/13/2021,21.46,21.43,21.52,21.29,4.26M,-0.42%
05/12/21,21.55,21.2,21.61,21.16,6.76M,2.23%
05/11/21,21.08,21.04,21.18,20.95,4.23M,1.10%
05/10/21,20.85,20.53,20.89,20.43,3.80M,2.06%
05/07/21,20.43,20.18,20.52,20.04,5.19M,0.84%
05/06/21,20.26,20.46,20.46,20.16,2.79M,-0.25%
05/05/21,20.31,20.53,20.55,20.27,2.67M,-0.44%
05/04/21,20.4,20.38,20.47,20.18,4.71M,-1.31%
05/03/21,20.67,20.63,20.73,20.33,4.91M,0.00%
04/30/2021,20.67,20.75,20.89,20.66,2.94M,-0.58%
04/29/2021,20.79,21.06,21.14,20.79,3.32M,0.68%
04/28/2021,20.65,20.7,20.88,20.61,4.90M,-0.19%
04/27/2021,20.69,20.43,20.73,20.35,2.57M,1.77%
04/26/2021,20.33,20.24,20.35,20.15,1.88M,0.15%
04/23/2021,20.3,20.2,20.44,20.16,2.18M,0.45%
04/22/2021,20.21,20.27,20.53,20.19,2.25M,-0.79%
04/21/2021,20.37,20.42,20.56,20.31,2.46M,-0.29%
04/20/2021,20.43,20.75,20.76,20.36,2.93M,-1.02%
04/19/2021,20.64,20.67,20.74,20.5,2.44M,0.63%
04/16/2021,20.51,20.59,20.64,20.4,4.01M,1.28%
04/15/2021,20.25,20.48,20.49,20.03,4.98M,-3.20%
04/14/2021,20.92,20.9,21.06,20.85,2.39M,0.63%
04/13/2021,20.79,21.13,21.16,20.78,2.74M,-1.42%
04/12/21,21.09,21.09,21.2,21.07,1.76M,0.00%
04/09/21,21.09,21.1,21.21,20.87,2.57M,0.81%
04/08/21,20.92,21.13,21.13,20.9,2.97M,-1.65%
04/07/21,21.27,21.11,21.27,20.91,3.16M,1.29%
04/06/21,21,21.2,21.26,20.96,2.32M,-1.45%
04/05/21,21.31,21.39,21.59,21.29,3.25M,0.90%
04/01/21,21.12,21.43,21.49,21.09,4.25M,-2.85%
03/31/2021,21.74,21.55,21.97,21.48,6.22M,0.79%
03/30/2021,21.57,21.86,21.96,21.48,3.09M,-1.01%
03/29/2021,21.79,21.38,21.98,21.38,2.39M,1.63%
03/26/2021,21.44,21.52,21.58,21.26,2.77M,0.75%
03/25/2021,21.28,20.9,21.31,20.84,4.12M,1.53%
03/24/2021,20.96,21.31,21.36,20.93,2.53M,-1.04%
03/23/2021,21.18,21.5,21.62,21.15,4.44M,-1.99%
03/22/2021,21.61,21.8,21.89,21.56,4.91M,-2.17%
03/19/2021,22.09,22.33,22.41,22.08,4.41M,-1.12%
03/18/2021,22.34,22.56,22.6,22.19,5.44M,1.92%
03/17/2021,21.92,22,22.3,21.86,6.79M,1.39%
03/16/2021,21.62,21.41,21.79,21.37,4.94M,0.70%
03/15/2021,21.47,21.57,21.59,21.38,3.22M,-1.01%
03/12/21,21.69,21.59,21.84,21.59,4.64M,4.13%
03/11/21,20.83,20.8,20.98,20.73,3.11M,1.31%
03/10/21,20.56,20.58,20.75,20.5,2.98M,-0.34%
03/09/21,20.63,20.74,20.85,20.6,5.34M,-2.60%
03/08/21,21.18,20.91,21.19,20.88,7.13M,1.53%
03/05/21,20.86,21.09,21.14,20.72,7.48M,-0.43%
03/04/21,20.95,20.64,21.15,20.57,8.40M,1.31%
03/03/21,20.68,20.73,20.9,20.51,6.03M,2.22%
03/02/21,20.23,20.41,20.45,20.21,4.23M,0.00%
03/01/21,20.23,20.35,20.52,20.16,5.05M,3.06%
02/26/2021,19.63,20.38,20.72,19.62,11.44M,-6.61%
02/25/2021,21.02,20.78,21.73,20.65,18.65M,3.19%
02/24/2021,20.37,20.8,20.87,20.28,6.10M,1.24%
02/23/2021,20.12,20.2,20.3,19.92,4.67M,0.45%
02/22/2021,20.03,19.81,20.16,19.58,6.24M,1.68%
02/19/2021,19.7,19.51,19.82,19.43,4.66M,2.55%
02/18/2021,19.21,19.37,19.43,19.11,5.13M,0.84%
02/17/2021,19.05,19.05,19.27,18.9,3.96M,-1.24%
02/16/2021,19.29,19.22,19.37,19.12,4.30M,2.93%
02/12/21,18.74,18.61,18.76,18.51,2.33M,2.46%
02/11/21,18.29,18.1,18.34,18.09,1.83M,1.05%
02/10/21,18.1,18.21,18.23,18.08,1.81M,-1.20%
02/09/21,18.32,18.19,18.34,18.11,1.89M,-0.22%
02/08/21,18.36,18.45,18.5,18.2,3.94M,-0.76%
02/05/21,18.5,18.26,18.51,18.15,4.22M,1.59%
02/04/21,18.21,18.21,18.32,18.16,2.53M,0.50%
02/03/21,18.12,17.93,18.14,17.89,3.39M,1.97%
02/02/21,17.77,17.85,17.91,17.77,1.41M,1.20%
02/01/21,17.56,17.64,17.68,17.48,1.88M,-0.11%
01/29/2021,17.58,17.74,17.77,17.5,1.70M,1.15%
01/28/2021,17.38,17.3,17.57,17.28,2.20M,0.93%
01/27/2021,17.22,17.16,17.27,17.05,3.53M,-0.40%
01/26/2021,17.29,17.39,17.41,17.24,3.02M,0.23%
01/25/2021,17.25,17.44,17.47,17.23,2.77M,-2.43%
01/22/2021,17.68,17.68,17.75,17.63,1.59M,-0.56%
01/21/2021,17.78,17.82,17.84,17.69,2.04M,1.43%
01/20/2021,17.53,17.65,17.68,17.52,2.36M,-0.17%
01/19/2021,17.56,17.75,17.75,17.55,2.65M,-0.68%
01/15/2021,17.68,17.61,17.77,17.57,2.31M,-0.79%
01/14/2021,17.82,17.49,17.92,17.49,2.73M,1.95%
01/13/2021,17.48,17.73,17.75,17.39,4.23M,-2.40%
01/12/21,17.91,17.94,18.15,17.86,4.11M,0.11%
01/11/21,17.89,17.9,18.01,17.84,2.97M,0.56%
01/08/21,17.79,17.79,17.97,17.68,3.46M,0.51%
01/07/21,17.7,17.69,17.83,17.63,4.16M,1.78%
01/06/21,17.39,17.26,17.59,17.25,5.37M,4.26%
01/05/21,16.68,16.58,16.85,16.58,1.62M,1.28%
01/04/21,16.47,16.65,16.67,16.34,1.39M,0.30%
12/31/2020,16.42,16.48,16.5,16.36,1.30M,-0.30%
12/30/2020,16.47,16.6,16.65,16.47,820.03K,-0.36%
12/29/2020,16.53,16.7,16.72,16.52,925.47K,0.12%
12/28/2020,16.51,16.71,16.79,16.49,802.46K,-0.18%
12/24/2020,16.54,16.6,16.63,16.5,636.43K,-0.72%
12/23/2020,16.66,16.66,16.92,16.65,1.10M,1.40%
12/22/2020,16.43,16.48,16.57,16.41,756.57K,-0.96%
12/21/2020,16.59,16.55,16.71,16.52,1.57M,-0.78%
12/18/2020,16.72,16.57,16.77,16.51,938.48K,0.42%
12/17/2020,16.65,16.36,16.71,16.29,1.95M,0.54%
12/16/2020,16.56,16.74,16.76,16.45,1.67M,0.49%
12/15/2020,16.48,16.49,16.58,16.35,1.32M,0.73%
12/14/2020,16.36,16.53,16.61,16.29,1.33M,0.55%
12/11/20,16.27,16.3,16.36,16.14,1.04M,-0.79%
12/10/20,16.4,16.6,16.67,16.37,1.22M,-1.68%
12/09/20,16.68,16.74,16.85,16.58,1.59M,0.66%
12/08/20,16.57,16.53,16.61,16.42,1.16M,-1.02%
12/07/20,16.74,16.8,16.83,16.68,1.67M,-1.88%
12/04/20,17.06,16.93,17.14,16.92,2.16M,3.08%
12/03/20,16.55,16.68,16.74,16.48,1.49M,-1.61%
12/02/20,16.82,16.7,17,16.68,2.26M,1.63%
12/01/20,16.55,16.35,16.73,16.32,2.26M,2.80%
11/30/2020,16.1,16.09,16.15,15.99,1.14M,0.19%
11/27/2020,16.07,16.19,16.19,16.04,603.12K,-1.89%
11/25/2020,16.38,16.27,16.39,16.13,1.17M,0.55%
11/24/2020,16.29,16.12,16.31,16.11,3.58M,2.00%
11/23/2020,15.97,15.94,16.05,15.91,1.57M,0.95%
11/20/2020,15.82,16,16.04,15.81,975.01K,-1.80%
11/19/2020,16.11,16.13,16.15,15.97,1.28M,-1.04%
11/18/2020,16.28,16.23,16.46,16.21,1.29M,-0.55%
11/17/2020,16.37,16.38,16.41,16.29,738.73K,-1.21%
11/16/2020,16.57,16.59,16.62,16.48,937.92K,0.42%
11/13/2020,16.5,16.45,16.55,16.44,1.03M,0.24%
11/12/20,16.46,16.76,16.82,16.45,2.97M,-3.40%
11/11/20,17.04,17.25,17.25,17.01,1.10M,-0.64%
11/10/20,17.15,17.23,17.26,17.03,1.98M,1.12%
11/09/20,16.96,17.03,17.28,16.96,4.56M,4.11%
11/06/20,16.29,16.27,16.4,16.21,1.13M,2.39%
11/05/20,15.91,15.86,16.07,15.85,2.29M,-0.56%
11/04/20,16,15.87,16.09,15.74,3.60M,-4.13%
11/03/20,16.69,16.67,16.83,16.64,1.88M,0.97%
11/02/20,16.53,16.48,16.57,16.39,1.69M,-1.25%
10/30/2020,16.74,16.45,16.75,16.4,2.27M,1.82%
10/29/2020,16.44,16.11,16.57,16.1,1.15M,2.05%
10/28/2020,16.11,15.99,16.23,15.97,1.80M,-0.31%
10/27/2020,16.16,16.23,16.28,16.12,711.93K,-1.34%
10/26/2020,16.38,16.44,16.48,16.26,1.29M,-1.92%
10/23/2020,16.7,16.95,16.95,16.64,1.25M,-1.12%
10/22/2020,16.89,16.64,16.89,16.56,2.60M,2.12%
10/21/2020,16.54,16.53,16.61,16.41,868.42K,0.61%
10/20/2020,16.44,16.31,16.5,16.28,839.67K,1.92%
10/19/2020,16.13,16.17,16.27,16.09,937.11K,0.81%
10/16/2020,16,15.97,16.07,15.84,641.49K,0.57%
10/15/2020,15.91,15.68,15.96,15.65,710.27K,0.32%
10/14/2020,15.86,15.81,15.9,15.75,723.82K,-0.56%
10/13/2020,15.95,16.05,16.07,15.93,748.94K,-1.42%
10/12/20,16.18,16.2,16.3,16.17,1.28M,-0.74%
10/09/20,16.3,16.4,16.55,16.25,1.05M,0.18%
10/08/20,16.27,16.32,16.37,16.26,1.36M,-1.21%
10/07/20,16.47,16.39,16.54,16.23,1.51M,1.54%
10/06/20,16.22,16.45,16.57,16.03,3.08M,-1.04%
10/05/20,16.39,16.11,16.41,16.11,1.91M,3.93%
10/04/20,15.77,15.77,15.77,15.77,,0.00%
10/03/20,15.77,15.77,15.77,15.77,,0.00%
10/02/20,15.77,15.6,15.88,15.6,914.25K,0.70%
10/01/20,15.66,15.82,15.89,15.59,1.18M,-0.25%
09/30/2020,15.7,15.57,15.85,15.57,1.82M,1.88%
09/29/2020,15.41,15.43,15.46,15.34,523.93K,-0.26%
09/28/2020,15.45,15.4,15.5,15.4,522.43K,0.52%
09/27/2020,15.37,15.37,15.37,15.37,,0.00%
09/26/2020,15.37,15.37,15.37,15.37,,0.00%
09/25/2020,15.37,15.36,15.43,15.3,1.19M,-0.07%
09/24/2020,15.38,15.4,15.46,15.37,1.04M,-0.58%
09/23/2020,15.47,15.53,15.67,15.47,1.05M,-0.45%
09/22/2020,15.54,15.49,15.6,15.41,847.13K,0.06%
09/21/2020,15.53,15.41,15.56,15.32,1.25M,-0.89%
09/18/2020,15.67,15.57,15.71,15.55,882.54K,0.64%
09/17/2020,15.57,15.42,15.62,15.41,1.10M,-0.64%
09/16/2020,15.67,15.45,15.77,15.43,1.32M,0.71%
09/15/2020,15.56,15.55,15.63,15.51,809.40K,0.39%
09/14/2020,15.5,15.44,15.55,15.39,1.09M,0.00%
09/13/2020,15.5,15.5,15.5,15.5,,0.00%
09/11/20,15.5,15.54,15.58,15.48,1.07M,-0.45%
09/10/20,15.57,15.88,15.98,15.52,1.95M,-0.95%
09/09/20,15.72,15.59,15.83,15.55,1.54M,0.51%
09/08/20,15.64,15.53,15.64,15.35,3.05M,-1.32%
09/04/20,15.85,15.53,15.9,15.5,2.57M,3.87%
09/03/20,15.26,15.31,15.37,15.03,2.26M,-0.65%
09/02/20,15.36,15.72,15.73,15.34,1.98M,-1.85%
09/01/20,15.65,16.08,16.2,15.62,2.33M,-2.43%
08/31/2020,16.04,16.17,16.17,15.82,2.46M,-1.29%
08/30/2020,16.25,16.25,16.25,16.25,,0.00%
08/28/2020,16.25,16.13,16.34,16.07,1.35M,0.25%
08/27/2020,16.21,15.57,16.24,15.54,3.13M,3.38%
08/26/2020,15.68,15.7,15.84,15.64,907.59K,0.77%
08/25/2020,15.56,15.64,15.74,15.5,1.29M,1.37%
08/24/2020,15.35,15.25,15.36,15.15,1.02M,0.46%
08/23/2020,15.28,15.28,15.28,15.28,,0.00%
08/21/2020,15.28,15.36,15.51,15.26,653.21K,-1.10%
08/20/2020,15.45,15.44,15.52,15.38,1.06M,-1.97%
08/19/2020,15.76,15.45,15.84,15.4,1.04M,1.35%
08/18/2020,15.55,15.65,15.69,15.54,1.10M,-1.46%
08/17/2020,15.78,15.71,15.82,15.62,1.20M,-0.57%
08/14/2020,15.87,15.74,15.88,15.69,1.15M,0.83%
08/13/2020,15.74,15.49,15.87,15.44,2.77M,2.01%
08/12/20,15.43,15.41,15.54,15.34,2.81M,1.92%
08/11/20,15.14,15.13,15.38,15.08,3.18M,2.16%
08/10/20,14.82,14.61,14.82,14.61,1.03M,1.02%
08/09/20,14.67,14.67,14.67,14.67,,0.00%
08/08/20,14.67,14.67,14.67,14.67,,0.00%
08/07/20,14.67,14.43,14.73,14.41,1.20M,1.24%
08/06/20,14.49,14.43,14.55,14.28,1.30M,-1.02%
08/05/20,14.64,14.64,14.71,14.57,1.05M,1.60%
08/04/20,14.41,14.53,14.54,14.39,1.46M,-1.84%
08/03/20,14.68,14.79,14.84,14.67,1.02M,1.03%
08/02/20,14.53,14.53,14.53,14.53,,0.00%
07/31/2020,14.53,14.67,14.71,14.46,783.47K,0.14%
07/30/2020,14.51,14.53,14.57,14.48,922.29K,-1.43%
07/29/2020,14.72,14.71,14.87,14.64,673.62K,0.27%
07/28/2020,14.68,14.78,14.8,14.66,837.94K,-1.34%
07/27/2020,14.88,14.66,14.89,14.66,944.31K,0.81%
07/26/2020,14.76,14.76,14.76,14.76,,0.00%
07/25/2020,14.76,14.76,14.76,14.76,,0.00%
07/24/2020,14.76,14.88,14.91,14.73,878.13K,-0.07%
07/23/2020,14.77,14.9,14.98,14.73,1.39M,-2.31%
07/22/2020,15.12,15.03,15.12,14.99,654.03K,-0.53%
07/21/2020,15.2,15.2,15.23,15.12,556.16K,-0.20%
07/20/2020,15.23,15.16,15.29,15.14,711.40K,-0.39%
07/17/2020,15.29,15.2,15.35,15.19,645.92K,0.33%
07/16/2020,15.24,15.18,15.25,15.12,570.16K,-0.97%
07/15/2020,15.39,15.45,15.47,15.28,671.95K,1.05%
07/14/2020,15.23,15.09,15.26,15.05,657.93K,-0.26%
07/13/2020,15.27,15.53,15.58,15.27,897.02K,-0.72%
07/12/20,15.38,15.38,15.38,15.38,,0.00%
07/11/20,15.38,15.38,15.38,15.38,,0.00%
07/10/20,15.38,15.07,15.4,15.04,773.90K,0.92%
07/09/20,15.24,15.7,15.71,15.17,2.38M,-3.05%
07/08/20,15.72,15.76,15.87,15.66,902.66K,0.70%
07/07/20,15.61,15.94,15.99,15.57,702.88K,-2.68%
07/06/20,16.04,16.17,16.27,16.03,820.58K,0.69%
07/05/20,15.93,15.93,15.93,15.93,,0.00%
07/04/20,15.93,15.93,15.93,15.93,,0.00%
07/02/20,15.93,16.1,16.19,15.88,884.31K,-0.13%
07/01/20,15.95,16.08,16.2,15.93,988.88K,0.31%
06/30/2020,15.9,15.66,15.97,15.64,1.19M,1.02%
06/29/2020,15.74,15.71,15.8,15.64,809.29K,0.64%
06/26/2020,15.64,15.85,15.85,15.63,913.76K,-2.25%
06/25/2020,16,15.83,16,15.82,854.70K,-0.50%
06/24/2020,16.08,16.39,16.39,16.06,1.25M,-2.01%
06/23/2020,16.41,16.39,16.47,16.28,1.19M,1.17%
06/22/2020,16.22,16.06,16.29,16.01,1.17M,0.00%
06/19/2020,16.22,16.5,16.51,16.21,1.03M,-0.18%
06/18/2020,16.25,16.29,16.38,16.21,1.44M,-2.17%
06/17/2020,16.61,16.67,16.85,16.56,1.21M,-0.60%
06/16/2020,16.71,16.83,16.99,16.48,1.99M,2.96%
06/15/2020,16.23,15.93,16.29,15.89,1.08M,-0.06%
06/12/20,16.24,16.23,16.3,16,1.18M,1.82%
06/11/20,15.95,16.07,16.2,15.89,2.56M,-3.86%
06/10/20,16.59,16.97,16.97,16.57,1.62M,-2.93%
06/09/20,17.09,16.96,17.14,16.84,1.49M,-2.23%
06/08/20,17.48,17.89,17.89,17.46,1.97M,-0.74%
06/07/20,17.61,17.61,17.61,17.61,,0.00%
06/05/20,17.61,17.97,18.3,17.61,3.53M,1.44%
06/04/20,17.36,17.03,17.41,17.02,2.64M,2.72%
06/03/20,16.9,16.78,17.04,16.74,2.68M,2.74%
06/02/20,16.45,16.45,16.55,16.38,1.19M,0.73%
06/01/20,16.33,16.36,16.47,16.31,1.40M,1.11%
05/29/2020,16.15,16.29,16.38,16.04,1.40M,-1.40%
05/28/2020,16.38,16.47,16.52,16.36,1.21M,0.86%
05/27/2020,16.24,16.3,16.34,16.09,1.77M,0.37%
05/26/2020,16.18,16.12,16.27,16.11,1.49M,2.28%
05/22/2020,15.82,15.92,15.95,15.75,771.35K,-0.94%
05/21/2020,15.97,15.92,16.01,15.81,1.48M,-0.56%
05/20/2020,16.06,16.23,16.3,15.94,1.40M,-0.50%
05/19/2020,16.14,16.39,16.39,16.12,1.36M,-0.98%
05/18/2020,16.3,15.9,16.39,15.89,2.49M,4.49%
05/15/2020,15.6,15.31,15.66,15.27,1.29M,0.52%
05/14/2020,15.52,15.47,15.53,15.32,1.98M,-1.90%
05/13/2020,15.82,15.92,15.96,15.67,1.49M,-1.49%
05/12/20,16.06,16.31,16.31,15.96,1.62M,-1.95%
05/11/20,16.38,16.2,16.51,16.1,1.53M,1.61%
05/08/20,16.12,16.08,16.2,15.88,1.74M,2.48%
05/07/20,15.73,16.23,16.28,15.68,2.05M,-3.32%
05/06/20,16.27,16.33,16.56,16.24,2.39M,3.24%
05/05/20,15.76,15.86,15.93,15.74,1.02M,1.09%
05/04/20,15.59,15.51,15.7,15.5,1.07M,0.78%
05/03/20,15.47,15.47,15.47,15.47,,0.00%
05/02/20,15.47,15.47,15.47,15.47,,0.00%
05/01/20,15.47,15.53,15.7,15.39,1.47M,-1.34%
04/30/2020,15.68,15.34,15.72,15.26,2.03M,1.95%
04/29/2020,15.38,15.21,15.51,15.06,1.66M,1.12%
04/28/2020,15.21,15.34,15.39,15.14,1.37M,-2.19%
04/27/2020,15.55,15.2,15.58,15.17,1.37M,3.53%
04/24/2020,15.02,15.19,15.2,14.99,637.92K,-0.20%
04/23/2020,15.05,15.25,15.25,14.98,825.40K,-1.05%
04/22/2020,15.21,15.21,15.37,15.07,1.45M,1.67%
04/21/2020,14.96,14.81,15.04,14.75,1.70M,-2.41%
04/20/2020,15.33,15.35,15.51,15.28,729.32K,-1.35%
04/17/2020,15.54,15.25,15.63,15.02,1.24M,2.37%
04/16/2020,15.18,15.37,15.37,15.13,1.25M,-2.25%
04/15/2020,15.53,15.8,15.82,15.44,1.74M,-5.02%
04/14/2020,16.35,16.38,16.42,16.18,978.12K,0.62%
04/13/2020,16.25,16.21,16.32,16.01,1.13M,0.93%
04/09/20,16.1,16.33,16.39,16,1.38M,-0.49%
04/08/20,16.18,16.02,16.26,15.92,1.96M,1.51%
04/07/20,15.94,16.14,16.38,15.89,2.08M,1.27%
04/06/20,15.74,15.8,15.83,15.56,1.69M,1.94%
04/03/20,15.44,15.58,15.58,15.18,1.89M,-1.15%
04/02/20,15.62,15.56,15.77,15.42,1.31M,-0.64%
04/01/20,15.72,15.52,15.91,15.37,1.33M,-2.24%
03/31/2020,16.08,15.92,16.28,15.86,1.39M,0.06%
03/30/2020,16.07,15.57,16.07,15.21,2.28M,2.29%
03/28/2020,15.71,15.71,15.71,15.71,,0.00%
03/27/2020,15.71,16.12,16.27,15.62,1.50M,-5.42%
03/26/2020,16.61,16.09,16.67,16.09,1.21M,-1.19%
03/25/2020,16.81,16.48,16.92,16.04,2.35M,2.00%
03/24/2020,16.48,17.2,17.24,16.28,1.82M,1.54%
03/23/2020,16.23,17.79,17.85,16,2.75M,-6.46%
03/21/2020,17.35,17.35,17.35,17.35,,0.00%
03/20/2020,17.35,18.72,18.94,17.35,3.43M,-12.95%
03/19/2020,19.93,19.5,20.55,18.24,2.77M,0.25%
03/18/2020,19.88,19,21.13,18.63,4.42M,5.52%
03/17/2020,18.84,17.47,19,16.75,5.31M,12.88%
03/16/2020,16.69,16.93,18.1,16.33,3.63M,-6.86%
03/14/2020,17.92,17.92,17.92,17.92,,0.00%
03/13/2020,17.92,18.28,19.09,17.57,8.20M,-1.59%
03/12/20,18.21,16.29,18.38,16.29,8.31M,3.06%
03/11/20,17.67,17,17.79,16.56,9.06M,1.67%
03/10/20,17.38,16.2,17.46,15.67,6.55M,8.22%
03/09/20,16.06,14.64,16.09,14.51,7.72M,-6.30%
03/06/20,17.14,17.08,17.82,16.61,14.46M,-10.87%
03/05/20,19.23,19.58,19.63,19.12,6.31M,-4.80%
03/04/20,20.2,19.74,20.34,19.5,5.63M,2.38%
03/03/20,19.73,20.38,20.78,18.88,13.25M,-3.14%
03/02/20,20.37,20.03,20.41,19.7,5.71M,1.60%
02/28/2020,20.05,20.28,20.37,19.89,6.39M,-4.52%
02/27/2020,21,20.78,21.3,20.66,6.66M,-2.05%
02/26/2020,21.44,21.54,21.64,21.04,4.60M,1.13%
02/25/2020,21.2,21.48,21.48,21.04,4.56M,-1.12%
02/24/2020,21.44,21.29,21.53,21.25,3.87M,-3.12%
02/21/2020,22.13,22.19,22.24,21.86,3.53M,-1.86%
02/20/2020,22.55,22.73,22.74,22.46,2.59M,-1.49%
02/19/2020,22.89,23.01,23.07,22.87,1.10M,-0.04%
02/18/2020,22.9,22.96,23.09,22.73,2.35M,-1.34%
02/17/2020,23.21,23.21,23.21,23.21,,0.00%
02/14/2020,23.21,23.14,23.24,23.03,1.78M,-0.85%
02/13/2020,23.41,23.55,23.61,23.31,1.65M,-0.68%
02/12/20,23.57,23.62,23.71,23.53,1.45M,0.90%
02/11/20,23.36,23.18,23.38,23.15,1.28M,1.13%
02/10/20,23.1,23.02,23.16,22.98,1.58M,-0.69%
02/07/20,23.26,23.3,23.41,23.14,1.61M,-2.35%
02/06/20,23.82,23.98,24.04,23.75,1.15M,-0.92%
02/05/20,24.04,23.94,24.08,23.82,1.88M,2.08%
02/04/20,23.55,23.39,23.68,23.38,1.78M,2.88%
02/03/20,22.89,23.11,23.36,22.84,1.73M,0.04%
01/31/2020,22.88,23.1,23.12,22.84,3.94M,-1.72%
01/30/2020,23.28,23.17,23.38,22.93,2.51M,0.00%
01/29/2020,23.28,23.65,23.66,23.25,1.75M,-2.06%
01/28/2020,23.77,23.51,23.87,23.45,2.19M,1.58%
01/27/2020,23.4,23.52,23.65,23.39,1.89M,-3.03%
01/24/2020,24.13,24.35,24.4,23.96,1.93M,-1.67%
01/23/2020,24.54,24.54,24.57,24.35,1.63M,-1.33%
01/22/2020,24.87,24.96,24.98,24.79,822.00K,-0.72%
01/21/2020,25.05,25.29,25.29,24.96,896.32K,-2.03%
01/17/2020,25.57,25.75,25.82,25.55,1.38M,1.67%
01/16/2020,25.15,25.13,25.32,25.03,1.24M,0.64%
01/15/2020,24.99,25.02,25.22,24.94,1.17M,-1.38%
01/14/2020,25.34,25.51,25.54,25.32,1.34M,-1.02%
01/13/2020,25.6,25.64,25.82,25.57,1.30M,0.67%
01/10/20,25.43,25.7,25.73,25.41,1.01M,-1.70%
01/09/20,25.87,26.35,26.38,25.8,1.37M,-0.58%
01/08/20,26.02,25.6,26.21,25.46,3.28M,1.25%
01/07/20,25.7,25.5,25.71,25.41,2.37M,1.02%
01/06/20,25.44,24.98,25.52,24.97,1.49M,1.15%
01/03/20,25.15,25.52,25.64,25.14,3.31M,-3.19%
01/02/20,25.98,26.12,26.12,25.77,1.40M,-2.11%
12/31/2019,26.54,26.27,26.58,26.17,2.20M,1.92%
12/30/2019,26.04,26.38,26.48,26,1.81M,0.74%
12/27/2019,25.85,25.79,25.85,25.73,960.21K,-0.23%
12/26/2019,25.91,26.02,26.15,25.89,957.90K,-0.54%
12/24/2019,26.05,26.33,26.49,25.95,430.46K,-1.06%
12/23/2019,26.33,26.17,26.48,26.11,1.76M,0.46%
12/20/2019,26.21,26.41,26.5,26.21,925.99K,-0.34%
12/19/2019,26.3,26.45,26.56,26.13,1.29M,-0.23%
12/18/2019,26.36,26.04,26.45,26,1.77M,1.62%
12/17/2019,25.94,25.72,26.1,25.68,983.43K,0.15%
12/16/2019,25.9,25.64,26.02,25.63,1.62M,1.93%
12/13/2019,25.41,25.77,26.09,25.21,3.79M,-2.34%
12/12/19,26.02,25.4,26.33,25.37,4.80M,3.25%
12/11/19,25.2,25.37,25.39,25.05,1.58M,-1.60%
12/10/19,25.61,25.38,25.68,25.34,1.07M,0.16%
12/09/19,25.57,25.47,25.62,25.42,1.11M,-0.58%
12/06/19,25.72,25.8,25.88,25.44,1.17M,1.18%
12/05/19,25.42,25.57,25.61,25.31,1.27M,0.95%
12/04/19,25.18,24.98,25.39,24.95,1.20M,1.98%
12/03/19,24.69,25.1,25.16,24.47,2.77M,-4.15%
12/02/19,25.76,25.6,25.9,25.5,2.64M,2.79%
11/29/2019,25.06,24.98,25.32,24.98,993.97K,0.28%
11/27/2019,24.99,25.02,25.08,24.92,997.87K,0.56%
11/26/2019,24.85,24.88,24.89,24.77,915.24K,-1.07%
11/25/2019,25.12,25.1,25.17,25.03,925.37K,-0.59%
11/22/2019,25.27,25.17,25.34,25.12,757.17K,-0.16%
11/21/2019,25.31,25.38,25.53,25.19,2.06M,1.12%
11/20/2019,25.03,25.28,25.3,24.99,1.30M,-2.04%
11/19/2019,25.55,25.8,25.82,25.49,1.14M,-1.58%
11/18/2019,25.96,25.88,26,25.74,1.75M,-0.46%
11/15/2019,26.08,26.18,26.18,25.89,1.47M,0.35%
11/14/2019,25.99,26.03,26.07,25.79,1.95M,-2.00%
11/13/2019,26.52,26.41,26.66,26.34,3.98M,-1.27%
11/12/19,26.86,27.01,27.22,26.76,1.42M,-0.70%
11/11/19,27.05,26.97,27.25,26.92,781.11K,1.01%
11/08/19,26.78,27.05,27.2,26.74,1.97M,-0.52%
11/07/19,26.92,26.61,27.32,26.59,4.34M,3.62%
11/06/19,25.98,25.96,26.23,25.82,1.87M,-1.14%
11/05/19,26.28,26.27,26.46,26.2,2.38M,2.22%
11/04/19,25.71,25.64,25.8,25.57,2.09M,2.55%
11/01/19,25.07,24.96,25.33,24.81,2.31M,0.64%
10/31/2019,24.91,25.2,25.2,24.73,3.40M,-2.66%
10/30/2019,25.59,26.2,26.2,25.57,3.21M,-2.81%
10/29/2019,26.33,26.22,26.42,26.21,1.40M,-0.15%
10/28/2019,26.37,26.26,26.49,26.26,2.58M,1.74%
10/25/2019,25.92,25.53,25.99,25.53,1.27M,0.97%
10/24/2019,25.67,25.47,25.72,25.28,2.68M,0.43%
10/23/2019,25.56,25.36,25.59,25.25,1.36M,-0.16%
10/22/2019,25.6,25.58,25.87,25.54,2.01M,-1.31%
10/21/2019,25.94,25.89,26.01,25.73,2.01M,1.73%
10/18/2019,25.5,25.42,25.56,25.27,1.25M,-0.08%
10/17/2019,25.52,25.53,25.61,25.23,1.59M,0.39%
10/16/2019,25.42,25.5,25.6,25.35,1.52M,-0.20%
10/15/2019,25.47,25.09,25.51,25.02,2.63M,2.70%
10/14/2019,24.8,24.8,24.95,24.8,898.88K,-1.47%
10/11/19,25.17,25,25.44,24.97,6.19M,2.48%
10/10/19,24.56,24.27,24.74,24.26,3.52M,2.93%
10/09/19,23.86,23.77,24.05,23.77,2.74M,1.10%
10/08/19,23.6,23.37,23.77,23.35,4.55M,-0.42%
10/07/19,23.7,23.6,23.74,23.49,2.26M,1.63%
10/04/19,23.32,23.53,23.59,23.31,2.96M,-1.44%
10/03/19,23.66,23.98,24,23.42,4.04M,-1.74%
10/02/19,24.08,24.14,24.21,23.88,2.25M,-0.50%
10/01/19,24.2,24.91,24.94,23.99,4.09M,-0.66%
09/30/2019,24.36,24.75,24.79,24.36,2.57M,-0.49%
09/27/2019,24.48,24.62,24.67,24.39,2.88M,-0.49%
09/26/2019,24.6,24.6,24.75,24.36,2.57M,-1.36%
09/25/2019,24.94,24.3,25.01,24.21,5.08M,2.42%
09/24/2019,24.35,24.78,24.78,24.27,4.80M,-2.52%
09/23/2019,24.98,24.82,25.02,24.51,5.48M,0.12%
09/20/2019,24.95,25.35,25.48,24.91,3.50M,-2.58%
09/19/2019,25.61,25.36,25.63,25.26,4.40M,-0.54%
09/18/2019,25.75,25.63,25.78,25.35,4.57M,-0.77%
09/17/2019,25.95,26.22,26.36,25.75,3.55M,-1.26%
09/16/2019,26.28,26.44,26.66,26.14,3.93M,-2.38%
09/13/2019,26.92,26.3,26.95,26.14,7.70M,4.34%
09/12/19,25.8,25.12,26.01,25.02,7.64M,1.22%
09/11/19,25.49,25.51,25.51,25.24,4.37M,0.43%
09/10/19,25.38,24.67,25.41,24.5,7.47M,3.55%
09/09/19,24.51,24.35,24.54,24.26,4.27M,3.59%
09/06/19,23.66,23.87,23.92,23.61,3.80M,-1.38%
09/05/19,23.99,23.74,24.3,23.7,7.39M,3.54%
09/04/19,23.17,23.46,23.48,23.12,4.77M,-0.34%
09/03/19,23.25,23.27,23.46,22.79,5.78M,-0.17%
08/30/2019,23.29,23.52,23.59,23.22,6.12M,0.00%
08/29/2019,23.29,23.29,23.65,23.26,5.09M,0.69%
08/28/2019,23.13,22.81,23.17,22.78,4.48M,-0.13%
08/27/2019,23.16,23.51,23.54,23.14,4.22M,-3.18%
08/26/2019,23.92,23.74,23.95,23.62,2.90M,0.93%
08/23/2019,23.7,24.57,24.58,23.6,5.53M,-3.27%
08/22/2019,24.5,24.38,24.55,24.15,2.32M,1.32%
08/21/2019,24.18,24.15,24.28,23.78,3.56M,1.34%
08/20/2019,23.86,23.93,24.08,23.84,3.34M,-2.01%
08/19/2019,24.35,24.5,24.54,24.17,3.39M,2.70%
08/16/2019,23.71,23.72,24.09,23.59,5.71M,1.67%
08/15/2019,23.32,23.75,23.87,22.89,11.84M,-2.10%
08/14/2019,23.82,24,24.16,23.81,5.54M,-4.53%
08/13/2019,24.95,24.47,25.11,24.45,6.55M,0.77%
08/12/19,24.76,25.24,25.31,24.61,2.55M,-4.11%
08/09/19,25.82,25.6,25.89,25.27,3.36M,0.43%
08/08/19,25.71,26.15,26.59,25.69,5.29M,-0.50%
08/07/19,25.84,24.94,25.91,24.71,12.07M,-0.12%
08/06/19,25.87,26.52,26.57,25.86,4.52M,-1.52%
08/05/19,26.27,26.54,26.75,26.26,4.19M,-3.49%
08/02/19,27.22,27.55,27.66,27.22,5.21M,-1.80%
08/01/19,27.72,28.53,28.57,27.64,6.48M,-3.82%
07/31/2019,28.82,29.38,29.38,28.65,4.50M,-1.74%
07/30/2019,29.33,29.24,29.49,29.19,1.66M,-0.51%
07/29/2019,29.48,29.32,29.51,29.27,1.69M,0.03%
07/26/2019,29.47,29.36,29.56,29.33,1.23M,-0.41%
07/25/2019,29.59,29.55,29.89,29.49,2.47M,0.92%
07/24/2019,29.32,29.39,29.46,29.27,2.18M,-0.81%
07/23/2019,29.56,29.41,29.69,29.34,1.78M,0.96%
07/22/2019,29.28,29.02,29.34,29.01,1.48M,-0.14%
07/19/2019,29.32,29.37,29.43,29.24,1.97M,0.51%
07/18/2019,29.17,29.43,29.52,29.06,2.23M,-0.14%
07/17/2019,29.21,29.61,29.62,29.19,1.70M,-2.11%
07/16/2019,29.84,30.03,30.11,29.83,1.97M,0.61%
07/15/2019,29.66,29.91,29.91,29.62,1.32M,-1.10%
07/12/19,29.99,30.12,30.24,29.88,2.75M,-0.20%
07/11/19,30.05,29.5,30.19,29.45,4.00M,2.66%
07/10/19,29.27,29.02,29.41,29.01,3.06M,1.14%
07/09/19,28.94,28.87,29.12,28.87,1.52M,0.14%
07/08/19,28.9,28.72,28.92,28.64,1.99M,-0.28%
07/05/19,28.98,28.96,29.32,28.95,2.65M,2.55%
07/03/19,28.26,28.53,28.55,28.21,1.32M,-1.36%
07/02/19,28.65,28.94,29,28.59,1.83M,-1.41%
07/01/19,29.06,28.92,29.36,28.85,3.30M,0.41%
06/28/2019,28.94,29.03,29.1,28.81,2.66M,0.03%
06/27/2019,28.93,29.14,29.29,28.81,2.49M,-1.20%
06/26/2019,29.28,29,29.34,28.97,1.61M,1.31%
06/25/2019,28.9,28.95,28.96,28.81,5.51M,-1.26%
06/24/2019,29.27,29.37,29.41,29.21,1.30M,-1.35%
06/21/2019,29.67,29.21,29.72,29.21,2.40M,2.06%
06/20/2019,29.07,29.02,29.17,28.78,3.30M,-0.41%
06/19/2019,29.19,29.48,29.61,29.1,3.77M,-0.38%
06/18/2019,29.3,29.09,29.45,29.03,3.55M,-0.95%
06/17/2019,29.58,29.69,29.82,29.54,998.39K,-0.30%
06/14/2019,29.67,29.84,29.84,29.55,1.86M,-0.44%
06/13/2019,29.8,29.93,29.95,29.74,1.69M,-0.60%
06/12/19,29.98,30.11,30.16,29.96,1.57M,-0.13%
06/11/19,30.02,30.1,30.16,29.96,2.28M,-0.13%
06/10/19,30.06,29.99,30.16,29.98,1.64M,1.86%
06/07/19,29.51,29.49,29.64,29.35,2.78M,-1.80%
06/06/19,30.05,29.86,30.17,29.58,2.69M,-0.60%
06/05/19,30.23,30.06,30.24,29.88,4.05M,1.24%
06/04/19,29.86,29.69,30.05,29.51,3.93M,2.09%
06/03/19,29.25,29.46,29.61,29.15,6.79M,-1.15%
05/31/2019,29.59,30.01,30.05,29.53,8.69M,-2.54%
05/30/2019,30.36,30.75,30.96,30.32,3.62M,-1.68%
05/29/2019,30.88,30.59,30.9,30.46,3.73M,-0.48%
05/28/2019,31.03,31.23,31.35,30.95,1.97M,-1.52%
05/24/2019,31.51,31.57,31.68,31.5,926.52K,-0.16%
05/23/2019,31.56,31.95,31.95,31.32,2.81M,-2.23%
05/22/2019,32.28,32.51,32.54,32.22,1.32M,-1.10%
05/21/2019,32.64,32.57,32.75,32.53,1.00M,0.40%
05/20/2019,32.51,32.34,32.56,32.19,883.63K,0.46%
05/17/2019,32.36,32.22,32.53,32.21,1.05M,-0.46%
05/16/2019,32.51,32.46,32.62,32.45,1.03M,0.62%
05/15/2019,32.31,32.22,32.48,32.21,1.49M,-1.16%
05/14/2019,32.69,32.63,32.77,32.55,1.53M,0.58%
05/13/2019,32.5,32.69,32.75,32.39,1.65M,-1.52%
05/10/19,33,32.91,33.08,32.63,1.52M,0.33%
05/09/19,32.89,32.81,33.21,32.7,2.59M,-0.81%
05/08/19,33.16,32.79,33.22,32.7,2.42M,0.85%
05/07/19,32.88,33.1,33.18,32.77,1.47M,-1.53%
05/06/19,33.39,33.21,33.43,33.19,1.34M,-0.57%
05/03/19,33.58,33.57,33.71,33.44,1.33M,-0.53%
05/02/19,33.76,33.53,33.89,33.47,1.42M,1.02%
05/01/19,33.42,33.53,33.58,33.11,4.90M,-0.86%
04/30/2019,33.71,34.08,34.08,33.63,2.37M,-0.88%
04/29/2019,34.01,33.91,34.13,33.86,1.00M,1.19%
04/26/2019,33.61,33.5,33.68,33.48,1.39M,-0.65%
04/25/2019,33.83,33.75,33.97,33.7,1.30M,0.30%
04/24/2019,33.73,33.97,33.98,33.69,1.58M,-1.63%
04/23/2019,34.29,34.24,34.37,34.19,1.27M,-0.32%
04/22/2019,34.4,34.32,34.47,34.27,1.32M,0.88%
04/18/2019,34.1,34.1,34.15,33.97,1.67M,-0.99%
04/17/2019,34.44,34.48,34.49,34.25,1.07M,0.06%
04/16/2019,34.42,34.26,34.48,34.21,1.18M,1.24%
04/15/2019,34,34.12,34.15,34,933.78K,-0.35%
04/12/19,34.12,34.02,34.18,33.94,2.00M,1.37%
04/11/19,33.66,33.45,33.74,33.41,1.88M,1.11%
04/10/19,33.29,33.26,33.37,33.14,2.38M,-0.39%
04/09/19,33.42,33.31,33.54,33.24,2.14M,-0.62%
04/08/19,33.63,33.5,33.67,33.45,1.99M,0.72%
04/05/19,33.39,33.61,33.63,33.31,2.06M,-0.27%
04/04/19,33.48,33.59,33.71,33.47,1.78M,-0.51%
04/03/19,33.65,33.6,33.73,33.47,4.03M,1.69%
04/02/19,33.09,33.13,33.26,33.01,2.42M,-0.36%
04/01/19,33.21,32.74,33.29,32.68,4.00M,2.94%
03/29/2019,32.26,32.63,32.66,32.24,3.19M,0.19%
03/28/2019,32.2,32.34,32.47,32.12,2.45M,-0.65%
03/27/2019,32.41,32.75,32.81,32.3,4.40M,-1.79%
03/26/2019,33,33.14,33.18,32.84,3.05M,0.21%
03/25/2019,32.93,33.07,33.25,32.49,3.77M,-0.24%
03/22/2019,33.01,33.41,33.48,32.79,5.71M,-3.17%
03/21/2019,34.09,34.1,34.22,34.03,2.54M,-0.47%
03/20/2019,34.25,34.77,34.79,34.13,3.21M,-2.31%
03/19/2019,35.06,35.26,35.37,34.98,1.40M,0.43%
03/18/2019,34.91,34.97,35.02,34.81,1.10M,0.00%
03/15/2019,34.91,34.85,35.07,34.74,1.95M,-1.10%
03/14/2019,35.3,34.89,35.33,34.87,1.49M,1.41%
03/13/2019,34.81,34.9,34.93,34.75,1.69M,0.32%
03/12/19,34.7,35.11,35.14,34.58,2.11M,-1.36%
03/11/19,35.18,35.03,35.28,35.03,1.53M,0.69%
03/08/19,34.94,35.19,35.36,34.87,1.46M,-0.80%
03/07/19,35.22,35.46,35.49,35.1,1.64M,-1.23%
03/06/19,35.66,35.89,35.91,35.54,1.70M,-0.75%
03/05/19,35.93,36.27,36.28,35.91,1.63M,-0.44%
03/04/19,36.09,36.28,36.41,35.99,2.37M,-1.47%
03/01/19,36.63,36.22,36.64,36.12,2.39M,1.92%
02/28/2019,35.94,35.66,36.15,35.6,2.41M,0.70%
02/27/2019,35.69,35.33,35.83,35.33,2.22M,2.12%
02/26/2019,34.95,34.97,35.2,34.92,1.47M,-0.91%
02/25/2019,35.27,35.31,35.44,35.24,1.25M,0.54%
02/22/2019,35.08,35.09,35.13,34.84,1.39M,-1.04%
02/21/2019,35.45,35.37,35.56,35.3,2.41M,1.75%
02/20/2019,34.84,34.84,35.04,34.76,1.43M,0.55%
02/19/2019,34.65,34.55,34.84,34.5,1.27M,-0.43%
02/15/2019,34.8,35.08,35.08,34.78,1.13M,-0.37%
02/14/2019,34.93,34.68,35.03,34.66,1.72M,-0.96%
02/13/2019,35.27,35.25,35.4,35.13,1.13M,0.71%
02/12/19,35.02,34.95,35.23,34.92,1.25M,0.52%
02/11/19,34.84,34.85,34.92,34.69,725.92K,0.78%
02/08/19,34.57,34.64,34.73,34.5,1.01M,-0.89%
02/07/19,34.88,35.06,35.19,34.8,2.75M,-1.27%
02/06/19,35.33,35.09,35.48,35.08,1.40M,-0.06%
02/05/19,35.35,35.48,35.53,35.19,1.78M,-0.95%
02/04/19,35.69,35.63,35.89,35.6,1.14M,0.99%
02/01/19,35.34,35.02,35.41,34.98,1.86M,1.17%
01/31/2019,34.93,35.14,35.17,34.77,2.61M,-1.66%
01/30/2019,35.52,35.56,35.87,35.48,3.29M,0.14%
01/29/2019,35.47,35.73,35.81,35.45,670.51K,-0.98%
01/28/2019,35.82,35.73,35.82,35.49,927.72K,0.34%
01/25/2019,35.7,35.69,35.84,35.6,1.57M,0.82%
01/24/2019,35.41,35.51,35.61,35.28,1.26M,-1.17%
01/23/2019,35.83,36.08,36.13,35.65,1.55M,-0.03%
01/22/2019,35.84,35.85,35.99,35.6,2.58M,-1.19%
01/18/2019,36.27,36.1,36.41,35.95,2.44M,1.03%
01/17/2019,35.9,35.86,36.08,35.69,1.99M,-0.03%
01/16/2019,35.91,36.21,36.28,35.77,2.22M,-0.11%
01/15/2019,35.95,35.66,36.02,35.64,1.65M,0.73%
01/14/2019,35.69,35.44,35.81,35.38,1.16M,0.73%
01/11/19,35.43,35.46,35.56,35.22,1.51M,-0.78%
01/10/19,35.71,35.22,35.77,35.14,2.23M,1.30%
01/09/19,35.25,35.23,35.49,35.13,1.94M,0.34%
01/08/19,35.13,34.95,35.14,34.83,1.34M,0.57%
01/07/19,34.93,34.46,35,34.42,1.83M,0.69%
01/04/19,34.69,34.6,34.97,34.48,2.84M,2.27%
01/03/19,33.92,34.62,34.67,33.76,3.70M,-2.33%
01/02/19,34.73,35.02,35.19,34.71,1.76M,-1.14%
12/31/2018,35.13,35.59,35.7,35.09,2.25M,-0.68%
12/28/2018,35.37,35.73,35.78,35.36,2.49M,-1.61%
12/27/2018,35.95,35.2,35.97,35.12,1.98M,-0.08%
12/26/2018,35.98,35.36,35.98,35.14,2.78M,1.87%
12/24/2018,35.32,35.45,35.57,35.27,1.87M,-1.04%
12/21/2018,35.69,35.4,35.86,35.38,2.77M,0.14%
12/20/2018,35.64,34.89,35.67,34.86,6.57M,0.76%
12/19/2018,35.37,36.01,36.12,35.07,5.54M,-2.67%
12/18/2018,36.34,36.64,36.73,36.21,3.05M,-1.20%
12/17/2018,36.78,37.13,37.13,36.67,1.39M,-1.16%
12/14/2018,37.21,37.12,37.35,37.01,2.34M,-0.59%
12/13/2018,37.43,37.18,37.49,37.11,1.48M,0.46%
12/12/18,37.26,37.08,37.33,37.01,2.79M,0.98%
12/11/18,36.9,36.84,37.09,36.6,2.12M,0.03%
12/10/18,36.89,36.91,37.17,36.64,5.22M,-0.73%
12/07/18,37.16,37.53,37.74,37.1,3.91M,-0.43%
12/06/18,37.32,37.11,37.34,36.66,6.10M,-0.72%
12/04/18,37.59,38.25,38.36,36.98,5.95M,-3.32%
12/03/18,38.88,39.68,39.68,38.86,1.79M,-1.29%
11/30/2018,39.39,39.39,39.63,39.32,1.80M,-0.78%
11/29/2018,39.7,39.67,39.9,39.43,2.96M,-0.80%
11/28/2018,40.02,39.71,40.04,39.6,4.00M,1.06%
11/27/2018,39.6,39.72,39.75,39.41,2.00M,-0.18%
11/26/2018,39.67,39.7,39.75,39.55,1.64M,0.40%
11/23/2018,39.51,39.12,39.53,39.06,816.81K,-0.15%
11/21/2018,39.57,39.68,39.89,39.52,1.69M,0.10%
11/20/2018,39.53,39.4,39.63,39.26,2.88M,-0.13%
11/19/2018,39.58,40,40,39.58,2.83M,-0.53%
11/16/2018,39.79,40.09,40.32,39.68,2.50M,-1.19%
11/15/2018,40.27,39.97,40.51,39.88,2.53M,0.27%
11/14/2018,40.16,40.6,40.73,39.86,3.57M,-0.35%
11/13/2018,40.3,40.41,40.63,40.27,2.74M,0.40%
11/12/18,40.14,40.26,40.27,40,1.59M,-1.38%
11/09/18,40.7,41.14,41.15,40.58,2.38M,-1.52%
11/08/18,41.33,40.97,41.38,40.96,1.97M,0.12%
11/07/18,41.28,40.79,41.36,40.63,3.30M,-0.27%
11/06/18,41.39,41.19,41.41,41.11,1.82M,0.12%
11/05/18,41.34,41.29,41.38,41.13,1.63M,-0.67%
11/02/18,41.62,40.78,41.7,40.73,3.75M,2.49%
11/01/18,40.61,41.01,41.04,40.52,2.02M,-0.20%
10/31/2018,40.69,40.57,40.94,40.42,2.65M,1.07%
10/30/2018,40.26,40.21,40.38,40.03,2.59M,0.98%
10/29/2018,39.87,39.79,40.2,39.66,3.05M,0.43%
10/26/2018,39.7,39.72,39.81,39.44,3.03M,-1.10%
10/25/2018,40.14,39.98,40.19,39.87,2.64M,0.68%
10/24/2018,39.87,40.11,40.19,39.8,2.84M,-1.34%
10/23/2018,40.41,39.8,40.48,39.64,4.19M,-0.74%
10/22/2018,40.71,40.38,40.73,40.32,2.33M,0.39%
10/19/2018,40.55,40.47,40.78,40.39,1.89M,0.40%
10/18/2018,40.39,40.7,40.7,40.1,4.43M,0.05%
10/17/2018,40.37,39.88,40.39,39.82,2.01M,1.25%
10/16/2018,39.87,40.04,40.24,39.84,1.40M,-0.33%
10/15/2018,40,39.84,40.16,39.79,1.74M,-0.05%
10/12/18,40.02,40.05,40.16,39.65,3.22M,0.76%
10/11/18,39.72,40.32,40.5,39.49,6.26M,-2.38%
10/10/18,40.69,40.94,41.21,40.64,6.20M,0.54%
10/09/18,40.47,40.94,41.01,40.44,2.84M,-1.96%
10/08/18,41.28,41.07,41.3,40.97,1.78M,0.73%
10/05/18,40.98,40.74,41.31,40.53,4.42M,1.66%
10/04/18,40.31,40.23,40.52,40.05,5.56M,1.41%
10/03/18,39.75,38.8,40.14,38.74,6.47M,3.60%
10/02/18,38.37,38.53,38.56,38.23,1.51M,-1.31%
10/01/18,38.88,38.53,38.89,38.43,1.34M,1.43%
09/28/2018,38.33,37.94,38.34,37.91,2.22M,0.60%
09/27/2018,38.1,38.3,38.42,38.05,2.25M,-0.05%
09/26/2018,38.12,38.5,38.7,38.08,4.38M,-1.70%
09/25/2018,38.78,38.93,38.98,38.75,1.37M,0.23%
09/24/2018,38.69,38.74,38.74,38.4,1.63M,0.60%
09/21/2018,38.46,38.66,38.66,38.37,1.55M,0.00%
09/20/2018,38.46,38.82,38.9,38.36,3.03M,-0.80%
09/19/2018,38.77,38.47,39.07,38.46,4.21M,1.17%
09/18/2018,38.32,37.87,38.43,37.86,2.42M,2.10%
09/17/2018,37.53,37.78,37.84,37.41,1.37M,-0.05%
09/14/2018,37.55,37.62,37.68,37.31,3.94M,0.97%
09/13/2018,37.19,37.01,37.28,36.9,2.30M,-0.21%
09/12/18,37.27,37.2,37.3,37.13,1.68M,-0.40%
09/11/18,37.42,37.2,37.49,37.13,2.04M,1.44%
09/10/18,36.89,37.12,37.13,36.87,1.09M,-0.70%
09/07/18,37.15,37.02,37.23,36.99,2.74M,1.64%
09/06/18,36.55,36.75,36.8,36.43,2.33M,-0.71%
09/05/18,36.81,36.76,36.9,36.66,2.39M,0.44%
09/04/18,36.65,36.64,36.78,36.56,3.70M,1.33%
08/31/2018,36.17,35.66,36.23,35.64,3.29M,0.42%
08/30/2018,36.02,35.97,36.12,35.89,2.30M,-0.36%
08/29/2018,36.15,36.19,36.39,36.08,2.24M,-0.22%
08/28/2018,36.23,36.16,36.35,36.1,2.22M,1.09%
08/27/2018,35.84,35.68,35.85,35.66,1.18M,1.24%
08/24/2018,35.4,35.79,35.85,35.37,1.98M,-0.39%
08/23/2018,35.54,35.54,35.69,35.48,2.19M,-0.25%
08/22/2018,35.63,35.55,35.81,35.52,1.75M,-0.75%
08/21/2018,35.9,35.93,36.1,35.83,1.55M,0.53%
08/20/2018,35.71,35.8,35.84,35.6,2.28M,-1.27%
08/17/2018,36.17,36.08,36.28,35.91,1.45M,-0.17%
08/16/2018,36.23,36.26,36.56,36.17,1.41M,0.00%
08/15/2018,36.23,36.33,36.38,36.05,2.69M,-1.09%
08/14/2018,36.63,36.39,36.71,36.39,1.54M,0.49%
08/13/2018,36.45,36.57,36.6,36.32,2.16M,0.30%
08/10/18,36.34,36.52,36.56,36.1,2.93M,-1.41%
08/09/18,36.86,37.21,37.27,36.84,2.05M,-1.63%
08/08/18,37.47,37.55,37.59,37.34,1.51M,-0.21%
08/07/18,37.55,37.33,37.6,37.28,1.84M,0.97%
08/06/18,37.19,37,37.21,36.83,1.48M,0.00%
08/03/18,37.19,37.44,37.46,37.16,1.89M,-0.99%
08/02/18,37.56,37.56,37.78,37.5,1.37M,-0.19%
08/01/18,37.63,37.75,37.91,37.43,2.71M,1.59%
07/31/2018,37.04,37,37.14,36.94,1.83M,-1.07%
07/30/2018,37.44,37.49,37.52,37.24,1.90M,0.78%
07/27/2018,37.15,36.92,37.22,36.92,1.11M,-0.40%
07/26/2018,37.3,37.03,37.38,36.93,1.74M,0.38%
07/25/2018,37.16,36.81,37.3,36.69,2.48M,0.41%
07/24/2018,37.01,37.27,37.37,36.94,2.89M,-0.62%
07/23/2018,37.24,36.62,37.34,36.62,4.93M,2.39%
07/20/2018,36.37,35.89,36.42,35.89,3.19M,2.34%
07/19/2018,35.54,35.8,35.8,35.41,2.49M,-1.09%
07/18/2018,35.93,35.64,36,35.64,1.45M,0.70%
07/17/2018,35.68,35.5,35.72,35.44,1.41M,0.39%
07/16/2018,35.54,35.53,35.86,35.5,1.83M,0.91%
07/13/2018,35.22,35.31,35.38,35.16,1.48M,-0.51%
07/12/18,35.4,35.56,35.56,35.38,2.07M,0.00%
07/11/18,35.4,35.39,35.61,35.33,1.53M,-0.70%
07/10/18,35.65,35.71,35.75,35.57,1.46M,0.03%
07/09/18,35.64,35.62,35.7,35.52,1.73M,1.16%
07/06/18,35.23,35.19,35.36,35.11,1.61M,-0.59%
07/05/18,35.44,35.58,35.63,35.33,1.87M,-0.62%
07/03/18,35.66,35.89,35.89,35.61,1.58M,-0.86%
07/02/18,35.97,35.77,36.02,35.75,2.75M,0.06%
06/29/2018,35.95,35.68,36,35.52,3.17M,0.67%
06/28/2018,35.71,35.71,35.89,35.64,2.79M,0.00%
06/27/2018,35.71,35.91,36.03,35.66,2.89M,-1.92%
06/26/2018,36.41,36.51,36.56,36.36,2.24M,-0.22%
06/25/2018,36.49,36.54,36.57,36.31,3.25M,-0.33%
06/22/2018,36.61,36.89,36.9,36.57,1.51M,-0.08%
06/21/2018,36.64,36.73,36.81,36.51,2.45M,-0.95%
06/20/2018,36.99,36.47,37,36.47,2.52M,1.51%
06/19/2018,36.44,36.41,36.56,36.26,2.63M,-1.17%
06/18/2018,36.87,36.72,36.98,36.66,1.89M,0.11%
06/15/2018,36.83,36.5,36.83,36.34,3.74M,-0.08%
06/14/2018,36.86,37.13,37.32,36.83,3.46M,-1.60%
06/13/2018,37.46,37.36,37.85,37.23,4.47M,0.08%
06/12/18,37.43,37.66,37.69,37.34,1.64M,0.00%
06/11/18,37.43,37.56,37.64,37.38,1.96M,0.46%
06/08/18,37.26,37.25,37.31,37.07,2.55M,0.59%
06/07/18,37.04,37.77,37.79,36.66,4.69M,-1.83%
06/06/18,37.73,37.54,37.95,37.54,3.28M,1.64%
06/05/18,37.12,37.01,37.22,36.89,2.51M,-0.64%
06/04/18,37.36,36.9,37.38,36.9,2.56M,1.47%
06/01/18,36.82,36.88,37.05,36.55,3.82M,1.07%
05/31/2018,36.43,36.22,36.58,35.97,5.91M,0.41%
05/30/2018,36.28,36.51,36.69,36.25,5.29M,1.23%
05/29/2018,35.84,36.72,36.92,35.61,8.86M,-4.25%
05/25/2018,37.43,37.46,37.52,37.29,2.84M,-1.29%
05/24/2018,37.92,38.02,38.04,37.77,3.74M,-1.56%
05/23/2018,38.52,38.6,38.69,38.38,3.28M,-1.38%
05/22/2018,39.06,38.94,39.22,38.9,1.60M,0.26%
05/21/2018,38.96,39.05,39.14,38.86,2.73M,0.03%
05/18/2018,38.95,39.46,39.46,38.9,4.38M,-1.72%
05/17/2018,39.63,39.38,39.73,39.25,4.34M,0.92%
05/16/2018,39.27,38.84,39.29,38.77,2.97M,0.90%
05/15/2018,38.92,38.73,39.31,38.73,4.82M,2.15%
05/14/2018,38.1,37.96,38.12,37.85,1.68M,1.09%
05/11/18,37.69,37.59,37.93,37.59,2.12M,-0.40%
05/10/18,37.84,38.11,38.23,37.81,2.50M,-1.59%
05/09/18,38.45,38.37,38.47,38.2,2.91M,1.21%
05/08/18,37.99,38.07,38.25,37.81,2.44M,0.13%
05/07/18,37.94,37.82,37.98,37.79,1.08M,0.37%
05/04/18,37.8,37.65,38.11,37.65,1.91M,-0.34%
05/03/18,37.93,37.87,37.98,37.6,2.66M,-0.81%
05/02/18,38.24,38,38.25,37.87,1.81M,0.31%
05/01/18,38.12,37.93,38.26,37.88,2.25M,0.66%
04/30/2018,37.87,37.94,38,37.62,3.29M,-0.50%
04/27/2018,38.06,38.28,38.31,37.98,2.94M,-1.48%
04/26/2018,38.63,38.77,38.87,38.51,2.08M,-1.23%
04/25/2018,39.11,38.96,39.29,38.81,3.30M,1.30%
04/24/2018,38.61,38.45,38.73,38.29,3.89M,0.84%
04/23/2018,38.29,38.42,38.54,38.19,3.68M,0.13%
04/20/2018,38.24,37.99,38.3,37.86,2.98M,1.43%
04/19/2018,37.7,37.65,38.03,37.61,4.11M,1.59%
04/18/2018,37.11,36.55,37.15,36.49,3.09M,1.56%
04/17/2018,36.54,36.75,36.8,36.34,2.63M,-0.57%
04/16/2018,36.75,37.17,37.2,36.72,1.72M,0.05%
04/13/2018,36.73,36.98,36.98,36.6,1.66M,-0.43%
04/12/18,36.89,36.64,37.04,36.63,3.08M,1.37%
04/11/18,36.39,36.13,36.51,36.13,3.21M,-0.63%
04/10/18,36.62,36.53,36.8,36.45,2.13M,0.33%
04/09/18,36.5,36.89,37.06,36.5,3.00M,-0.30%
04/06/18,36.61,36.88,37.13,36.55,3.71M,-2.11%
04/05/18,37.4,37.22,37.43,37.13,3.24M,1.49%
04/04/18,36.85,36.46,36.91,36.39,2.74M,0.35%
04/03/18,36.72,36.45,36.77,36.4,3.09M,1.46%
04/02/18,36.19,36.44,36.57,35.87,3.70M,-0.22%
03/29/2018,36.27,36.52,36.52,36.05,4.50M,-1.14%
03/28/2018,36.69,36.52,36.85,36.44,2.96M,-0.43%
03/27/2018,36.85,37.52,37.52,36.73,3.72M,-1.97%
03/26/2018,37.59,37.42,37.61,37.14,2.34M,0.72%
03/23/2018,37.32,37.62,37.65,37.22,3.54M,0.13%
03/22/2018,37.27,37.21,37.62,36.9,5.62M,-1.87%
03/21/2018,37.98,38.27,38.65,37.8,5.66M,-0.31%
03/20/2018,38.1,38.16,38.19,37.94,1.84M,0.79%
03/19/2018,37.8,37.93,37.97,37.48,3.59M,0.59%
03/16/2018,37.58,37.58,37.74,37.45,2.45M,0.80%
03/15/2018,37.28,37.32,37.51,37.14,3.32M,-0.11%
03/14/2018,37.32,37.83,37.83,37.19,3.61M,-1.56%
03/13/2018,37.91,38.1,38.4,37.83,3.53M,-1.12%
03/12/18,38.34,38.52,38.61,38.29,2.96M,-1.19%
03/09/18,38.8,38.74,38.98,38.54,2.56M,1.31%
03/08/18,38.3,38.51,38.54,38.06,1.85M,-1.11%
03/07/18,38.73,38.34,38.74,38.27,1.60M,0.31%
03/06/18,38.61,38.49,38.62,38.26,2.30M,-0.23%
03/05/18,38.7,38.24,38.97,38.21,2.41M,0.55%
03/02/18,38.49,38.19,38.63,38.11,2.99M,1.66%
03/01/18,37.86,38.46,38.63,37.69,4.90M,-1.35%
02/28/2018,38.38,38.58,38.71,38.32,3.29M,-1.24%
02/27/2018,38.86,38.54,39.37,38.45,4.17M,0.15%
02/26/2018,38.8,38.4,38.86,38.3,3.02M,0.03%
02/23/2018,38.79,38.97,39.04,38.64,3.23M,-1.77%
02/22/2018,39.49,39.37,39.55,39.08,3.00M,-0.48%
02/21/2018,39.68,38.74,39.86,38.7,4.59M,2.27%
02/20/2018,38.8,38.72,39.03,38.57,4.02M,0.99%
02/16/2018,38.42,38.19,38.65,38.08,3.50M,-1.03%
02/15/2018,38.82,38.74,38.88,38.35,3.71M,-0.64%
02/14/2018,39.07,38.59,39.23,38.53,4.73M,2.12%
02/13/2018,38.26,38.47,38.6,38.2,4.08M,-0.86%
02/12/18,38.59,38.48,38.76,38.03,4.42M,-0.85%
02/09/18,38.92,38.76,38.98,38.16,6.22M,1.43%
02/08/18,38.37,38.84,38.95,38.09,7.51M,0.10%
02/07/18,38.33,37.51,38.49,37.37,5.04M,2.02%
02/06/18,37.57,37.28,37.73,37.03,4.31M,1.35%
02/05/18,37.07,38.14,38.46,36.41,8.31M,-2.03%
02/02/18,37.84,37.54,38.11,37.47,8.04M,1.75%
02/01/18,37.19,36.12,37.23,36.1,4.41M,3.02%
01/31/2018,36.1,36.03,36.59,35.98,4.97M,-1.23%
01/30/2018,36.55,36.4,36.74,36.35,4.12M,1.19%
01/29/2018,36.12,36.01,36.37,36,3.49M,1.15%
01/26/2018,35.71,35.45,35.91,35.43,2.20M,0.99%
01/25/2018,35.36,35.88,36.07,35.29,4.50M,-1.61%
01/24/2018,35.94,36.02,36.23,35.87,3.57M,1.10%
01/23/2018,35.55,35.51,35.82,35.25,3.01M,-0.86%
01/22/2018,35.86,35.67,35.96,35.55,3.16M,-0.25%
01/19/2018,35.95,35.73,35.97,35.64,3.83M,1.10%
01/18/2018,35.56,35.45,35.66,35.24,3.95M,1.95%
01/17/2018,34.88,34.77,35.06,34.46,3.12M,0.29%
01/16/2018,34.78,34.74,35.07,34.66,3.05M,-0.91%
01/12/18,35.1,35.35,35.43,34.93,3.58M,-0.31%
01/11/18,35.21,35.63,35.79,35.03,4.72M,-0.76%
01/10/18,35.48,36.08,36.15,35.41,6.41M,0.11%
01/09/18,35.44,34.92,35.49,34.92,4.03M,2.84%
01/08/18,34.46,34.23,34.7,34.23,1.88M,0.06%
01/05/18,34.44,34.31,34.59,34.15,2.54M,0.61%
01/04/18,34.23,34.45,34.58,34.16,2.45M,0.12%
01/03/18,34.19,34.21,34.51,34.12,2.39M,-0.93%
01/02/18,34.51,33.99,34.72,33.98,3.59M,2.16%