Date,Close,Open,High,Low,Change %
"Mar 20, 2026",3.909,3.834,3.936,3.796,3.01%
"Mar 19, 2026",3.795,3.801,3.96,3.759,1.38%
"Mar 18, 2026",3.743,3.682,3.79,3.655,1.96%
"Mar 17, 2026",3.671,3.68,3.695,3.655,-0.24%
"Mar 16, 2026",3.68,3.708,3.715,3.669,-1.45%
15/03/26,3.706,3.711,3.711,3.706,-0.74%
13/03/26,3.734,3.737,3.761,3.688,-0.74%
12/03/26,3.762,3.686,3.766,3.638,3.47%
11/03/26,3.636,3.59,3.657,3.571,1.88%
10/03/26,3.569,3.556,3.596,3.53,-0.64%
09/03/26,3.592,3.614,3.635,3.536,1.01%
06/03/26,3.556,3.578,3.631,3.519,-1.19%
05/03/26,3.599,3.549,3.599,3.547,1.58%
04/03/26,3.543,3.523,3.553,3.498,1.23%
03/03/26,3.5,3.473,3.599,3.469,0.37%
02/03/26,3.487,3.373,3.502,3.365,3.20%
27/02/26,3.379,3.42,3.426,3.375,-2.00%
26/02/26,3.448,3.465,3.479,3.432,-0.66%
25/02/26,3.471,3.451,3.481,3.448,0.29%
24/02/26,3.461,3.444,3.472,3.444,0.61%
23/02/26,3.44,3.535,3.535,3.436,-1.15%
20/02/26,3.48,3.464,3.499,3.449,0.29%
19/02/26,3.47,3.462,3.487,3.455,0.29%
18/02/26,3.46,3.439,3.468,3.432,0.67%
17/02/26,3.437,3.41,3.445,3.385,0.74%
16/02/26,3.412,3.412,3.412,3.412,0.05%
13/02/26,3.41,3.458,3.485,3.401,-1.62%
12/02/26,3.466,3.514,3.516,3.454,-1.31%
11/02/26,3.512,3.448,3.551,3.444,1.68%
10/02/26,3.454,3.485,3.487,3.444,-0.83%
09/02/26,3.483,3.506,3.522,3.477,-0.34%
06/02/26,3.495,3.434,3.512,3.426,0.34%
05/02/26,3.483,3.555,3.563,3.453,-2.14%
04/02/26,3.559,3.568,3.586,3.549,-0.36%
03/02/26,3.572,3.574,3.592,3.561,0.06%
02/02/26,3.57,3.522,3.576,3.5,1.22%
30/01/26,3.527,3.565,3.58,3.522,-0.68%
29/01/26,3.551,3.567,3.586,3.543,-0.84%
28/01/26,3.581,3.569,3.598,3.563,0.34%
27/01/26,3.569,3.614,3.614,3.565,-0.58%
26/01/26,3.59,3.596,3.607,3.582,-0.42%
23/01/26,3.605,3.61,3.619,3.596,-0.25%
22/01/26,3.614,3.586,3.623,3.584,0.47%
21/01/26,3.597,3.588,3.599,3.57,0.00%
20/01/26,3.597,3.595,3.612,3.572,0.13%
19/01/26,3.592,3.59,3.592,3.59,-0.19%
16/01/26,3.599,3.564,3.613,3.556,0.98%
15/01/26,3.564,3.516,3.57,3.512,1.42%
14/01/26,3.514,3.533,3.534,3.506,-0.40%
13/01/26,3.528,3.536,3.566,3.499,-0.54%
12/01/26,3.547,3.53,3.551,3.518,0.20%
09/01/26,3.54,3.49,3.543,3.488,1.49%
08/01/26,3.488,3.478,3.499,3.453,0.55%
07/01/26,3.469,3.465,3.48,3.447,-0.12%
06/01/26,3.473,3.459,3.488,3.453,0.52%
05/01/26,3.455,3.481,3.481,3.447,-0.63%
02/01/26,3.477,3.494,3.496,3.463,0.05%
01/01/26,3.475,3.475,3.475,3.475,0.18%
31/12/25,3.469,3.457,3.479,3.438,0.43%
30/12/25,3.454,3.454,3.471,3.444,-0.32%
29/12/25,3.465,3.483,3.491,3.457,-0.52%
26/12/25,3.483,3.503,3.514,3.473,-0.59%
25/12/25,3.503,3.512,3.512,3.503,-0.19%
24/12/25,3.51,3.534,3.54,3.506,-0.51%
23/12/25,3.528,3.501,3.559,3.491,0.54%
22/12/25,3.509,3.488,3.513,3.486,0.69%
19/12/25,3.485,3.466,3.494,3.464,0.72%
18/12/25,3.46,3.479,3.485,3.433,-0.72%
17/12/25,3.485,3.493,3.512,3.483,0.17%
16/12/25,3.479,3.499,3.512,3.456,-0.83%
15/12/25,3.508,3.522,3.522,3.489,-0.65%
12/12/25,3.531,3.526,3.551,3.522,0.03%
11/12/25,3.53,3.528,3.547,3.501,-0.98%
10/12/25,3.565,3.617,3.627,3.53,-1.33%
09/12/25,3.613,3.579,3.621,3.565,0.84%
08/12/25,3.583,3.56,3.61,3.554,0.53%
05/12/25,3.564,3.525,3.569,3.516,0.93%
04/12/25,3.531,3.492,3.537,3.492,1.29%
03/12/25,3.486,3.508,3.51,3.471,-0.85%
02/12/25,3.516,3.53,3.551,3.51,-0.71%
01/12/25,3.541,3.502,3.541,3.481,1.43%
28/11/25,3.491,3.489,3.516,3.461,0.05%
27/11/25,3.489,3.487,3.489,3.487,0.24%
26/11/25,3.481,3.467,3.504,3.461,0.64%
25/11/25,3.459,3.489,3.51,3.453,-1.31%
24/11/25,3.505,3.512,3.533,3.499,-0.26%
21/11/25,3.514,3.543,3.558,3.484,-1.24%
20/11/25,3.558,3.602,3.64,3.533,-1.11%
19/11/25,3.598,3.577,3.6,3.556,0.47%
18/11/25,3.581,3.614,3.614,3.545,-0.80%
17/11/25,3.61,3.606,3.621,3.591,-0.11%
14/11/25,3.614,3.599,3.618,3.541,0.70%
13/11/25,3.589,3.57,3.608,3.564,0.64%
12/11/25,3.566,3.551,3.578,3.551,0.47%
11/11/25,3.549,3.549,3.549,3.549,-1.16%
10/11/25,3.591,3.586,3.605,3.572,0.96%
07/11/25,3.557,3.557,3.58,3.529,-0.25%
06/11/25,3.566,3.625,3.628,3.547,-1.82%
05/11/25,3.632,3.578,3.636,3.549,1.34%
04/11/25,3.584,3.607,3.609,3.568,-0.44%
03/11/25,3.6,3.59,3.613,3.578,-0.17%
31/10/25,3.606,3.608,3.619,3.576,-0.22%
30/10/25,3.614,3.596,3.635,3.58,0.78%
29/10/25,3.586,3.492,3.612,3.486,2.63%
28/10/25,3.494,3.488,3.516,3.482,-0.20%
27/10/25,3.501,3.501,3.518,3.493,0.49%
24/10/25,3.484,3.489,3.512,3.44,0.06%
23/10/25,3.482,3.447,3.497,3.438,1.10%
22/10/25,3.444,3.457,3.468,3.438,-0.32%
21/10/25,3.455,3.461,3.47,3.438,-0.26%
20/10/25,3.464,3.461,3.48,3.453,0.00%
17/10/25,3.464,3.408,3.47,3.376,1.11%
16/10/25,3.426,3.499,3.516,3.412,-2.28%
15/10/25,3.506,3.481,3.512,3.466,0.78%
14/10/25,3.479,3.504,3.518,3.466,-0.64%
13/10/25,3.501,3.501,3.501,3.501,-0.58%
10/10/25,3.522,3.593,3.593,3.501,-2.14%
09/10/25,3.599,3.578,3.603,3.576,0.42%
08/10/25,3.584,3.568,3.597,3.559,0.34%
07/10/25,3.572,3.588,3.605,3.564,-0.70%
06/10/25,3.597,3.578,3.601,3.572,0.70%
03/10/25,3.572,3.545,3.578,3.541,0.65%
02/10/25,3.549,3.535,3.574,3.531,0.11%
01/10/25,3.545,3.616,3.619,3.535,-1.64%
30/09/25,3.604,3.623,3.625,3.59,-0.80%
29/09/25,3.633,3.637,3.647,3.621,-0.38%
26/09/25,3.647,3.653,3.67,3.639,-0.44%
25/09/25,3.663,3.602,3.67,3.598,1.81%
24/09/25,3.598,3.567,3.608,3.559,0.17%
23/09/25,3.592,3.603,3.611,3.584,-0.25%
22/09/25,3.601,3.58,3.609,3.565,0.53%
19/09/25,3.582,3.566,3.59,3.561,0.39%
18/09/25,3.568,3.543,3.589,3.522,0.59%
17/09/25,3.547,3.505,3.582,3.468,1.05%
16/09/25,3.51,3.539,3.578,3.505,-0.71%
15/09/25,3.535,3.568,3.572,3.526,-0.65%
12/09/25,3.558,3.542,3.576,3.539,0.82%
11/09/25,3.529,3.546,3.585,3.475,-0.11%
10/09/25,3.533,3.558,3.56,3.517,-0.25%
09/09/25,3.542,3.49,3.563,3.484,1.34%
08/09/25,3.495,3.526,3.53,3.482,-0.34%
05/09/25,3.507,3.586,3.594,3.464,-2.37%
04/09/25,3.592,3.615,3.621,3.586,-0.55%
03/09/25,3.612,3.645,3.662,3.602,-1.26%
02/09/25,3.658,3.637,3.678,3.631,0.57%
01/09/25,3.637,3.637,3.637,3.637,0.39%
29/08/25,3.623,3.639,3.648,3.606,-0.33%
28/08/25,3.635,3.619,3.649,3.613,0.33%
27/08/25,3.623,3.656,3.668,3.611,-1.47%
26/08/25,3.677,3.728,3.728,3.675,-1.42%
25/08/25,3.73,3.709,3.738,3.709,1.14%
22/08/25,3.688,3.786,3.806,3.675,-2.74%
21/08/25,3.792,3.754,3.806,3.746,1.28%
20/08/25,3.744,3.756,3.767,3.714,-0.27%
19/08/25,3.754,3.767,3.776,3.74,-0.50%
18/08/25,3.773,3.757,3.778,3.738,0.37%
15/08/25,3.759,3.73,3.761,3.711,0.53%
14/08/25,3.739,3.681,3.747,3.655,1.41%
13/08/25,3.687,3.735,3.745,3.668,-1.18%
12/08/25,3.731,3.77,3.806,3.71,-0.61%
11/08/25,3.754,3.754,3.773,3.746,-0.11%
08/08/25,3.758,3.724,3.766,3.724,0.64%
07/08/25,3.734,3.712,3.736,3.703,0.89%
06/08/25,3.701,3.724,3.745,3.697,-0.40%
05/08/25,3.716,3.669,3.73,3.667,0.95%
04/08/25,3.681,3.659,3.731,3.659,-0.62%
01/08/25,3.704,3.959,3.999,3.667,-6.25%
31/07/25,3.951,3.945,3.963,3.914,0.36%
30/07/25,3.937,3.869,3.947,3.863,1.60%
29/07/25,3.875,3.916,3.928,3.867,-1.45%
28/07/25,3.932,3.938,3.94,3.906,0.38%
25/07/25,3.917,3.914,3.932,3.91,-0.20%
24/07/25,3.925,3.88,3.933,3.878,1.06%
23/07/25,3.884,3.842,3.891,3.838,1.38%
22/07/25,3.831,3.865,3.874,3.823,-0.55%
21/07/25,3.852,3.886,3.886,3.84,-0.59%
18/07/25,3.875,3.885,3.903,3.859,-1.07%
17/07/25,3.917,3.898,3.944,3.885,0.82%
16/07/25,3.885,3.95,3.959,3.86,-1.87%
15/07/25,3.959,3.9,3.963,3.885,1.56%
14/07/25,3.898,3.881,3.91,3.877,-0.41%
11/07/25,3.914,3.876,3.916,3.862,1.19%
10/07/25,3.868,3.847,3.889,3.837,0.16%
09/07/25,3.862,3.895,3.909,3.847,-1.20%
08/07/25,3.909,3.895,3.92,3.886,0.35%
07/07/25,3.896,3.855,3.905,3.851,0.27%
03/07/25,3.885,3.774,3.915,3.754,2.51%
02/07/25,3.79,3.773,3.803,3.746,0.49%
01/07/25,3.771,3.723,3.787,3.697,1.21%
30/06/25,3.726,3.744,3.75,3.713,-0.47%
27/06/25,3.744,3.727,3.764,3.719,0.69%
26/06/25,3.718,3.764,3.773,3.709,-1.62%
25/06/25,3.78,3.793,3.818,3.768,-1.05%
24/06/25,3.82,3.859,3.868,3.806,-1.10%
23/06/25,3.862,3.918,3.933,3.81,-1.06%
20/06/25,3.904,3.922,3.967,3.893,-0.54%
19/06/25,3.924,3.924,3.924,3.924,-0.35%
18/06/25,3.938,3.952,3.96,3.891,-0.16%
17/06/25,3.944,3.95,3.977,3.912,-0.66%
16/06/25,3.971,3.962,3.994,3.941,0.56%
13/06/25,3.949,3.872,3.979,3.856,0.96%
12/06/25,3.911,3.941,3.951,3.876,-1.00%
11/06/25,3.95,4.022,4.05,3.939,-1.79%
10/06/25,4.022,4.01,4.024,3.983,0.50%
09/06/25,4.002,4.024,4.035,3.993,-0.82%
06/06/25,4.036,3.918,4.045,3.908,2.97%
05/06/25,3.919,3.871,3.937,3.833,1.33%
04/06/25,3.868,3.947,3.97,3.858,-2.21%
03/06/25,3.955,3.937,3.972,3.914,0.50%
02/06/25,3.936,3.906,3.947,3.895,0.97%
30/05/25,3.898,3.947,3.951,3.893,-1.02%
29/05/25,3.938,4.031,4.052,3.934,-1.34%
28/05/25,3.991,3.961,4.004,3.951,0.39%
27/05/25,3.975,3.993,4,3.962,-0.50%
26/05/25,3.995,3.993,3.995,3.993,0.11%
23/05/25,3.991,3.992,4,3.904,0.06%
22/05/25,3.989,4.019,4.022,3.975,-0.76%
21/05/25,4.019,3.962,4.024,3.958,1.26%
20/05/25,3.969,3.979,3.998,3.956,-0.05%
19/05/25,3.971,3.983,4.04,3.966,-0.49%
16/05/25,3.991,3.963,4.012,3.921,0.95%
15/05/25,3.953,4.051,4.062,3.954,-2.58%
14/05/25,4.058,4.006,4.063,3.986,1.40%
13/05/25,4.002,4.002,4.027,3.96,-0.15%
12/05/25,4.008,3.926,4.021,3.91,3.10%
09/05/25,3.888,3.874,3.897,3.835,0.22%
08/05/25,3.879,3.787,3.907,3.779,2.63%
07/05/25,3.78,3.812,3.828,3.76,-0.08%
06/05/25,3.783,3.845,3.853,3.779,-1.48%
05/05/25,3.839,3.809,3.857,3.789,0.43%
02/05/25,3.823,3.688,3.845,3.686,3.44%
01/05/25,3.696,3.619,3.723,3.558,2.34%
30/04/25,3.611,3.65,3.676,3.591,-1.18%
29/04/25,3.654,3.701,3.715,3.648,-0.86%
28/04/25,3.686,3.764,3.783,3.678,-1.85%
25/04/25,3.755,3.805,3.824,3.748,-0.95%
24/04/25,3.791,3.856,3.856,3.787,-1.99%
23/04/25,3.868,3.844,3.879,3.762,1.25%
22/04/25,3.82,3.762,3.823,3.76,1.39%
21/04/25,3.768,3.767,3.796,3.716,-0.83%
17/04/25,3.799,3.786,3.819,3.758,0.65%
16/04/25,3.775,3.828,3.832,3.77,-1.96%
15/04/25,3.85,3.845,3.883,3.812,-0.03%
14/04/25,3.851,3.935,3.952,3.826,-3.03%
11/04/25,3.971,3.814,3.977,3.797,2.92%
10/04/25,3.859,3.891,3.904,3.785,-1.30%
09/04/25,3.91,3.705,4.039,3.657,4.89%
08/04/25,3.728,3.753,3.864,3.672,-1.51%
07/04/25,3.785,3.461,3.86,3.435,3.95%
04/04/25,3.641,3.686,3.705,3.465,-1.39%
03/04/25,3.692,3.766,3.825,3.686,-3.83%
02/04/25,3.839,3.904,3.961,3.834,-0.90%
01/04/25,3.874,3.889,3.893,3.844,-0.32%
31/03/25,3.886,3.865,3.924,3.838,-0.63%
28/03/25,3.911,4,4,3.904,-2.08%
27/03/25,3.994,4.004,4.039,3.98,-0.64%
26/03/25,4.02,4.006,4.025,3.994,0.08%
25/03/25,4.016,4.037,4.058,3.996,-0.58%
24/03/25,4.04,3.978,4.043,3.973,2.19%
21/03/25,3.953,3.964,3.974,3.912,-0.26%
20/03/25,3.964,3.972,3.993,3.917,-0.27%
19/03/25,3.974,4.046,4.107,3.97,-1.62%
18/03/25,4.04,4.048,4.063,4.025,-0.16%
17/03/25,4.046,4.002,4.065,4,0.62%
14/03/25,4.021,3.959,4.025,3.957,1.65%
13/03/25,3.956,3.995,4.016,3.93,-0.79%
12/03/25,3.988,3.943,4.005,3.914,0.99%
11/03/25,3.948,3.867,3.954,3.829,1.54%
10/03/25,3.888,3.962,3.989,3.881,-2.76%
07/03/25,3.999,3.967,4.023,3.896,0.87%
06/03/25,3.964,4.017,4.044,3.918,-1.04%
05/03/25,4.006,3.978,4.011,3.895,0.59%
04/03/25,3.982,3.941,3.995,3.842,0.64%
03/03/25,3.957,4.024,4.04,3.941,-0.70%
28/02/25,3.985,4.049,4.073,3.985,-1.64%
27/02/25,4.051,4.084,4.119,4.049,-0.53%
26/02/25,4.073,4.092,4.133,4.065,-0.63%
25/02/25,4.098,4.166,4.168,4.074,-1.73%
24/02/25,4.17,4.217,4.226,4.164,-0.68%
21/02/25,4.199,4.274,4.275,4.187,-1.64%
20/02/25,4.269,4.272,4.274,4.249,-0.04%
19/02/25,4.271,4.308,4.312,4.27,-0.78%
18/02/25,4.304,4.259,4.31,4.259,1.04%
14/02/25,4.26,4.309,4.311,4.24,-1.11%
13/02/25,4.308,4.355,4.364,4.3,-1.10%
12/02/25,4.356,4.294,4.389,4.281,1.57%
11/02/25,4.289,4.281,4.3,4.275,0.27%
10/02/25,4.277,4.287,4.296,4.25,-0.29%
07/02/25,4.289,4.216,4.295,4.212,1.84%
06/02/25,4.212,4.195,4.222,4.185,0.60%
05/02/25,4.187,4.228,4.23,4.164,-0.64%
04/02/25,4.214,4.267,4.274,4.21,-0.83%
03/02/25,4.249,4.274,4.282,4.207,1.04%
31/01/25,4.205,4.214,4.238,4.191,-0.17%
30/01/25,4.212,4.222,4.226,4.191,-0.15%
29/01/25,4.219,4.193,4.263,4.185,0.56%
28/01/25,4.195,4.215,4.232,4.195,-0.05%
27/01/25,4.197,4.263,4.266,4.169,-1.50%
24/01/25,4.261,4.283,4.285,4.242,-0.62%
23/01/25,4.288,4.298,4.31,4.278,-0.27%
22/01/25,4.3,4.283,4.304,4.261,0.62%
21/01/25,4.273,4.232,4.295,4.219,-0.20%
17/01/25,4.282,4.241,4.287,4.221,1.14%
16/01/25,4.233,4.27,4.316,4.226,-0.77%
15/01/25,4.266,4.371,4.373,4.257,-2.34%
14/01/25,4.368,4.375,4.405,4.356,-0.50%
13/01/25,4.39,4.415,4.426,4.381,0.19%
10/01/25,4.381,4.256,4.398,4.256,2.75%
09/01/25,4.264,4.283,4.287,4.253,-0.49%
08/01/25,4.285,4.297,4.314,4.26,-0.05%
07/01/25,4.287,4.283,4.32,4.256,0.44%
06/01/25,4.268,4.295,4.301,4.247,-0.29%
03/01/25,4.281,4.237,4.287,4.229,0.87%
02/01/25,4.244,4.24,4.268,4.207,0.17%
31/12/24,4.236,4.24,4.26,4.217,-0.15%
30/12/24,4.243,4.324,4.33,4.244,-1.97%
27/12/24,4.328,4.33,4.343,4.306,-0.07%
26/12/24,4.331,4.345,4.367,4.324,-0.12%
24/12/24,4.337,4.33,4.359,4.33,-0.03%
23/12/24,4.338,4.31,4.351,4.31,0.47%
20/12/24,4.318,4.321,4.321,4.251,0.00%
19/12/24,4.318,4.352,4.357,4.285,-0.90%
18/12/24,4.357,4.24,4.367,4.209,2.64%
17/12/24,4.245,4.247,4.299,4.234,-0.15%
16/12/24,4.251,4.234,4.257,4.222,0.20%
13/12/24,4.243,4.193,4.251,4.182,1.09%
12/12/24,4.197,4.153,4.201,4.132,1.00%
11/12/24,4.155,4.147,4.195,4.101,0.25%
10/12/24,4.145,4.122,4.17,4.114,0.45%
09/12/24,4.127,4.098,4.133,4.097,0.75%
06/12/24,4.096,4.15,4.227,4.077,-1.14%
05/12/24,4.143,4.136,4.177,4.134,0.35%
04/12/24,4.129,4.184,4.21,4.115,-1.24%
03/12/24,4.181,4.18,4.194,4.144,-0.10%
02/12/24,4.185,4.184,4.235,4.167,0.59%
29/11/24,4.16,4.231,4.231,4.155,-1.63%
27/11/24,4.229,4.256,4.256,4.194,-0.41%
26/11/24,4.247,4.266,4.297,4.238,-0.56%
25/11/24,4.271,4.343,4.365,4.264,-2.51%
22/11/24,4.38,4.349,4.381,4.32,0.78%
21/11/24,4.347,4.312,4.357,4.285,0.62%
20/11/24,4.32,4.287,4.321,4.268,0.89%
19/11/24,4.281,4.282,4.287,4.21,0.05%
18/11/24,4.279,4.307,4.337,4.278,-0.63%
15/11/24,4.306,4.355,4.379,4.269,-1.15%
14/11/24,4.356,4.296,4.37,4.242,1.75%
13/11/24,4.281,4.351,4.376,4.244,-1.40%
12/11/24,4.342,4.29,4.367,4.275,2.18%
08/11/24,4.25,4.21,4.269,4.168,1.33%
07/11/24,4.194,4.274,4.282,4.191,-1.63%
06/11/24,4.264,4.183,4.312,4.179,1.84%
05/11/24,4.187,4.166,4.241,4.16,0.50%
04/11/24,4.166,4.16,4.187,4.129,-1.03%
01/11/24,4.209,4.176,4.247,4.065,0.99%
31/10/24,4.168,4.179,4.218,4.148,-0.10%
30/10/24,4.172,4.1,4.187,4.074,1.29%
29/10/24,4.119,4.131,4.179,4.098,-0.56%
28/10/24,4.142,4.128,4.161,4.097,1.07%
25/10/24,4.098,4.074,4.115,4.036,0.79%
24/10/24,4.066,4.089,4.089,4.034,-0.49%
23/10/24,4.086,4.039,4.089,4.037,1.33%
22/10/24,4.032,4.025,4.06,4.011,0.02%
21/10/24,4.032,3.959,4.036,3.948,2.06%
18/10/24,3.95,3.972,3.986,3.944,-0.65%
17/10/24,3.976,3.94,4.014,3.938,0.87%
16/10/24,3.942,3.947,3.956,3.919,-0.20%
15/10/24,3.95,3.968,3.974,3.927,-0.52%
14/10/24,3.97,3.966,3.97,3.966,0.42%
11/10/24,3.953,3.957,3.991,3.932,-0.26%
10/10/24,3.964,4.022,4.094,3.953,-1.44%
09/10/24,4.022,3.964,4.028,3.941,1.49%
08/10/24,3.962,3.976,3.998,3.941,-0.82%
07/10/24,3.995,3.953,4.027,3.932,1.82%
04/10/24,3.924,3.699,3.934,3.689,5.90%
03/10/24,3.705,3.648,3.716,3.639,1.87%
02/10/24,3.637,3.608,3.658,3.6,0.86%
01/10/24,3.606,3.639,3.647,3.572,-1.06%
30/09/24,3.645,3.567,3.672,3.559,2.47%
27/09/24,3.557,3.625,3.643,3.557,-1.91%
26/09/24,3.627,3.557,3.633,3.531,1.84%
25/09/24,3.561,3.506,3.565,3.506,0.60%
24/09/24,3.54,3.578,3.618,3.534,-1.30%
23/09/24,3.587,3.601,3.625,3.563,-0.30%
20/09/24,3.597,3.579,3.648,3.562,0.27%
19/09/24,3.588,3.63,3.659,3.573,-1.10%
18/09/24,3.628,3.603,3.722,3.54,0.57%
17/09/24,3.607,3.557,3.617,3.542,1.46%
16/09/24,3.555,3.588,3.588,3.528,-0.88%
13/09/24,3.587,3.604,3.612,3.562,-1.67%
12/09/24,3.648,3.646,3.702,3.614,-0.06%
11/09/24,3.65,3.59,3.693,3.55,1.49%
10/09/24,3.596,3.671,3.7,3.592,-2.03%
09/09/24,3.671,3.661,3.71,3.656,0.45%
06/09/24,3.654,3.746,3.841,3.595,-2.27%
05/09/24,3.739,3.75,3.793,3.713,-0.71%
04/09/24,3.766,3.871,3.873,3.756,-2.51%
03/09/24,3.863,3.935,3.941,3.853,-1.78%
02/09/24,3.933,3.929,3.933,3.929,0.37%
30/08/24,3.919,3.9,3.935,3.896,0.53%
29/08/24,3.898,3.861,3.908,3.853,0.80%
28/08/24,3.867,3.863,3.877,3.849,-0.82%
27/08/24,3.899,3.929,3.963,3.897,-0.98%
26/08/24,3.938,3.901,3.94,3.877,0.74%
23/08/24,3.909,3.997,4.021,3.903,-2.62%
22/08/24,4.014,3.947,4.025,3.921,2.07%
21/08/24,3.933,3.984,4.01,3.893,-1.54%
20/08/24,3.994,4.062,4.074,3.988,-1.92%
19/08/24,4.072,4.083,4.087,4.035,0.45%
16/08/24,4.054,4.106,4.108,4.027,-1.21%
15/08/24,4.103,3.962,4.118,3.947,3.62%
14/08/24,3.96,3.938,4.081,3.918,0.62%
13/08/24,3.936,4.013,4.031,3.934,-2.13%
12/08/24,4.021,4.055,4.084,4.005,-0.88%
09/08/24,4.057,4.032,4.063,4.003,0.53%
08/08/24,4.036,3.941,4.083,3.917,1.34%
07/08/24,3.983,3.969,4.043,3.957,-0.22%
06/08/24,3.991,3.965,4.029,3.913,2.30%
05/08/24,3.902,3.869,3.949,3.654,0.73%
02/08/24,3.874,4.148,4.156,3.845,-6.80%
01/08/24,4.156,4.278,4.299,4.14,-2.42%
31/07/24,4.26,4.365,4.398,4.257,-2.32%
30/07/24,4.361,4.404,4.41,4.348,-0.94%
29/07/24,4.402,4.389,4.404,4.361,0.33%
26/07/24,4.387,4.431,4.46,4.375,-1.07%
25/07/24,4.435,4.42,4.451,4.34,0.05%
24/07/24,4.433,4.455,4.462,4.377,-1.40%
23/07/24,4.496,4.519,4.525,4.481,-0.57%
22/07/24,4.521,4.504,4.543,4.498,0.09%
19/07/24,4.517,4.463,4.517,4.456,1.03%
18/07/24,4.471,4.44,4.478,4.431,0.75%
17/07/24,4.438,4.428,4.478,4.427,0.37%
16/07/24,4.421,4.449,4.474,4.409,-0.86%
15/07/24,4.46,4.472,4.476,4.42,0.04%
12/07/24,4.458,4.515,4.54,4.449,-1.27%
11/07/24,4.515,4.622,4.643,4.488,-2.36%
10/07/24,4.624,4.626,4.639,4.603,-0.05%
09/07/24,4.626,4.628,4.654,4.618,-0.18%
08/07/24,4.635,4.616,4.639,4.612,0.63%
05/07/24,4.606,4.714,4.756,4.599,-2.35%
04/07/24,4.716,4.72,4.72,4.716,0.18%
03/07/24,4.708,4.741,4.779,4.67,-0.92%
02/07/24,4.752,4.76,4.764,4.712,-0.17%
01/07/24,4.76,4.749,4.795,4.729,0.22%
28/06/24,4.749,4.714,4.758,4.664,0.79%
27/06/24,4.712,4.751,4.764,4.7,-0.87%
26/06/24,4.753,4.702,4.753,4.702,0.19%
25/06/24,4.745,4.732,4.755,4.717,0.45%
24/06/24,4.723,4.732,4.749,4.719,-0.23%
21/06/24,4.734,4.746,4.748,4.696,-0.11%
20/06/24,4.739,4.725,4.756,4.71,0.22%
19/06/24,4.729,4.727,4.729,4.727,0.23%
18/06/24,4.718,4.759,4.78,4.693,-1.03%
17/06/24,4.768,4.721,4.77,4.704,1.30%
14/06/24,4.707,4.705,4.728,4.656,0.07%
13/06/24,4.703,4.743,4.771,4.665,-1.11%
12/06/24,4.756,4.84,4.846,4.67,-1.61%
11/06/24,4.834,4.88,4.883,4.826,-1.04%
10/06/24,4.885,4.897,4.897,4.87,-0.09%
07/06/24,4.889,4.73,4.891,4.728,3.44%
06/06/24,4.726,4.733,4.753,4.716,0.04%
05/06/24,4.724,4.773,4.795,4.722,-1.01%
04/06/24,4.773,4.812,4.831,4.749,-0.82%
03/06/24,4.812,4.873,4.887,4.812,-1.32%
31/05/24,4.877,4.923,4.956,4.866,-1.02%
30/05/24,4.927,4.981,4.985,4.921,-0.96%
29/05/24,4.975,4.958,5.002,4.948,-0.08%
28/05/24,4.978,4.935,4.981,4.903,0.88%
27/05/24,4.935,4.938,4.938,4.935,-0.26%
24/05/24,4.948,4.933,4.959,4.918,0.18%
23/05/24,4.94,4.871,4.959,4.858,1.32%
22/05/24,4.875,4.833,4.882,4.829,0.93%
21/05/24,4.831,4.848,4.852,4.816,-0.44%
20/05/24,4.852,4.82,4.852,4.812,0.53%
17/05/24,4.827,4.787,4.831,4.774,0.65%
16/05/24,4.795,4.724,4.8,4.705,1.47%
15/05/24,4.726,4.823,4.825,4.711,-1.97%
14/05/24,4.821,4.853,4.899,4.817,-0.96%
13/05/24,4.868,4.861,4.868,4.825,-0.09%
10/05/24,4.872,4.822,4.872,4.811,1.13%
09/05/24,4.818,4.839,4.857,4.803,-0.48%
08/05/24,4.841,4.83,4.847,4.822,0.21%
07/05/24,4.83,4.837,4.839,4.801,-0.05%
06/05/24,4.833,4.797,4.837,4.787,0.56%
03/05/24,4.806,4.881,4.893,4.716,-1.54%
02/05/24,4.881,4.966,4.975,4.875,-1.76%
01/05/24,4.969,5.035,5.044,4.925,-1.36%
30/04/24,5.037,4.973,5.045,4.966,1.17%
29/04/24,4.979,4.996,4.997,4.968,-0.29%
26/04/24,4.993,5.002,5.012,4.966,-0.12%
25/04/24,5,4.927,5.027,4.896,1.39%
24/04/24,4.931,4.912,4.952,4.908,-0.13%
23/04/24,4.937,4.971,5,4.912,-0.73%
22/04/24,4.973,4.992,5.009,4.952,-0.29%
19/04/24,4.988,4.978,4.99,4.877,-0.05%
18/04/24,4.99,4.934,4.995,4.911,1.14%
17/04/24,4.934,4.989,5.001,4.915,-1.02%
16/04/24,4.985,4.931,5.011,4.914,1.22%
15/04/24,4.925,4.899,4.999,4.884,0.62%
12/04/24,4.894,4.95,4.952,4.858,-1.17%
11/04/24,4.952,4.965,5.012,4.918,-0.41%
10/04/24,4.973,4.747,4.988,4.72,4.86%
09/04/24,4.743,4.791,4.801,4.728,-1.05%
08/04/24,4.793,4.757,4.795,4.755,0.89%
05/04/24,4.751,4.647,4.755,4.639,2.26%
04/04/24,4.645,4.668,4.7,4.635,-0.58%
03/04/24,4.672,4.693,4.739,4.67,-0.44%
02/04/24,4.693,4.695,4.733,4.687,-0.39%
01/04/24,4.712,4.603,4.726,4.595,1.80%
28/03/24,4.628,4.603,4.637,4.595,1.32%
27/03/24,4.568,4.593,4.603,4.558,-0.54%
26/03/24,4.593,4.587,4.618,4.572,-0.79%
25/03/24,4.63,4.593,4.642,4.585,0.74%
22/03/24,4.595,4.634,4.636,4.585,-1.02%
21/03/24,4.643,4.594,4.647,4.558,0.83%
20/03/24,4.604,4.687,4.692,4.6,-1.77%
19/03/24,4.687,4.732,4.74,4.685,-1.03%
18/03/24,4.736,4.734,4.751,4.708,0.09%
15/03/24,4.732,4.696,4.738,4.681,0.82%
14/03/24,4.694,4.637,4.7,4.622,1.32%
13/03/24,4.632,4.586,4.639,4.582,1.05%
12/03/24,4.584,4.532,4.616,4.515,1.02%
11/03/24,4.538,4.49,4.544,4.473,1.35%
08/03/24,4.478,4.508,4.563,4.409,-0.57%
07/03/24,4.503,4.558,4.572,4.501,-1.28%
06/03/24,4.562,4.556,4.57,4.51,0.00%
05/03/24,4.562,4.608,4.612,4.527,-1.09%
04/03/24,4.612,4.544,4.614,4.544,1.74%
01/03/24,4.533,4.623,4.648,4.519,-1.94%
29/02/24,4.623,4.648,4.704,4.606,-0.45%
28/02/24,4.644,4.697,4.7,4.641,-1.06%
27/02/24,4.693,4.704,4.72,4.668,-0.80%
26/02/24,4.731,4.698,4.744,4.662,0.93%
23/02/24,4.688,4.759,4.759,4.672,-0.56%
22/02/24,4.714,4.668,4.727,4.645,0.97%
21/02/24,4.668,4.614,4.675,4.583,1.17%
20/02/24,4.614,4.65,4.661,4.572,-0.86%
19/02/24,4.654,4.652,4.654,4.652,0.23%
16/02/24,4.644,4.585,4.721,4.582,1.43%
15/02/24,4.578,4.578,4.587,4.502,-0.09%
14/02/24,4.582,4.664,4.668,4.552,-1.89%
13/02/24,4.67,4.478,4.673,4.449,4.25%
12/02/24,4.48,4.491,4.491,4.451,-0.14%
09/02/24,4.486,4.452,4.499,4.423,0.58%
08/02/24,4.46,4.424,4.462,4.412,0.76%
07/02/24,4.427,4.406,4.433,4.362,0.62%
06/02/24,4.399,4.457,4.479,4.383,-1.68%
05/02/24,4.474,4.399,4.483,4.399,2.34%
02/02/24,4.372,4.202,4.407,4.196,3.83%
01/02/24,4.211,4.233,4.26,4.135,0.05%
31/01/24,4.209,4.337,4.339,4.186,-2.99%
30/01/24,4.339,4.328,4.388,4.295,0.38%
29/01/24,4.322,4.349,4.353,4.304,-0.80%
26/01/24,4.357,4.285,4.37,4.281,1.34%
25/01/24,4.299,4.386,4.415,4.297,-1.93%
24/01/24,4.384,4.339,4.388,4.287,0.27%
23/01/24,4.372,4.393,4.419,4.37,-0.48%
22/01/24,4.393,4.408,4.417,4.365,0.10%
19/01/24,4.389,4.359,4.421,4.344,0.79%
18/01/24,4.354,4.357,4.382,4.312,-0.14%
17/01/24,4.361,4.228,4.376,4.203,3.30%
16/01/24,4.222,4.19,4.262,4.161,0.80%
15/01/24,4.188,4.19,4.19,4.186,1.01%
12/01/24,4.146,4.245,4.287,4.119,-2.43%
11/01/24,4.249,4.356,4.396,4.245,-2.54%
10/01/24,4.36,4.352,4.379,4.329,-0.14%
09/01/24,4.366,4.368,4.393,4.354,-0.19%
08/01/24,4.375,4.398,4.406,4.302,-0.42%
05/01/24,4.393,4.38,4.494,4.314,0.15%
04/01/24,4.387,4.326,4.399,4.299,1.25%
03/01/24,4.333,4.335,4.382,4.312,0.19%
02/01/24,4.324,4.254,4.353,4.254,1.75%
01/01/24,4.25,4.25,4.25,4.25,0.00%
29/12/23,4.25,4.277,4.314,4.244,-0.68%
28/12/23,4.279,4.25,4.293,4.248,0.92%
27/12/23,4.24,4.308,4.31,4.231,-2.68%
26/12/23,4.356,4.336,4.382,4.327,0.47%
25/12/23,4.336,4.338,4.338,4.336,0.15%
22/12/23,4.329,4.341,4.376,4.315,-0.51%
21/12/23,4.352,4.348,4.387,4.299,0.27%
20/12/23,4.34,4.437,4.442,4.331,-2.29%
19/12/23,4.442,4.446,4.467,4.414,-0.20%
18/12/23,4.451,4.447,4.465,4.409,0.03%
15/12/23,4.449,4.394,4.487,4.359,1.43%
14/12/23,4.386,4.42,4.424,4.282,-1.05%
13/12/23,4.433,4.733,4.737,4.424,-6.38%
12/12/23,4.735,4.716,4.75,4.638,0.53%
11/12/23,4.71,4.735,4.775,4.71,-0.27%
08/12/23,4.723,4.595,4.74,4.595,2.84%
07/12/23,4.593,4.595,4.638,4.565,-0.10%
06/12/23,4.597,4.581,4.624,4.574,0.45%
05/12/23,4.577,4.639,4.646,4.56,-1.31%
04/12/23,4.637,4.58,4.668,4.58,1.90%
01/12/23,4.551,4.668,4.712,4.54,-3.07%
30/11/23,4.695,4.652,4.734,4.618,1.06%
29/11/23,4.646,4.728,4.736,4.608,-2.05%
28/11/23,4.742,4.869,4.892,4.73,-3.02%
27/11/23,4.89,4.963,4.985,4.884,-1.31%
24/11/23,4.955,4.932,4.961,4.925,0.47%
23/11/23,4.932,4.927,4.932,4.927,0.70%
22/11/23,4.898,4.872,4.94,4.844,0.30%
21/11/23,4.883,4.905,4.919,4.862,-0.74%
20/11/23,4.919,4.896,4.928,4.881,0.52%
17/11/23,4.894,4.833,4.917,4.796,0.90%
16/11/23,4.85,4.905,4.91,4.819,-1.34%
15/11/23,4.916,4.842,4.937,4.825,1.66%
14/11/23,4.836,5.045,5.05,4.809,-3.91%
13/11/23,5.033,5.062,5.081,5.024,-0.71%
10/11/23,5.069,5.024,5.073,4.976,0.80%
09/11/23,5.029,4.93,5.041,4.919,1.87%
08/11/23,4.936,4.922,4.957,4.909,0.42%
07/11/23,4.915,4.935,4.957,4.888,-0.51%
06/11/23,4.941,4.855,4.945,4.851,1.98%
03/11/23,4.845,4.994,5.006,4.807,-3.02%
02/11/23,4.996,4.931,5,4.914,0.97%
01/11/23,4.948,5.083,5.087,4.933,-2.66%
31/10/23,5.083,5.048,5.091,5.012,0.66%
30/10/23,5.05,5.033,5.071,5.021,0.70%
27/10/23,5.015,5.048,5.062,5,-0.62%
26/10/23,5.046,5.114,5.148,5.023,-1.54%
25/10/23,5.125,5.062,5.131,5.054,0.34%
24/10/23,5.108,5.062,5.133,5.052,1.19%
23/10/23,5.047,5.097,5.135,5.043,-0.47%
20/10/23,5.071,5.163,5.169,5.06,-1.74%
19/10/23,5.161,5.229,5.259,5.152,-1.14%
18/10/23,5.22,5.214,5.244,5.171,0.13%
17/10/23,5.214,5.105,5.241,5.096,2.22%
16/10/23,5.101,5.073,5.103,5.049,0.84%
13/10/23,5.058,5.069,5.071,5.014,-0.25%
12/10/23,5.071,4.986,5.086,4.978,1.69%
11/10/23,4.986,4.972,5.024,4.951,0.38%
10/10/23,4.968,4.932,5.02,4.926,0.76%
09/10/23,4.93,4.934,4.934,4.93,-2.98%
06/10/23,5.081,5.027,5.151,5.024,1.13%
05/10/23,5.025,5.048,5.069,5.014,-0.58%
04/10/23,5.054,5.146,5.18,5.041,-1.95%
03/10/23,5.154,5.108,5.156,5.081,0.90%
02/10/23,5.108,5.091,5.123,5.079,1.12%
29/09/23,5.052,5.064,5.079,5.014,-0.25%
28/09/23,5.064,5.129,5.161,5.056,-1.42%
27/09/23,5.137,5.058,5.158,5.046,0.08%
26/09/23,5.134,5.138,5.157,5.112,0.13%
25/09/23,5.127,5.108,5.138,5.099,0.30%
22/09/23,5.112,5.135,5.144,5.08,-0.62%
21/09/23,5.144,5.18,5.202,5.122,-0.54%
20/09/23,5.172,5.094,5.178,5.049,1.56%
19/09/23,5.092,5.052,5.114,5.045,0.72%
18/09/23,5.056,5.052,5.058,5.039,0.38%
15/09/23,5.037,5.009,5.054,4.998,0.46%
14/09/23,5.014,4.967,5.035,4.95,0.85%
13/09/23,4.971,5.026,5.081,4.961,-0.97%
12/09/23,5.02,4.997,5.026,4.984,0.50%
11/09/23,4.995,5.003,5.008,4.978,0.13%
08/09/23,4.989,4.955,4.995,4.918,0.71%
07/09/23,4.953,5.023,5.035,4.941,-1.50%
06/09/23,5.029,4.947,5.037,4.932,1.39%
05/09/23,4.96,4.904,4.972,4.893,1.10%
04/09/23,4.906,4.906,4.906,4.906,0.60%
01/09/23,4.876,4.869,4.891,4.76,0.28%
31/08/23,4.863,4.888,4.915,4.848,-0.39%
30/08/23,4.882,4.909,4.931,4.836,-0.25%
29/08/23,4.894,5.002,5.035,4.871,-3.13%
28/08/23,5.052,5.097,5.106,5.039,-0.50%
25/08/23,5.078,5.019,5.095,5.009,1.09%
24/08/23,5.023,4.977,5.029,4.963,1.04%
23/08/23,4.971,5.046,5.051,4.935,-1.53%
22/08/23,5.048,5.013,5.052,4.984,0.82%
21/08/23,5.007,4.949,5.007,4.936,1.30%
18/08/23,4.943,4.929,4.951,4.898,0.14%
17/08/23,4.936,4.967,5.004,4.927,-0.64%
16/08/23,4.967,4.952,4.991,4.899,0.18%
15/08/23,4.959,4.971,5.024,4.905,-0.30%
14/08/23,4.973,4.91,4.975,4.886,1.65%
11/08/23,4.892,4.852,4.912,4.802,0.87%
10/08/23,4.85,4.812,4.852,4.73,0.83%
09/08/23,4.81,4.743,4.816,4.737,1.06%
08/08/23,4.76,4.77,4.785,4.718,-0.35%
07/08/23,4.777,4.793,4.854,4.754,0.17%
04/08/23,4.768,4.881,4.953,4.762,-2.35%
03/08/23,4.883,4.881,4.925,4.866,-0.04%
02/08/23,4.885,4.879,4.939,4.85,-0.42%
01/08/23,4.906,4.879,4.918,4.854,0.43%
31/07/23,4.885,4.885,4.916,4.843,0.00%
28/07/23,4.885,4.937,4.949,4.843,-0.84%
27/07/23,4.926,4.864,4.953,4.812,1.58%
26/07/23,4.85,4.891,4.928,4.823,-0.60%
25/07/23,4.879,4.862,4.91,4.839,-0.95%
24/07/23,4.925,4.852,4.928,4.82,1.64%
21/07/23,4.846,4.834,4.872,4.818,0.01%
20/07/23,4.845,4.77,4.884,4.76,1.61%
19/07/23,4.768,4.772,4.783,4.694,0.09%
18/07/23,4.764,4.738,4.772,4.66,0.45%
17/07/23,4.742,4.772,4.785,4.708,-0.53%
14/07/23,4.768,4.654,4.776,4.622,2.92%
13/07/23,4.632,4.738,4.74,4.607,-2.44%
12/07/23,4.748,4.873,4.881,4.715,-2.85%
11/07/23,4.887,4.866,4.902,4.826,0.48%
10/07/23,4.864,4.938,4.957,4.853,-1.74%
07/07/23,4.95,4.991,5.03,4.752,-0.78%
06/07/23,4.989,4.947,5.12,4.94,0.86%
05/07/23,4.947,4.9,4.957,4.882,0.95%
04/07/23,4.9,4.909,4.909,4.9,-0.81%
03/07/23,4.94,4.918,4.963,4.848,0.74%
30/06/23,4.904,4.868,4.935,4.835,0.83%
29/06/23,4.863,4.718,4.892,4.716,3.22%
28/06/23,4.712,4.755,4.778,4.704,-1.09%
27/06/23,4.764,4.675,4.772,4.652,0.42%
26/06/23,4.744,4.73,4.761,4.696,-0.12%
23/06/23,4.75,4.78,4.81,4.696,-0.86%
22/06/23,4.791,4.717,4.808,4.692,1.51%
21/06/23,4.72,4.693,4.752,4.681,0.74%
20/06/23,4.685,4.759,4.761,4.661,-1.52%
19/06/23,4.757,4.695,4.763,4.688,1.32%
18/06/23,4.695,4.716,4.716,4.693,-0.54%
16/06/23,4.72,4.648,4.78,4.644,1.51%
15/06/23,4.65,4.694,4.788,4.627,-0.94%
14/06/23,4.694,4.675,4.803,4.605,0.37%
13/06/23,4.677,4.577,4.707,4.493,1.99%
12/06/23,4.585,4.617,4.632,4.558,-0.22%
09/06/23,4.596,4.517,4.615,4.513,1.74%
08/06/23,4.517,4.542,4.592,4.473,-0.78%
07/06/23,4.552,4.489,4.604,4.481,1.22%
06/06/23,4.497,4.466,4.543,4.435,0.61%
05/06/23,4.47,4.528,4.575,4.426,-0.92%
02/06/23,4.511,4.347,4.528,4.331,3.88%
01/06/23,4.343,4.394,4.463,4.316,-1.50%
31/05/23,4.409,4.463,4.465,4.363,-1.15%
30/05/23,4.46,4.599,4.603,4.444,-3.06%
29/05/23,4.601,4.634,4.641,4.576,-0.71%
28/05/23,4.634,4.606,4.655,4.606,1.44%
26/05/23,4.568,4.541,4.639,4.481,0.69%
25/05/23,4.537,4.378,4.539,4.367,3.64%
24/05/23,4.378,4.277,4.392,4.248,1.33%
23/05/23,4.32,4.322,4.408,4.311,0.01%
22/05/23,4.32,4.249,4.345,4.222,0.96%
19/05/23,4.279,4.256,4.349,4.196,0.43%
18/05/23,4.26,4.152,4.281,4.131,2.40%
17/05/23,4.16,4.088,4.177,4.055,1.86%
16/05/23,4.084,4.01,4.12,3.962,1.84%
15/05/23,4.01,3.993,4.031,3.964,0.48%
12/05/23,3.991,3.889,4.008,3.874,2.36%
11/05/23,3.899,3.918,3.941,3.81,-0.27%
10/05/23,3.91,4.026,4.089,3.874,-2.89%
09/05/23,4.026,4.001,4.07,3.966,0.63%
08/05/23,4.001,3.935,4.016,3.918,2.12%
05/05/23,3.918,3.79,3.947,3.79,3.43%
04/05/23,3.788,3.805,3.943,3.657,-1.97%
03/05/23,3.865,3.974,4.017,3.807,-3.20%
02/05/23,3.992,4.135,4.153,3.928,-3.58%
01/05/23,4.141,4.05,4.163,4.039,2.98%
28/04/23,4.021,4.07,4.109,4.006,-1.47%
27/04/23,4.081,3.945,4.111,3.926,3.34%
26/04/23,3.949,3.932,3.998,3.869,0.02%
25/04/23,3.948,4.082,4.101,3.904,-3.83%
24/04/23,4.105,4.186,4.186,4.093,-1.78%
21/04/23,4.18,4.149,4.203,4.094,0.69%
20/04/23,4.151,4.252,4.256,4.142,-2.29%
19/04/23,4.248,4.216,4.286,4.201,1.07%
18/04/23,4.203,4.186,4.231,4.152,-0.04%
17/04/23,4.205,4.126,4.207,4.099,2.58%
14/04/23,4.099,3.97,4.137,3.943,3.29%
13/04/23,3.968,3.956,3.996,3.893,0.00%
12/04/23,3.968,4.027,4.075,3.876,-1.60%
11/04/23,4.033,3.999,4.081,3.964,0.58%
10/04/23,4.01,3.941,4.024,3.927,0.42%
07/04/23,3.993,3.829,3.999,3.823,4.29%
06/04/23,3.829,3.78,3.837,3.674,0.97%
05/04/23,3.792,3.842,3.897,3.646,-0.76%
04/04/23,3.821,3.968,4.034,3.819,-3.74%
03/04/23,3.97,4.104,4.139,3.966,-1.68%
31/03/23,4.038,4.107,4.172,4.023,-2.04%
30/03/23,4.122,4.097,4.161,4.035,0.50%
29/03/23,4.101,4.087,4.14,4.004,0.50%
28/03/23,4.08,3.959,4.089,3.895,1.81%
27/03/23,4.008,3.809,4.033,3.777,6.40%
24/03/23,3.767,3.835,3.86,3.555,-1.51%
23/03/23,3.825,3.956,4.009,3.758,-3.41%
22/03/23,3.96,4.16,4.259,3.916,-5.25%
21/03/23,4.179,3.98,4.188,3.923,5.38%
20/03/23,3.966,3.963,4.029,3.635,3.12%
17/03/23,3.846,4.155,4.256,3.804,-7.86%
16/03/23,4.174,3.885,4.214,3.823,7.26%
15/03/23,3.892,4.288,4.413,3.72,-8.35%
14/03/23,4.246,4.03,4.399,3.83,5.74%
13/03/23,4.016,4.515,4.536,3.939,-12.56%
10/03/23,4.593,4.834,4.852,4.578,-5.70%
09/03/23,4.87,5.057,5.064,4.868,-3.95%
08/03/23,5.07,5.036,5.084,4.971,1.10%
07/03/23,5.015,4.897,5.021,4.851,2.63%
06/03/23,4.886,4.871,4.901,4.823,0.52%
03/03/23,4.861,4.898,4.915,4.835,-0.58%
02/03/23,4.889,4.885,4.944,4.874,0.22%
01/03/23,4.878,4.834,4.904,4.818,1.26%
28/02/23,4.818,4.789,4.834,4.787,0.74%
27/02/23,4.782,4.805,4.857,4.772,-0.65%
24/02/23,4.814,4.704,4.84,4.677,2.34%
23/02/23,4.704,4.693,4.728,4.679,0.13%
22/02/23,4.697,4.714,4.714,4.654,-0.67%
21/02/23,4.729,4.666,4.738,4.645,1.39%
20/02/23,4.664,4.658,4.668,4.658,1.02%
17/02/23,4.617,4.646,4.718,4.615,-0.59%
16/02/23,4.644,4.635,4.687,4.581,0.24%
15/02/23,4.633,4.62,4.703,4.59,0.24%
14/02/23,4.622,4.524,4.643,4.425,2.21%
13/02/23,4.522,4.513,4.56,4.504,-0.08%
10/02/23,4.525,4.495,4.534,4.475,0.92%
09/02/23,4.484,4.438,4.514,4.409,1.24%
08/02/23,4.429,4.462,4.482,4.415,-0.84%
07/02/23,4.466,4.477,4.483,4.385,-0.18%
06/02/23,4.474,4.349,4.493,4.334,4.38%
03/02/23,4.286,4.098,4.318,4.069,4.55%
02/02/23,4.1,4.104,4.121,4.036,0.00%
01/02/23,4.1,4.209,4.265,4.084,-2.50%
31/01/23,4.205,4.244,4.251,4.179,-0.83%
30/01/23,4.24,4.214,4.271,4.197,0.93%
27/01/23,4.201,4.187,4.23,4.181,0.29%
26/01/23,4.189,4.125,4.222,4.123,1.35%
25/01/23,4.133,4.15,4.17,4.111,-1.83%
24/01/23,4.21,4.225,4.255,4.195,-0.50%
23/01/23,4.232,4.183,4.242,4.159,1.32%
20/01/23,4.177,4.131,4.202,4.126,1.17%
19/01/23,4.128,4.085,4.143,4.041,1.07%
18/01/23,4.085,4.201,4.217,4.072,-2.86%
17/01/23,4.205,4.241,4.266,4.177,-0.85%
16/01/23,4.241,4.236,4.241,4.236,0.40%
13/01/23,4.224,4.136,4.243,4.11,1.91%
12/01/23,4.145,4.228,4.329,4.109,-1.78%
11/01/23,4.22,4.249,4.268,4.207,-0.64%
10/01/23,4.247,4.212,4.283,4.199,0.94%
09/01/23,4.208,4.279,4.293,4.185,-1.18%
06/01/23,4.258,4.462,4.519,4.245,-4.61%
05/01/23,4.464,4.37,4.497,4.366,2.49%
04/01/23,4.356,4.382,4.393,4.318,-0.57%
03/01/23,4.38,4.461,4.461,4.343,-1.03%
02/01/23,4.426,4.426,4.426,4.426,-0.05%
30/12/22,4.428,4.376,4.447,4.37,1.43%
29/12/22,4.366,4.351,4.386,4.339,0.19%
28/12/22,4.357,4.332,4.366,4.328,-0.58%
27/12/22,4.383,4.334,4.445,4.33,1.18%
26/12/22,4.332,4.327,4.332,4.327,0.10%
23/12/22,4.327,4.28,4.33,4.259,1.11%
22/12/22,4.28,4.219,4.282,4.191,1.34%
21/12/22,4.223,4.262,4.281,4.198,-1.00%
20/12/22,4.266,4.26,4.314,4.245,0.04%
19/12/22,4.264,4.214,4.268,4.169,1.95%
16/12/22,4.182,4.247,4.3,4.155,-1.37%
15/12/22,4.24,4.235,4.278,4.196,0.58%
14/12/22,4.216,4.222,4.316,4.161,0.04%
13/12/22,4.214,4.382,4.444,4.139,-3.83%
12/12/22,4.382,4.363,4.409,4.319,0.91%
09/12/22,4.342,4.318,4.355,4.253,0.66%
08/12/22,4.314,4.273,4.326,4.268,1.16%
07/12/22,4.264,4.373,4.381,4.235,-2.34%
06/12/22,4.366,4.394,4.412,4.339,-0.67%
05/12/22,4.396,4.311,4.416,4.292,2.60%
02/12/22,4.284,4.242,4.41,4.181,1.14%
01/12/22,4.236,4.325,4.368,4.23,-2.15%
30/11/22,4.329,4.481,4.549,4.312,-3.41%
29/11/22,4.481,4.448,4.49,4.409,0.83%
28/11/22,4.444,4.465,4.486,4.424,-0.51%
25/11/22,4.467,4.442,4.523,4.424,0.60%
24/11/22,4.44,4.438,4.444,4.438,-0.74%
23/11/22,4.473,4.516,4.568,4.469,-1.09%
22/11/22,4.523,4.533,4.548,4.49,-0.88%
21/11/22,4.563,4.524,4.567,4.495,0.71%
18/11/22,4.531,4.465,4.539,4.444,1.58%
17/11/22,4.46,4.363,4.486,4.348,2.18%
16/11/22,4.365,4.336,4.401,4.319,0.48%
15/11/22,4.345,4.401,4.408,4.321,-1.25%
14/11/22,4.399,4.41,4.439,4.372,1.60%
10/11/22,4.33,4.58,4.631,4.29,-5.49%
09/11/22,4.582,4.663,4.697,4.565,-1.62%
08/11/22,4.657,4.734,4.741,4.651,-1.50%
07/11/22,4.728,4.675,4.732,4.673,1.49%
04/11/22,4.658,4.731,4.883,4.644,-1.26%
03/11/22,4.718,4.63,4.745,4.63,2.31%
02/11/22,4.611,4.543,4.634,4.439,1.33%
01/11/22,4.551,4.491,4.559,4.404,1.44%
31/10/22,4.486,4.443,4.522,4.439,1.64%
28/10/22,4.414,4.286,4.433,4.266,3.08%
27/10/22,4.282,4.424,4.464,4.27,-3.08%
26/10/22,4.418,4.455,4.476,4.383,-1.22%
25/10/22,4.473,4.496,4.507,4.396,-0.80%
24/10/22,4.509,4.464,4.528,4.408,0.58%
21/10/22,4.483,4.608,4.639,4.451,-2.80%
20/10/22,4.612,4.569,4.623,4.552,1.13%
19/10/22,4.561,4.439,4.565,4.435,2.93%
18/10/22,4.431,4.443,4.471,4.403,-0.42%
17/10/22,4.45,4.483,4.492,4.401,-1.03%
14/10/22,4.496,4.487,4.517,4.397,0.68%
13/10/22,4.466,4.299,4.535,4.26,3.96%
12/10/22,4.295,4.314,4.335,4.262,-0.44%
11/10/22,4.314,4.314,4.354,4.264,0.00%
10/10/22,4.314,4.308,4.314,4.308,0.05%
07/10/22,4.312,4.268,4.35,4.256,1.32%
06/10/22,4.256,4.148,4.262,4.131,2.65%
05/10/22,4.146,4.088,4.204,4.074,1.21%
04/10/22,4.097,4.087,4.115,3.996,-0.41%
03/10/22,4.113,4.235,4.24,4.031,-3.73%
30/09/22,4.273,4.203,4.287,4.134,1.91%
29/09/22,4.192,4.149,4.24,4.129,1.59%
28/09/22,4.127,4.277,4.316,4.08,-3.74%
27/09/22,4.287,4.33,4.337,4.203,-1.33%
26/09/22,4.345,4.251,4.36,4.211,3.37%
23/09/22,4.203,4.132,4.27,4.113,2.07%
22/09/22,4.118,4.078,4.163,4.052,1.45%
21/09/22,4.059,3.96,4.123,3.912,2.23%
20/09/22,3.971,3.948,3.992,3.931,0.62%
19/09/22,3.946,3.862,3.97,3.862,1.94%
16/09/22,3.871,3.869,3.924,3.846,0.23%
15/09/22,3.862,3.799,3.879,3.78,1.96%
14/09/22,3.788,3.769,3.834,3.736,1.14%
13/09/22,3.746,3.559,3.794,3.505,4.75%
12/09/22,3.576,3.563,3.586,3.515,0.36%
09/09/22,3.563,3.516,3.575,3.459,1.45%
08/09/22,3.512,3.439,3.514,3.404,2.11%
07/09/22,3.439,3.511,3.522,3.431,-1.94%
06/09/22,3.507,3.437,3.515,3.424,2.11%
05/09/22,3.435,3.441,3.441,3.435,1.15%
02/09/22,3.395,3.514,3.52,3.387,-3.48%
01/09/22,3.518,3.499,3.551,3.469,0.65%
31/08/22,3.495,3.448,3.503,3.425,1.07%
30/08/22,3.458,3.415,3.497,3.395,0.77%
29/08/22,3.431,3.435,3.489,3.399,1.45%
26/08/22,3.382,3.376,3.45,3.342,0.24%
25/08/22,3.374,3.397,3.403,3.348,-0.84%
24/08/22,3.403,3.325,3.407,3.28,3.06%
23/08/22,3.302,3.312,3.35,3.232,-0.43%
22/08/22,3.316,3.261,3.348,3.247,2.41%
19/08/22,3.238,3.202,3.295,3.202,0.94%
18/08/22,3.208,3.289,3.329,3.2,-2.35%
17/08/22,3.285,3.272,3.375,3.258,0.52%
16/08/22,3.268,3.18,3.274,3.17,2.29%
15/08/22,3.195,3.257,3.278,3.176,-1.72%
12/08/22,3.25,3.229,3.267,3.171,0.73%
11/08/22,3.227,3.216,3.243,3.132,0.20%
10/08/22,3.22,3.272,3.297,3.078,-1.45%
09/08/22,3.268,3.205,3.288,3.187,1.81%
08/08/22,3.209,3.25,3.269,3.191,-0.63%
05/08/22,3.23,3.034,3.331,3.033,5.94%
04/08/22,3.049,3.086,3.122,3.01,-0.66%
03/08/22,3.069,3.061,3.2,3.012,0.20%
02/08/22,3.063,2.874,3.086,2.819,6.12%
01/08/22,2.886,2.917,2.935,2.874,-0.15%
29/07/22,2.891,2.878,2.959,2.826,0.77%
28/07/22,2.868,2.986,3.022,2.816,-3.87%
27/07/22,2.984,3.055,3.108,2.961,-2.46%
26/07/22,3.059,3.016,3.065,2.978,1.35%
25/07/22,3.018,3.01,3.041,2.98,1.55%
22/07/22,2.972,3.106,3.144,2.905,-3.99%
21/07/22,3.095,3.231,3.276,3.081,-4.33%
20/07/22,3.236,3.244,3.257,3.162,-0.19%
19/07/22,3.242,3.177,3.246,3.137,2.25%
18/07/22,3.17,3.124,3.193,3.112,1.27%
15/07/22,3.131,3.132,3.187,3.058,0.08%
14/07/22,3.128,3.175,3.269,3.109,-0.65%
13/07/22,3.148,3.051,3.215,3.029,3.19%
12/07/22,3.051,3.068,3.07,2.981,-0.60%
11/07/22,3.07,3.125,3.132,3.012,-1.13%
08/07/22,3.105,3.024,3.148,2.992,2.66%
07/07/22,3.024,3,3.061,2.957,0.96%
06/07/22,2.996,2.837,3.006,2.761,6.14%
05/07/22,2.822,2.91,2.965,2.776,-3.01%
04/07/22,2.91,2.916,2.924,2.91,2.51%
01/07/22,2.839,2.984,2.986,2.729,-3.94%
30/06/22,2.955,3.03,3.055,2.921,-2.87%
29/06/22,3.043,3.112,3.138,3.04,-2.22%
28/06/22,3.112,3.116,3.154,3.081,-0.65%
27/06/22,3.132,3.072,3.155,3.055,2.24%
24/06/22,3.063,3.017,3.091,2.951,1.69%
23/06/22,3.012,3.054,3.099,2.876,-1.63%
22/06/22,3.062,3.207,3.215,3.037,-4.13%
21/06/22,3.194,3.246,3.257,3.175,-1.60%
20/06/22,3.246,3.244,3.246,3.244,2.39%
17/06/22,3.17,3.141,3.219,3.084,2.27%
16/06/22,3.1,3.207,3.398,3.085,-3.43%
15/06/22,3.21,3.401,3.441,3.193,-6.68%
14/06/22,3.439,3.386,3.456,3.23,2.16%
13/06/22,3.367,3.146,3.417,3.121,9.76%
10/06/22,3.067,2.828,3.072,2.819,8.95%
09/06/22,2.815,2.788,2.842,2.768,1.35%
08/06/22,2.778,2.741,2.782,2.735,1.59%
07/06/22,2.735,2.74,2.759,2.696,0.08%
06/06/22,2.732,2.657,2.736,2.655,2.85%
03/06/22,2.657,2.644,2.689,2.632,0.95%
02/06/22,2.632,2.65,2.668,2.625,-0.61%
01/06/22,2.648,2.575,2.676,2.561,3.32%
31/05/22,2.563,2.566,2.589,2.524,-0.31%
30/05/22,2.571,2.573,2.573,2.569,3.49%
27/05/22,2.484,2.484,2.5,2.45,0.25%
26/05/22,2.478,2.502,2.524,2.438,-0.97%
25/05/22,2.502,2.514,2.538,2.468,0.86%
24/05/22,2.481,2.618,2.631,2.464,-5.63%
23/05/22,2.629,2.612,2.645,2.589,1.62%
20/05/22,2.587,2.624,2.651,2.556,-0.94%
19/05/22,2.612,2.659,2.686,2.58,-2.09%
18/05/22,2.667,2.696,2.734,2.649,-1.60%
17/05/22,2.711,2.578,2.715,2.568,5.31%
16/05/22,2.574,2.603,2.619,2.543,-0.56%
13/05/22,2.588,2.592,2.636,2.561,0.33%
12/05/22,2.58,2.656,2.672,2.514,-2.56%
11/05/22,2.647,2.614,2.858,2.573,1.58%
10/05/22,2.606,2.608,2.643,2.553,0.32%
09/05/22,2.598,2.743,2.757,2.575,-5.01%
06/05/22,2.735,2.732,2.761,2.645,0.86%
05/05/22,2.712,2.65,2.74,2.636,2.16%
04/05/22,2.654,2.789,2.844,2.603,-4.67%
03/05/22,2.784,2.731,2.786,2.701,1.95%
02/05/22,2.731,2.745,2.751,2.691,0.00%
29/04/22,2.731,2.613,2.757,2.613,3.86%
28/04/22,2.629,2.591,2.68,2.553,1.48%
27/04/22,2.591,2.538,2.609,2.506,4.41%
26/04/22,2.481,2.624,2.672,2.481,-5.57%
25/04/22,2.628,2.665,2.674,2.525,-1.86%
22/04/22,2.678,2.722,2.789,2.671,0.14%
21/04/22,2.674,2.577,2.73,2.575,3.83%
20/04/22,2.575,2.61,2.629,2.546,-0.86%
19/04/22,2.598,2.448,2.612,2.431,6.21%
18/04/22,2.446,2.483,2.514,2.438,-0.41%
14/04/22,2.456,2.371,2.479,2.301,3.87%
13/04/22,2.365,2.401,2.447,2.274,-1.70%
12/04/22,2.405,2.52,2.557,2.368,-3.77%
11/04/22,2.5,2.542,2.594,2.483,-0.64%
08/04/22,2.516,2.47,2.549,2.451,1.94%
07/04/22,2.468,2.459,2.474,2.408,-0.64%
06/04/22,2.484,2.538,2.602,2.447,-1.60%
05/04/22,2.524,2.414,2.532,2.402,4.38%
04/04/22,2.418,2.493,2.495,2.406,-1.80%
01/04/22,2.463,2.343,2.471,2.343,5.48%
31/03/22,2.335,2.298,2.339,2.268,0.96%
30/03/22,2.312,2.365,2.377,2.294,-2.55%
29/03/22,2.373,2.361,2.453,2.33,1.57%
28/03/22,2.336,2.28,2.414,2.274,2.27%
25/03/22,2.284,2.155,2.331,2.135,7.01%
24/03/22,2.135,2.117,2.17,2.106,1.73%
23/03/22,2.098,2.174,2.197,2.096,-3.14%
22/03/22,2.166,2.122,2.202,2.122,2.30%
21/03/22,2.117,1.96,2.136,1.96,9.02%
18/03/22,1.942,1.916,1.969,1.893,1.38%
17/03/22,1.916,1.94,1.965,1.889,-1.66%
16/03/22,1.948,1.859,2.002,1.833,5.25%
15/03/22,1.851,1.861,1.894,1.788,-0.75%
14/03/22,1.865,1.787,1.867,1.779,6.82%
11/03/22,1.746,1.706,1.762,1.672,2.56%
10/03/22,1.702,1.682,1.735,1.65,1.59%
09/03/22,1.676,1.615,1.688,1.593,4.68%
08/03/22,1.601,1.554,1.641,1.552,2.86%
07/03/22,1.556,1.426,1.564,1.422,4.46%
04/03/22,1.49,1.552,1.554,1.412,-2.37%
03/03/22,1.526,1.472,1.56,1.462,0.80%
02/03/22,1.514,1.367,1.534,1.275,13.60%
01/03/22,1.333,1.456,1.48,1.261,-7.21%
28/02/22,1.436,1.488,1.512,1.414,-8.50%
25/02/22,1.57,1.57,1.626,1.554,-0.51%
24/02/22,1.578,1.58,1.59,1.46,-1.74%
23/02/22,1.606,1.643,1.643,1.568,2.82%
22/02/22,1.561,1.436,1.566,1.429,8.70%
21/02/22,1.436,1.432,1.436,1.432,-2.25%
18/02/22,1.47,1.454,1.507,1.438,-0.05%
17/02/22,1.47,1.51,1.526,1.465,-3.71%
16/02/22,1.527,1.573,1.597,1.496,-3.20%
15/02/22,1.577,1.579,1.612,1.553,0.46%
14/02/22,1.57,1.52,1.62,1.503,5.56%
11/02/22,1.487,1.581,1.631,1.467,-7.56%
10/02/22,1.609,1.364,1.64,1.339,17.77%
09/02/22,1.366,1.344,1.372,1.316,1.55%
08/02/22,1.345,1.298,1.347,1.298,3.95%
07/02/22,1.294,1.322,1.33,1.288,-1.64%
04/02/22,1.316,1.206,1.328,1.203,9.49%
03/02/22,1.202,1.135,1.214,1.132,4.56%
02/02/22,1.15,1.167,1.178,1.138,-1.68%
01/02/22,1.169,1.185,1.211,1.137,-1.31%
31/01/22,1.185,1.198,1.217,1.159,1.05%
28/01/22,1.172,1.19,1.228,1.158,-1.34%
27/01/22,1.188,1.164,1.208,1.156,2.75%
26/01/22,1.156,1.027,1.164,1.012,12.57%
25/01/22,1.027,1.01,1.039,0.986,5.80%
24/01/22,0.971,1.024,1.04,0.938,-4.41%
21/01/22,1.016,1.023,1.036,0.989,-1.08%
20/01/22,1.027,1.063,1.07,1.023,-2.29%
19/01/22,1.051,1.046,1.076,1.002,0.43%
18/01/22,1.046,1.003,1.058,1.002,4.30%
17/01/22,1.003,1.008,1.008,1.003,3.56%
14/01/22,0.969,0.911,0.973,0.904,8.27%
13/01/22,0.895,0.921,0.929,0.889,-3.03%
12/01/22,0.923,0.891,0.925,0.881,3.87%
11/01/22,0.888,0.904,0.945,0.885,-1.10%
10/01/22,0.898,0.872,0.91,0.864,3.25%
07/01/22,0.87,0.866,0.908,0.86,-0.40%
06/01/22,0.874,0.826,0.886,0.82,5.30%
05/01/22,0.83,0.764,0.834,0.756,9.17%
04/01/22,0.76,0.77,0.8,0.752,-2.05%
03/01/22,0.776,0.766,0.804,0.758,5.68%
31/12/21,0.734,0.73,0.744,0.72,0.52%
30/12/21,0.73,0.752,0.754,0.726,-2.89%
29/12/21,0.752,0.748,0.764,0.736,-0.52%
28/12/21,0.756,0.758,0.758,0.74,7.25%
27/12/21,0.705,0.69,0.721,0.69,1.94%
23/12/21,0.691,0.669,0.693,0.663,4.02%
22/12/21,0.665,0.654,0.683,0.654,-0.57%
21/12/21,0.669,0.632,0.679,0.624,5.14%
20/12/21,0.636,0.623,0.638,0.587,-0.59%
17/12/21,0.64,0.629,0.66,0.603,3.68%
16/12/21,0.617,0.675,0.685,0.615,-7.25%
15/12/21,0.665,0.659,0.722,0.649,1.26%
14/12/21,0.657,0.645,0.667,0.639,3.86%
13/12/21,0.632,0.666,0.677,0.632,-3.36%
10/12/21,0.654,0.698,0.731,0.636,-5.39%
09/12/21,0.692,0.683,0.697,0.67,0.90%
08/12/21,0.686,0.689,0.714,0.668,-1.11%
07/12/21,0.693,0.627,0.695,0.625,9.82%
06/12/21,0.631,0.613,0.637,0.603,6.41%
03/12/21,0.593,0.607,0.655,0.585,-3.48%
02/12/21,0.615,0.567,0.63,0.565,11.48%
01/12/21,0.551,0.599,0.622,0.547,-2.77%
30/11/21,0.567,0.504,0.573,0.441,14.29%
29/11/21,0.496,0.537,0.559,0.486,-2.30%
26/11/21,0.508,0.618,0.62,0.488,-17.85%
25/11/21,0.618,0.622,0.626,0.618,-3.98%
24/11/21,0.644,0.612,0.656,0.587,4.80%
23/11/21,0.614,0.632,0.687,0.606,3.68%
22/11/21,0.592,0.525,0.594,0.519,15.52%
19/11/21,0.513,0.504,0.517,0.446,2.13%
18/11/21,0.502,0.504,0.512,0.49,0.84%
17/11/21,0.498,0.528,0.532,0.496,-4.62%
16/11/21,0.522,0.522,0.542,0.506,0.44%
15/11/21,0.52,0.524,0.542,0.501,0.43%
12/11/21,0.517,0.541,0.546,0.503,-4.33%
11/11/21,0.541,0.545,0.545,0.541,4.24%
10/11/21,0.519,0.425,0.523,0.425,22.76%
09/11/21,0.423,0.445,0.449,0.407,-5.35%
08/11/21,0.447,0.405,0.452,0.405,10.33%
05/11/21,0.405,0.434,0.458,0.389,-5.07%
04/11/21,0.426,0.468,0.478,0.391,-10.36%
03/11/21,0.476,0.456,0.513,0.444,6.18%
02/11/21,0.448,0.509,0.513,0.444,-10.60%
01/11/21,0.501,0.525,0.527,0.497,0.00%
29/10/21,0.501,0.469,0.554,0.468,2.43%
28/10/21,0.489,0.503,0.564,0.469,-2.74%
27/10/21,0.503,0.479,0.529,0.471,12.30%
26/10/21,0.448,0.439,0.46,0.436,2.87%
25/10/21,0.435,0.46,0.464,0.425,-5.27%
22/10/21,0.46,0.454,0.492,0.441,1.55%
21/10/21,0.452,0.393,0.456,0.389,16.80%
20/10/21,0.387,0.405,0.415,0.373,-3.00%
19/10/21,0.399,0.421,0.421,0.389,-5.20%
18/10/21,0.421,0.413,0.448,0.405,6.69%
15/10/21,0.395,0.364,0.403,0.359,8.43%
14/10/21,0.364,0.364,0.368,0.342,1.17%
13/10/21,0.36,0.34,0.394,0.338,5.29%
12/10/21,0.342,0.356,0.36,0.336,-3.34%
11/10/21,0.354,0.354,0.354,0.354,10.60%
08/10/21,0.32,0.312,0.324,0.296,3.33%
07/10/21,0.31,0.298,0.31,0.296,4.03%
06/10/21,0.298,0.287,0.301,0.287,4.17%
05/10/21,0.286,0.28,0.289,0.278,2.15%
04/10/21,0.28,0.262,0.283,0.26,5.23%
01/10/21,0.266,0.279,0.283,0.264,-5.58%
30/09/21,0.281,0.293,0.301,0.278,-3.99%
29/09/21,0.293,0.307,0.309,0.291,-3.87%
28/09/21,0.305,0.309,0.321,0.301,8.93%
27/09/21,0.28,0.276,0.29,0.268,3.09%
24/09/21,0.271,0.265,0.276,0.253,4.10%
23/09/21,0.261,0.241,0.263,0.241,8.53%
22/09/21,0.24,0.218,0.246,0.216,10.28%
21/09/21,0.218,0.216,0.222,0.208,0.97%
20/09/21,0.216,0.226,0.234,0.214,-4.39%
17/09/21,0.226,0.221,0.232,0.219,1.99%
16/09/21,0.221,0.213,0.223,0.211,3.85%
15/09/21,0.213,0.211,0.215,0.207,1.96%
14/09/21,0.209,0.215,0.221,0.203,-1.83%
13/09/21,0.213,0.219,0.223,0.211,-0.84%
10/09/21,0.215,0.214,0.223,0.212,0.00%
09/09/21,0.214,0.216,0.222,0.212,-1.74%
08/09/21,0.218,0.222,0.222,0.214,-1.71%
07/09/21,0.222,0.204,0.222,0.204,8.77%
06/09/21,0.204,0.204,0.204,0.204,-1.92%
03/09/21,0.208,0.208,0.212,0.196,-0.72%
02/09/21,0.21,0.213,0.213,0.206,-0.85%
01/09/21,0.211,0.213,0.217,0.204,0.00%
31/08/21,0.211,0.201,0.211,0.197,3.94%
30/08/21,0.203,0.217,0.219,0.201,-7.17%
27/08/21,0.219,0.243,0.247,0.215,-9.73%
26/08/21,0.243,0.243,0.248,0.233,0.83%
25/08/21,0.241,0.248,0.25,0.241,7.27%
24/08/21,0.224,0.228,0.236,0.224,-0.84%
23/08/21,0.226,0.228,0.236,0.224,0.00%
20/08/21,0.226,0.22,0.228,0.214,2.03%
19/08/21,0.222,0.22,0.224,0.204,1.89%
18/08/21,0.218,0.215,0.234,0.211,0.00%
17/08/21,0.217,0.209,0.217,0.199,1.92%
16/08/21,0.213,0.209,0.213,0.197,1.96%
13/08/21,0.209,0.227,0.229,0.209,-6.94%
12/08/21,0.225,0.221,0.229,0.217,1.86%
11/08/21,0.221,0.242,0.247,0.215,-7.47%
10/08/21,0.238,0.222,0.24,0.218,7.24%
09/08/21,0.222,0.208,0.222,0.198,4.76%
06/08/21,0.212,0.202,0.226,0.202,5.05%
05/08/21,0.202,0.184,0.208,0.182,10.87%
04/08/21,0.182,0.174,0.194,0.161,5.81%
03/08/21,0.172,0.178,0.182,0.168,-1.15%
02/08/21,0.174,0.184,0.186,0.17,-7.24%
30/07/21,0.188,0.206,0.206,0.188,-7.71%
29/07/21,0.204,0.201,0.217,0.2,0.00%
28/07/21,0.204,0.207,0.229,0.2,-1.93%
27/07/21,0.207,0.213,0.215,0.2,5.81%
26/07/21,0.196,0.2,0.204,0.192,-2.00%
23/07/21,0.2,0.22,0.22,0.194,-0.84%
22/07/21,0.202,0.216,0.222,0.198,-3.81%
21/07/21,0.21,0.202,0.21,0.196,4.07%
20/07/21,0.202,0.218,0.22,0.188,-7.35%
19/07/21,0.218,0.221,0.224,0.189,-4.35%
16/07/21,0.228,0.227,0.246,0.221,0.00%
15/07/21,0.227,0.227,0.233,0.217,0.93%
14/07/21,0.225,0.255,0.259,0.223,-11.70%
13/07/21,0.255,0.229,0.267,0.227,12.40%
12/07/21,0.227,0.215,0.237,0.205,5.64%
09/07/21,0.215,0.2,0.217,0.198,9.32%
08/07/21,0.196,0.216,0.22,0.19,-10.00%
07/07/21,0.218,0.22,0.228,0.214,-0.82%
06/07/21,0.22,0.234,0.242,0.216,-5.86%
05/07/21,0.234,0.234,0.234,0.234,-1.68%
02/07/21,0.238,0.259,0.269,0.236,-6.71%
01/07/21,0.255,0.252,0.257,0.251,0.87%
30/06/21,0.252,0.254,0.255,0.245,0.00%
29/06/21,0.252,0.256,0.262,0.25,-1.52%
28/06/21,0.256,0.266,0.266,0.254,-4.40%
25/06/21,0.268,0.272,0.274,0.258,-0.70%
24/06/21,0.27,0.262,0.274,0.254,2.23%
23/06/21,0.264,0.244,0.27,0.241,14.78%
22/06/21,0.23,0.258,0.258,0.228,-10.22%
21/06/21,0.256,0.266,0.279,0.248,1.67%
18/06/21,0.252,0.217,0.284,0.208,18.19%
17/06/21,0.213,0.215,0.217,0.199,2.94%
16/06/21,0.207,0.167,0.213,0.159,25.58%
15/06/21,0.165,0.161,0.167,0.157,2.48%
14/06/21,0.161,0.153,0.163,0.151,8.05%
11/06/21,0.149,0.149,0.153,0.145,1.43%
10/06/21,0.147,0.157,0.165,0.145,-6.25%
09/06/21,0.157,0.157,0.159,0.147,1.29%
08/06/21,0.155,0.159,0.161,0.151,-1.28%
07/06/21,0.157,0.153,0.157,0.151,5.38%
04/06/21,0.149,0.158,0.164,0.145,-6.12%
03/06/21,0.158,0.149,0.16,0.147,8.05%
02/06/21,0.147,0.15,0.151,0.143,-1.35%
01/06/21,0.149,0.143,0.15,0.143,2.77%
31/05/21,0.145,0.147,0.147,0.145,2.84%
28/05/21,0.141,0.147,0.152,0.139,-4.09%
27/05/21,0.147,0.147,0.152,0.145,-1.28%
26/05/21,0.148,0.148,0.15,0.143,2.20%
25/05/21,0.145,0.155,0.155,0.143,-3.97%
24/05/21,0.151,0.153,0.157,0.151,-2.58%
21/05/21,0.155,0.149,0.157,0.147,5.50%
20/05/21,0.147,0.157,0.159,0.147,-7.54%
19/05/21,0.159,0.153,0.161,0.145,5.36%
18/05/21,0.151,0.155,0.157,0.151,-2.58%
17/05/21,0.155,0.149,0.157,0.143,4.09%
14/05/21,0.149,0.159,0.159,0.149,-5.04%
13/05/21,0.157,0.167,0.167,0.157,-5.94%
12/05/21,0.167,0.163,0.175,0.155,3.73%
11/05/21,0.161,0.155,0.163,0.151,3.88%
10/05/21,0.155,0.149,0.157,0.143,5.45%
07/05/21,0.147,0.155,0.161,0.135,-6.26%
06/05/21,0.157,0.159,0.159,0.153,1.29%
05/05/21,0.155,0.161,0.168,0.153,-4.80%
04/05/21,0.162,0.164,0.168,0.159,0.00%
03/05/21,0.162,0.164,0.176,0.158,0.00%
30/04/21,0.162,0.164,0.168,0.162,-1.10%
29/04/21,0.164,0.166,0.174,0.164,-1.20%
28/04/21,0.166,0.178,0.184,0.164,-8.64%
27/04/21,0.182,0.178,0.182,0.174,7.13%
26/04/21,0.17,0.157,0.172,0.157,6.39%
23/04/21,0.16,0.153,0.162,0.149,5.42%
22/04/21,0.151,0.149,0.155,0.145,1.41%
21/04/21,0.149,0.153,0.155,0.149,-2.61%
20/04/21,0.153,0.163,0.165,0.151,-4.96%
19/04/21,0.161,0.161,0.167,0.159,-1.23%
16/04/21,0.163,0.161,0.167,0.159,1.37%
15/04/21,0.161,0.165,0.165,0.155,-1.23%
14/04/21,0.163,0.161,0.167,0.159,1.31%
13/04/21,0.161,0.169,0.177,0.159,-4.68%
12/04/21,0.169,0.163,0.173,0.153,6.30%
09/04/21,0.159,0.151,0.163,0.151,5.31%
08/04/21,0.151,0.155,0.155,0.147,-2.52%
07/04/21,0.155,0.162,0.163,0.147,-4.80%
06/04/21,0.162,0.168,0.172,0.159,-4.64%
05/04/21,0.17,0.184,0.194,0.168,5.19%
02/04/21,0.162,0.161,0.19,0.161,0.00%
01/04/21,0.162,0.16,0.166,0.155,0.00%
31/03/21,0.162,0.15,0.164,0.148,9.23%
30/03/21,0.148,0.145,0.158,0.143,4.14%
29/03/21,0.143,0.141,0.147,0.135,1.42%
26/03/21,0.141,0.139,0.143,0.129,1.37%
25/03/21,0.139,0.148,0.15,0.135,-7.78%
24/03/21,0.15,0.15,0.152,0.143,2.10%
23/03/21,0.147,0.149,0.151,0.143,-2.64%
22/03/21,0.151,0.149,0.153,0.139,-1.24%
19/03/21,0.153,0.161,0.169,0.137,-2.48%
18/03/21,0.157,0.137,0.169,0.127,14.67%
17/03/21,0.137,0.153,0.159,0.125,-9.27%
16/03/21,0.151,0.151,0.157,0.147,-1.31%
15/03/21,0.153,0.153,0.157,0.147,2.68%
12/03/21,0.149,0.143,0.163,0.141,4.27%
11/03/21,0.143,0.155,0.159,0.139,-7.69%
10/03/21,0.155,0.159,0.171,0.153,-4.86%
09/03/21,0.163,0.165,0.169,0.157,-1.15%
08/03/21,0.165,0.147,0.167,0.145,16.90%
05/03/21,0.141,0.149,0.155,0.133,-4.02%
04/03/21,0.147,0.145,0.151,0.135,2.80%
03/03/21,0.143,0.123,0.147,0.121,16.02%
02/03/21,0.123,0.123,0.131,0.117,1.57%
01/03/21,0.121,0.123,0.141,0.119,-6.05%
26/02/21,0.129,0.176,0.182,0.123,-27.54%
25/02/21,0.178,0.125,0.194,0.125,42.32%
24/02/21,0.125,0.115,0.131,0.111,12.71%
23/02/21,0.111,0.117,0.119,0.109,-3.48%
22/02/21,0.115,0.111,0.115,0.107,5.61%
19/02/21,0.109,0.109,0.111,0.107,0.00%
18/02/21,0.109,0.107,0.113,0.105,0.00%
17/02/21,0.109,0.121,0.125,0.107,-11.46%
16/02/21,0.123,0.113,0.123,0.113,6.96%
15/02/21,0.115,0.115,0.115,0.115,3.60%
12/02/21,0.111,0.109,0.113,0.107,1.74%
11/02/21,0.109,0.111,0.139,0.107,-1.80%
10/02/21,0.111,0.117,0.119,0.109,-5.12%
09/02/21,0.117,0.113,0.119,0.111,3.54%
08/02/21,0.113,0.107,0.115,0.105,7.51%
05/02/21,0.105,0.115,0.115,0.105,-7.07%
04/02/21,0.113,0.119,0.121,0.113,-4.95%
03/02/21,0.119,0.113,0.121,0.113,5.21%
02/02/21,0.113,0.109,0.117,0.109,1.71%
01/02/21,0.111,0.111,0.113,0.107,0.00%
29/01/21,0.111,0.121,0.123,0.111,-8.09%
28/01/21,0.121,0.123,0.123,0.117,1.68%
27/01/21,0.119,0.123,0.123,0.115,-3.17%
26/01/21,0.123,0.125,0.125,0.121,1.74%
25/01/21,0.121,0.123,0.127,0.119,-3.28%
22/01/21,0.125,0.125,0.127,0.121,0.00%
21/01/21,0.125,0.129,0.133,0.123,-3.10%
20/01/21,0.129,0.133,0.137,0.127,-3.01%
19/01/21,0.133,0.137,0.143,0.131,-2.92%
18/01/21,0.137,0.137,0.137,0.137,1.48%
15/01/21,0.135,0.143,0.145,0.135,-6.90%
14/01/21,0.145,0.147,0.153,0.141,0.00%
13/01/21,0.145,0.145,0.153,0.143,-1.29%
12/01/21,0.147,0.147,0.153,0.145,-1.34%
11/01/21,0.149,0.137,0.149,0.129,8.77%
08/01/21,0.137,0.141,0.149,0.133,-2.77%
07/01/21,0.141,0.139,0.145,0.137,1.44%
06/01/21,0.139,0.125,0.151,0.123,12.85%
05/01/21,0.123,0.119,0.123,0.113,5.04%
04/01/21,0.117,0.123,0.129,0.115,-4.80%
31/12/20,0.123,0.125,0.129,0.121,-1.60%
30/12/20,0.125,0.127,0.133,0.125,-3.03%
29/12/20,0.129,0.129,0.131,0.125,4.80%
28/12/20,0.123,0.123,0.133,0.119,0.00%
24/12/20,0.123,0.123,0.123,0.119,1.65%
23/12/20,0.121,0.117,0.127,0.117,1.77%
22/12/20,0.119,0.123,0.123,0.117,-3.33%
21/12/20,0.123,0.121,0.125,0.109,0.00%
18/12/20,0.123,0.123,0.123,0.119,0.00%
17/12/20,0.123,0.117,0.129,0.115,3.36%
16/12/20,0.119,0.117,0.129,0.117,0.00%
15/12/20,0.119,0.119,0.123,0.117,0.00%
14/12/20,0.119,0.125,0.129,0.115,-1.65%
11/12/20,0.121,0.139,0.139,0.117,-12.89%
10/12/20,0.139,0.149,0.149,0.139,-7.89%
09/12/20,0.151,0.157,0.159,0.151,0.00%
08/12/20,0.151,0.145,0.153,0.141,4.14%
07/12/20,0.145,0.153,0.155,0.143,-5.17%
04/12/20,0.153,0.154,0.161,0.149,0.00%
03/12/20,0.153,0.162,0.164,0.151,-5.98%
02/12/20,0.162,0.166,0.168,0.16,-4.59%
01/12/20,0.17,0.15,0.174,0.147,13.02%
30/11/20,0.15,0.154,0.158,0.147,-2.53%
27/11/20,0.154,0.154,0.156,0.154,-1.22%
26/11/20,0.156,0.156,0.156,0.156,-3.64%
25/11/20,0.162,0.166,0.166,0.156,-1.16%
24/11/20,0.164,0.168,0.17,0.16,0.43%
23/11/20,0.163,0.19,0.19,0.159,1.24%
20/11/20,0.161,0.163,0.167,0.159,-3.47%
19/11/20,0.167,0.171,0.175,0.165,-4.62%
18/11/20,0.175,0.173,0.179,0.171,0.00%
17/11/20,0.175,0.177,0.181,0.171,-2.18%
16/11/20,0.179,0.183,0.183,0.173,-1.10%
13/11/20,0.181,0.181,0.183,0.175,2.43%
12/11/20,0.177,0.183,0.185,0.173,-5.30%
11/11/20,0.187,0.187,0.187,0.187,1.08%
10/11/20,0.185,0.175,0.185,0.171,5.78%
09/11/20,0.175,0.155,0.189,0.149,12.86%
06/11/20,0.155,0.147,0.159,0.147,4.03%
05/11/20,0.149,0.147,0.157,0.143,0.00%
04/11/20,0.149,0.176,0.178,0.143,-12.63%
03/11/20,0.17,0.162,0.174,0.16,7.45%
02/11/20,0.158,0.154,0.158,0.153,1.28%
30/10/20,0.156,0.15,0.156,0.147,2.56%
29/10/20,0.153,0.15,0.154,0.143,1.33%
28/10/20,0.15,0.149,0.153,0.145,0.74%
27/10/20,0.149,0.154,0.154,0.147,-1.32%
26/10/20,0.151,0.155,0.155,0.147,-2.57%
23/10/20,0.155,0.151,0.157,0.149,0.00%
22/10/20,0.155,0.149,0.157,0.147,4.09%
21/10/20,0.149,0.147,0.153,0.147,1.36%
20/10/20,0.147,0.149,0.151,0.145,0.00%
19/10/20,0.147,0.151,0.153,0.145,0.00%
16/10/20,0.147,0.139,0.147,0.135,2.87%
15/10/20,0.143,0.141,0.143,0.135,1.42%
14/10/20,0.141,0.141,0.145,0.139,0.00%
13/10/20,0.141,0.149,0.153,0.141,-10.20%
09/10/20,0.157,0.147,0.157,0.147,5.44%
08/10/20,0.149,0.153,0.155,0.147,-2.55%
07/10/20,0.153,0.151,0.159,0.149,4.09%
06/10/20,0.147,0.149,0.151,0.141,-1.34%
05/10/20,0.149,0.133,0.151,0.129,11.89%
02/10/20,0.133,0.129,0.137,0.123,3.10%
01/10/20,0.129,0.131,0.139,0.127,-1.53%
30/09/20,0.131,0.127,0.131,0.121,3.07%
29/09/20,0.127,0.129,0.131,0.125,-1.47%
28/09/20,0.129,0.133,0.135,0.127,-1.53%
25/09/20,0.131,0.137,0.137,0.125,-4.24%
24/09/20,0.137,0.141,0.141,0.135,-2.77%
23/09/20,0.141,0.137,0.143,0.133,2.55%
22/09/20,0.137,0.137,0.141,0.133,-1.44%
21/09/20,0.139,0.149,0.149,0.133,-1.42%
18/09/20,0.141,0.137,0.143,0.131,1.51%
17/09/20,0.139,0.137,0.139,0.127,0.00%
16/09/20,0.139,0.141,0.143,0.133,-1.42%
15/09/20,0.141,0.139,0.143,0.137,2.92%
14/09/20,0.137,0.133,0.139,0.129,6.20%
11/09/20,0.129,0.141,0.143,0.129,-7.13%
10/09/20,0.139,0.145,0.151,0.139,-5.38%
09/09/20,0.147,0.141,0.149,0.139,2.73%
08/09/20,0.143,0.141,0.145,0.135,1.49%
07/09/20,0.141,0.141,0.141,0.141,-4.09%
04/09/20,0.147,0.131,0.153,0.129,15.59%
03/09/20,0.127,0.135,0.141,0.123,-5.79%
02/09/20,0.135,0.131,0.141,0.131,1.51%
01/09/20,0.133,0.135,0.141,0.131,0.00%
31/08/20,0.133,0.131,0.137,0.129,0.00%
28/08/20,0.133,0.16,0.164,0.129,-17.10%
27/08/20,0.16,0.15,0.162,0.139,5.12%
26/08/20,0.152,0.15,0.16,0.15,-0.65%
25/08/20,0.153,0.157,0.17,0.149,-1.29%
24/08/20,0.155,0.145,0.157,0.143,5.50%
21/08/20,0.147,0.147,0.149,0.137,2.94%
20/08/20,0.143,0.141,0.145,0.133,-1.38%
19/08/20,0.145,0.141,0.147,0.139,0.00%
18/08/20,0.145,0.155,0.155,0.143,-5.23%
17/08/20,0.153,0.147,0.153,0.143,4.15%
14/08/20,0.147,0.165,0.167,0.145,-10.86%
13/08/20,0.165,0.159,0.167,0.155,2.49%
12/08/20,0.161,0.147,0.163,0.147,5.23%
11/08/20,0.153,0.133,0.161,0.131,16.81%
10/08/20,0.131,0.127,0.133,0.119,1.47%
07/08/20,0.129,0.117,0.131,0.113,10.16%
06/08/20,0.117,0.119,0.119,0.109,-1.68%
05/08/20,0.119,0.113,0.121,0.109,9.07%
04/08/20,0.109,0.113,0.115,0.107,-3.53%
03/08/20,0.113,0.107,0.115,0.107,3.57%
31/07/20,0.109,0.119,0.121,0.107,-9.74%
30/07/20,0.121,0.131,0.133,0.117,-8.81%
29/07/20,0.133,0.143,0.147,0.127,-6.87%
28/07/20,0.143,0.152,0.154,0.139,-7.10%
27/07/20,0.154,0.149,0.16,0.141,2.74%
24/07/20,0.149,0.157,0.166,0.145,-2.54%
23/07/20,0.153,0.147,0.18,0.145,0.00%
22/07/20,0.153,0.141,0.153,0.137,7.05%
21/07/20,0.143,0.149,0.153,0.139,-4.02%
20/07/20,0.149,0.147,0.151,0.141,4.26%
17/07/20,0.143,0.147,0.151,0.139,-2.65%
16/07/20,0.147,0.153,0.157,0.145,-6.37%
15/07/20,0.157,0.161,0.163,0.149,-1.26%
14/07/20,0.159,0.159,0.161,0.147,2.65%
13/07/20,0.155,0.151,0.165,0.147,-1.27%
10/07/20,0.157,0.155,0.157,0.135,2.68%
09/07/20,0.153,0.161,0.165,0.145,-6.03%
08/07/20,0.163,0.159,0.167,0.155,1.25%
07/07/20,0.161,0.159,0.165,0.155,1.26%
06/07/20,0.159,0.155,0.167,0.155,2.59%
02/07/20,0.155,0.162,0.174,0.153,-5.85%
01/07/20,0.164,0.152,0.168,0.15,6.35%
30/06/20,0.154,0.15,0.156,0.145,1.31%
29/06/20,0.152,0.164,0.17,0.15,-9.29%
26/06/20,0.168,0.186,0.188,0.164,-10.45%
25/06/20,0.188,0.19,0.19,0.178,0.00%
24/06/20,0.188,0.192,0.197,0.186,-1.16%
23/06/20,0.19,0.194,0.198,0.188,-3.01%
22/06/20,0.196,0.188,0.196,0.182,3.22%
19/06/20,0.19,0.195,0.2,0.182,-2.92%
18/06/20,0.195,0.195,0.199,0.189,0.00%
17/06/20,0.195,0.205,0.205,0.193,-0.96%
16/06/20,0.197,0.199,0.205,0.187,2.12%
15/06/20,0.193,0.183,0.197,0.177,-0.97%
12/06/20,0.195,0.209,0.209,0.183,-2.84%
11/06/20,0.201,0.173,0.207,0.169,16.16%
10/06/20,0.173,0.208,0.21,0.171,-15.51%
09/06/20,0.204,0.228,0.228,0.202,-11.17%
08/06/20,0.23,0.21,0.232,0.204,9.52%
05/06/20,0.21,0.194,0.238,0.188,6.16%
04/06/20,0.198,0.198,0.204,0.184,3.13%
03/06/20,0.192,0.168,0.202,0.166,15.39%
02/06/20,0.166,0.158,0.172,0.156,3.74%
01/06/20,0.16,0.156,0.172,0.154,-2.38%
29/05/20,0.164,0.166,0.17,0.154,-5.63%
28/05/20,0.174,0.186,0.188,0.17,-5.33%
27/05/20,0.184,0.17,0.188,0.16,5.81%
26/05/20,0.174,0.17,0.19,0.168,1.22%
25/05/20,0.172,0.174,0.174,0.172,1.18%
22/05/20,0.17,0.167,0.172,0.16,1.37%
21/05/20,0.167,0.165,0.173,0.159,-1.18%
20/05/20,0.169,0.167,0.177,0.155,1.26%
19/05/20,0.167,0.175,0.183,0.165,-7.78%
18/05/20,0.181,0.143,0.185,0.139,19.99%
15/05/20,0.151,0.155,0.157,0.135,1.41%
14/05/20,0.149,0.159,0.167,0.145,-9.64%
13/05/20,0.165,0.163,0.171,0.143,-1.14%
12/05/20,0.167,0.175,0.187,0.161,-5.66%
11/05/20,0.177,0.163,0.183,0.141,9.95%
08/05/20,0.161,0.135,0.163,0.105,15.85%
07/05/20,0.139,0.176,0.186,0.129,-23.02%
06/05/20,0.18,0.19,0.202,0.176,-5.16%
05/05/20,0.19,0.186,0.21,0.18,3.26%
04/05/20,0.184,0.204,0.204,0.178,-6.93%
01/05/20,0.198,0.198,0.206,0.182,-1.79%
30/04/20,0.201,0.196,0.203,0.176,-1.90%
29/04/20,0.205,0.223,0.223,0.192,-4.56%
28/04/20,0.215,0.227,0.229,0.197,-4.10%
27/04/20,0.224,0.225,0.243,0.216,0.81%
24/04/20,0.222,0.231,0.233,0.21,0.63%
23/04/20,0.221,0.211,0.227,0.209,2.69%
22/04/20,0.215,0.207,0.221,0.195,6.90%
21/04/20,0.201,0.206,0.212,0.185,-2.09%
20/04/20,0.206,0.206,0.212,0.194,1.88%
17/04/20,0.202,0.229,0.239,0.192,-4.13%
16/04/20,0.211,0.201,0.215,0.187,4.83%
15/04/20,0.201,0.219,0.223,0.191,-9.10%
14/04/20,0.221,0.249,0.259,0.219,-11.32%
13/04/20,0.249,0.229,0.253,0.225,7.69%
09/04/20,0.231,0.26,0.26,0.209,-9.61%
08/04/20,0.256,0.266,0.288,0.24,-4.48%
07/04/20,0.268,0.274,0.304,0.262,0.00%
06/04/20,0.268,0.239,0.27,0.237,18.20%
03/04/20,0.227,0.231,0.245,0.205,-0.26%
02/04/20,0.228,0.202,0.235,0.202,-6.53%
01/04/20,0.243,0.242,0.255,0.21,-3.95%
31/03/20,0.253,0.226,0.259,0.206,10.17%
30/03/20,0.23,0.244,0.275,0.22,-7.15%
27/03/20,0.248,0.299,0.299,0.234,-17.05%
26/03/20,0.299,0.326,0.332,0.261,-12.10%
25/03/20,0.34,0.371,0.389,0.312,-10.96%
24/03/20,0.382,0.32,0.412,0.293,19.11%
23/03/20,0.32,0.297,0.338,0.234,-1.57%
20/03/20,0.325,0.446,0.448,0.293,-29.06%
19/03/20,0.459,0.498,0.557,0.339,-15.01%
18/03/20,0.54,0.463,0.562,0.416,8.26%
17/03/20,0.498,0.408,0.525,0.351,33.36%
16/03/20,0.374,0.319,0.398,0.272,-26.45%
13/03/20,0.508,0.495,0.544,0.428,7.88%
12/03/20,0.471,0.535,0.535,0.36,-9.66%
11/03/20,0.521,0.495,0.539,0.417,-4.50%
10/03/20,0.546,0.456,0.55,0.393,33.68%
09/03/20,0.408,0.301,0.432,0.251,-19.92%
06/03/20,0.51,0.593,0.601,0.394,-15.15%
05/03/20,0.601,0.697,0.697,0.554,-12.95%
04/03/20,0.691,0.689,0.704,0.614,-1.50%
03/03/20,0.701,0.907,0.911,0.628,-21.66%
02/03/20,0.895,0.834,0.919,0.71,-3.85%
28/02/20,0.931,1.079,1.081,0.852,-13.12%
27/02/20,1.071,1.153,1.155,1.034,-8.01%
26/02/20,1.165,1.214,1.222,1.135,-5.22%
25/02/20,1.229,1.272,1.297,1.18,-1.66%
24/02/20,1.25,1.356,1.356,1.243,-7.73%
21/02/20,1.354,1.389,1.397,1.321,-2.65%
20/02/20,1.391,1.434,1.438,1.379,-2.44%
19/02/20,1.426,1.426,1.436,1.41,0.88%
18/02/20,1.414,1.424,1.428,1.393,-0.86%
17/02/20,1.426,1.426,1.426,1.426,-0.28%
14/02/20,1.43,1.44,1.448,1.414,-1.10%
13/02/20,1.446,1.423,1.448,1.393,0.00%
12/02/20,1.446,1.434,1.45,1.426,1.42%
11/02/20,1.426,1.395,1.426,1.395,2.92%
10/02/20,1.385,1.385,1.417,1.369,-1.15%
07/02/20,1.401,1.445,1.474,1.395,-3.32%
06/02/20,1.449,1.441,1.471,1.431,0.42%
05/02/20,1.443,1.417,1.463,1.385,1.99%
04/02/20,1.415,1.351,1.427,1.351,4.27%
03/02/20,1.357,1.321,1.383,1.319,2.87%
31/01/20,1.319,1.409,1.423,1.317,-6.76%
30/01/20,1.415,1.419,1.421,1.367,0.13%
29/01/20,1.413,1.461,1.47,1.411,-3.79%
28/01/20,1.469,1.433,1.469,1.401,1.48%
27/01/20,1.447,1.449,1.464,1.429,-3.18%
24/01/20,1.495,1.522,1.538,1.478,-1.26%
23/01/20,1.514,1.526,1.526,1.487,-0.95%
22/01/20,1.528,1.543,1.549,1.522,-0.27%
21/01/20,1.533,1.559,1.563,1.524,-1.84%
20/01/20,1.561,1.561,1.561,1.561,-0.26%
17/01/20,1.565,1.564,1.58,1.551,0.00%
16/01/20,1.566,1.564,1.578,1.554,0.38%
15/01/20,1.56,1.568,1.578,1.554,-0.66%
14/01/20,1.57,1.588,1.599,1.566,-1.15%
13/01/20,1.588,1.564,1.592,1.564,1.16%
10/01/20,1.57,1.581,1.592,1.56,-0.66%
09/01/20,1.581,1.585,1.605,1.572,-0.26%
08/01/20,1.585,1.49,1.587,1.452,3.00%
07/01/20,1.538,1.547,1.556,1.532,-0.53%
06/01/20,1.547,1.515,1.561,1.511,0.91%
03/01/20,1.533,1.573,1.581,1.509,-2.44%
02/01/20,1.571,1.575,1.611,1.545,0.00%
01/01/20,1.571,1.571,1.571,1.571,0.00%
31/12/19,1.571,1.593,1.593,1.559,0.00%
30/12/19,1.571,1.583,1.609,1.569,-1.01%
27/12/19,1.587,1.631,1.635,1.585,-2.92%
26/12/19,1.635,1.633,1.649,1.625,0.25%
25/12/19,1.631,1.633,1.633,1.631,0.12%
24/12/19,1.629,1.663,1.671,1.623,-1.28%
23/12/19,1.65,1.633,1.661,1.629,1.15%
20/12/19,1.632,1.627,1.646,1.623,0.04%
19/12/19,1.631,1.633,1.651,1.608,-0.24%
18/12/19,1.635,1.628,1.649,1.618,0.63%
17/12/19,1.625,1.628,1.635,1.62,-0.36%
16/12/19,1.63,1.614,1.647,1.612,1.41%
13/12/19,1.608,1.691,1.691,1.598,-3.39%
12/12/19,1.664,1.617,1.697,1.585,3.03%
11/12/19,1.615,1.652,1.658,1.607,-2.32%
10/12/19,1.654,1.619,1.656,1.599,2.14%
09/12/19,1.619,1.623,1.629,1.607,0.00%
06/12/19,1.619,1.592,1.649,1.581,1.68%
05/12/19,1.592,1.578,1.604,1.568,0.90%
04/12/19,1.578,1.546,1.586,1.526,2.34%
03/12/19,1.542,1.602,1.622,1.512,-3.87%
02/12/19,1.604,1.622,1.648,1.602,-0.48%
29/11/19,1.612,1.632,1.636,1.602,-0.99%
28/11/19,1.628,1.628,1.628,1.628,0.12%
27/11/19,1.626,1.592,1.63,1.584,2.26%
26/11/19,1.59,1.604,1.616,1.576,-1.33%
25/11/19,1.611,1.63,1.648,1.611,-0.88%
22/11/19,1.626,1.602,1.634,1.589,1.05%
21/11/19,1.609,1.569,1.611,1.547,1.70%
20/11/19,1.582,1.586,1.594,1.565,-1.15%
19/11/19,1.6,1.6,1.621,1.588,0.00%
18/11/19,1.6,1.608,1.631,1.584,-0.87%
15/11/19,1.614,1.604,1.625,1.592,1.43%
14/11/19,1.591,1.642,1.648,1.577,-3.33%
13/11/19,1.646,1.66,1.671,1.622,-0.97%
12/11/19,1.662,1.672,1.695,1.648,-0.83%
11/11/19,1.676,1.674,1.676,1.674,-0.24%
08/11/19,1.68,1.675,1.699,1.638,0.05%
07/11/19,1.679,1.605,1.71,1.599,4.14%
06/11/19,1.613,1.627,1.629,1.592,-0.61%
05/11/19,1.622,1.602,1.651,1.586,2.16%
04/11/19,1.588,1.552,1.6,1.552,2.20%
01/11/19,1.554,1.526,1.582,1.514,1.84%
31/10/19,1.526,1.606,1.628,1.518,-4.73%
30/10/19,1.602,1.645,1.673,1.598,-2.43%
29/10/19,1.641,1.651,1.666,1.626,-0.36%
28/10/19,1.648,1.63,1.668,1.624,1.47%
25/10/19,1.624,1.574,1.643,1.57,2.65%
24/10/19,1.582,1.576,1.602,1.556,-0.38%
23/10/19,1.588,1.58,1.59,1.55,-0.81%
22/10/19,1.601,1.623,1.633,1.59,-1.51%
21/10/19,1.625,1.563,1.627,1.563,3.00%
18/10/19,1.578,1.6,1.615,1.555,-1.26%
17/10/19,1.598,1.575,1.643,1.565,0.52%
16/10/19,1.59,1.616,1.62,1.567,-2.12%
15/10/19,1.624,1.593,1.63,1.535,1.80%
14/10/19,1.595,1.595,1.595,1.595,-0.13%
11/10/19,1.597,1.544,1.636,1.518,3.30%
10/10/19,1.546,1.433,1.548,1.425,5.22%
09/10/19,1.47,1.413,1.48,1.409,2.96%
08/10/19,1.428,1.466,1.496,1.409,-2.75%
07/10/19,1.468,1.384,1.472,1.378,4.43%
04/10/19,1.406,1.392,1.434,1.376,0.97%
03/10/19,1.392,1.472,1.48,1.368,-6.19%
02/10/19,1.484,1.542,1.564,1.468,-3.76%
01/10/19,1.542,1.624,1.68,1.534,-5.15%
30/09/19,1.626,1.628,1.658,1.618,-0.72%
27/09/19,1.638,1.658,1.684,1.622,-1.33%
26/09/19,1.66,1.671,1.688,1.633,-1.31%
25/09/19,1.681,1.616,1.689,1.604,3.31%
24/09/19,1.628,1.677,1.688,1.603,-3.30%
23/09/19,1.683,1.706,1.722,1.632,-0.23%
20/09/19,1.687,1.74,1.755,1.681,-3.25%
19/09/19,1.744,1.76,1.776,1.721,-1.15%
18/09/19,1.764,1.727,1.778,1.67,1.91%
17/09/19,1.731,1.763,1.765,1.721,-1.50%
16/09/19,1.757,1.809,1.809,1.745,-2.59%
13/09/19,1.804,1.721,1.808,1.713,4.56%
12/09/19,1.725,1.697,1.729,1.63,2.93%
11/09/19,1.676,1.676,1.686,1.654,-0.71%
10/09/19,1.688,1.599,1.688,1.583,5.86%
09/09/19,1.595,1.54,1.597,1.532,3.54%
06/09/19,1.54,1.536,1.589,1.512,0.40%
05/09/19,1.534,1.436,1.576,1.436,6.84%
04/09/19,1.436,1.446,1.474,1.428,-1.24%
03/09/19,1.454,1.51,1.528,1.436,-3.58%
02/09/19,1.508,1.514,1.514,1.508,-0.13%
30/08/19,1.51,1.524,1.55,1.502,-1.05%
29/08/19,1.526,1.494,1.54,1.488,1.73%
28/08/19,1.5,1.52,1.528,1.49,-1.60%
27/08/19,1.524,1.533,1.555,1.514,-1.22%
26/08/19,1.543,1.465,1.56,1.449,0.79%
23/08/19,1.531,1.608,1.642,1.505,-5.02%
22/08/19,1.612,1.573,1.618,1.542,2.33%
21/08/19,1.575,1.516,1.577,1.516,4.31%
20/08/19,1.51,1.531,1.535,1.488,-2.77%
19/08/19,1.553,1.488,1.553,1.485,4.50%
16/08/19,1.487,1.502,1.531,1.474,0.89%
15/08/19,1.473,1.583,1.591,1.467,-6.82%
14/08/19,1.581,1.663,1.664,1.563,-5.35%
13/08/19,1.671,1.59,1.677,1.561,5.90%
12/08/19,1.578,1.685,1.685,1.571,-4.31%
09/08/19,1.649,1.595,1.653,1.588,1.97%
08/08/19,1.617,1.591,1.651,1.587,0.87%
07/08/19,1.603,1.579,1.613,1.505,0.36%
06/08/19,1.597,1.531,1.627,1.529,1.13%
05/08/19,1.579,1.716,1.72,1.571,-7.63%
02/08/19,1.71,1.732,1.766,1.694,-2.30%
01/08/19,1.75,1.882,1.904,1.694,-6.32%
31/07/19,1.868,1.844,1.968,1.808,1.09%
30/07/19,1.848,1.854,1.864,1.836,-0.43%
29/07/19,1.856,1.852,1.862,1.838,-0.22%
26/07/19,1.86,1.866,1.892,1.852,-0.43%
25/07/19,1.868,1.814,1.872,1.8,2.53%
24/07/19,1.822,1.832,1.834,1.798,-0.84%
23/07/19,1.837,1.819,1.846,1.816,1.15%
22/07/19,1.816,1.833,1.841,1.802,-0.43%
19/07/19,1.824,1.791,1.837,1.781,3.90%
18/07/19,1.756,1.819,1.844,1.752,-3.05%
17/07/19,1.811,1.854,1.862,1.811,-2.31%
16/07/19,1.854,1.833,1.877,1.825,1.02%
15/07/19,1.835,1.874,1.874,1.829,-0.54%
12/07/19,1.845,1.859,1.876,1.837,-1.26%
11/07/19,1.869,1.822,1.873,1.795,2.24%
10/07/19,1.828,1.907,1.934,1.822,-4.75%
09/07/19,1.919,1.882,1.923,1.872,1.63%
08/07/19,1.888,1.875,1.894,1.835,1.10%
05/07/19,1.867,1.756,1.888,1.747,6.01%
04/07/19,1.762,1.758,1.762,1.758,-0.11%
03/07/19,1.764,1.757,1.768,1.729,0.00%
02/07/19,1.763,1.775,1.783,1.751,-1.56%
01/07/19,1.791,1.803,1.805,1.753,1.95%
28/06/19,1.757,1.747,1.763,1.735,0.57%
27/06/19,1.747,1.771,1.809,1.739,-1.58%
26/06/19,1.775,1.723,1.783,1.723,2.25%
25/06/19,1.736,1.732,1.761,1.703,0.09%
24/06/19,1.734,1.776,1.782,1.722,-2.12%
21/06/19,1.772,1.765,1.813,1.751,-0.20%
20/06/19,1.775,1.735,1.8,1.696,1.96%
19/06/19,1.741,1.872,1.905,1.737,-6.60%
18/06/19,1.864,1.869,1.877,1.805,-0.34%
17/06/19,1.871,1.855,1.883,1.848,1.41%
14/06/19,1.845,1.826,1.879,1.798,0.60%
13/06/19,1.834,1.889,1.891,1.817,-2.61%
12/06/19,1.883,1.919,1.928,1.87,-2.44%
11/06/19,1.93,1.895,1.942,1.891,1.16%
10/06/19,1.908,1.9,1.908,1.867,3.04%
07/06/19,1.851,1.883,1.894,1.775,-1.45%
06/06/19,1.879,1.849,1.897,1.816,1.39%
05/06/19,1.853,1.889,1.889,1.773,-1.41%
04/06/19,1.879,1.834,1.926,1.834,2.16%
03/06/19,1.84,1.916,1.922,1.812,-4.39%
31/05/19,1.924,2.027,2.033,1.916,-6.91%
30/05/19,2.067,2.109,2.129,2.057,-1.99%
29/05/19,2.109,2.119,2.119,2.055,-0.93%
28/05/19,2.129,2.17,2.179,2.124,-2.02%
27/05/19,2.172,2.172,2.172,2.172,0.19%
24/05/19,2.168,2.154,2.175,2.148,0.84%
23/05/19,2.15,2.227,2.227,2.121,-3.44%
22/05/19,2.227,2.252,2.254,2.221,-1.38%
21/05/19,2.258,2.221,2.262,2.219,1.58%
20/05/19,2.223,2.213,2.233,2.196,1.03%
17/05/19,2.2,2.196,2.217,2.161,0.27%
16/05/19,2.194,2.162,2.211,2.149,1.42%
15/05/19,2.164,2.197,2.209,2.139,-1.59%
14/05/19,2.198,2.182,2.209,2.176,0.37%
13/05/19,2.191,2.231,2.237,2.174,-3.60%
10/05/19,2.272,2.266,2.282,2.229,0.27%
09/05/19,2.266,2.293,2.295,2.231,-1.50%
08/05/19,2.301,2.288,2.307,2.254,0.80%
07/05/19,2.282,2.288,2.315,2.272,-1.14%
06/05/19,2.309,2.295,2.313,2.286,-1.13%
03/05/19,2.335,2.365,2.382,2.317,-0.50%
02/05/19,2.347,2.335,2.349,2.319,1.66%
01/05/19,2.308,2.268,2.316,2.206,1.87%
30/04/19,2.266,2.28,2.31,2.262,-1.23%
29/04/19,2.294,2.282,2.31,2.282,0.35%
26/04/19,2.286,2.324,2.34,2.276,-1.96%
25/04/19,2.332,2.32,2.334,2.308,0.52%
24/04/19,2.32,2.366,2.366,2.31,-1.87%
23/04/19,2.364,2.389,2.395,2.358,-0.95%
22/04/19,2.387,2.374,2.391,2.372,0.27%
18/04/19,2.38,2.398,2.403,2.37,-1.00%
17/04/19,2.404,2.412,2.429,2.394,-0.42%
16/04/19,2.414,2.394,2.417,2.386,0.87%
15/04/19,2.394,2.393,2.408,2.387,0.00%
12/04/19,2.393,2.356,2.4,2.35,1.50%
11/04/19,2.358,2.327,2.36,2.321,1.59%
10/04/19,2.321,2.348,2.35,2.311,-1.21%
09/04/19,2.35,2.356,2.364,2.329,-0.42%
08/04/19,2.36,2.343,2.364,2.325,0.70%
05/04/19,2.343,2.339,2.39,2.333,0.19%
04/04/19,2.339,2.333,2.343,2.311,-0.08%
03/04/19,2.341,2.3,2.343,2.298,1.67%
02/04/19,2.302,2.326,2.326,2.294,-1.47%
01/04/19,2.337,2.288,2.339,2.274,3.12%
29/03/19,2.266,2.242,2.29,2.234,1.53%
28/03/19,2.232,2.2,2.252,2.18,0.99%
27/03/19,2.21,2.242,2.25,2.162,-2.66%
26/03/19,2.27,2.258,2.302,2.247,0.91%
25/03/19,2.25,2.325,2.339,2.223,-2.97%
22/03/19,2.319,2.406,2.408,2.302,-3.80%
21/03/19,2.41,2.398,2.415,2.375,0.51%
20/03/19,2.398,2.473,2.473,2.384,-3.10%
19/03/19,2.475,2.454,2.475,2.442,0.84%
18/03/19,2.454,2.442,2.46,2.431,0.50%
15/03/19,2.442,2.465,2.471,2.43,-0.84%
14/03/19,2.463,2.467,2.477,2.45,-0.17%
13/03/19,2.467,2.461,2.471,2.448,0.58%
12/03/19,2.453,2.494,2.506,2.447,-1.08%
11/03/19,2.479,2.465,2.485,2.459,0.49%
08/03/19,2.467,2.48,2.481,2.438,-0.34%
07/03/19,2.475,2.514,2.518,2.469,-1.62%
06/03/19,2.516,2.545,2.549,2.508,-1.20%
05/03/19,2.547,2.545,2.567,2.543,0.16%
04/03/19,2.543,2.567,2.567,2.534,-0.56%
01/03/19,2.557,2.516,2.563,2.514,1.53%
28/02/19,2.518,2.49,2.534,2.478,0.73%
27/02/19,2.5,2.482,2.516,2.474,0.65%
26/02/19,2.484,2.498,2.5,2.48,-1.04%
25/02/19,2.51,2.506,2.518,2.497,0.50%
22/02/19,2.497,2.529,2.529,2.479,-1.32%
21/02/19,2.531,2.497,2.535,2.497,1.16%
20/02/19,2.502,2.493,2.506,2.481,0.41%
19/02/19,2.491,2.518,2.522,2.489,-1.07%
18/02/19,2.518,2.516,2.518,2.516,0.00%
15/02/19,2.518,2.502,2.522,2.491,0.91%
14/02/19,2.496,2.53,2.541,2.481,-1.62%
13/02/19,2.537,2.514,2.543,2.51,1.31%
12/02/19,2.504,2.485,2.514,2.485,0.66%
11/02/19,2.487,2.457,2.5,2.457,0.83%
08/02/19,2.467,2.486,2.486,2.449,-0.66%
07/02/19,2.484,2.526,2.526,2.477,-1.77%
06/02/19,2.528,2.528,2.53,2.502,0.00%
05/02/19,2.528,2.536,2.549,2.514,-0.40%
04/02/19,2.538,2.516,2.54,2.506,1.29%
01/02/19,2.506,2.468,2.524,2.459,1.72%
31/01/19,2.464,2.512,2.516,2.452,-1.85%
30/01/19,2.51,2.579,2.591,2.504,-2.43%
29/01/19,2.573,2.603,2.603,2.565,-0.74%
28/01/19,2.592,2.608,2.617,2.581,-0.72%
25/01/19,2.611,2.572,2.611,2.57,1.72%
24/01/19,2.566,2.583,2.589,2.552,-0.88%
23/01/19,2.589,2.585,2.61,2.57,0.00%
22/01/19,2.589,2.601,2.603,2.568,-0.48%
21/01/19,2.601,2.601,2.601,2.601,-0.55%
18/01/19,2.616,2.564,2.622,2.562,1.79%
17/01/19,2.57,2.541,2.58,2.52,0.98%
16/01/19,2.545,2.537,2.566,2.531,0.41%
15/01/19,2.535,2.535,2.551,2.512,-0.16%
14/01/19,2.539,2.543,2.543,2.508,-0.16%
11/01/19,2.543,2.567,2.573,2.529,-1.27%
10/01/19,2.576,2.553,2.58,2.512,0.80%
09/01/19,2.555,2.59,2.6,2.545,-1.26%
08/01/19,2.588,2.541,2.594,2.532,1.85%
07/01/19,2.541,2.502,2.545,2.471,1.71%
04/01/19,2.498,2.391,2.504,2.379,5.01%
03/01/19,2.379,2.464,2.508,2.372,-4.00%
02/01/19,2.478,2.53,2.53,2.472,-0.73%
01/01/19,2.496,2.496,2.496,2.496,0.00%
31/12/18,2.496,2.587,2.587,2.488,-0.89%
28/12/18,2.518,2.569,2.585,2.516,-1.88%
27/12/18,2.566,2.619,2.619,2.544,-2.08%
26/12/18,2.621,2.575,2.627,2.54,1.65%
25/12/18,2.579,2.583,2.583,2.579,0.67%
24/12/18,2.561,2.645,2.645,2.547,-2.79%
21/12/18,2.635,2.668,2.685,2.633,-1.34%
20/12/18,2.671,2.656,2.677,2.646,0.93%
19/12/18,2.646,2.642,2.694,2.621,-0.16%
18/12/18,2.65,2.698,2.698,2.646,-1.69%
17/12/18,2.696,2.739,2.743,2.685,-1.52%
14/12/18,2.737,2.764,2.764,2.717,-0.90%
13/12/18,2.762,2.774,2.774,2.754,-0.45%
12/12/18,2.774,2.77,2.789,2.76,0.30%
11/12/18,2.766,2.725,2.78,2.719,1.20%
10/12/18,2.733,2.699,2.735,2.684,0.53%
07/12/18,2.719,2.77,2.778,2.709,-1.56%
06/12/18,2.762,2.807,2.813,2.693,-1.60%
05/12/18,2.807,2.803,2.807,2.803,0.29%
04/12/18,2.799,2.825,2.839,2.789,-0.79%
03/12/18,2.821,2.831,2.845,2.813,0.87%
30/11/18,2.797,2.809,2.821,2.789,-0.43%
29/11/18,2.809,2.803,2.815,2.772,-0.14%
28/11/18,2.813,2.835,2.843,2.796,-0.79%
27/11/18,2.835,2.831,2.843,2.819,-0.05%
26/11/18,2.836,2.812,2.845,2.812,0.74%
23/11/18,2.816,2.816,2.824,2.799,0.00%
22/11/18,2.816,2.816,2.816,2.816,0.00%
21/11/18,2.816,2.812,2.829,2.803,0.29%
20/11/18,2.808,2.796,2.808,2.779,0.59%
19/11/18,2.791,2.8,2.829,2.775,-0.60%
16/11/18,2.808,2.862,2.87,2.804,-1.75%
15/11/18,2.858,2.871,2.879,2.829,-0.29%
14/11/18,2.866,2.899,2.908,2.837,-1.00%
13/11/18,2.895,2.891,2.912,2.887,0.00%
12/11/18,2.895,2.895,2.895,2.895,-1.12%
09/11/18,2.928,2.965,2.97,2.924,-1.51%
08/11/18,2.973,2.957,2.977,2.944,0.28%
07/11/18,2.965,2.928,2.969,2.912,0.98%
06/11/18,2.936,2.92,2.936,2.899,0.84%
05/11/18,2.912,2.908,2.916,2.891,0.00%
02/11/18,2.911,2.859,2.92,2.851,2.28%
01/11/18,2.846,2.875,2.879,2.846,-0.85%
31/10/18,2.871,2.863,2.887,2.859,0.71%
30/10/18,2.851,2.822,2.859,2.822,1.00%
29/10/18,2.822,2.818,2.839,2.798,0.43%
26/10/18,2.81,2.839,2.843,2.782,-1.56%
25/10/18,2.855,2.835,2.871,2.83,0.43%
24/10/18,2.843,2.895,2.895,2.826,-1.41%
23/10/18,2.883,2.908,2.908,2.854,-1.00%
22/10/18,2.912,2.904,2.917,2.9,0.15%
19/10/18,2.908,2.882,2.916,2.875,1.18%
18/10/18,2.874,2.891,2.912,2.862,-0.71%
17/10/18,2.895,2.874,2.899,2.862,0.87%
16/10/18,2.87,2.857,2.874,2.857,0.44%
15/10/18,2.857,2.861,2.861,2.841,-0.14%
12/10/18,2.861,2.857,2.878,2.832,0.45%
11/10/18,2.848,2.836,2.873,2.828,-0.14%
10/10/18,2.852,2.889,2.906,2.844,-1.27%
09/10/18,2.889,2.877,2.893,2.873,0.57%
08/10/18,2.873,2.881,2.881,2.873,-0.57%
05/10/18,2.889,2.872,2.901,2.872,0.59%
04/10/18,2.872,2.88,2.905,2.872,-0.14%
03/10/18,2.876,2.811,2.876,2.807,2.17%
02/10/18,2.815,2.823,2.827,2.799,-0.28%
01/10/18,2.823,2.827,2.839,2.819,0.00%
28/09/18,2.823,2.827,2.831,2.811,-0.29%
27/09/18,2.831,2.823,2.839,2.807,0.43%
26/09/18,2.819,2.835,2.843,2.819,-0.86%
25/09/18,2.843,2.831,2.847,2.831,0.78%
24/09/18,2.821,2.842,2.842,2.8,0.61%
21/09/18,2.804,2.808,2.825,2.804,-0.12%
20/09/18,2.808,2.791,2.82,2.791,0.45%
19/09/18,2.795,2.803,2.816,2.795,-0.43%
18/09/18,2.807,2.77,2.811,2.77,0.90%
17/09/18,2.782,2.799,2.799,2.774,-0.14%
14/09/18,2.786,2.752,2.786,2.752,0.92%
13/09/18,2.761,2.756,2.773,2.736,0.31%
12/09/18,2.752,2.748,2.752,2.736,0.15%
11/09/18,2.748,2.719,2.752,2.715,1.22%
10/09/18,2.715,2.707,2.715,2.698,0.31%
07/09/18,2.707,2.645,2.711,2.641,2.48%
06/09/18,2.641,2.653,2.657,2.633,-0.46%
05/09/18,2.653,2.657,2.665,2.645,0.00%
04/09/18,2.653,2.629,2.661,2.629,0.77%
03/09/18,2.633,2.637,2.637,2.633,0.15%
31/08/18,2.629,2.653,2.657,2.629,-0.92%
30/08/18,2.653,2.673,2.678,2.649,-1.05%
29/08/18,2.681,2.665,2.681,2.657,0.45%
28/08/18,2.669,2.661,2.673,2.649,0.91%
27/08/18,2.645,2.629,2.65,2.624,0.80%
24/08/18,2.624,2.625,2.641,2.62,0.16%
23/08/18,2.62,2.599,2.62,2.595,0.96%
22/08/18,2.595,2.591,2.608,2.587,-0.48%
21/08/18,2.608,2.591,2.612,2.587,0.80%
20/08/18,2.587,2.612,2.616,2.587,-0.95%
17/08/18,2.612,2.621,2.625,2.604,-0.32%
16/08/18,2.621,2.612,2.633,2.608,0.31%
15/08/18,2.612,2.637,2.637,2.592,-1.09%
14/08/18,2.641,2.621,2.641,2.621,1.10%
13/08/18,2.612,2.604,2.625,2.588,0.16%
10/08/18,2.608,2.649,2.658,2.596,-1.55%
09/08/18,2.649,2.67,2.674,2.649,-0.92%
08/08/18,2.674,2.678,2.678,2.662,0.00%
07/08/18,2.674,2.657,2.678,2.653,0.92%
06/08/18,2.649,2.657,2.657,2.641,0.16%
03/08/18,2.645,2.678,2.678,2.645,-0.76%
02/08/18,2.665,2.678,2.682,2.661,-0.60%
01/08/18,2.682,2.669,2.686,2.669,0.30%
31/07/18,2.674,2.669,2.678,2.649,0.30%
30/07/18,2.665,2.673,2.686,2.665,-0.45%
27/07/18,2.678,2.686,2.69,2.673,-0.45%
26/07/18,2.69,2.669,2.69,2.661,0.61%
25/07/18,2.673,2.645,2.678,2.645,1.37%
24/07/18,2.637,2.629,2.646,2.621,0.16%
23/07/18,2.633,2.595,2.637,2.587,1.45%
20/07/18,2.595,2.607,2.607,2.587,0.17%
19/07/18,2.591,2.62,2.632,2.582,-0.94%
18/07/18,2.615,2.624,2.624,2.607,0.00%
17/07/18,2.615,2.599,2.619,2.595,0.64%
16/07/18,2.599,2.59,2.611,2.586,0.65%
13/07/18,2.582,2.594,2.599,2.578,-0.31%
12/07/18,2.59,2.586,2.602,2.582,0.64%
11/07/18,2.573,2.565,2.594,2.549,-0.47%
10/07/18,2.586,2.565,2.594,2.561,0.96%
09/07/18,2.561,2.545,2.569,2.545,0.81%
06/07/18,2.541,2.545,2.561,2.528,-0.63%
05/07/18,2.557,2.536,2.565,2.536,0.64%
04/07/18,2.54,2.54,2.54,2.54,0.32%
03/07/18,2.532,2.557,2.561,2.528,-0.79%
02/07/18,2.553,2.524,2.557,2.508,0.80%
29/06/18,2.532,2.512,2.536,2.512,0.64%
28/06/18,2.516,2.5,2.524,2.496,0.32%
27/06/18,2.508,2.544,2.544,2.504,-0.98%
26/06/18,2.533,2.533,2.55,2.525,-0.17%
25/06/18,2.537,2.545,2.55,2.525,-0.33%
22/06/18,2.545,2.554,2.562,2.537,0.17%
21/06/18,2.541,2.57,2.574,2.537,-0.97%
20/06/18,2.566,2.553,2.57,2.533,0.65%
19/06/18,2.549,2.529,2.549,2.496,-0.16%
18/06/18,2.553,2.545,2.557,2.537,0.00%
15/06/18,2.553,2.566,2.57,2.541,-0.63%
14/06/18,2.57,2.578,2.582,2.549,-0.16%
13/06/18,2.574,2.545,2.602,2.537,1.14%
12/06/18,2.545,2.52,2.549,2.516,0.81%
11/06/18,2.524,2.512,2.533,2.508,0.98%
08/06/18,2.5,2.5,2.512,2.463,0.33%
07/06/18,2.492,2.524,2.532,2.451,-1.13%
06/06/18,2.52,2.5,2.524,2.496,0.98%
05/06/18,2.496,2.512,2.516,2.476,-0.97%
04/06/18,2.52,2.484,2.52,2.48,1.97%
01/06/18,2.472,2.431,2.492,2.427,1.48%
31/05/18,2.435,2.407,2.447,2.403,0.83%
30/05/18,2.415,2.299,2.424,2.299,3.44%
29/05/18,2.335,2.464,2.464,2.311,-5.07%
28/05/18,2.46,2.48,2.48,2.456,-0.81%
25/05/18,2.48,2.512,2.524,2.476,-1.29%
24/05/18,2.512,2.524,2.528,2.488,-0.79%
23/05/18,2.532,2.593,2.597,2.528,-1.47%
22/05/18,2.57,2.566,2.582,2.566,0.00%
21/05/18,2.57,2.57,2.578,2.557,0.82%
18/05/18,2.549,2.577,2.577,2.54,-0.94%
17/05/18,2.573,2.585,2.598,2.569,-0.79%
16/05/18,2.593,2.572,2.593,2.572,0.65%
15/05/18,2.577,2.547,2.589,2.547,0.98%
14/05/18,2.552,2.543,2.552,2.531,0.50%
11/05/18,2.539,2.534,2.543,2.531,0.19%
10/05/18,2.534,2.534,2.543,2.501,0.00%
09/05/18,2.534,2.518,2.534,2.518,0.82%
08/05/18,2.513,2.505,2.518,2.497,0.50%
07/05/18,2.501,2.497,2.505,2.493,-0.16%
04/05/18,2.505,2.485,2.505,2.46,1.00%
03/05/18,2.48,2.484,2.488,2.468,-0.49%
02/05/18,2.492,2.508,2.521,2.488,-0.64%
01/05/18,2.508,2.492,2.516,2.492,0.65%
30/04/18,2.492,2.488,2.496,2.484,0.33%
27/04/18,2.484,2.488,2.5,2.476,-0.16%
26/04/18,2.488,2.484,2.496,2.472,-0.16%
25/04/18,2.492,2.484,2.508,2.484,0.70%
24/04/18,2.475,2.478,2.5,2.462,-0.16%
23/04/18,2.478,2.47,2.483,2.458,0.69%
20/04/18,2.461,2.432,2.461,2.428,1.23%
19/04/18,2.432,2.427,2.44,2.423,0.00%
18/04/18,2.431,2.398,2.436,2.398,1.56%
17/04/18,2.394,2.386,2.402,2.377,0.53%
16/04/18,2.381,2.369,2.394,2.369,0.88%
13/04/18,2.361,2.34,2.373,2.34,0.19%
12/04/18,2.356,2.307,2.356,2.303,2.13%
11/04/18,2.307,2.303,2.319,2.283,0.00%
10/04/18,2.307,2.286,2.323,2.282,1.07%
09/04/18,2.282,2.282,2.299,2.27,0.54%
06/04/18,2.27,2.29,2.311,2.266,-1.58%
05/04/18,2.307,2.307,2.311,2.299,0.18%
04/04/18,2.303,2.274,2.303,2.254,0.89%
03/04/18,2.282,2.258,2.29,2.258,1.44%
02/04/18,2.25,2.278,2.29,2.234,-0.89%
29/03/18,2.27,2.286,2.294,2.266,-0.70%
28/03/18,2.286,2.278,2.302,2.246,0.71%
27/03/18,2.27,2.315,2.319,2.262,-0.20%
26/03/18,2.275,2.262,2.295,2.262,0.74%
23/03/18,2.258,2.274,2.291,2.254,-1.09%
22/03/18,2.283,2.312,2.32,2.258,-1.07%
21/03/18,2.308,2.337,2.366,2.299,-1.76%
20/03/18,2.349,2.312,2.349,2.307,1.61%
19/03/18,2.312,2.307,2.32,2.287,0.72%
16/03/18,2.295,2.291,2.295,2.279,0.36%
15/03/18,2.287,2.27,2.291,2.25,1.09%
14/03/18,2.262,2.262,2.291,2.246,0.18%
13/03/18,2.258,2.27,2.274,2.242,-0.18%
12/03/18,2.262,2.272,2.278,2.262,0.00%
09/03/18,2.262,2.27,2.286,2.262,0.54%
08/03/18,2.25,2.25,2.266,2.242,-0.18%
07/03/18,2.254,2.23,2.262,2.226,0.00%
06/03/18,2.254,2.238,2.258,2.226,0.54%
05/03/18,2.242,2.234,2.254,2.205,-0.18%
02/03/18,2.246,2.222,2.246,2.197,1.27%
01/03/18,2.218,2.254,2.27,2.202,-1.78%
28/02/18,2.258,2.262,2.286,2.254,-0.35%
27/02/18,2.266,2.222,2.278,2.218,1.62%
26/02/18,2.23,2.25,2.25,2.214,-0.54%
23/02/18,2.242,2.254,2.258,2.226,-0.53%
22/02/18,2.254,2.27,2.274,2.25,-0.71%
21/02/18,2.27,2.266,2.282,2.25,2.12%
20/02/18,2.223,2.223,2.248,2.218,0.39%
19/02/18,2.214,2.218,2.218,2.214,0.94%
16/02/18,2.194,2.193,2.21,2.185,0.23%
15/02/18,2.188,2.18,2.213,2.172,0.77%
14/02/18,2.172,2.114,2.176,2.094,2.92%
13/02/18,2.11,2.086,2.114,2.065,1.58%
12/02/18,2.077,2.049,2.139,2.049,0.20%
09/02/18,2.073,2.109,2.138,2.004,-1.72%
08/02/18,2.109,2.113,2.15,2.105,-0.76%
07/02/18,2.126,2.113,2.15,2.073,0.78%
06/02/18,2.109,2.036,2.113,1.947,3.38%
05/02/18,2.04,2.149,2.154,2.024,-4.89%
02/02/18,2.145,2.173,2.186,2.137,-0.72%
01/02/18,2.161,2.157,2.173,2.141,0.57%
31/01/18,2.149,2.12,2.165,2.104,0.95%
30/01/18,2.128,2.128,2.136,2.108,0.38%
29/01/18,2.12,2.116,2.161,2.116,0.00%
26/01/18,2.12,2.092,2.132,2.088,1.34%
25/01/18,2.092,2.08,2.104,2.068,0.58%
24/01/18,2.08,2.056,2.084,2.056,1.95%
23/01/18,2.04,2.065,2.065,2.04,-1.39%
22/01/18,2.069,2.077,2.082,2.061,0.00%
19/01/18,2.069,2.052,2.073,2.044,1.25%
18/01/18,2.043,2.047,2.06,2.043,-0.19%
17/01/18,2.047,2.014,2.051,2.014,1.43%
16/01/18,2.018,2.01,2.026,1.994,0.21%
15/01/18,2.014,2.01,2.014,2.01,0.61%
12/01/18,2.002,1.993,2.026,1.985,1.07%
11/01/18,1.981,1.972,1.989,1.968,0.21%
10/01/18,1.977,1.972,1.985,1.964,0.21%
09/01/18,1.972,1.96,1.976,1.948,0.63%
08/01/18,1.96,1.972,1.972,1.952,-0.20%
05/01/18,1.964,1.96,1.968,1.94,0.43%
04/01/18,1.956,1.947,1.976,1.947,1.25%
03/01/18,1.931,1.923,1.939,1.915,0.43%
02/01/18,1.923,1.907,1.927,1.891,1.91%
01/01/18,1.887,1.887,1.887,1.887,0.00%