Fecha,BONOM10,UDIBONOS10,Diferencia
2018-01-02 00:00:00,7.55,4.0,3.55
2018-01-03 00:00:00,7.5,4.0,3.5
2018-01-04 00:00:00,7.44,4.0,3.4400000000000004
2018-01-05 00:00:00,7.45,4.0,3.45
2018-01-08 00:00:00,7.43,4.0,3.4299999999999997
2018-01-09 00:00:00,7.48,4.0,3.4800000000000004
2018-01-10 00:00:00,7.58,4.0,3.58
2018-01-11 00:00:00,7.58,4.0,3.58
2018-01-12 00:00:00,7.56,4.0,3.5599999999999996
2018-01-15 00:00:00,7.53,4.0,3.5300000000000002
2018-01-16 00:00:00,7.548,4.0,3.548
2018-01-17 00:00:00,7.556,4.0,3.556
2018-01-18 00:00:00,7.55,4.0,3.55
2018-01-19 00:00:00,7.56,4.0,3.5599999999999996
2018-01-22 00:00:00,7.567,4.0,3.567
2018-01-23 00:00:00,7.49,4.0,3.49
2018-01-24 00:00:00,7.48,4.0,3.4800000000000004
2018-01-25 00:00:00,7.5,4.0,3.5
2018-01-26 00:00:00,7.521,4.0,3.521
2018-01-29 00:00:00,7.5,4.0,3.5
2018-01-30 00:00:00,7.64,4.0,3.6399999999999997
2018-01-31 00:00:00,7.59,4.0,3.59
2018-02-01 00:00:00,7.55,4.0,3.55
2018-02-02 00:00:00,7.57,4.0,3.5700000000000003
2018-02-06 00:00:00,7.6,4.0,3.5999999999999996
2018-02-07 00:00:00,7.57,4.0,3.5700000000000003
2018-02-08 00:00:00,7.64,4.0,3.6399999999999997
2018-02-09 00:00:00,7.68,4.0,3.6799999999999997
2018-02-12 00:00:00,7.74,4.0,3.74
2018-02-13 00:00:00,7.75,4.0,3.75
2018-02-14 00:00:00,7.79,4.0,3.79
2018-02-15 00:00:00,7.71,4.0,3.71
2018-02-16 00:00:00,7.67,4.0,3.67
2018-02-19 00:00:00,7.69,4.0,3.6900000000000004
2018-02-20 00:00:00,7.72,4.0,3.7199999999999998
2018-02-21 00:00:00,7.69,4.0,3.6900000000000004
2018-02-22 00:00:00,7.61,4.0,3.6100000000000003
2018-02-23 00:00:00,7.61,4.0,3.6100000000000003
2018-02-26 00:00:00,7.63,4.0,3.63
2018-02-27 00:00:00,7.64,4.0,3.6399999999999997
2018-02-28 00:00:00,7.62,4.0,3.62
2018-03-01 00:00:00,7.59,4.0,3.59
2018-03-02 00:00:00,7.58,4.0,3.58
2018-03-05 00:00:00,7.61,4.0,3.6100000000000003
2018-03-06 00:00:00,7.56,4.0,3.5599999999999996
2018-03-07 00:00:00,7.55,4.0,3.55
2018-03-08 00:00:00,7.55,4.0,3.55
2018-03-09 00:00:00,7.52,4.0,3.5199999999999996
2018-03-12 00:00:00,7.53,4.0,3.5300000000000002
2018-03-13 00:00:00,7.54,4.0,3.54
2018-03-14 00:00:00,7.56,4.0,3.5599999999999996
2018-03-15 00:00:00,7.56,4.0,3.5599999999999996
2018-03-16 00:00:00,7.419,4.0,3.4189999999999996
2018-03-20 00:00:00,7.55,4.0,3.55
2018-03-21 00:00:00,7.54,4.0,3.54
2018-03-22 00:00:00,7.49,4.0,3.49
2018-03-23 00:00:00,7.47,4.0,3.4699999999999998
2018-03-26 00:00:00,7.41,4.0,3.41
2018-03-27 00:00:00,7.35,4.0,3.3499999999999996
2018-03-28 00:00:00,7.29,4.0,3.29
2018-04-02 00:00:00,7.37,4.0,3.37
2018-04-03 00:00:00,7.31,4.0,3.3099999999999996
2018-04-04 00:00:00,7.25,4.0,3.25
2018-04-05 00:00:00,7.29,4.0,3.29
2018-04-06 00:00:00,7.25,4.0,3.25
2018-04-09 00:00:00,7.26,4.0,3.26
2018-04-10 00:00:00,7.31,4.0,3.3099999999999996
2018-04-11 00:00:00,7.33,4.0,3.33
2018-04-12 00:00:00,7.3,4.0,3.3
2018-04-13 00:00:00,7.33,4.0,3.33
2018-04-16 00:00:00,7.4,4.0,3.4000000000000004
2018-04-17 00:00:00,7.36,4.0,3.3600000000000003
2018-04-18 00:00:00,7.35,4.0,3.3499999999999996
2018-04-19 00:00:00,7.44,4.0,3.4400000000000004
2018-04-20 00:00:00,7.47,4.0,3.4699999999999998
2018-04-23 00:00:00,7.57,4.0,3.5700000000000003
2018-04-24 00:00:00,7.545,4.0,3.545
2018-04-25 00:00:00,7.52,4.0,3.5199999999999996
2018-04-26 00:00:00,7.53,4.0,3.5300000000000002
2018-04-27 00:00:00,7.44,4.0,3.4400000000000004
2018-04-30 00:00:00,7.46,4.0,3.46
2018-05-02 00:00:00,7.5,4.0,3.5
2018-05-03 00:00:00,7.52,4.0,3.5199999999999996
2018-05-04 00:00:00,7.56,4.0,3.5599999999999996
2018-05-07 00:00:00,7.64,4.0,3.6399999999999997
2018-05-08 00:00:00,7.71,4.0,3.71
2018-05-09 00:00:00,7.69,4.0,3.6900000000000004
2018-05-10 00:00:00,7.57,4.0,3.5700000000000003
2018-05-11 00:00:00,7.59,4.0,3.59
2018-05-14 00:00:00,7.67,4.0,3.67
2018-05-15 00:00:00,7.77,4.0,3.7699999999999996
2018-05-16 00:00:00,7.74,4.0,3.74
2018-05-17 00:00:00,7.74,4.0,3.74
2018-05-18 00:00:00,7.76,4.0,3.76
2018-05-21 00:00:00,7.71,4.0,3.71
2018-05-22 00:00:00,7.71,4.0,3.71
2018-05-23 00:00:00,7.64,4.0,3.6399999999999997
2018-05-24 00:00:00,7.66,4.0,3.66
2018-05-25 00:00:00,7.62,4.0,3.62
2018-05-28 00:00:00,7.63,4.0,3.63
2018-05-29 00:00:00,7.66,4.0,3.66
2018-05-30 00:00:00,7.73,4.0,3.7300000000000004
2018-05-31 00:00:00,7.78,4.0,3.7800000000000002
2018-06-01 00:00:00,7.82,4.0,3.8200000000000003
2018-06-04 00:00:00,7.829,4.0,3.8289999999999997
2018-06-05 00:00:00,7.82,4.0,3.8200000000000003
2018-06-06 00:00:00,7.75,4.0,3.75
2018-06-07 00:00:00,7.84,4.0,3.84
2018-06-08 00:00:00,7.82,4.0,3.8200000000000003
2018-06-11 00:00:00,7.86,4.0,3.8600000000000003
2018-06-12 00:00:00,7.93,4.0,3.9299999999999997
2018-06-13 00:00:00,7.9,4.0,3.9000000000000004
2018-06-14 00:00:00,7.93,4.0,3.9299999999999997
2018-06-15 00:00:00,7.99,4.0,3.99
2018-06-18 00:00:00,7.9,4.0,3.9000000000000004
2018-06-19 00:00:00,7.9,4.0,3.9000000000000004
2018-06-20 00:00:00,7.79,4.0,3.79
2018-06-21 00:00:00,7.77,4.0,3.7699999999999996
2018-06-22 00:00:00,7.72,4.0,3.7199999999999998
2018-06-25 00:00:00,7.72,4.0,3.7199999999999998
2018-06-26 00:00:00,7.64,4.0,3.6399999999999997
2018-06-27 00:00:00,7.66,4.0,3.66
2018-06-28 00:00:00,7.58,4.0,3.58
2018-06-29 00:00:00,7.58,4.0,3.58
2018-07-02 00:00:00,7.65,4.0,3.6500000000000004
2018-07-03 00:00:00,7.56,4.0,3.5599999999999996
2018-07-04 00:00:00,7.61,4.0,3.6100000000000003
2018-07-05 00:00:00,7.58,4.0,3.58
2018-07-06 00:00:00,7.68,4.0,3.6799999999999997
2018-07-09 00:00:00,7.71,4.0,3.71
2018-07-10 00:00:00,7.67,4.0,3.67
2018-07-11 00:00:00,7.69,4.0,3.6900000000000004
2018-07-12 00:00:00,7.68,4.0,3.6799999999999997
2018-07-13 00:00:00,7.74,4.0,3.74
2018-07-16 00:00:00,7.7,4.0,3.7
2018-07-17 00:00:00,7.69,4.0,3.6900000000000004
2018-07-18 00:00:00,7.64,4.0,3.6399999999999997
2018-07-19 00:00:00,7.7,4.0,3.7
2018-07-20 00:00:00,7.66,4.0,3.66
2018-07-23 00:00:00,7.67,4.0,3.67
2018-07-24 00:00:00,7.73,4.0,3.7300000000000004
2018-07-25 00:00:00,7.7,4.0,3.7
2018-07-26 00:00:00,7.71,4.0,3.71
2018-07-27 00:00:00,7.75,4.0,3.75
2018-07-30 00:00:00,7.71,4.0,3.71
2018-07-31 00:00:00,7.74,4.0,3.74
2018-08-01 00:00:00,7.76,4.0,3.76
2018-08-02 00:00:00,7.71,4.0,3.71
2018-08-03 00:00:00,7.69,4.0,3.6900000000000004
2018-08-06 00:00:00,7.69,4.0,3.6900000000000004
2018-08-07 00:00:00,7.68,4.0,3.6799999999999997
2018-08-08 00:00:00,7.64,4.0,3.6399999999999997
2018-08-09 00:00:00,7.67,4.0,3.67
2018-08-10 00:00:00,7.73,4.0,3.7300000000000004
2018-08-13 00:00:00,7.78,4.0,3.7800000000000002
2018-08-14 00:00:00,7.81,4.0,3.8099999999999996
2018-08-15 00:00:00,7.818,4.0,3.8179999999999996
2018-08-16 00:00:00,7.89,4.0,3.8899999999999997
2018-08-17 00:00:00,7.84,4.0,3.84
2018-08-20 00:00:00,7.85,4.0,3.8499999999999996
2018-08-21 00:00:00,7.83,4.0,3.83
2018-08-22 00:00:00,7.77,4.0,3.7699999999999996
2018-08-23 00:00:00,7.8,4.0,3.8
2018-08-24 00:00:00,7.75,4.0,3.75
2018-08-27 00:00:00,7.74,4.0,3.74
2018-08-28 00:00:00,7.82,4.0,3.8200000000000003
2018-08-29 00:00:00,7.87,4.0,3.87
2018-08-30 00:00:00,7.9,4.0,3.9000000000000004
2018-08-31 00:00:00,7.91,4.0,3.91
2018-09-03 00:00:00,7.91,4.0,3.91
2018-09-04 00:00:00,8.01,4.0,4.01
2018-09-05 00:00:00,8.03,4.0,4.029999999999999
2018-09-06 00:00:00,8.0,4.0,4.0
2018-09-07 00:00:00,8.04,4.0,4.039999999999999
2018-09-10 00:00:00,8.06,4.0,4.0600000000000005
2018-09-11 00:00:00,8.06,4.0,4.0600000000000005
2018-09-12 00:00:00,8.04,4.0,4.039999999999999
2018-09-13 00:00:00,7.98,4.0,3.9800000000000004
2018-09-14 00:00:00,8.01,4.0,4.01
2018-09-17 00:00:00,8.03,4.0,4.029999999999999
2018-09-18 00:00:00,8.03,4.0,4.029999999999999
2018-09-19 00:00:00,8.03,4.0,4.029999999999999
2018-09-20 00:00:00,8.05,4.0,4.050000000000001
2018-09-21 00:00:00,8.03,4.0,4.029999999999999
2018-09-24 00:00:00,8.0,4.0,4.0
2018-09-25 00:00:00,8.04,4.0,4.039999999999999
2018-09-26 00:00:00,7.94,4.0,3.9400000000000004
2018-09-27 00:00:00,7.89,4.0,3.8899999999999997
2018-09-28 00:00:00,7.91,4.0,3.91
2018-10-01 00:00:00,7.93,4.0,3.9299999999999997
2018-10-02 00:00:00,7.91,4.0,3.91
2018-10-03 00:00:00,7.93,4.0,3.9299999999999997
2018-10-04 00:00:00,8.01,4.0,4.01
2018-10-05 00:00:00,8.09,4.0,4.09
2018-10-08 00:00:00,8.1,4.0,4.1
2018-10-09 00:00:00,8.15,4.0,4.15
2018-10-10 00:00:00,8.15,4.0,4.15
2018-10-11 00:00:00,8.16,4.0,4.16
2018-10-12 00:00:00,8.1,4.0,4.1
2018-10-15 00:00:00,8.07,4.0,4.07
2018-10-16 00:00:00,8.05,4.0,4.050000000000001
2018-10-17 00:00:00,8.09,4.0,4.09
2018-10-18 00:00:00,8.14,4.0,4.140000000000001
2018-10-19 00:00:00,8.2,4.0,4.199999999999999
2018-10-22 00:00:00,8.35,4.0,4.35
2018-10-23 00:00:00,8.29,4.0,4.289999999999999
2018-10-24 00:00:00,8.34,4.0,4.34
2018-10-25 00:00:00,8.34,4.0,4.34
2018-10-26 00:00:00,8.32,4.0,4.32
2018-10-29 00:00:00,8.7,4.0,4.699999999999999
2018-10-30 00:00:00,8.71,4.0,4.710000000000001
2018-10-31 00:00:00,8.86,4.0,4.859999999999999
2018-11-01 00:00:00,8.77,4.0,4.77
2018-11-05 00:00:00,8.59,4.0,4.59
2018-11-06 00:00:00,8.59,4.0,4.59
2018-11-07 00:00:00,8.67,4.0,4.67
2018-11-08 00:00:00,8.82,4.0,4.82
2018-11-09 00:00:00,8.88,4.0,4.880000000000001
2018-11-12 00:00:00,8.87,4.0,4.869999999999999
2018-11-13 00:00:00,9.01,4.0,5.01
2018-11-14 00:00:00,9.09,4.0,5.09
2018-11-15 00:00:00,8.98,4.0,4.98
2018-11-16 00:00:00,9.05,4.0,5.050000000000001
2018-11-20 00:00:00,9.15,4.0,5.15
2018-11-21 00:00:00,9.07,4.0,5.07
2018-11-22 00:00:00,9.02,4.0,5.02
2018-11-23 00:00:00,9.06,4.0,5.0600000000000005
2018-11-26 00:00:00,9.2,4.0,5.199999999999999
2018-11-27 00:00:00,9.22,4.0,5.220000000000001
2018-11-28 00:00:00,9.18,4.0,5.18
2018-11-29 00:00:00,9.05,4.0,5.050000000000001
2018-11-30 00:00:00,9.24,4.0,5.24
2018-12-03 00:00:00,9.04,4.0,5.039999999999999
2018-12-04 00:00:00,9.14,4.0,5.140000000000001
2018-12-05 00:00:00,9.09,4.0,5.09
2018-12-06 00:00:00,9.15,4.0,5.15
2018-12-07 00:00:00,9.02,4.0,5.02
2018-12-10 00:00:00,9.06,4.0,5.0600000000000005
2018-12-11 00:00:00,9.08,4.0,5.08
2018-12-13 00:00:00,8.95,4.0,4.949999999999999
2018-12-14 00:00:00,8.92,4.0,4.92
2018-12-17 00:00:00,8.82,4.0,4.82
2018-12-18 00:00:00,8.72,4.0,4.720000000000001
2018-12-19 00:00:00,8.71,4.0,4.710000000000001
2018-12-20 00:00:00,8.65,4.0,4.65
2018-12-21 00:00:00,8.81,4.0,4.8100000000000005
2018-12-24 00:00:00,8.84,4.0,4.84
2018-12-26 00:00:00,8.81,4.0,4.8100000000000005
2018-12-27 00:00:00,8.81,4.0,4.8100000000000005
2018-12-28 00:00:00,8.73,4.0,4.73
2018-12-31 00:00:00,8.62,4.0,4.619999999999999
2019-01-02 00:00:00,8.63,4.0,4.630000000000001
2019-01-03 00:00:00,8.6,4.0,4.6
2019-01-04 00:00:00,8.47,4.0,4.470000000000001
2019-01-07 00:00:00,8.59,4.0,4.59
2019-01-08 00:00:00,8.68,4.0,4.68
2019-01-09 00:00:00,8.76,4.0,4.76
2019-01-10 00:00:00,8.6,4.0,4.6
2019-01-11 00:00:00,8.69,4.0,4.6899999999999995
2019-01-14 00:00:00,8.62,4.0,4.619999999999999
2019-01-15 00:00:00,8.65,4.0,4.65
2019-01-16 00:00:00,8.63,4.0,4.630000000000001
2019-01-17 00:00:00,8.69,4.0,4.6899999999999995
2019-01-18 00:00:00,8.67,4.0,4.67
2019-01-21 00:00:00,8.71,4.0,4.710000000000001
2019-01-22 00:00:00,8.69,4.0,4.6899999999999995
2019-01-23 00:00:00,8.63,4.0,4.630000000000001
2019-01-24 00:00:00,8.48,4.0,4.48
2019-01-25 00:00:00,8.42,4.0,4.42
2019-01-28 00:00:00,8.45,4.0,4.449999999999999
2019-01-29 00:00:00,8.4,4.0,4.4
2019-01-30 00:00:00,8.53,4.0,4.529999999999999
2019-01-31 00:00:00,8.47,4.0,4.470000000000001
2019-02-01 00:00:00,8.47,4.0,4.470000000000001
2019-02-05 00:00:00,8.41,4.0,4.41
2019-02-06 00:00:00,8.4,4.0,4.4
2019-02-07 00:00:00,8.41,4.0,4.41
2019-02-08 00:00:00,8.34,4.0,4.34
2019-02-11 00:00:00,8.48,4.0,4.48
2019-02-12 00:00:00,8.38,4.0,4.380000000000001
2019-02-13 00:00:00,8.54,4.0,4.539999999999999
2019-02-14 00:00:00,8.4,4.0,4.4
2019-02-15 00:00:00,8.27,4.0,4.27
2019-02-18 00:00:00,8.37,4.0,4.369999999999999
2019-02-19 00:00:00,8.34,4.0,4.34
2019-02-20 00:00:00,8.35,4.0,4.35
2019-02-21 00:00:00,8.33,4.0,4.33
2019-02-22 00:00:00,8.32,4.0,4.32
2019-02-25 00:00:00,8.24,4.0,4.24
2019-02-26 00:00:00,8.07,4.0,4.07
2019-02-27 00:00:00,8.1,4.0,4.1
2019-02-28 00:00:00,8.198,4.0,4.198
2019-03-01 00:00:00,8.13,4.0,4.130000000000001
2019-03-04 00:00:00,8.17,4.0,4.17
2019-03-05 00:00:00,8.13,4.0,4.130000000000001
2019-03-06 00:00:00,8.084,4.0,4.084
2019-03-07 00:00:00,8.104,4.0,4.103999999999999
2019-03-08 00:00:00,8.044,4.0,4.0440000000000005
2019-03-11 00:00:00,8.02,4.0,4.02
2019-03-12 00:00:00,8.012,4.0,4.0120000000000005
2019-03-13 00:00:00,8.01,4.0,4.01
2019-03-15 00:00:00,8.02,4.0,4.02
2019-03-19 00:00:00,8.03,4.0,4.029999999999999
2019-03-20 00:00:00,7.976,4.0,3.976
2019-03-21 00:00:00,7.93,4.0,3.9299999999999997
2019-03-22 00:00:00,7.89,4.0,3.8899999999999997
2019-03-25 00:00:00,7.84,4.0,3.84
2019-03-26 00:00:00,7.89,4.0,3.8899999999999997
2019-03-27 00:00:00,7.94,4.0,3.9400000000000004
2019-03-28 00:00:00,7.96,4.0,3.96
2019-03-29 00:00:00,8.01,4.0,4.01
2019-04-01 00:00:00,7.99,4.0,3.99
2019-04-02 00:00:00,8.01,4.0,4.01
2019-04-03 00:00:00,8.04,4.0,4.039999999999999
2019-04-04 00:00:00,8.0,4.0,4.0
2019-04-05 00:00:00,7.93,4.0,3.9299999999999997
2019-04-08 00:00:00,7.93,4.0,3.9299999999999997
2019-04-09 00:00:00,7.96,4.0,3.96
2019-04-10 00:00:00,7.94,4.0,3.9400000000000004
2019-04-11 00:00:00,7.91,4.0,3.91
2019-04-12 00:00:00,7.89,4.0,3.8899999999999997
2019-04-15 00:00:00,7.92,4.0,3.92
2019-04-16 00:00:00,8.01,4.0,4.01
2019-04-17 00:00:00,8.02,4.0,4.02
2019-04-22 00:00:00,8.03,4.0,4.029999999999999
2019-04-23 00:00:00,8.05,4.0,4.050000000000001
2019-04-24 00:00:00,8.1,4.0,4.1
2019-04-25 00:00:00,8.1,4.0,4.1
2019-04-26 00:00:00,8.04,4.0,4.039999999999999
2019-04-29 00:00:00,8.09,4.0,4.09
2019-04-30 00:00:00,8.08,4.0,4.08
2019-05-02 00:00:00,8.11,4.0,4.109999999999999
2019-05-03 00:00:00,8.08,4.0,4.08
2019-05-06 00:00:00,8.11,4.0,4.109999999999999
2019-05-07 00:00:00,8.13,4.0,4.130000000000001
2019-05-08 00:00:00,8.12,4.0,4.119999999999999
2019-05-09 00:00:00,8.128,4.0,4.128
2019-05-10 00:00:00,8.1,4.0,4.1
2019-05-13 00:00:00,8.1,4.0,4.1
2019-05-14 00:00:00,8.07,4.0,4.07
2019-05-15 00:00:00,8.032,4.0,4.032
2019-05-16 00:00:00,8.04,4.0,4.039999999999999
2019-05-17 00:00:00,8.05,4.0,4.050000000000001
2019-05-20 00:00:00,8.112,4.0,4.112
2019-05-21 00:00:00,8.112,4.0,4.112
2019-05-22 00:00:00,8.104,4.0,4.103999999999999
2019-05-23 00:00:00,8.05,4.0,4.050000000000001
2019-05-24 00:00:00,8.02,4.0,4.02
2019-05-27 00:00:00,8.03,4.0,4.029999999999999
2019-05-28 00:00:00,7.95,4.0,3.95
2019-05-29 00:00:00,7.94,4.0,3.9400000000000004
2019-05-30 00:00:00,7.98,4.0,3.9800000000000004
2019-05-31 00:00:00,8.06,4.0,4.0600000000000005
2019-06-03 00:00:00,8.06,4.0,4.0600000000000005
2019-06-04 00:00:00,7.98,4.0,3.9800000000000004
2019-06-05 00:00:00,7.974,4.0,3.974
2019-06-06 00:00:00,8.01,4.0,4.01
2019-06-07 00:00:00,7.92,4.0,3.92
2019-06-10 00:00:00,7.75,4.0,3.75
2019-06-11 00:00:00,7.68,4.0,3.6799999999999997
2019-06-12 00:00:00,7.7,4.0,3.7
2019-06-13 00:00:00,7.67,4.0,3.67
2019-06-14 00:00:00,7.65,4.0,3.6500000000000004
2019-06-17 00:00:00,7.744,4.0,3.7439999999999998
2019-06-18 00:00:00,7.682,4.0,3.6820000000000004
2019-06-19 00:00:00,7.63,4.0,3.63
2019-06-20 00:00:00,7.564,4.0,3.564
2019-06-21 00:00:00,7.68,4.0,3.6799999999999997
2019-06-24 00:00:00,7.66,4.0,3.66
2019-06-25 00:00:00,7.698,4.0,3.6980000000000004
2019-06-26 00:00:00,7.69,4.0,3.6900000000000004
2019-06-27 00:00:00,7.58,4.0,3.58
2019-06-28 00:00:00,7.566,4.0,3.566
2019-07-01 00:00:00,7.484,4.0,3.484
2019-07-02 00:00:00,7.39,4.0,3.3899999999999997
2019-07-03 00:00:00,7.314,4.0,3.314
2019-07-04 00:00:00,7.29,4.0,3.29
2019-07-05 00:00:00,7.3,4.0,3.3
2019-07-08 00:00:00,7.37,4.0,3.37
2019-07-09 00:00:00,7.56,4.0,3.5599999999999996
2019-07-10 00:00:00,7.58,4.0,3.58
2019-07-11 00:00:00,7.658,4.0,3.6580000000000004
2019-07-12 00:00:00,7.614,4.0,3.614
2019-07-15 00:00:00,7.602,4.0,3.6020000000000003
2019-07-16 00:00:00,7.604,4.0,3.604
2019-07-17 00:00:00,7.74,4.0,3.74
2019-07-18 00:00:00,7.54,4.0,3.54
2019-07-19 00:00:00,7.48,4.0,3.4800000000000004
2019-07-22 00:00:00,7.46,4.0,3.46
2019-07-23 00:00:00,7.478,4.0,3.4779999999999998
2019-07-24 00:00:00,7.43,4.0,3.4299999999999997
2019-07-25 00:00:00,7.43,4.0,3.4299999999999997
2019-07-26 00:00:00,7.53,4.0,3.5300000000000002
2019-07-29 00:00:00,7.5,4.0,3.5
2019-07-30 00:00:00,7.52,4.0,3.5199999999999996
2019-07-31 00:00:00,7.49,4.0,3.49
2019-08-01 00:00:00,7.49,4.0,3.49
2019-08-02 00:00:00,7.426,4.0,3.426
2019-08-05 00:00:00,7.42,4.0,3.42
2019-08-06 00:00:00,7.43,4.0,3.4299999999999997
2019-08-07 00:00:00,7.3,4.0,3.3
2019-08-08 00:00:00,7.262,4.0,3.2619999999999996
2019-08-09 00:00:00,7.186,4.0,3.186
2019-08-12 00:00:00,7.184,4.0,3.184
2019-08-13 00:00:00,7.18,4.0,3.1799999999999997
2019-08-14 00:00:00,7.23,4.0,3.2300000000000004
2019-08-15 00:00:00,7.04,4.0,3.04
2019-08-16 00:00:00,6.93,4.0,2.9299999999999997
2019-08-19 00:00:00,7.042,4.0,3.042
2019-08-20 00:00:00,7.06,4.0,3.0599999999999996
2019-08-21 00:00:00,7.016,4.0,3.016
2019-08-22 00:00:00,6.972,4.0,2.9720000000000004
2019-08-23 00:00:00,6.94,4.0,2.9400000000000004
2019-08-26 00:00:00,6.97,4.0,2.9699999999999998
2019-08-27 00:00:00,7.01,4.0,3.01
2019-08-28 00:00:00,6.99,4.0,2.99
2019-08-29 00:00:00,7.01,4.0,3.01
2019-08-30 00:00:00,6.95,4.0,2.95
2019-09-02 00:00:00,6.96,4.0,2.96
2019-09-03 00:00:00,6.93,4.0,2.9299999999999997
2019-09-04 00:00:00,6.93,4.0,2.9299999999999997
2019-09-05 00:00:00,6.99,4.0,2.99
2019-09-06 00:00:00,6.95,4.0,2.95
2019-09-09 00:00:00,7.0,4.0,3.0
2019-09-10 00:00:00,7.07,4.0,3.0700000000000003
2019-09-11 00:00:00,7.17,4.0,3.17
2019-09-12 00:00:00,7.16,4.0,3.16
2019-09-13 00:00:00,7.23,4.0,3.2300000000000004
2019-09-17 00:00:00,7.17,4.0,3.17
2019-09-18 00:00:00,7.13,4.0,3.13
2019-09-19 00:00:00,7.0,4.0,3.0
2019-09-20 00:00:00,6.98,4.0,2.9800000000000004
2019-09-23 00:00:00,6.89,4.0,2.8899999999999997
2019-09-24 00:00:00,6.9,4.0,2.9000000000000004
2019-09-25 00:00:00,6.892,4.0,2.8920000000000003
2019-09-26 00:00:00,6.82,4.0,2.8200000000000003
2019-09-27 00:00:00,6.88,4.0,2.88
2019-09-30 00:00:00,6.86,4.0,2.8600000000000003
2019-10-01 00:00:00,6.9,4.0,2.9000000000000004
2019-10-02 00:00:00,6.83,4.0,2.83
2019-10-03 00:00:00,6.72,4.0,2.7199999999999998
2019-10-04 00:00:00,6.73,4.0,2.7300000000000004
2019-10-07 00:00:00,6.77,4.0,2.7699999999999996
2019-10-08 00:00:00,6.75,4.0,2.75
2019-10-09 00:00:00,6.71,4.0,2.71
2019-10-10 00:00:00,6.74,4.0,2.74
2019-10-11 00:00:00,6.74,4.0,2.74
2019-10-14 00:00:00,6.744,4.0,2.7439999999999998
2019-10-15 00:00:00,6.77,4.0,2.7699999999999996
2019-10-16 00:00:00,6.81,4.0,2.8099999999999996
2019-10-17 00:00:00,6.84,4.0,2.84
2019-10-18 00:00:00,6.8,4.0,2.8
2019-10-21 00:00:00,6.83,4.0,2.83
2019-10-22 00:00:00,6.86,4.0,2.8600000000000003
2019-10-23 00:00:00,6.85,4.0,2.8499999999999996
2019-10-24 00:00:00,6.8,4.0,2.8
2019-10-25 00:00:00,6.83,4.0,2.83
2019-10-28 00:00:00,6.87,4.0,2.87
2019-10-29 00:00:00,6.84,4.0,2.84
2019-10-30 00:00:00,6.77,4.0,2.7699999999999996
2019-10-31 00:00:00,6.74,4.0,2.74
2019-11-01 00:00:00,6.77,4.0,2.7699999999999996
2019-11-04 00:00:00,6.77,4.0,2.7699999999999996
2019-11-05 00:00:00,6.82,4.0,2.8200000000000003
2019-11-06 00:00:00,6.76,4.0,2.76
2019-11-07 00:00:00,6.81,4.0,2.8099999999999996
2019-11-08 00:00:00,6.84,4.0,2.84
2019-11-11 00:00:00,6.86,4.0,2.8600000000000003
2019-11-12 00:00:00,6.92,4.0,2.92
2019-11-13 00:00:00,6.96,4.0,2.96
2019-11-14 00:00:00,6.94,4.0,2.9400000000000004
2019-11-15 00:00:00,6.89,4.0,2.8899999999999997
2019-11-19 00:00:00,6.98,4.0,2.9800000000000004
2019-11-20 00:00:00,7.03,4.0,3.0300000000000002
2019-11-21 00:00:00,7.01,4.0,3.01
2019-11-22 00:00:00,7.02,4.0,3.0199999999999996
2019-11-25 00:00:00,7.074,4.0,3.074
2019-11-26 00:00:00,7.11,4.0,3.1100000000000003
2019-11-27 00:00:00,7.014,4.0,3.0140000000000002
2019-11-28 00:00:00,7.07,4.0,3.0700000000000003
2019-11-29 00:00:00,7.07,4.0,3.0700000000000003
2019-12-02 00:00:00,7.13,4.0,3.13
2019-12-03 00:00:00,7.13,4.0,3.13
2019-12-04 00:00:00,6.98,4.0,2.9800000000000004
2019-12-05 00:00:00,7.02,4.0,3.0199999999999996
2019-12-06 00:00:00,6.96,4.0,2.96
2019-12-09 00:00:00,6.8,4.0,2.8
2019-12-10 00:00:00,6.878,4.0,2.878
2019-12-11 00:00:00,6.84,4.0,2.84
2019-12-13 00:00:00,6.8,4.0,2.8
2019-12-16 00:00:00,6.77,4.0,2.7699999999999996
2019-12-17 00:00:00,6.8,4.0,2.8
2019-12-18 00:00:00,6.77,4.0,2.7699999999999996
2019-12-19 00:00:00,6.87,4.0,2.87
2019-12-20 00:00:00,6.91,4.0,2.91
2019-12-23 00:00:00,6.88,4.0,2.88
2019-12-24 00:00:00,6.87,4.0,2.87
2019-12-26 00:00:00,6.84,4.0,2.84
2019-12-27 00:00:00,6.81,4.0,2.8099999999999996
2019-12-30 00:00:00,6.82,4.0,2.8200000000000003
2019-12-31 00:00:00,6.84,4.0,2.84
2020-01-02 00:00:00,6.78,4.0,2.7800000000000002
2020-01-03 00:00:00,6.714,4.0,2.7140000000000004
2020-01-06 00:00:00,6.77,4.0,2.7699999999999996
2020-01-07 00:00:00,6.83,4.0,2.83
2020-01-08 00:00:00,6.83,4.0,2.83
2020-01-09 00:00:00,6.85,4.0,2.8499999999999996
2020-01-10 00:00:00,6.764,4.0,2.7640000000000002
2020-01-13 00:00:00,6.83,4.0,2.83
2020-01-14 00:00:00,6.83,4.0,2.83
2020-01-15 00:00:00,6.8,4.0,2.8
2020-01-16 00:00:00,6.82,4.0,2.8200000000000003
2020-01-17 00:00:00,6.802,4.0,2.8019999999999996
2020-01-20 00:00:00,6.79,4.0,2.79
2020-01-21 00:00:00,6.83,4.0,2.83
2020-01-22 00:00:00,6.82,4.0,2.8200000000000003
2020-01-23 00:00:00,6.78,4.0,2.7800000000000002
2020-01-24 00:00:00,6.76,4.0,2.76
2020-01-27 00:00:00,6.73,4.0,2.7300000000000004
2020-01-28 00:00:00,6.706,4.0,2.7060000000000004
2020-01-29 00:00:00,6.62,4.0,2.62
2020-01-30 00:00:00,6.61,4.0,2.6100000000000003
2020-01-31 00:00:00,6.6,4.0,2.5999999999999996
2020-02-04 00:00:00,6.64,4.0,2.6399999999999997
2020-02-05 00:00:00,6.65,4.0,2.6500000000000004
2020-02-06 00:00:00,6.638,4.0,2.638
2020-02-07 00:00:00,6.62,4.0,2.62
2020-02-10 00:00:00,6.58,4.0,2.58
2020-02-11 00:00:00,6.558,4.0,2.558
2020-02-12 00:00:00,6.57,4.0,2.5700000000000003
2020-02-13 00:00:00,6.57,4.0,2.5700000000000003
2020-02-14 00:00:00,6.53,4.0,2.5300000000000002
2020-02-17 00:00:00,6.54,4.0,2.54
2020-02-18 00:00:00,6.53,4.0,2.5300000000000002
2020-02-19 00:00:00,6.5,4.0,2.5
2020-02-20 00:00:00,6.548,4.0,2.548
2020-02-21 00:00:00,6.522,4.0,2.5220000000000002
2020-02-24 00:00:00,6.49,4.0,2.49
2020-02-25 00:00:00,6.46,4.0,2.46
2020-02-26 00:00:00,6.498,4.0,2.498
2020-02-27 00:00:00,6.68,4.0,2.6799999999999997
2020-02-28 00:00:00,6.83,4.0,2.83
2020-03-02 00:00:00,6.56,4.0,2.5599999999999996
2020-03-03 00:00:00,6.42,4.0,2.42
2020-03-04 00:00:00,6.31,4.0,2.3099999999999996
2020-03-05 00:00:00,6.36,4.0,2.3600000000000003
2020-03-06 00:00:00,6.35,4.0,2.3499999999999996
2020-03-09 00:00:00,6.67,4.0,2.67
2020-03-10 00:00:00,6.8,4.0,2.8
2020-03-11 00:00:00,7.26,4.0,3.26
2020-03-12 00:00:00,7.68,4.0,3.6799999999999997
2020-03-13 00:00:00,7.63,4.0,3.63
2020-03-17 00:00:00,7.75,4.0,3.75
2020-03-18 00:00:00,8.24,4.0,4.24
2020-03-19 00:00:00,8.09,4.0,4.09
2020-03-20 00:00:00,7.32,4.0,3.3200000000000003
2020-03-23 00:00:00,7.79,4.0,3.79
2020-03-24 00:00:00,7.97,4.0,3.9699999999999998
2020-03-25 00:00:00,7.74,4.0,3.74
2020-03-26 00:00:00,7.28,4.0,3.2800000000000002
2020-03-27 00:00:00,7.05,4.0,3.05
2020-03-30 00:00:00,7.25,4.0,3.25
2020-03-31 00:00:00,7.04,4.0,3.04
2020-04-01 00:00:00,7.02,4.0,3.0199999999999996
2020-04-02 00:00:00,7.09,4.0,3.09
2020-04-03 00:00:00,7.24,4.0,3.24
2020-04-06 00:00:00,7.32,4.0,3.3200000000000003
2020-04-07 00:00:00,7.11,4.0,3.1100000000000003
2020-04-08 00:00:00,7.06,4.0,3.0599999999999996
2020-04-13 00:00:00,7.05,4.0,3.05
2020-04-14 00:00:00,6.82,4.0,2.8200000000000003
2020-04-15 00:00:00,6.83,4.0,2.83
2020-04-16 00:00:00,6.79,4.0,2.79
2020-04-17 00:00:00,6.83,4.0,2.83
2020-04-20 00:00:00,6.93,4.0,2.9299999999999997
2020-04-21 00:00:00,6.9,4.0,2.9000000000000004
2020-04-22 00:00:00,6.68,4.0,2.6799999999999997
2020-04-23 00:00:00,6.67,4.0,2.67
2020-04-24 00:00:00,6.87,4.0,2.87
2020-04-27 00:00:00,6.84,4.0,2.84
2020-04-28 00:00:00,6.8,4.0,2.8
2020-04-29 00:00:00,6.59,4.0,2.59
2020-04-30 00:00:00,6.465,4.0,2.465
2020-05-04 00:00:00,6.38,4.0,2.38
2020-05-05 00:00:00,6.3,4.0,2.3
2020-05-06 00:00:00,6.26,4.0,2.26
2020-05-07 00:00:00,5.94,4.0,1.9400000000000004
2020-05-08 00:00:00,5.78,4.0,1.7800000000000002
2020-05-11 00:00:00,5.89,4.0,1.8899999999999997
2020-05-12 00:00:00,5.87,4.0,1.87
2020-05-13 00:00:00,5.98,4.0,1.9800000000000004
2020-05-14 00:00:00,6.0,4.0,2.0
2020-05-15 00:00:00,6.03,4.0,2.0300000000000002
2020-05-18 00:00:00,5.98,4.0,1.9800000000000004
2020-05-19 00:00:00,5.97,4.0,1.9699999999999998
2020-05-20 00:00:00,6.05,4.0,2.05
2020-05-21 00:00:00,6.1,4.0,2.0999999999999996
2020-05-22 00:00:00,6.2,4.0,2.2
2020-05-25 00:00:00,6.17,4.0,2.17
2020-05-26 00:00:00,6.07,4.0,2.0700000000000003
2020-05-27 00:00:00,6.14,4.0,2.1399999999999997
2020-05-28 00:00:00,6.14,4.0,2.1399999999999997
2020-05-29 00:00:00,6.11,4.0,2.1100000000000003
2020-06-01 00:00:00,6.11,4.0,2.1100000000000003
2020-06-02 00:00:00,6.12,4.0,2.12
2020-06-03 00:00:00,6.08,4.0,2.08
2020-06-04 00:00:00,6.09,4.0,2.09
2020-06-05 00:00:00,6.24,4.0,2.24
2020-06-08 00:00:00,6.24,4.0,2.24
2020-06-09 00:00:00,6.17,4.0,2.17
2020-06-10 00:00:00,6.07,4.0,2.0700000000000003
2020-06-11 00:00:00,5.99,4.0,1.9900000000000002
2020-06-12 00:00:00,5.95,4.0,1.9500000000000002
2020-06-15 00:00:00,5.94,4.0,1.9400000000000004
2020-06-16 00:00:00,5.99,4.0,1.9900000000000002
2020-06-17 00:00:00,5.96,4.0,1.96
2020-06-18 00:00:00,5.95,4.0,1.9500000000000002
2020-06-19 00:00:00,5.87,4.0,1.87
2020-06-22 00:00:00,5.89,4.0,1.8899999999999997
2020-06-23 00:00:00,5.9,4.0,1.9000000000000004
2020-06-24 00:00:00,5.97,4.0,1.9699999999999998
2020-06-25 00:00:00,5.93,4.0,1.9299999999999997
2020-06-26 00:00:00,5.84,4.0,1.8399999999999999
2020-06-29 00:00:00,5.84,4.0,1.8399999999999999
2020-06-30 00:00:00,5.79,4.0,1.79
2020-07-01 00:00:00,5.71,4.0,1.71
2020-07-02 00:00:00,5.66,4.0,1.6600000000000001
2020-07-03 00:00:00,5.69,4.0,1.6900000000000004
2020-07-06 00:00:00,5.64,4.0,1.6399999999999997
2020-07-07 00:00:00,5.71,4.0,1.71
2020-07-08 00:00:00,5.74,4.0,1.7400000000000002
2020-07-09 00:00:00,5.72,4.0,1.7199999999999998
2020-07-10 00:00:00,5.64,4.0,1.6399999999999997
2020-07-13 00:00:00,5.59,4.0,1.5899999999999999
2020-07-14 00:00:00,5.59,4.0,1.5899999999999999
2020-07-15 00:00:00,5.62,4.0,1.62
2020-07-16 00:00:00,5.73,4.0,1.7300000000000004
2020-07-17 00:00:00,5.78,4.0,1.7800000000000002
2020-07-20 00:00:00,5.8,4.0,1.7999999999999998
2020-07-21 00:00:00,5.76,4.0,1.7599999999999998
2020-07-22 00:00:00,5.7,4.0,1.7000000000000002
2020-07-23 00:00:00,5.73,4.0,1.7300000000000004
2020-07-24 00:00:00,5.72,4.0,1.7199999999999998
2020-07-27 00:00:00,5.67,4.0,1.67
2020-07-28 00:00:00,5.65,4.0,1.6500000000000004
2020-07-29 00:00:00,5.66,4.0,1.6600000000000001
2020-07-30 00:00:00,5.65,4.0,1.6500000000000004
2020-07-31 00:00:00,5.69,4.0,1.6900000000000004
2020-08-03 00:00:00,5.71,4.0,1.71
2020-08-04 00:00:00,5.73,4.0,1.7300000000000004
2020-08-05 00:00:00,5.7,4.0,1.7000000000000002
2020-08-06 00:00:00,5.68,4.0,1.6799999999999997
2020-08-07 00:00:00,5.71,4.0,1.71
2020-08-10 00:00:00,5.745,4.0,1.745
2020-08-11 00:00:00,5.76,4.0,1.7599999999999998
2020-08-12 00:00:00,5.75,4.0,1.75
2020-08-13 00:00:00,5.74,4.0,1.7400000000000002
2020-08-14 00:00:00,5.68,4.0,1.6799999999999997
2020-08-17 00:00:00,5.725,4.0,1.7249999999999996
2020-08-18 00:00:00,5.72,4.0,1.7199999999999998
2020-08-19 00:00:00,5.7,4.0,1.7000000000000002
2020-08-20 00:00:00,5.725,4.0,1.7249999999999996
2020-08-21 00:00:00,5.74,4.0,1.7400000000000002
2020-08-24 00:00:00,5.79,4.0,1.79
2020-08-25 00:00:00,5.8,4.0,1.7999999999999998
2020-08-26 00:00:00,5.87,4.0,1.87
2020-08-27 00:00:00,5.84,4.0,1.8399999999999999
2020-08-28 00:00:00,5.81,4.0,1.8099999999999996
2020-08-31 00:00:00,5.81,4.0,1.8099999999999996
2020-09-01 00:00:00,5.78,4.0,1.7800000000000002
2020-09-02 00:00:00,5.77,4.0,1.7699999999999996
2020-09-03 00:00:00,5.75,4.0,1.75
2020-09-04 00:00:00,5.76,4.0,1.7599999999999998
2020-09-07 00:00:00,5.76,4.0,1.7599999999999998
2020-09-08 00:00:00,5.75,4.0,1.75
2020-09-09 00:00:00,5.73,4.0,1.7300000000000004
2020-09-10 00:00:00,5.72,4.0,1.7199999999999998
2020-09-11 00:00:00,5.69,4.0,1.6900000000000004
2020-09-14 00:00:00,5.64,4.0,1.6399999999999997
2020-09-15 00:00:00,5.62,4.0,1.62
2020-09-17 00:00:00,5.61,4.0,1.6100000000000003
2020-09-18 00:00:00,5.62,4.0,1.62
2020-09-21 00:00:00,5.69,4.0,1.6900000000000004
2020-09-22 00:00:00,5.66,4.0,1.6600000000000001
2020-09-23 00:00:00,5.69,4.0,1.6900000000000004
2020-09-24 00:00:00,5.64,4.0,1.6399999999999997
2020-09-25 00:00:00,5.66,4.0,1.6600000000000001
2020-09-28 00:00:00,5.7,4.0,1.7000000000000002
2020-09-29 00:00:00,5.8,4.0,1.7999999999999998
2020-09-30 00:00:00,5.81,4.0,1.8099999999999996
2020-10-01 00:00:00,5.81,4.0,1.8099999999999996
2020-10-02 00:00:00,5.84,4.0,1.8399999999999999
2020-10-05 00:00:00,5.84,4.0,1.8399999999999999
2020-10-06 00:00:00,5.84,4.0,1.8399999999999999
2020-10-07 00:00:00,5.83,4.0,1.83
2020-10-08 00:00:00,5.81,4.0,1.8099999999999996
2020-10-09 00:00:00,5.71,4.0,1.71
2020-10-12 00:00:00,5.72,4.0,1.7199999999999998
2020-10-13 00:00:00,5.75,4.0,1.75
2020-10-14 00:00:00,5.75,4.0,1.75
2020-10-15 00:00:00,5.78,4.0,1.7800000000000002
2020-10-16 00:00:00,5.81,4.0,1.8099999999999996
2020-10-19 00:00:00,5.83,4.0,1.83
2020-10-20 00:00:00,5.8,4.0,1.7999999999999998
2020-10-21 00:00:00,5.83,4.0,1.83
2020-10-22 00:00:00,5.88,4.0,1.88
2020-10-23 00:00:00,5.86,4.0,1.8600000000000003
2020-10-26 00:00:00,5.88,4.0,1.88
2020-10-27 00:00:00,5.84,4.0,1.8399999999999999
2020-10-28 00:00:00,5.87,4.0,1.87
2020-10-29 00:00:00,5.94,4.0,1.9400000000000004
2020-10-30 00:00:00,6.01,4.0,2.01
2020-11-03 00:00:00,6.07,4.0,2.0700000000000003
2020-11-04 00:00:00,5.89,4.0,1.8899999999999997
2020-11-05 00:00:00,5.76,4.0,1.7599999999999998
2020-11-06 00:00:00,5.71,4.0,1.71
2020-11-09 00:00:00,5.72,4.0,1.7199999999999998
2020-11-10 00:00:00,5.735,4.0,1.7350000000000003
2020-11-11 00:00:00,5.72,4.0,1.7199999999999998
2020-11-12 00:00:00,5.665,4.0,1.665
2020-11-13 00:00:00,5.765,4.0,1.7649999999999997
2020-11-17 00:00:00,5.82,4.0,1.8200000000000003
2020-11-18 00:00:00,5.73,4.0,1.7300000000000004
2020-11-19 00:00:00,5.66,4.0,1.6600000000000001
2020-11-20 00:00:00,5.58,4.0,1.58
2020-11-23 00:00:00,5.58,4.0,1.58
2020-11-24 00:00:00,5.56,4.0,1.5599999999999996
2020-11-25 00:00:00,5.55,4.0,1.5499999999999998
2020-11-26 00:00:00,5.57,4.0,1.5700000000000003
2020-11-27 00:00:00,5.56,4.0,1.5599999999999996
2020-11-30 00:00:00,5.51,4.0,1.5099999999999998
2020-12-01 00:00:00,5.5,4.0,1.5
2020-12-02 00:00:00,5.48,4.0,1.4800000000000004
2020-12-03 00:00:00,5.44,4.0,1.4400000000000004
2020-12-04 00:00:00,5.4,4.0,1.4000000000000004
2020-12-07 00:00:00,5.35,4.0,1.3499999999999996
2020-12-08 00:00:00,5.34,4.0,1.3399999999999999
2020-12-09 00:00:00,5.3,4.0,1.2999999999999998
2020-12-10 00:00:00,5.39,4.0,1.3899999999999997
2020-12-11 00:00:00,5.41,4.0,1.4100000000000001
2020-12-14 00:00:00,5.4,4.0,1.4000000000000004
2020-12-15 00:00:00,5.37,4.0,1.37
2020-12-16 00:00:00,5.35,4.0,1.3499999999999996
2020-12-17 00:00:00,5.31,4.0,1.3099999999999996
2020-12-18 00:00:00,5.22,4.0,1.2199999999999998
2020-12-21 00:00:00,5.2,4.0,1.2000000000000002
2020-12-22 00:00:00,5.21,4.0,1.21
2020-12-23 00:00:00,5.225,4.0,1.2249999999999996
2020-12-24 00:00:00,5.19,4.0,1.1900000000000004
2020-12-28 00:00:00,5.2,4.0,1.2000000000000002
2020-12-29 00:00:00,5.23,4.0,1.2300000000000004
2020-12-30 00:00:00,5.25,4.0,1.25
2020-12-31 00:00:00,5.25,4.0,1.25
2021-01-04 00:00:00,5.23,4.0,1.2300000000000004
2021-01-05 00:00:00,5.2,4.0,1.2000000000000002
2021-01-06 00:00:00,5.23,4.0,1.2300000000000004
2021-01-07 00:00:00,5.29,4.0,1.29
2021-01-08 00:00:00,5.29,4.0,1.29
2021-01-11 00:00:00,5.33,4.0,1.33
2021-01-12 00:00:00,5.35,4.0,1.3499999999999996
2021-01-13 00:00:00,5.32,4.0,1.3200000000000003
2021-01-14 00:00:00,5.33,4.0,1.33
2021-01-15 00:00:00,5.245,4.0,1.245
2021-01-18 00:00:00,5.225,4.0,1.2249999999999996
2021-01-19 00:00:00,5.225,4.0,1.2249999999999996
2021-01-20 00:00:00,5.205,4.0,1.205
2021-01-21 00:00:00,5.24,4.0,1.2400000000000002
2021-01-22 00:00:00,5.24,4.0,1.2400000000000002
2021-01-25 00:00:00,5.27,4.0,1.2699999999999996
2021-01-26 00:00:00,5.22,4.0,1.2199999999999998
2021-01-27 00:00:00,5.19,4.0,1.1900000000000004
2021-01-28 00:00:00,5.19,4.0,1.1900000000000004
2021-01-29 00:00:00,5.22,4.0,1.2199999999999998
2021-02-02 00:00:00,5.17,4.0,1.17
2021-02-03 00:00:00,5.18,4.0,1.1799999999999997
2021-02-04 00:00:00,5.19,4.0,1.1900000000000004
2021-02-05 00:00:00,5.17,4.0,1.17
2021-02-08 00:00:00,5.28,4.0,1.2800000000000002
2021-02-09 00:00:00,5.27,4.0,1.2699999999999996
2021-02-10 00:00:00,5.3,4.0,1.2999999999999998
2021-02-11 00:00:00,5.21,4.0,1.21
2021-02-12 00:00:00,5.24,4.0,1.2400000000000002
2021-02-15 00:00:00,5.25,4.0,1.25
2021-02-16 00:00:00,5.37,4.0,1.37
2021-02-17 00:00:00,5.42,4.0,1.42
2021-02-18 00:00:00,5.55,4.0,1.5499999999999998
2021-02-19 00:00:00,5.68,4.0,1.6799999999999997
2021-02-22 00:00:00,5.79,4.0,1.79
2021-02-23 00:00:00,5.95,4.0,1.9500000000000002
2021-02-24 00:00:00,6.05,4.0,2.05
2021-02-25 00:00:00,6.26,4.0,2.26
2021-02-26 00:00:00,6.2,4.0,2.2
2021-03-01 00:00:00,6.1,4.0,2.0999999999999996
2021-03-02 00:00:00,6.02,4.0,2.0199999999999996
2021-03-03 00:00:00,6.08,4.0,2.08
2021-03-04 00:00:00,6.21,4.0,2.21
2021-03-05 00:00:00,6.26,4.0,2.26
2021-03-08 00:00:00,6.25,4.0,2.25
2021-03-09 00:00:00,6.22,4.0,2.2199999999999998
2021-03-10 00:00:00,6.24,4.0,2.24
2021-03-11 00:00:00,6.18,4.0,2.1799999999999997
2021-03-12 00:00:00,6.36,4.0,2.3600000000000003
2021-03-16 00:00:00,6.54,4.0,2.54
2021-03-17 00:00:00,6.51,4.0,2.51
2021-03-18 00:00:00,6.64,4.0,2.6399999999999997
2021-03-19 00:00:00,6.65,4.0,2.6500000000000004
2021-03-22 00:00:00,6.66,4.0,2.66
2021-03-23 00:00:00,6.76,4.0,2.76
2021-03-24 00:00:00,7.0,4.0,3.0
2021-03-25 00:00:00,6.855,4.0,2.8550000000000004
2021-03-26 00:00:00,6.745,4.0,2.745
2021-03-29 00:00:00,6.805,4.0,2.8049999999999997
2021-03-30 00:00:00,6.85,2.75,4.1
2021-03-31 00:00:00,6.84,2.75,4.09
2021-04-05 00:00:00,6.76,2.75,4.01
2021-04-06 00:00:00,6.624,2.75,3.8739999999999997
2021-04-07 00:00:00,6.449,2.75,3.699
2021-04-08 00:00:00,6.4,2.75,3.6500000000000004
2021-04-09 00:00:00,6.54,2.75,3.79
2021-04-12 00:00:00,6.63,2.75,3.88
2021-04-13 00:00:00,6.68,2.75,3.9299999999999997
2021-04-14 00:00:00,6.575,2.75,3.825
2021-04-15 00:00:00,6.43,2.75,3.6799999999999997
2021-04-16 00:00:00,6.52,2.75,3.7699999999999996
2021-04-19 00:00:00,6.56,2.75,3.8099999999999996
2021-04-20 00:00:00,6.69,2.75,3.9400000000000004
2021-04-21 00:00:00,6.67,2.75,3.92
2021-04-22 00:00:00,6.73,2.75,3.9800000000000004
2021-04-23 00:00:00,6.68,2.75,3.9299999999999997
2021-04-26 00:00:00,6.65,2.75,3.9000000000000004
2021-04-27 00:00:00,6.75,2.75,4.0
2021-04-28 00:00:00,6.79,2.75,4.04
2021-04-29 00:00:00,6.83,2.75,4.08
2021-04-30 00:00:00,6.88,2.75,4.13
2021-05-03 00:00:00,6.85,2.75,4.1
2021-05-04 00:00:00,6.87,2.75,4.12
2021-05-05 00:00:00,6.795,2.75,4.045
2021-05-06 00:00:00,6.715,2.75,3.965
2021-05-07 00:00:00,6.654,2.75,3.904
2021-05-10 00:00:00,6.715,2.75,3.965
2021-05-11 00:00:00,6.835,2.75,4.085
2021-05-12 00:00:00,6.945,2.75,4.195
2021-05-13 00:00:00,6.865,2.75,4.115
2021-05-14 00:00:00,6.805,2.75,4.055
2021-05-17 00:00:00,6.775,2.75,4.025
2021-05-18 00:00:00,6.815,2.75,4.065
2021-05-19 00:00:00,6.855,2.75,4.105
2021-05-20 00:00:00,6.835,2.75,4.085
2021-05-21 00:00:00,6.825,2.75,4.075
2021-05-24 00:00:00,6.744,2.75,3.9939999999999998
2021-05-25 00:00:00,6.654,2.75,3.904
2021-05-26 00:00:00,6.674,2.75,3.9240000000000004
2021-05-27 00:00:00,6.689,2.75,3.939
2021-05-28 00:00:00,6.594,2.75,3.8440000000000003
2021-05-31 00:00:00,6.524,2.75,3.774
2021-06-01 00:00:00,6.524,2.75,3.774
2021-06-02 00:00:00,6.539,2.75,3.7889999999999997
2021-06-03 00:00:00,6.644,2.75,3.894
2021-06-04 00:00:00,6.595,2.75,3.8449999999999998
2021-06-07 00:00:00,6.515,2.75,3.7649999999999997
2021-06-08 00:00:00,6.454,2.75,3.7039999999999997
2021-06-09 00:00:00,6.549,2.75,3.7990000000000004
2021-06-10 00:00:00,6.544,2.75,3.7939999999999996
2021-06-11 00:00:00,6.614,2.75,3.864
2021-06-14 00:00:00,6.614,2.75,3.864
2021-06-15 00:00:00,6.664,2.75,3.9139999999999997
2021-06-16 00:00:00,6.715,2.75,3.965
2021-06-17 00:00:00,6.695,2.75,3.9450000000000003
2021-06-18 00:00:00,6.765,2.75,4.015
2021-06-21 00:00:00,6.815,2.75,4.065
2021-06-22 00:00:00,6.855,2.75,4.105
2021-06-23 00:00:00,6.915,2.75,4.165
2021-06-24 00:00:00,7.015,2.75,4.265
2021-06-25 00:00:00,6.905,2.75,4.155
2021-06-28 00:00:00,6.855,2.75,4.105
2021-06-29 00:00:00,6.895,2.75,4.145
2021-06-30 00:00:00,6.92,2.75,4.17
2021-07-01 00:00:00,7.02,2.75,4.27
2021-07-02 00:00:00,6.97,2.75,4.22
2021-07-05 00:00:00,6.955,2.75,4.205
2021-07-06 00:00:00,6.94,2.75,4.19
2021-07-07 00:00:00,6.85,2.75,4.1
2021-07-08 00:00:00,6.81,2.75,4.06
2021-07-09 00:00:00,6.74,2.75,3.99
2021-07-12 00:00:00,6.72,2.75,3.9699999999999998
2021-07-13 00:00:00,6.87,2.75,4.12
2021-07-14 00:00:00,6.84,2.75,4.09
2021-07-15 00:00:00,6.85,2.75,4.1
2021-07-16 00:00:00,6.89,2.75,4.14
2021-07-19 00:00:00,6.81,2.75,4.06
2021-07-20 00:00:00,6.855,2.75,4.105
2021-07-21 00:00:00,6.935,2.75,4.185
2021-07-22 00:00:00,6.91,2.75,4.16
2021-07-23 00:00:00,6.96,2.75,4.21
2021-07-26 00:00:00,6.94,2.75,4.19
2021-07-27 00:00:00,6.89,2.75,4.14
2021-07-28 00:00:00,6.87,2.75,4.12
2021-07-29 00:00:00,6.87,2.75,4.12
2021-07-30 00:00:00,6.829,2.75,4.079
2021-08-02 00:00:00,6.849,2.75,4.099
2021-08-03 00:00:00,6.878,2.75,4.128
2021-08-04 00:00:00,6.914,2.75,4.164
2021-08-05 00:00:00,6.948,2.75,4.198
2021-08-06 00:00:00,6.988,2.75,4.238
2021-08-09 00:00:00,6.988,2.75,4.238
2021-08-10 00:00:00,7.018,2.75,4.268
2021-08-11 00:00:00,6.978,2.75,4.228
2021-08-12 00:00:00,6.918,2.75,4.168
2021-08-13 00:00:00,6.908,2.75,4.158
2021-08-16 00:00:00,7.008,2.75,4.258
2021-08-17 00:00:00,6.998,2.75,4.248
2021-08-18 00:00:00,6.978,2.75,4.228
2021-08-19 00:00:00,6.988,2.75,4.238
2021-08-20 00:00:00,6.963,2.75,4.213
2021-08-23 00:00:00,6.98,2.75,4.23
2021-08-24 00:00:00,6.965,2.75,4.215
2021-08-25 00:00:00,6.96,2.75,4.21
2021-08-26 00:00:00,6.983,2.75,4.233
2021-08-27 00:00:00,6.943,2.75,4.193
2021-08-30 00:00:00,6.928,2.75,4.178
2021-08-31 00:00:00,6.928,2.75,4.178
2021-09-01 00:00:00,6.943,2.75,4.193
2021-09-02 00:00:00,6.928,2.75,4.178
2021-09-03 00:00:00,6.938,2.75,4.188
2021-09-06 00:00:00,6.96,2.75,4.21
2021-09-07 00:00:00,6.978,2.75,4.228
2021-09-08 00:00:00,6.928,2.75,4.178
2021-09-09 00:00:00,6.89,2.75,4.14
2021-09-10 00:00:00,6.942,2.75,4.192
2021-09-13 00:00:00,6.982,2.75,4.232
2021-09-14 00:00:00,6.982,2.75,4.232
2021-09-15 00:00:00,6.987,2.75,4.237
2021-09-17 00:00:00,7.04,2.75,4.29
2021-09-20 00:00:00,7.12,2.75,4.37
2021-09-21 00:00:00,7.142,2.75,4.392
2021-09-22 00:00:00,7.126,2.75,4.376
2021-09-23 00:00:00,7.156,2.75,4.406
2021-09-24 00:00:00,7.186,2.75,4.436
2021-09-27 00:00:00,7.236,2.75,4.486
2021-09-28 00:00:00,7.331,2.75,4.581
2021-09-29 00:00:00,7.336,2.75,4.586
2021-09-30 00:00:00,7.371,2.75,4.621
2021-10-01 00:00:00,7.386,2.75,4.636
2021-10-04 00:00:00,7.496,2.75,4.746
2021-10-05 00:00:00,7.601,2.75,4.851
2021-10-06 00:00:00,7.551,2.75,4.801
2021-10-07 00:00:00,7.516,2.75,4.766
2021-10-08 00:00:00,7.476,2.75,4.726
2021-10-11 00:00:00,7.501,2.75,4.751
2021-10-12 00:00:00,7.436,2.75,4.686
2021-10-13 00:00:00,7.396,2.75,4.646
2021-10-14 00:00:00,7.375,2.75,4.625
2021-10-15 00:00:00,7.415,2.75,4.665
2021-10-18 00:00:00,7.465,2.75,4.715
2021-10-19 00:00:00,7.425,2.75,4.675
2021-10-20 00:00:00,7.465,2.75,4.715
2021-10-21 00:00:00,7.555,2.75,4.805
2021-10-22 00:00:00,7.541,2.75,4.791
2021-10-25 00:00:00,7.576,2.75,4.826
2021-10-26 00:00:00,7.576,2.75,4.826
2021-10-27 00:00:00,7.526,2.75,4.776
2021-10-28 00:00:00,7.546,2.75,4.796
2021-10-29 00:00:00,7.486,2.75,4.736
2021-11-01 00:00:00,7.576,2.75,4.826
2021-11-03 00:00:00,7.536,2.75,4.786
2021-11-04 00:00:00,7.406,2.75,4.656
2021-11-05 00:00:00,7.281,2.75,4.531
2021-11-08 00:00:00,7.286,2.75,4.536
2021-11-09 00:00:00,7.236,2.75,4.486
2021-11-10 00:00:00,7.326,2.75,4.576
2021-11-11 00:00:00,7.216,2.75,4.466
2021-11-12 00:00:00,7.366,2.75,4.616
2021-11-16 00:00:00,7.366,2.75,4.616
2021-11-17 00:00:00,7.43,2.75,4.68
2021-11-18 00:00:00,7.486,2.75,4.736
2021-11-19 00:00:00,7.466,2.75,4.716
2021-11-22 00:00:00,7.586,2.75,4.836
2021-11-23 00:00:00,7.726,2.75,4.976
2021-11-24 00:00:00,7.64,2.75,4.89
2021-11-25 00:00:00,7.751,2.75,5.001
2021-11-26 00:00:00,7.656,2.75,4.906
2021-11-29 00:00:00,7.636,2.75,4.886
2021-11-30 00:00:00,7.471,2.75,4.721
2021-12-01 00:00:00,7.476,2.75,4.726
2021-12-02 00:00:00,7.446,2.75,4.696
2021-12-03 00:00:00,7.36,2.75,4.61
2021-12-06 00:00:00,7.386,2.75,4.636
2021-12-07 00:00:00,7.37,2.75,4.62
2021-12-08 00:00:00,7.356,2.75,4.606
2021-12-09 00:00:00,7.316,2.75,4.566
2021-12-10 00:00:00,7.326,2.75,4.576
2021-12-13 00:00:00,7.316,2.75,4.566
2021-12-14 00:00:00,7.361,2.75,4.611
2021-12-15 00:00:00,7.356,2.75,4.606
2021-12-16 00:00:00,7.346,2.75,4.596
2021-12-17 00:00:00,7.316,2.75,4.566
2021-12-20 00:00:00,7.326,2.75,4.576
2021-12-21 00:00:00,7.416,2.75,4.666
2021-12-22 00:00:00,7.496,2.75,4.746
2021-12-23 00:00:00,7.526,2.75,4.776
2021-12-24 00:00:00,7.316,2.75,4.566
2021-12-27 00:00:00,7.601,2.75,4.851
2021-12-28 00:00:00,7.556,2.75,4.806
2021-12-29 00:00:00,7.586,2.75,4.836
2021-12-30 00:00:00,7.581,2.75,4.831
2021-12-31 00:00:00,7.556,2.75,4.806
2022-01-03 00:00:00,7.666,2.75,4.916
2022-01-04 00:00:00,7.796,2.75,5.046
2022-01-05 00:00:00,7.806,2.75,5.056
2022-01-06 00:00:00,7.786,2.75,5.036
2022-01-07 00:00:00,7.801,2.75,5.051
2022-01-10 00:00:00,7.786,2.75,5.036
2022-01-11 00:00:00,7.786,2.75,5.036
2022-01-12 00:00:00,7.786,2.75,5.036
2022-01-13 00:00:00,7.646,2.75,4.896
2022-01-14 00:00:00,7.666,2.75,4.916
2022-01-17 00:00:00,7.686,2.75,4.936
2022-01-18 00:00:00,7.751,2.75,5.001
2022-01-19 00:00:00,7.69,2.75,4.94
2022-01-20 00:00:00,7.646,2.75,4.896
2022-01-21 00:00:00,7.646,2.75,4.896
2022-01-24 00:00:00,7.626,2.75,4.876
2022-01-25 00:00:00,7.616,2.75,4.866
2022-01-26 00:00:00,7.676,2.75,4.926
2022-01-27 00:00:00,7.691,2.75,4.941
2022-01-28 00:00:00,7.696,2.75,4.946
2022-01-31 00:00:00,7.656,2.75,4.906
2022-02-01 00:00:00,7.666,2.75,4.916
2022-02-02 00:00:00,7.596,2.75,4.846
2022-02-03 00:00:00,7.596,2.75,4.846
2022-02-04 00:00:00,7.62,2.75,4.87
2022-02-08 00:00:00,7.656,2.75,4.906
2022-02-09 00:00:00,7.686,2.75,4.936
2022-02-10 00:00:00,7.766,2.75,5.016
2022-02-11 00:00:00,7.766,2.75,5.016
2022-02-14 00:00:00,7.816,2.75,5.066
2022-02-15 00:00:00,7.801,2.75,5.051
2022-02-16 00:00:00,7.766,2.75,5.016
2022-02-17 00:00:00,7.776,2.75,5.026
2022-02-18 00:00:00,7.776,2.75,5.026
2022-02-21 00:00:00,7.7,2.75,4.95
2022-02-22 00:00:00,7.8,2.75,5.05
2022-02-23 00:00:00,7.85,2.75,5.1
2022-02-24 00:00:00,7.89,2.75,5.14
2022-02-25 00:00:00,7.88,2.75,5.13
2022-02-28 00:00:00,7.865,2.75,5.115
2022-03-01 00:00:00,7.95,2.75,5.2
2022-03-02 00:00:00,7.96,2.75,5.21
2022-03-03 00:00:00,7.98,2.75,5.23
2022-03-04 00:00:00,8.07,2.75,5.32
2022-03-07 00:00:00,8.325,2.75,5.574999999999999
2022-03-08 00:00:00,8.45,2.75,5.699999999999999
2022-03-09 00:00:00,8.34,2.75,5.59
2022-03-10 00:00:00,8.46,2.75,5.710000000000001
2022-03-11 00:00:00,8.495,2.75,5.744999999999999
2022-03-14 00:00:00,8.635,2.75,5.885
2022-03-15 00:00:00,8.61,2.75,5.859999999999999
2022-03-16 00:00:00,8.51,2.75,5.76
2022-03-17 00:00:00,8.43,2.75,5.68
2022-03-18 00:00:00,8.28,2.75,5.529999999999999
2022-03-22 00:00:00,8.485,2.75,5.734999999999999
2022-03-23 00:00:00,8.415,2.75,5.664999999999999
2022-03-24 00:00:00,8.43,2.75,5.68
2022-03-25 00:00:00,8.605,2.75,5.855
2022-03-28 00:00:00,8.525,2.75,5.775
2022-03-29 00:00:00,8.37,2.75,5.619999999999999
2022-03-30 00:00:00,8.3,2.75,5.550000000000001
2022-03-31 00:00:00,8.27,2.75,5.52
2022-04-01 00:00:00,8.32,2.75,5.57
2022-04-04 00:00:00,8.375,2.75,5.625
2022-04-05 00:00:00,8.422,2.75,5.672000000000001
2022-04-06 00:00:00,8.46,2.75,5.710000000000001
2022-04-07 00:00:00,8.615,2.75,5.865
2022-04-08 00:00:00,8.693,2.75,5.943
2022-04-11 00:00:00,8.82,2.75,6.07
2022-04-12 00:00:00,8.83,2.75,6.08
2022-04-13 00:00:00,8.826,2.75,6.0760000000000005
2022-04-18 00:00:00,8.85,2.75,6.1
2022-04-19 00:00:00,8.905,2.75,6.154999999999999
2022-04-20 00:00:00,8.805,2.75,6.055
2022-04-21 00:00:00,8.79,2.75,6.039999999999999
2022-04-22 00:00:00,8.815,2.75,6.0649999999999995
2022-04-25 00:00:00,8.87,2.75,6.119999999999999
2022-04-26 00:00:00,8.965,2.75,6.215
2022-04-27 00:00:00,8.98,2.75,6.23
2022-04-28 00:00:00,9.075,2.75,6.324999999999999
2022-04-29 00:00:00,9.047,2.75,6.297000000000001
2022-05-02 00:00:00,9.09,2.75,6.34
2022-05-03 00:00:00,9.1,2.75,6.35
2022-05-04 00:00:00,9.045,2.75,6.295
2022-05-05 00:00:00,9.105,2.75,6.355
2022-05-06 00:00:00,9.105,2.75,6.355
2022-05-09 00:00:00,9.13,2.75,6.380000000000001
2022-05-10 00:00:00,8.99,2.75,6.24
2022-05-11 00:00:00,8.86,2.75,6.109999999999999
2022-05-12 00:00:00,8.814,2.75,6.064
2022-05-13 00:00:00,8.75,2.75,6.0
2022-05-16 00:00:00,8.76,2.75,6.01
2022-05-17 00:00:00,8.85,2.75,6.1
2022-05-18 00:00:00,8.79,2.75,6.039999999999999
2022-05-19 00:00:00,8.74,2.75,5.99
2022-05-20 00:00:00,8.57,2.75,5.82
2022-05-23 00:00:00,8.65,2.75,5.9
2022-05-24 00:00:00,8.62,2.75,5.869999999999999
2022-05-25 00:00:00,8.57,2.75,5.82
2022-05-26 00:00:00,8.57,2.75,5.82
2022-05-27 00:00:00,8.47,2.75,5.720000000000001
2022-05-30 00:00:00,8.46,2.75,5.710000000000001
2022-05-31 00:00:00,8.63,2.75,5.880000000000001
2022-06-01 00:00:00,8.69,2.75,5.9399999999999995
2022-06-02 00:00:00,8.67,2.75,5.92
2022-06-03 00:00:00,8.75,2.75,6.0
2022-06-06 00:00:00,8.92,2.75,6.17
2022-06-07 00:00:00,8.91,2.75,6.16
2022-06-08 00:00:00,8.96,2.75,6.210000000000001
2022-06-09 00:00:00,8.953,2.75,6.202999999999999
2022-06-10 00:00:00,9.0,2.75,6.25
2022-06-13 00:00:00,9.21,2.75,6.460000000000001
2022-06-14 00:00:00,9.28,2.75,6.529999999999999
2022-06-15 00:00:00,9.183,2.75,6.433
2022-06-16 00:00:00,9.18,2.75,6.43
2022-06-17 00:00:00,9.19,2.75,6.4399999999999995
2022-06-20 00:00:00,9.16,2.75,6.41
2022-06-21 00:00:00,9.209,2.75,6.459
2022-06-22 00:00:00,9.105,2.75,6.355
2022-06-23 00:00:00,8.94,2.75,6.1899999999999995
2022-06-24 00:00:00,8.98,2.75,6.23
2022-06-27 00:00:00,9.05,2.75,6.300000000000001
2022-06-28 00:00:00,9.12,2.75,6.369999999999999
2022-06-29 00:00:00,9.105,2.75,6.355
2022-06-30 00:00:00,9.01,2.75,6.26
2022-07-01 00:00:00,8.875,2.75,6.125
2022-07-04 00:00:00,8.91,2.75,6.16
2022-07-05 00:00:00,8.86,2.75,6.109999999999999
2022-07-06 00:00:00,8.96,2.75,6.210000000000001
2022-07-07 00:00:00,8.98,2.75,6.23
2022-07-08 00:00:00,9.0,2.75,6.25
2022-07-11 00:00:00,9.02,2.75,6.27
2022-07-12 00:00:00,9.06,2.75,6.3100000000000005
2022-07-13 00:00:00,9.02,2.75,6.27
2022-07-14 00:00:00,9.01,2.75,6.26
2022-07-15 00:00:00,9.03,2.75,6.279999999999999
2022-07-18 00:00:00,9.09,2.75,6.34
2022-07-19 00:00:00,9.13,2.75,6.380000000000001
2022-07-20 00:00:00,9.12,2.75,6.369999999999999
2022-07-21 00:00:00,9.08,2.75,6.33
2022-07-22 00:00:00,8.83,2.75,6.08
2022-07-25 00:00:00,8.77,2.75,6.02
2022-07-26 00:00:00,8.8,2.75,6.050000000000001
2022-07-27 00:00:00,8.804,2.75,6.054
2022-07-28 00:00:00,8.63,2.75,5.880000000000001
2022-07-29 00:00:00,8.53,2.75,5.779999999999999
2022-08-01 00:00:00,8.4,2.75,5.65
2022-08-02 00:00:00,8.55,2.75,5.800000000000001
2022-08-03 00:00:00,8.42,2.75,5.67
2022-08-04 00:00:00,8.41,2.75,5.66
2022-08-05 00:00:00,8.43,2.75,5.68
2022-08-08 00:00:00,8.382,2.75,5.632
2022-08-09 00:00:00,8.44,2.75,5.6899999999999995
2022-08-10 00:00:00,8.44,2.75,5.6899999999999995
2022-08-11 00:00:00,8.49,2.75,5.74
2022-08-12 00:00:00,8.49,2.75,5.74
2022-08-15 00:00:00,8.44,2.75,5.6899999999999995
2022-08-16 00:00:00,8.48,2.75,5.73
2022-08-17 00:00:00,8.59,2.75,5.84
2022-08-18 00:00:00,8.705,2.75,5.955
2022-08-19 00:00:00,8.83,2.75,6.08
2022-08-22 00:00:00,8.895,2.75,6.145
2022-08-23 00:00:00,8.89,2.75,6.140000000000001
2022-08-24 00:00:00,8.92,2.75,6.17
2022-08-25 00:00:00,8.83,2.75,6.08
2022-08-26 00:00:00,8.89,2.75,6.140000000000001
2022-08-29 00:00:00,8.99,2.75,6.24
2022-08-30 00:00:00,9.09,2.75,6.34
2022-08-31 00:00:00,9.02,2.75,6.27
2022-09-01 00:00:00,9.1,2.75,6.35
2022-09-02 00:00:00,8.95,2.75,6.199999999999999
2022-09-05 00:00:00,8.97,2.75,6.220000000000001
2022-09-06 00:00:00,9.06,2.75,6.3100000000000005
2022-09-07 00:00:00,9.0,2.75,6.25
2022-09-08 00:00:00,8.96,2.75,6.210000000000001
2022-09-09 00:00:00,8.89,2.75,6.140000000000001
2022-09-12 00:00:00,8.89,2.75,6.140000000000001
2022-09-13 00:00:00,9.01,2.75,6.26
2022-09-14 00:00:00,9.07,2.75,6.32
2022-09-15 00:00:00,9.16,2.75,6.41
2022-09-19 00:00:00,9.195,2.75,6.445
2022-09-20 00:00:00,9.29,2.75,6.539999999999999
2022-09-21 00:00:00,9.285,2.75,6.535
2022-09-22 00:00:00,9.335,2.75,6.585000000000001
2022-09-23 00:00:00,9.44,2.75,6.6899999999999995
2022-09-26 00:00:00,9.583,2.75,6.833
2022-09-27 00:00:00,9.83,2.75,7.08
2022-09-28 00:00:00,9.63,2.75,6.880000000000001
2022-09-29 00:00:00,9.68,2.75,6.93
2022-09-30 00:00:00,9.63,2.75,6.880000000000001
2022-10-03 00:00:00,9.53,2.75,6.779999999999999
2022-10-04 00:00:00,9.51,2.75,6.76
2022-10-05 00:00:00,9.59,2.75,6.84
2022-10-06 00:00:00,9.59,2.75,6.84
2022-10-07 00:00:00,9.65,2.75,6.9
2022-10-10 00:00:00,9.745,2.75,6.994999999999999
2022-10-11 00:00:00,9.75,2.75,7.0
2022-10-12 00:00:00,9.75,2.75,7.0
2022-10-13 00:00:00,9.8,2.75,7.050000000000001
2022-10-14 00:00:00,9.85,2.75,7.1
2022-10-17 00:00:00,9.81,2.75,7.0600000000000005
2022-10-18 00:00:00,9.83,2.75,7.08
2022-10-19 00:00:00,9.88,2.75,7.130000000000001
2022-10-20 00:00:00,9.93,2.75,7.18
2022-10-21 00:00:00,9.91,2.75,7.16
2022-10-24 00:00:00,9.93,2.75,7.18
2022-10-25 00:00:00,9.84,2.75,7.09
2022-10-26 00:00:00,9.76,2.75,7.01
2022-10-27 00:00:00,9.7,2.75,6.949999999999999
2022-10-28 00:00:00,9.73,2.75,6.98
2022-10-31 00:00:00,9.84,2.75,7.09
2022-11-01 00:00:00,9.8,2.75,7.050000000000001
2022-11-03 00:00:00,9.84,2.75,7.09
2022-11-04 00:00:00,9.79,2.75,7.039999999999999
2022-11-07 00:00:00,9.81,2.75,7.0600000000000005
2022-11-08 00:00:00,9.73,2.75,6.98
2022-11-09 00:00:00,9.59,2.75,6.84
2022-11-10 00:00:00,9.25,2.75,6.5
2022-11-11 00:00:00,9.17,2.75,6.42
2022-11-14 00:00:00,9.2,2.75,6.449999999999999
2022-11-15 00:00:00,9.14,2.75,6.390000000000001
2022-11-16 00:00:00,9.09,2.75,6.34
2022-11-17 00:00:00,9.23,2.75,6.48
2022-11-18 00:00:00,9.205,2.75,6.455
2022-11-22 00:00:00,9.13,2.75,6.380000000000001
2022-11-23 00:00:00,9.12,2.75,6.369999999999999
2022-11-24 00:00:00,9.07,2.75,6.32
2022-11-25 00:00:00,9.11,2.75,6.359999999999999
2022-11-28 00:00:00,9.19,2.75,6.4399999999999995
2022-11-29 00:00:00,9.26,2.75,6.51
2022-11-30 00:00:00,9.19,2.75,6.4399999999999995
2022-12-01 00:00:00,9.01,2.75,6.26
2022-12-02 00:00:00,8.87,2.75,6.119999999999999
2022-12-05 00:00:00,9.07,2.75,6.32
2022-12-06 00:00:00,9.09,2.75,6.34
2022-12-07 00:00:00,8.95,2.75,6.199999999999999
2022-12-08 00:00:00,8.96,2.75,6.210000000000001
2022-12-09 00:00:00,8.915,2.75,6.164999999999999
2022-12-13 00:00:00,8.76,2.75,6.01
2022-12-14 00:00:00,8.77,2.75,6.02
2022-12-15 00:00:00,8.76,2.75,6.01
2022-12-16 00:00:00,8.75,2.75,6.0
2022-12-19 00:00:00,8.77,2.75,6.02
2022-12-20 00:00:00,8.85,2.75,6.1
2022-12-21 00:00:00,8.81,2.75,6.0600000000000005
2022-12-22 00:00:00,8.82,2.75,6.07
2022-12-23 00:00:00,8.87,2.75,6.119999999999999
2022-12-26 00:00:00,8.89,2.75,6.140000000000001
2022-12-27 00:00:00,8.95,2.75,6.199999999999999
2022-12-28 00:00:00,8.97,2.75,6.220000000000001
2022-12-29 00:00:00,8.99,2.75,6.24
2022-12-30 00:00:00,9.02,2.75,6.27
2023-01-02 00:00:00,9.0,2.75,6.25
2023-01-03 00:00:00,8.95,2.75,6.199999999999999
2023-01-04 00:00:00,8.85,2.75,6.1
2023-01-05 00:00:00,8.79,2.75,6.039999999999999
2023-01-06 00:00:00,8.52,2.75,5.77
2023-01-09 00:00:00,8.52,2.75,5.77
2023-01-10 00:00:00,8.58,2.75,5.83
2023-01-11 00:00:00,8.525,2.75,5.775
2023-01-12 00:00:00,8.45,2.75,5.699999999999999
2023-01-13 00:00:00,8.45,2.75,5.699999999999999
2023-01-16 00:00:00,8.49,2.75,5.74
2023-01-17 00:00:00,8.59,2.75,5.84
2023-01-18 00:00:00,8.52,2.75,5.77
2023-01-19 00:00:00,8.54,2.75,5.789999999999999
2023-01-20 00:00:00,8.55,2.75,5.800000000000001
2023-01-23 00:00:00,8.59,2.75,5.84
2023-01-24 00:00:00,8.6,2.75,5.85
2023-01-25 00:00:00,8.6,2.75,5.85
2023-01-26 00:00:00,8.6,2.75,5.85
2023-01-27 00:00:00,8.68,2.75,5.93
2023-01-30 00:00:00,8.7,2.75,5.949999999999999
2023-01-31 00:00:00,8.65,2.75,5.9
2023-02-01 00:00:00,8.55,2.75,5.800000000000001
2023-02-02 00:00:00,8.47,2.75,5.720000000000001
2023-02-03 00:00:00,8.55,2.75,5.800000000000001
2023-02-07 00:00:00,8.651,2.75,5.901
2023-02-08 00:00:00,8.681,2.75,5.930999999999999
2023-02-09 00:00:00,8.811,2.75,6.061
2023-02-10 00:00:00,8.861,2.75,6.111000000000001
2023-02-13 00:00:00,8.881,2.75,6.131
2023-02-14 00:00:00,8.991,2.75,6.241
2023-02-15 00:00:00,8.981,2.75,6.231
2023-02-16 00:00:00,9.001,2.75,6.2509999999999994
2023-02-17 00:00:00,9.061,2.75,6.311
2023-02-20 00:00:00,9.171,2.75,6.420999999999999
2023-02-21 00:00:00,9.431,2.75,6.680999999999999
2023-02-22 00:00:00,9.371,2.75,6.621
2023-02-23 00:00:00,9.261,2.75,6.510999999999999
2023-02-24 00:00:00,9.281,2.75,6.531000000000001
2023-02-27 00:00:00,9.251,2.75,6.5009999999999994
2023-02-28 00:00:00,9.281,2.75,6.531000000000001
2023-03-01 00:00:00,9.301,2.75,6.551
2023-03-02 00:00:00,9.341,2.75,6.590999999999999
2023-03-03 00:00:00,9.261,2.75,6.510999999999999
2023-03-06 00:00:00,9.261,2.75,6.510999999999999
2023-03-07 00:00:00,9.351,2.75,6.601000000000001
2023-03-08 00:00:00,9.361,2.75,6.611000000000001
2023-03-09 00:00:00,9.101,2.75,6.351000000000001
2023-03-10 00:00:00,9.011,2.75,6.260999999999999
2023-03-13 00:00:00,9.0,2.75,6.25
2023-03-14 00:00:00,9.071,2.75,6.321
2023-03-15 00:00:00,9.021,2.75,6.271000000000001
2023-03-16 00:00:00,9.121,2.75,6.371
2023-03-17 00:00:00,9.031,2.75,6.281000000000001
2023-03-21 00:00:00,9.151,2.75,6.401
2023-03-22 00:00:00,8.991,2.75,6.241
2023-03-23 00:00:00,8.901,2.75,6.151
2023-03-24 00:00:00,8.861,2.75,6.111000000000001
2023-03-27 00:00:00,8.961,2.75,6.211
2023-03-28 00:00:00,8.961,2.75,6.211
2023-03-29 00:00:00,8.911,2.75,6.161
2023-03-30 00:00:00,8.821,2.75,6.071
2023-03-31 00:00:00,8.811,2.75,6.061
2023-04-03 00:00:00,8.861,2.75,6.111000000000001
2023-04-04 00:00:00,8.801,2.75,6.051
2023-04-05 00:00:00,8.831,2.75,6.0809999999999995
2023-04-10 00:00:00,8.811,2.75,6.061
2023-04-11 00:00:00,8.761,2.75,6.010999999999999
2023-04-12 00:00:00,8.761,2.75,6.010999999999999
2023-04-13 00:00:00,8.811,2.75,6.061
2023-04-14 00:00:00,8.851,2.75,6.101000000000001
2023-04-17 00:00:00,8.921,2.75,6.170999999999999
2023-04-18 00:00:00,8.891,2.75,6.141
2023-04-19 00:00:00,8.951,2.75,6.2010000000000005
2023-04-20 00:00:00,8.911,2.75,6.161
2023-04-21 00:00:00,8.911,2.75,6.161
2023-04-24 00:00:00,8.871,2.75,6.121
2023-04-25 00:00:00,8.821,2.75,6.071
2023-04-26 00:00:00,8.761,2.75,6.010999999999999
2023-04-27 00:00:00,8.791,2.75,6.041
2023-04-28 00:00:00,8.761,2.75,6.010999999999999
2023-05-02 00:00:00,8.771,2.75,6.021000000000001
2023-05-03 00:00:00,8.761,2.75,6.010999999999999
2023-05-04 00:00:00,8.731,2.75,5.981
2023-05-05 00:00:00,8.741,2.75,5.991
2023-05-08 00:00:00,8.791,2.75,6.041
2023-05-09 00:00:00,8.75,2.75,6.0
2023-05-10 00:00:00,8.71,2.75,5.960000000000001
2023-05-11 00:00:00,8.71,2.75,5.960000000000001
2023-05-12 00:00:00,8.74,2.75,5.99
2023-05-15 00:00:00,8.71,2.75,5.960000000000001
2023-05-16 00:00:00,8.72,2.75,5.970000000000001
2023-05-17 00:00:00,8.71,2.75,5.960000000000001
2023-05-18 00:00:00,8.745,2.75,5.994999999999999
2023-05-19 00:00:00,8.795,2.75,6.045
2023-05-22 00:00:00,8.835,2.75,6.085000000000001
2023-05-23 00:00:00,8.895,2.75,6.145
2023-05-24 00:00:00,8.915,2.75,6.164999999999999
2023-05-25 00:00:00,8.975,2.75,6.225
2023-05-26 00:00:00,8.935,2.75,6.1850000000000005
2023-05-29 00:00:00,8.875,2.75,6.125
2023-05-30 00:00:00,8.815,2.75,6.0649999999999995
2023-05-31 00:00:00,8.786,2.75,6.036
2023-06-01 00:00:00,8.796,2.75,6.045999999999999
2023-06-02 00:00:00,8.866,2.75,6.116
2023-06-05 00:00:00,8.846,2.75,6.096
2023-06-06 00:00:00,8.806,2.75,6.055999999999999
2023-06-07 00:00:00,8.876,2.75,6.1259999999999994
2023-06-08 00:00:00,8.816,2.75,6.066000000000001
2023-06-09 00:00:00,8.866,2.75,6.116
2023-06-12 00:00:00,8.846,2.75,6.096
2023-06-13 00:00:00,8.846,2.75,6.096
2023-06-14 00:00:00,8.826,2.75,6.0760000000000005
2023-06-15 00:00:00,8.776,2.75,6.026
2023-06-16 00:00:00,8.752,2.75,6.002000000000001
2023-06-19 00:00:00,8.786,2.75,6.036
2023-06-20 00:00:00,8.756,2.75,6.006
2023-06-21 00:00:00,8.736,2.75,5.986000000000001
2023-06-22 00:00:00,8.666,2.75,5.916
2023-06-23 00:00:00,8.566,2.75,5.816000000000001
2023-06-26 00:00:00,8.536,2.75,5.786
2023-06-27 00:00:00,8.576,2.75,5.8260000000000005
2023-06-28 00:00:00,8.566,2.75,5.816000000000001
2023-06-29 00:00:00,8.696,2.75,5.946
2023-06-30 00:00:00,8.666,2.75,5.916
2023-07-03 00:00:00,8.686,2.75,5.936
2023-07-04 00:00:00,8.726,2.75,5.976000000000001
2023-07-05 00:00:00,8.756,2.75,6.006
2023-07-06 00:00:00,8.85,2.75,6.1
2023-07-07 00:00:00,8.916,2.75,6.166
2023-07-10 00:00:00,8.946,2.75,6.196
2023-07-11 00:00:00,8.946,2.75,6.196
2023-07-12 00:00:00,8.746,2.75,5.996
2023-07-13 00:00:00,8.696,2.75,5.946
2023-07-14 00:00:00,8.736,2.75,5.986000000000001
2023-07-17 00:00:00,8.696,2.75,5.946
2023-07-18 00:00:00,8.676,2.75,5.926
2023-07-19 00:00:00,8.726,2.75,5.976000000000001
2023-07-20 00:00:00,8.826,2.75,6.0760000000000005
2023-07-21 00:00:00,8.786,2.75,6.036
2023-07-24 00:00:00,8.826,2.75,6.0760000000000005
2023-07-25 00:00:00,8.846,2.75,6.096
2023-07-26 00:00:00,8.816,2.75,6.066000000000001
2023-07-27 00:00:00,8.851,2.75,6.101000000000001
2023-07-28 00:00:00,8.86,2.75,6.109999999999999
2023-07-31 00:00:00,8.816,2.75,6.066000000000001
2023-08-01 00:00:00,8.866,2.75,6.116
2023-08-02 00:00:00,8.946,2.75,6.196
2023-08-03 00:00:00,9.006,2.75,6.256
2023-08-04 00:00:00,9.016,2.75,6.266
2023-08-07 00:00:00,9.106,2.75,6.356
2023-08-08 00:00:00,9.086,2.75,6.336
2023-08-09 00:00:00,8.986,2.75,6.236000000000001
2023-08-10 00:00:00,8.996,2.75,6.246
2023-08-11 00:00:00,9.076,2.75,6.3260000000000005
2023-08-14 00:00:00,9.176,2.75,6.426
2023-08-15 00:00:00,9.156,2.75,6.406000000000001
2023-08-16 00:00:00,9.216,2.75,6.465999999999999
2023-08-17 00:00:00,9.306,2.75,6.555999999999999
2023-08-18 00:00:00,9.386,2.75,6.635999999999999
2023-08-21 00:00:00,9.486,2.75,6.736000000000001
2023-08-22 00:00:00,9.466,2.75,6.715999999999999
2023-08-23 00:00:00,9.266,2.75,6.516
2023-08-24 00:00:00,9.296,2.75,6.545999999999999
2023-08-25 00:00:00,9.306,2.75,6.555999999999999
2023-08-28 00:00:00,9.31,2.75,6.5600000000000005
2023-08-29 00:00:00,9.296,2.75,6.545999999999999
2023-08-30 00:00:00,9.356,2.75,6.606
2023-08-31 00:00:00,9.336,2.75,6.586
2023-09-01 00:00:00,9.396,2.75,6.646000000000001
2023-09-04 00:00:00,9.406,2.75,6.656000000000001
2023-09-05 00:00:00,9.486,2.75,6.736000000000001
2023-09-06 00:00:00,9.576,2.75,6.8260000000000005
2023-09-07 00:00:00,9.545,2.75,6.795
2023-09-08 00:00:00,9.543,2.75,6.792999999999999
2023-09-11 00:00:00,9.786,2.75,7.036
2023-09-12 00:00:00,9.736,2.75,6.986000000000001
2023-09-13 00:00:00,9.596,2.75,6.846
2023-09-14 00:00:00,9.606,2.75,6.856
2023-09-15 00:00:00,9.616,2.75,6.866
2023-09-18 00:00:00,9.626,2.75,6.8759999999999994
2023-09-19 00:00:00,9.726,2.75,6.976000000000001
2023-09-20 00:00:00,9.685,2.75,6.9350000000000005
2023-09-21 00:00:00,9.786,2.75,7.036
2023-09-22 00:00:00,9.796,2.75,7.045999999999999
2023-09-25 00:00:00,9.906,2.75,7.156000000000001
2023-09-26 00:00:00,9.9,2.75,7.15
2023-09-27 00:00:00,10.156,2.75,7.406000000000001
2023-09-28 00:00:00,9.956,2.75,7.2059999999999995
2023-09-29 00:00:00,9.916,2.75,7.166
2023-10-02 00:00:00,9.966,2.75,7.215999999999999
2023-10-03 00:00:00,10.417,2.75,7.667
2023-10-04 00:00:00,9.886,2.75,7.135999999999999
2023-10-05 00:00:00,9.956,2.75,7.2059999999999995
2023-10-06 00:00:00,9.886,2.75,7.135999999999999
2023-10-09 00:00:00,9.836,2.75,7.086
2023-10-10 00:00:00,9.756,2.75,7.006
2023-10-11 00:00:00,9.766,2.75,7.016
2023-10-12 00:00:00,9.866,2.75,7.116
2023-10-13 00:00:00,9.836,2.75,7.086
2023-10-16 00:00:00,9.886,2.75,7.135999999999999
2023-10-17 00:00:00,9.966,2.75,7.215999999999999
2023-10-18 00:00:00,10.066,2.75,7.316000000000001
2023-10-19 00:00:00,10.056,2.75,7.305999999999999
2023-10-20 00:00:00,10.006,2.75,7.256
2023-10-23 00:00:00,9.976,2.75,7.226000000000001
2023-10-24 00:00:00,10.056,2.75,7.305999999999999
2023-10-25 00:00:00,10.246,2.75,7.496
2023-10-26 00:00:00,10.106,2.75,7.356
2023-10-27 00:00:00,10.126,2.75,7.3759999999999994
2023-10-30 00:00:00,10.246,2.75,7.496
2023-10-31 00:00:00,10.206,2.75,7.4559999999999995
2023-11-01 00:00:00,10.116,2.75,7.366
2023-11-03 00:00:00,9.786,2.75,7.036
2023-11-06 00:00:00,9.786,2.75,7.036
2023-11-07 00:00:00,9.826,2.75,7.0760000000000005
2023-11-08 00:00:00,9.656,2.75,6.906000000000001
2023-11-09 00:00:00,9.646,2.75,6.896000000000001
2023-11-10 00:00:00,9.626,2.75,6.8759999999999994
2023-11-13 00:00:00,9.636,2.75,6.885999999999999
2023-11-14 00:00:00,9.426,2.75,6.676
2023-11-15 00:00:00,9.446,2.75,6.696
2023-11-16 00:00:00,9.356,2.75,6.606
2023-11-17 00:00:00,9.406,2.75,6.656000000000001
2023-11-21 00:00:00,9.506,2.75,6.756
2023-11-22 00:00:00,9.546,2.75,6.795999999999999
2023-11-23 00:00:00,9.497,2.75,6.747
2023-11-24 00:00:00,9.546,2.75,6.795999999999999
2023-11-27 00:00:00,9.516,2.75,6.766
2023-11-28 00:00:00,9.346,2.75,6.596
2023-11-29 00:00:00,9.246,2.75,6.496
2023-11-30 00:00:00,9.376,2.75,6.6259999999999994
2023-12-01 00:00:00,9.256,2.75,6.506
2023-12-04 00:00:00,9.356,2.75,6.606
2023-12-05 00:00:00,9.256,2.75,6.506
2023-12-06 00:00:00,9.196,2.75,6.446
2023-12-07 00:00:00,9.136,2.75,6.385999999999999
2023-12-08 00:00:00,9.236,2.75,6.486000000000001
2023-12-11 00:00:00,9.346,2.75,6.596
2023-12-13 00:00:00,9.096,2.75,6.346
2023-12-14 00:00:00,8.956,2.75,6.2059999999999995
2023-12-15 00:00:00,9.036,2.75,6.286
2023-12-18 00:00:00,9.046,2.75,6.295999999999999
2023-12-19 00:00:00,9.136,2.75,6.385999999999999
2023-12-20 00:00:00,9.066,2.75,6.316000000000001
2023-12-21 00:00:00,9.096,2.75,6.346
2023-12-22 00:00:00,9.077,2.75,6.327
2023-12-26 00:00:00,9.116,2.75,6.366
2023-12-27 00:00:00,9.006,2.75,6.256
2023-12-28 00:00:00,8.96,2.75,6.210000000000001
2023-12-29 00:00:00,8.865,2.75,6.115
2024-01-02 00:00:00,9.016,2.75,6.266
2024-01-03 00:00:00,9.056,2.75,6.305999999999999
2024-01-04 00:00:00,9.145,2.75,6.395
2024-01-05 00:00:00,9.146,2.75,6.396000000000001
2024-01-08 00:00:00,9.096,2.75,6.346
2024-01-09 00:00:00,9.146,2.75,6.396000000000001
2024-01-10 00:00:00,9.116,2.75,6.366
2024-01-11 00:00:00,9.076,2.75,6.3260000000000005
2024-01-12 00:00:00,8.946,2.75,6.196
2024-01-15 00:00:00,8.893,2.75,6.143000000000001
2024-01-16 00:00:00,9.017,2.75,6.2669999999999995
2024-01-17 00:00:00,9.107,2.75,6.356999999999999
2024-01-18 00:00:00,9.182,2.75,6.432
2024-01-19 00:00:00,9.22,2.75,6.470000000000001
2024-01-22 00:00:00,9.175,2.75,6.425000000000001
2024-01-23 00:00:00,9.23,2.75,6.48
2024-01-24 00:00:00,9.176,2.75,6.426
2024-01-25 00:00:00,9.246,2.75,6.496
2024-01-26 00:00:00,9.246,2.75,6.496
2024-01-29 00:00:00,9.246,2.75,6.496
2024-01-30 00:00:00,9.276,2.75,6.526
2024-01-31 00:00:00,9.166,2.75,6.416
2024-02-01 00:00:00,9.036,2.75,6.286
2024-02-02 00:00:00,9.236,2.75,6.486000000000001
2024-02-06 00:00:00,9.266,2.75,6.516
2024-02-07 00:00:00,9.266,2.75,6.516
2024-02-08 00:00:00,9.216,2.75,6.465999999999999
2024-02-09 00:00:00,9.156,2.75,6.406000000000001
2024-02-12 00:00:00,9.146,2.75,6.396000000000001
2024-02-13 00:00:00,9.326,2.75,6.5760000000000005
2024-02-14 00:00:00,9.246,2.75,6.496
2024-02-15 00:00:00,9.216,2.75,6.465999999999999
2024-02-16 00:00:00,9.306,2.75,6.555999999999999
2024-02-19 00:00:00,9.306,2.75,6.555999999999999
2024-02-20 00:00:00,9.286,2.75,6.536
2024-02-21 00:00:00,9.216,2.75,6.465999999999999
2024-02-22 00:00:00,9.216,2.75,6.465999999999999
2024-02-23 00:00:00,9.176,2.75,6.426
2024-02-26 00:00:00,9.176,2.75,6.426
2024-02-27 00:00:00,9.246,2.75,6.496
2024-02-28 00:00:00,9.196,2.75,6.446
2024-02-29 00:00:00,9.156,2.75,6.406000000000001
2024-03-01 00:00:00,9.146,2.75,6.396000000000001
2024-03-04 00:00:00,9.216,2.75,6.465999999999999
2024-03-05 00:00:00,9.196,2.75,6.446
2024-03-06 00:00:00,9.126,2.75,6.3759999999999994
2024-03-07 00:00:00,9.126,2.75,6.3759999999999994
2024-03-08 00:00:00,9.11,2.75,6.359999999999999
2024-03-11 00:00:00,9.146,2.75,6.396000000000001
2024-03-12 00:00:00,9.166,2.75,6.416
2024-03-13 00:00:00,9.136,2.75,6.385999999999999
2024-03-14 00:00:00,9.206,2.75,6.4559999999999995
2024-03-15 00:00:00,9.266,2.75,6.516
2024-03-19 00:00:00,9.276,2.75,6.526
2024-03-20 00:00:00,9.256,2.75,6.506
2024-03-21 00:00:00,9.146,2.75,6.396000000000001
2024-03-22 00:00:00,9.196,2.75,6.446
2024-03-25 00:00:00,9.316,2.75,6.566000000000001
2024-03-26 00:00:00,9.276,2.75,6.526
2024-03-27 00:00:00,9.256,2.75,6.506
2024-04-01 00:00:00,9.356,2.75,6.606
2024-04-02 00:00:00,9.426,2.75,6.676
2024-04-03 00:00:00,9.446,2.75,6.696
2024-04-04 00:00:00,9.446,2.75,6.696
2024-04-05 00:00:00,9.566,2.75,6.816000000000001
2024-04-08 00:00:00,9.566,2.75,6.816000000000001
2024-04-09 00:00:00,9.596,2.75,6.846
2024-04-10 00:00:00,9.846,2.75,7.096
2024-04-11 00:00:00,9.796,2.75,7.045999999999999
2024-04-12 00:00:00,9.776,2.75,7.026
2024-04-15 00:00:00,9.946,2.75,7.196
2024-04-16 00:00:00,10.066,2.75,7.316000000000001
2024-04-17 00:00:00,9.916,2.75,7.166
2024-04-18 00:00:00,9.996,2.75,7.246
2024-04-19 00:00:00,9.946,2.75,7.196
2024-04-22 00:00:00,9.886,2.75,7.135999999999999
2024-04-23 00:00:00,9.866,2.75,7.116
2024-04-24 00:00:00,9.933,2.75,7.183
2024-04-25 00:00:00,9.936,2.75,7.186
2024-04-26 00:00:00,9.936,2.75,7.186
2024-04-29 00:00:00,9.986,2.75,7.236000000000001
2024-04-30 00:00:00,9.946,2.75,7.196
2024-05-02 00:00:00,9.726,2.75,6.976000000000001
2024-05-03 00:00:00,9.556,2.75,6.805999999999999
2024-05-06 00:00:00,9.576,2.75,6.8260000000000005
2024-05-07 00:00:00,9.606,2.75,6.856
2024-05-08 00:00:00,9.626,2.75,6.8759999999999994
2024-05-09 00:00:00,9.626,2.75,6.8759999999999994
2024-05-10 00:00:00,9.736,2.75,6.986000000000001
2024-05-13 00:00:00,9.726,2.75,6.976000000000001
2024-05-14 00:00:00,9.696,2.75,6.946
2024-05-15 00:00:00,9.606,2.75,6.856
2024-05-16 00:00:00,9.636,2.75,6.885999999999999
2024-05-17 00:00:00,9.666,2.75,6.916
2024-05-20 00:00:00,9.676,2.75,6.926
2024-05-21 00:00:00,9.636,2.75,6.885999999999999
2024-05-22 00:00:00,9.706,2.75,6.9559999999999995
2024-05-23 00:00:00,9.736,2.75,6.986000000000001
2024-05-24 00:00:00,9.726,2.75,6.976000000000001
2024-05-27 00:00:00,9.736,2.75,6.986000000000001
2024-05-28 00:00:00,9.776,2.75,7.026
2024-05-29 00:00:00,9.816,2.75,7.066000000000001
2024-05-30 00:00:00,9.806,2.75,7.055999999999999
2024-05-31 00:00:00,9.766,2.75,7.016
2024-06-03 00:00:00,9.926,2.75,7.176
2024-06-04 00:00:00,9.916,2.75,7.166
2024-06-05 00:00:00,9.796,2.75,7.045999999999999
2024-06-06 00:00:00,9.746,2.75,6.996
2024-06-10 00:00:00,10.196,2.75,7.446
2024-06-11 00:00:00,10.396,2.75,7.646000000000001
2024-06-12 00:00:00,10.336,2.75,7.586
2024-06-13 00:00:00,10.096,2.75,7.346
2024-06-14 00:00:00,10.09,2.75,7.34
2024-06-17 00:00:00,10.216,2.75,7.465999999999999
2024-06-18 00:00:00,10.006,2.75,7.256
2024-06-19 00:00:00,10.006,2.75,7.256
2024-06-20 00:00:00,9.896,2.75,7.146000000000001
2024-06-21 00:00:00,9.976,2.75,7.226000000000001
2024-06-24 00:00:00,9.876,2.75,7.1259999999999994
2024-06-25 00:00:00,9.896,2.75,7.146000000000001
2024-06-26 00:00:00,9.936,2.75,7.186
2024-06-27 00:00:00,9.828,2.75,7.077999999999999
2024-06-28 00:00:00,9.79,2.75,7.039999999999999
2024-07-01 00:00:00,9.937,2.75,7.186999999999999
2024-07-02 00:00:00,9.93,2.75,7.18
2024-07-03 00:00:00,9.911,2.75,7.161
2024-07-04 00:00:00,9.94,2.75,7.1899999999999995
2024-07-05 00:00:00,9.92,2.75,7.17
2024-07-08 00:00:00,9.936,2.75,7.186
2024-07-09 00:00:00,9.975,2.75,7.225
2024-07-10 00:00:00,9.89,2.75,7.140000000000001
2024-07-11 00:00:00,9.77,2.75,7.02
2024-07-12 00:00:00,9.703,2.75,6.952999999999999
2024-07-15 00:00:00,9.71,2.75,6.960000000000001
2024-07-16 00:00:00,9.71,2.75,6.960000000000001
2024-07-17 00:00:00,9.67,2.75,6.92
2024-07-18 00:00:00,9.87,2.75,7.119999999999999
2024-07-19 00:00:00,9.8,2.75,7.050000000000001
2024-07-22 00:00:00,9.955,2.75,7.205
2024-07-23 00:00:00,9.94,2.75,7.1899999999999995
2024-07-24 00:00:00,9.905,2.75,7.154999999999999
2024-07-25 00:00:00,9.95,2.75,7.199999999999999
2024-07-26 00:00:00,9.88,2.75,7.130000000000001
2024-07-29 00:00:00,9.814,2.75,7.064
2024-07-30 00:00:00,9.68,2.75,6.93
2024-07-31 00:00:00,9.717,2.75,6.9670000000000005
2024-08-01 00:00:00,9.754,2.75,7.004
2024-08-02 00:00:00,9.62,2.75,6.869999999999999
2024-08-05 00:00:00,9.653,2.75,6.9030000000000005
2024-08-06 00:00:00,9.7,2.75,6.949999999999999
2024-08-07 00:00:00,9.667,2.75,6.917
2024-08-08 00:00:00,9.66,2.75,6.91
2024-08-09 00:00:00,9.375,2.75,6.625
2024-08-12 00:00:00,9.43,2.75,6.68
2024-08-13 00:00:00,9.405,2.75,6.654999999999999
2024-08-14 00:00:00,9.373,2.75,6.622999999999999
2024-08-15 00:00:00,9.5,2.75,6.75
2024-08-16 00:00:00,9.49,2.75,6.74
2024-08-19 00:00:00,9.375,2.75,6.625
2024-08-20 00:00:00,9.46,2.75,6.710000000000001
2024-08-21 00:00:00,9.477,2.75,6.727
2024-08-22 00:00:00,9.653,2.75,6.9030000000000005
2024-08-23 00:00:00,9.53,2.75,6.779999999999999
2024-08-26 00:00:00,9.53,2.75,6.779999999999999
2024-08-27 00:00:00,9.645,2.75,6.895
2024-08-28 00:00:00,9.62,2.75,6.869999999999999
2024-08-29 00:00:00,9.67,2.75,6.92
2024-08-30 00:00:00,9.636,2.75,6.885999999999999
2024-09-02 00:00:00,9.597,2.75,6.8469999999999995
2024-09-03 00:00:00,9.676,2.75,6.926
2024-09-04 00:00:00,9.6,2.75,6.85
2024-09-05 00:00:00,9.496,2.75,6.746
2024-09-06 00:00:00,9.466,2.75,6.715999999999999
2024-09-12 00:00:00,9.396,4.0,5.396000000000001
2024-09-13 00:00:00,9.236,4.0,5.236000000000001
2024-09-17 00:00:00,9.156,4.0,5.156000000000001
2024-09-18 00:00:00,9.136,4.0,5.135999999999999
2024-09-19 00:00:00,9.123,4.0,5.122999999999999
2024-09-20 00:00:00,9.186,4.0,5.186
2024-09-23 00:00:00,9.196,4.0,5.196
2024-09-24 00:00:00,9.2,4.0,5.199999999999999
2024-09-25 00:00:00,9.25,4.0,5.25
2024-09-26 00:00:00,9.256,4.0,5.256
2024-09-27 00:00:00,9.287,4.0,5.287000000000001
2024-09-30 00:00:00,9.307,4.0,5.307
2024-10-02 00:00:00,9.356,4.0,5.356
2024-10-03 00:00:00,9.382,4.0,5.382
2024-10-04 00:00:00,9.466,4.0,5.465999999999999
2024-10-07 00:00:00,9.546,4.0,5.545999999999999
2024-10-08 00:00:00,9.525,4.0,5.525
2024-10-09 00:00:00,9.596,4.0,5.596
2024-10-10 00:00:00,9.706,4.0,5.7059999999999995
2024-10-11 00:00:00,9.636,4.0,5.635999999999999
2024-10-14 00:00:00,9.636,4.0,5.635999999999999
2024-10-15 00:00:00,9.686,4.0,5.686
2024-10-16 00:00:00,9.78,4.0,5.779999999999999
2024-10-17 00:00:00,9.852,4.0,5.852
2024-10-18 00:00:00,9.876,4.0,5.8759999999999994
2024-10-21 00:00:00,10.024,4.0,6.023999999999999
2024-10-22 00:00:00,10.066,4.0,6.066000000000001
2024-10-23 00:00:00,10.076,4.0,6.0760000000000005
2024-10-24 00:00:00,10.036,4.0,6.036
2024-10-25 00:00:00,10.086,4.0,6.086
2024-10-28 00:00:00,10.106,4.0,6.106
2024-10-29 00:00:00,10.026,4.0,6.026
2024-10-30 00:00:00,10.0,4.0,6.0
2024-10-31 00:00:00,10.01,4.0,6.01
2024-11-01 00:00:00,10.17,4.0,6.17
2024-11-04 00:00:00,10.094,4.0,6.093999999999999
2024-11-05 00:00:00,9.976,4.0,5.976000000000001
2024-11-06 00:00:00,9.936,4.0,5.936
2024-11-07 00:00:00,9.929,4.0,5.929
2024-11-08 00:00:00,9.863,4.0,5.8629999999999995
2024-11-11 00:00:00,10.026,4.0,6.026
2024-11-12 00:00:00,10.06,4.0,6.0600000000000005
2024-11-13 00:00:00,9.996,4.0,5.996
2024-11-14 00:00:00,9.845,4.0,5.845000000000001
2024-11-15 00:00:00,9.946,4.0,5.946
2024-11-19 00:00:00,9.81,4.0,5.8100000000000005
2024-11-20 00:00:00,9.785,4.0,5.785
2024-11-21 00:00:00,9.946,4.0,5.946
2024-11-22 00:00:00,9.986,4.0,5.986000000000001
2024-11-25 00:00:00,9.926,4.0,5.926
2024-11-26 00:00:00,10.026,4.0,6.026
2024-11-27 00:00:00,9.917,4.0,5.917
2024-11-28 00:00:00,9.86,4.0,5.859999999999999
2024-11-29 00:00:00,9.896,4.0,5.896000000000001
2024-12-02 00:00:00,9.92,4.0,5.92
2024-12-03 00:00:00,9.936,4.0,5.936
2024-12-04 00:00:00,9.966,4.0,5.965999999999999
2024-12-05 00:00:00,10.016,4.0,6.016
2024-12-06 00:00:00,9.97,4.0,5.970000000000001
2024-12-09 00:00:00,10.048,4.0,6.048
2024-12-10 00:00:00,9.956,4.0,5.9559999999999995
2024-12-11 00:00:00,9.92,4.0,5.92
2024-12-13 00:00:00,10.096,4.0,6.096
2024-12-16 00:00:00,10.06,4.0,6.0600000000000005
2024-12-17 00:00:00,10.156,4.0,6.156000000000001
2024-12-18 00:00:00,10.186,4.0,6.186
2024-12-19 00:00:00,10.286,4.0,6.286
2024-12-20 00:00:00,10.366,4.0,6.366
2024-12-23 00:00:00,10.426,4.0,6.426
2024-12-24 00:00:00,10.386,4.0,6.385999999999999
2024-12-26 00:00:00,10.406,4.0,6.406000000000001
2024-12-27 00:00:00,10.446,4.0,6.446
2024-12-30 00:00:00,10.446,4.0,6.446
2024-12-31 00:00:00,10.416,4.0,6.416
2025-01-02 00:00:00,10.306,4.0,6.305999999999999
2025-01-03 00:00:00,10.376,4.0,6.3759999999999994
2025-01-06 00:00:00,10.376,4.0,6.3759999999999994
2025-01-07 00:00:00,10.296,4.0,6.295999999999999
2025-01-08 00:00:00,10.276,4.0,6.276
2025-01-09 00:00:00,10.203,4.0,6.202999999999999
2025-01-10 00:00:00,10.266,4.0,6.266
2025-01-13 00:00:00,10.366,4.0,6.366
2025-01-14 00:00:00,10.39,4.0,6.390000000000001
2025-01-15 00:00:00,10.299,4.0,6.2989999999999995
2025-01-16 00:00:00,10.222,4.0,6.2219999999999995
2025-01-17 00:00:00,10.346,4.0,6.346
2025-01-20 00:00:00,10.23,4.0,6.23
2025-01-21 00:00:00,10.146,4.0,6.146000000000001
2025-01-22 00:00:00,10.016,4.0,6.016
2025-01-23 00:00:00,10.0,4.0,6.0
2025-01-24 00:00:00,9.996,4.0,5.996
2025-01-27 00:00:00,10.026,4.0,6.026
2025-01-28 00:00:00,9.91,4.0,5.91
2025-01-29 00:00:00,10.04,4.0,6.039999999999999
2025-01-30 00:00:00,9.97,4.0,5.970000000000001
2025-01-31 00:00:00,9.956,4.0,5.9559999999999995
2025-02-04 00:00:00,9.956,4.0,5.9559999999999995
2025-02-05 00:00:00,9.856,4.0,5.856
2025-02-06 00:00:00,9.74,4.0,5.74
2025-02-07 00:00:00,9.703,4.0,5.702999999999999
2025-02-10 00:00:00,9.663,4.0,5.663
2025-02-11 00:00:00,9.836,4.0,5.836
2025-02-12 00:00:00,9.865,4.0,5.865
2025-02-13 00:00:00,9.866,4.0,5.866
2025-02-14 00:00:00,9.846,4.0,5.846
2025-02-17 00:00:00,9.886,4.0,5.885999999999999
2025-02-18 00:00:00,9.846,4.0,5.846
2025-02-19 00:00:00,9.89,4.0,5.890000000000001
2025-02-20 00:00:00,9.87,4.0,5.869999999999999
2025-02-21 00:00:00,9.766,4.0,5.766
2025-02-24 00:00:00,9.73,4.0,5.73
2025-02-26 00:00:00,9.53,4.0,5.529999999999999
2025-02-27 00:00:00,9.458,4.0,5.458
2025-02-28 00:00:00,9.48,4.0,5.48
2025-03-03 00:00:00,9.44,4.0,5.4399999999999995
2025-03-04 00:00:00,9.57,4.0,5.57
2025-03-05 00:00:00,9.47,4.0,5.470000000000001
2025-03-06 00:00:00,9.47,4.0,5.470000000000001
2025-03-07 00:00:00,9.422,4.0,5.422000000000001
2025-03-10 00:00:00,9.52,4.0,5.52
2025-03-11 00:00:00,9.524,4.0,5.523999999999999
2025-03-12 00:00:00,9.59,4.0,5.59
2025-03-13 00:00:00,9.49,4.0,5.49
2025-03-14 00:00:00,9.47,4.0,5.470000000000001
2025-03-18 00:00:00,9.424,4.0,5.4239999999999995
2025-03-19 00:00:00,9.44,4.0,5.4399999999999995
2025-03-20 00:00:00,9.37,4.0,5.369999999999999
2025-03-21 00:00:00,9.46,4.0,5.460000000000001
2025-03-24 00:00:00,9.48,4.0,5.48
2025-03-25 00:00:00,9.46,4.0,5.460000000000001
2025-03-26 00:00:00,9.46,4.0,5.460000000000001
2025-03-27 00:00:00,9.45,4.0,5.449999999999999
2025-03-28 00:00:00,9.335,4.0,5.335000000000001
2025-03-31 00:00:00,9.342,4.0,5.3420000000000005
2025-04-01 00:00:00,9.293,4.0,5.292999999999999
2025-04-02 00:00:00,9.255,4.0,5.255000000000001
2025-04-03 00:00:00,9.01,4.0,5.01
2025-04-04 00:00:00,9.15,4.0,5.15
2025-04-07 00:00:00,9.313,4.0,5.313000000000001
2025-04-08 00:00:00,9.41,4.0,5.41
2025-04-09 00:00:00,9.37,4.0,5.369999999999999
2025-04-10 00:00:00,9.3,4.0,5.300000000000001
2025-04-11 00:00:00,9.57,4.0,5.57
2025-04-14 00:00:00,9.54,4.0,5.539999999999999
2025-04-15 00:00:00,9.46,4.0,5.460000000000001
2025-04-16 00:00:00,9.46,4.0,5.460000000000001
2025-04-21 00:00:00,9.54,4.0,5.539999999999999
2025-04-22 00:00:00,9.49,4.0,5.49
2025-04-23 00:00:00,9.45,4.0,5.449999999999999
2025-04-24 00:00:00,9.366,4.0,5.366
2025-04-25 00:00:00,9.27,4.0,5.27
2025-04-28 00:00:00,9.243,4.0,5.243
2025-04-29 00:00:00,9.283,4.0,5.2829999999999995
2025-04-30 00:00:00,9.32,4.0,5.32
2025-05-02 00:00:00,9.41,4.0,5.41
2025-05-05 00:00:00,9.43,4.0,5.43
2025-05-06 00:00:00,9.35,4.0,5.35
2025-05-07 00:00:00,9.28,4.0,5.279999999999999
2025-05-08 00:00:00,9.324,4.0,5.324
2025-05-09 00:00:00,9.36,4.0,5.359999999999999
2025-05-12 00:00:00,9.397,4.0,5.397
2025-05-13 00:00:00,9.41,4.0,5.41
2025-05-14 00:00:00,9.493,4.0,5.493
2025-05-15 00:00:00,9.55,4.0,5.550000000000001
2025-05-16 00:00:00,9.36,4.0,5.359999999999999
2025-05-20 00:00:00,9.37,4.0,5.369999999999999
2025-05-21 00:00:00,9.44,4.0,5.4399999999999995
2025-05-22 00:00:00,9.4,4.0,5.4
2025-05-23 00:00:00,9.387,4.0,5.3870000000000005
2025-05-26 00:00:00,9.42,4.0,5.42
2025-05-27 00:00:00,9.387,4.0,5.3870000000000005
2025-05-28 00:00:00,9.382,4.0,5.382
2025-05-29 00:00:00,9.308,4.0,5.308
2025-05-30 00:00:00,9.32,4.0,5.32
2025-06-02 00:00:00,9.302,4.0,5.302
2025-06-03 00:00:00,9.292,4.0,5.292
2025-06-04 00:00:00,9.19,4.0,5.1899999999999995
2025-06-05 00:00:00,9.188,4.0,5.188000000000001
2025-06-06 00:00:00,9.193,4.0,5.193
2025-06-09 00:00:00,9.179,4.0,5.179
2025-06-10 00:00:00,9.16,4.0,5.16
2025-06-11 00:00:00,9.262,4.0,5.2620000000000005
2025-06-12 00:00:00,9.214,4.0,5.214
2025-06-13 00:00:00,9.34,4.0,5.34
2025-06-16 00:00:00,9.281,4.0,5.281000000000001
2025-06-17 00:00:00,9.271,4.0,5.271000000000001
2025-06-18 00:00:00,9.271,4.0,5.271000000000001
2025-06-19 00:00:00,9.225,4.0,5.225
2025-06-20 00:00:00,9.3,4.0,5.300000000000001
2025-06-23 00:00:00,9.294,4.0,5.2940000000000005
2025-06-24 00:00:00,9.44,4.0,5.4399999999999995
2025-06-25 00:00:00,9.192,4.0,5.192
2025-06-26 00:00:00,9.17,4.0,5.17
2025-06-27 00:00:00,9.14,4.0,5.140000000000001
2025-06-30 00:00:00,9.137,4.0,5.1370000000000005
2025-07-01 00:00:00,9.097,4.0,5.0969999999999995
2025-07-02 00:00:00,9.146,4.0,5.146000000000001
2025-07-03 00:00:00,9.101,4.0,5.101000000000001
2025-07-04 00:00:00,9.153,4.0,5.1530000000000005
2025-07-07 00:00:00,9.227,4.0,5.227
2025-07-08 00:00:00,9.257,4.0,5.257
2025-07-09 00:00:00,9.214,4.0,5.214
2025-07-10 00:00:00,9.25,4.0,5.25
2025-07-11 00:00:00,9.234,4.0,5.234
2025-07-15 00:00:00,9.444,4.0,5.444000000000001
2025-07-23 00:00:00,9.444,4.0,5.444000000000001
2025-07-29 00:00:00,9.444,4.0,5.444000000000001
2025-08-01 00:00:00,9.144,4.0,5.144
2025-08-05 00:00:00,9.094,4.0,5.093999999999999
2025-08-08 00:00:00,9.014,4.0,5.013999999999999
2025-08-12 00:00:00,9.024,4.0,5.023999999999999
2025-08-13 00:00:00,8.954,4.0,4.954000000000001
2025-08-15 00:00:00,9.004,4.0,5.004
2025-08-19 00:00:00,8.984,4.0,4.984
2025-08-22 00:00:00,8.884,4.0,4.884
2025-08-28 00:00:00,8.864,4.0,4.864000000000001
2025-09-02 00:00:00,8.774,4.0,4.773999999999999
2025-09-03 00:00:00,8.814,4.0,4.814
2025-09-05 00:00:00,8.724,4.0,4.724
2025-09-10 00:00:00,8.734,4.0,4.734
2025-09-12 00:00:00,8.564,4.0,4.564
2025-09-18 00:00:00,8.624,4.0,4.6240000000000006
2025-09-19 00:00:00,8.55,4.0,4.550000000000001
2025-09-22 00:00:00,8.59,4.0,4.59
2025-09-23 00:00:00,8.57,4.0,4.57
2025-09-24 00:00:00,8.54,4.0,4.539999999999999
2025-09-25 00:00:00,8.52,4.0,4.52
2025-09-26 00:00:00,8.55,4.0,4.550000000000001
2025-09-29 00:00:00,8.62,4.0,4.619999999999999
2025-09-30 00:00:00,8.594,4.0,4.593999999999999
2025-10-01 00:00:00,8.59,4.0,4.59
2025-10-02 00:00:00,8.654,4.0,4.654
2025-10-03 00:00:00,8.674,4.0,4.6739999999999995
2025-10-06 00:00:00,8.674,4.0,4.6739999999999995
2025-10-07 00:00:00,8.67,4.0,4.67
2025-10-08 00:00:00,8.67,4.0,4.67
2025-10-09 00:00:00,8.67,4.0,4.67
2025-10-10 00:00:00,8.6,4.0,4.6
2025-10-13 00:00:00,8.564,4.0,4.564
2025-10-14 00:00:00,8.564,4.0,4.564
2025-10-15 00:00:00,8.56,4.0,4.5600000000000005
2025-10-16 00:00:00,8.5,4.0,4.5
2025-10-17 00:00:00,8.49,4.0,4.49
2025-10-20 00:00:00,8.54,4.0,4.539999999999999
2025-10-21 00:00:00,8.56,4.0,4.5600000000000005
2025-10-22 00:00:00,8.524,4.0,4.523999999999999
2025-10-23 00:00:00,8.52,4.0,4.52
2025-10-24 00:00:00,8.604,4.0,4.603999999999999
2025-10-27 00:00:00,8.6,4.0,4.6
2025-10-28 00:00:00,8.59,4.0,4.59
2025-10-29 00:00:00,8.55,4.0,4.550000000000001
2025-10-30 00:00:00,8.64,4.0,4.640000000000001
2025-10-31 00:00:00,8.66,4.0,4.66
2025-11-03 00:00:00,8.65,4.0,4.65
2025-11-04 00:00:00,8.67,4.0,4.67
2025-11-05 00:00:00,8.67,4.0,4.67
2025-11-06 00:00:00,8.69,4.0,4.6899999999999995
2025-11-07 00:00:00,8.68,4.0,4.68
2025-11-10 00:00:00,8.76,4.0,4.76
2025-11-11 00:00:00,8.78,4.0,4.779999999999999
2025-11-12 00:00:00,8.8,4.0,4.800000000000001
2025-11-13 00:00:00,8.75,4.0,4.75
2025-11-14 00:00:00,8.75,4.0,4.75
2025-11-18 00:00:00,8.76,4.0,4.76
2025-11-19 00:00:00,8.73,4.0,4.73
2025-11-20 00:00:00,8.75,4.0,4.75
2025-11-21 00:00:00,8.82,4.0,4.82
2025-11-24 00:00:00,8.84,4.0,4.84
2025-11-25 00:00:00,8.83,4.0,4.83
2025-11-26 00:00:00,8.79,4.0,4.789999999999999
2025-11-27 00:00:00,8.694,4.0,4.694000000000001
2025-11-28 00:00:00,8.69,4.0,4.6899999999999995
2025-12-01 00:00:00,8.72,4.0,4.720000000000001
2025-12-02 00:00:00,8.76,4.0,4.76
2025-12-03 00:00:00,8.72,4.0,4.720000000000001
2025-12-04 00:00:00,8.66,4.0,4.66
2025-12-05 00:00:00,8.69,4.0,4.6899999999999995
2025-12-08 00:00:00,8.83,4.0,4.83
2025-12-09 00:00:00,8.8,4.0,4.800000000000001
2025-12-10 00:00:00,8.974,4.0,4.974
2025-12-11 00:00:00,8.974,4.0,4.974
2025-12-15 00:00:00,9.014,4.0,5.013999999999999
2025-12-16 00:00:00,9.01,4.0,5.01
2025-12-17 00:00:00,8.98,4.0,4.98
2025-12-18 00:00:00,8.91,4.0,4.91
2025-12-19 00:00:00,8.89,4.0,4.890000000000001
2025-12-22 00:00:00,9.03,4.0,5.029999999999999
2025-12-23 00:00:00,8.99,4.0,4.99
2025-12-24 00:00:00,8.96,4.0,4.960000000000001
2025-12-26 00:00:00,8.98,4.0,4.98
2025-12-29 00:00:00,8.99,4.0,4.99
2025-12-30 00:00:00,9.0,4.0,5.0
2025-12-31 00:00:00,8.95,4.0,4.949999999999999
2026-01-02 00:00:00,8.91,4.0,4.91
2026-01-05 00:00:00,8.9,4.0,4.9
2026-01-06 00:00:00,8.734,4.0,4.734
2026-01-07 00:00:00,8.73,4.0,4.73
2026-01-08 00:00:00,8.734,4.0,4.734
2026-01-09 00:00:00,9.1,4.0,5.1
2026-01-12 00:00:00,9.1,4.0,5.1
2026-01-13 00:00:00,9.1,4.0,5.1
2026-01-14 00:00:00,9.1,4.0,5.1
2026-01-15 00:00:00,9.1,4.0,5.1
2026-01-16 00:00:00,9.1,4.0,5.1
2026-01-19 00:00:00,9.1,4.0,5.1
2026-01-20 00:00:00,9.1,4.0,5.1
2026-01-21 00:00:00,9.21,4.0,5.210000000000001
2026-01-22 00:00:00,9.08,4.0,5.08
2026-01-23 00:00:00,8.97,4.0,4.970000000000001
2026-01-26 00:00:00,8.95,4.0,4.949999999999999
2026-01-27 00:00:00,8.97,4.0,4.970000000000001
2026-01-28 00:00:00,8.95,4.0,4.949999999999999
2026-01-29 00:00:00,8.97,4.0,4.970000000000001
2026-01-30 00:00:00,8.92,4.0,4.92
2026-02-03 00:00:00,8.92,4.0,4.92
2026-02-04 00:00:00,8.925,4.0,4.925000000000001
2026-02-05 00:00:00,8.91,4.0,4.91
2026-02-06 00:00:00,8.84,4.0,4.84
2026-02-09 00:00:00,8.84,4.0,4.84
2026-02-10 00:00:00,8.78,4.0,4.779999999999999
2026-02-11 00:00:00,8.78,4.0,4.779999999999999
2026-02-12 00:00:00,8.78,4.0,4.779999999999999
2026-02-13 00:00:00,8.78,4.0,4.779999999999999
2026-02-16 00:00:00,8.78,4.0,4.779999999999999
2026-02-17 00:00:00,8.76,4.0,4.76
2026-02-18 00:00:00,8.74,4.0,4.74
2026-02-19 00:00:00,8.75,4.0,4.75
2026-02-20 00:00:00,8.76,4.0,4.76
2026-02-23 00:00:00,8.77,4.0,4.77
2026-02-24 00:00:00,8.75,4.0,4.75
2026-02-25 00:00:00,8.73,4.0,4.73
2026-02-26 00:00:00,8.73,4.0,4.73
2026-02-27 00:00:00,8.73,4.0,4.73
2026-03-02 00:00:00,8.79,4.0,4.789999999999999
2026-03-03 00:00:00,8.79,4.0,4.789999999999999
2026-03-04 00:00:00,8.79,4.0,4.789999999999999
2026-03-05 00:00:00,8.79,4.0,4.789999999999999
2026-03-06 00:00:00,8.99,4.0,4.99
2026-03-09 00:00:00,9.03,4.0,5.029999999999999
2026-03-10 00:00:00,9.03,4.0,5.029999999999999
2026-03-11 00:00:00,9.03,4.0,5.029999999999999
2026-03-12 00:00:00,9.03,4.0,5.029999999999999
2026-03-13 00:00:00,9.21,4.0,5.210000000000001
2026-03-17 00:00:00,9.45,4.0,5.449999999999999
2026-03-18 00:00:00,9.45,4.0,5.449999999999999
2026-03-19 00:00:00,9.45,4.0,5.449999999999999
2026-03-20 00:00:00,9.32,4.0,5.32
2026-03-23 00:00:00,9.45,4.0,5.449999999999999
2026-03-24 00:00:00,9.45,4.0,5.449999999999999
2026-03-25 00:00:00,9.45,4.0,5.449999999999999
2026-03-26 00:00:00,9.45,4.0,5.449999999999999
2026-03-27 00:00:00,9.16,4.0,5.16
