Fecha,DGS10,TIPS10,Diferencia
03/01/18 0:00,2.44,0.46,1.98
04/01/18 0:00,2.46,0.45,2.01
05/01/18 0:00,2.47,0.46,2.01
08/01/18 0:00,2.49,0.47,2.02
09/01/18 0:00,2.55,0.52,2.03
10/01/18 0:00,2.55,0.52,2.03
11/01/18 0:00,2.54,0.54,2
12/01/18 0:00,2.55,0.54,2.01
16/01/18 0:00,2.54,0.51,2.03
17/01/18 0:00,2.57,0.53,2.04
18/01/18 0:00,2.62,0.57,2.05
19/01/18 0:00,2.64,0.58,2.06
22/01/18 0:00,2.66,0.6,2.06
23/01/18 0:00,2.63,0.57,2.06
24/01/18 0:00,2.65,0.58,2.07
25/01/18 0:00,2.63,0.56,2.07
26/01/18 0:00,2.66,0.57,2.09
29/01/18 0:00,2.7,0.61,2.09
30/01/18 0:00,2.73,0.63,2.1
31/01/18 0:00,2.72,0.61,2.11
01/02/18 0:00,2.78,0.67,2.11
02/02/18 0:00,2.84,0.7,2.14
05/02/18 0:00,2.77,0.67,2.1
06/02/18 0:00,2.79,0.69,2.1
07/02/18 0:00,2.84,0.74,2.1
08/02/18 0:00,2.85,0.76,2.09
09/02/18 0:00,2.83,0.78,2.05
12/02/18 0:00,2.86,0.79,2.07
13/02/18 0:00,2.83,0.78,2.05
14/02/18 0:00,2.91,0.82,2.09
15/02/18 0:00,2.9,0.79,2.11
16/02/18 0:00,2.87,0.78,2.09
20/02/18 0:00,2.88,0.78,2.1
21/02/18 0:00,2.94,0.82,2.12
22/02/18 0:00,2.92,0.81,2.11
23/02/18 0:00,2.88,0.76,2.12
26/02/18 0:00,2.86,0.73,2.13
27/02/18 0:00,2.9,0.77,2.13
28/02/18 0:00,2.87,0.75,2.12
01/03/18 0:00,2.81,0.71,2.1
02/03/18 0:00,2.86,0.74,2.12
05/03/18 0:00,2.88,0.75,2.13
06/03/18 0:00,2.88,0.76,2.12
07/03/18 0:00,2.89,0.76,2.13
08/03/18 0:00,2.86,0.75,2.11
09/03/18 0:00,2.9,0.78,2.12
12/03/18 0:00,2.87,0.77,2.1
13/03/18 0:00,2.84,0.75,2.09
14/03/18 0:00,2.81,0.74,2.07
15/03/18 0:00,2.82,0.74,2.08
16/03/18 0:00,2.85,0.77,2.08
19/03/18 0:00,2.85,0.77,2.08
20/03/18 0:00,2.89,0.81,2.08
21/03/18 0:00,2.89,0.8,2.09
22/03/18 0:00,2.83,0.75,2.08
23/03/18 0:00,2.82,0.75,2.07
26/03/18 0:00,2.85,0.77,2.08
27/03/18 0:00,2.78,0.71,2.07
28/03/18 0:00,2.77,0.72,2.05
29/03/18 0:00,2.74,0.69,2.05
02/04/18 0:00,2.73,0.68,2.05
03/04/18 0:00,2.79,0.71,2.08
04/04/18 0:00,2.79,0.71,2.08
05/04/18 0:00,2.83,0.75,2.08
06/04/18 0:00,2.77,0.7,2.07
09/04/18 0:00,2.78,0.71,2.07
10/04/18 0:00,2.8,0.72,2.08
11/04/18 0:00,2.79,0.68,2.11
12/04/18 0:00,2.83,0.7,2.13
13/04/18 0:00,2.82,0.69,2.13
16/04/18 0:00,2.83,0.71,2.12
17/04/18 0:00,2.82,0.68,2.14
18/04/18 0:00,2.87,0.71,2.16
19/04/18 0:00,2.92,0.75,2.17
20/04/18 0:00,2.96,0.79,2.17
23/04/18 0:00,2.98,0.8,2.18
24/04/18 0:00,3,0.83,2.17
25/04/18 0:00,3.03,0.86,2.17
26/04/18 0:00,3,0.82,2.18
27/04/18 0:00,2.96,0.79,2.17
30/04/18 0:00,2.95,0.78,2.17
01/05/18 0:00,2.97,0.81,2.16
02/05/18 0:00,2.97,0.8,2.17
03/05/18 0:00,2.94,0.78,2.16
04/05/18 0:00,2.95,0.79,2.16
07/05/18 0:00,2.95,0.78,2.17
08/05/18 0:00,2.97,0.81,2.16
09/05/18 0:00,3,0.82,2.18
10/05/18 0:00,2.97,0.8,2.17
11/05/18 0:00,2.97,0.82,2.15
14/05/18 0:00,3,0.85,2.15
15/05/18 0:00,3.08,0.9,2.18
16/05/18 0:00,3.09,0.92,2.17
17/05/18 0:00,3.11,0.95,2.16
18/05/18 0:00,3.06,0.91,2.15
21/05/18 0:00,3.06,0.9,2.16
22/05/18 0:00,3.06,0.91,2.15
23/05/18 0:00,3.01,0.87,2.14
24/05/18 0:00,2.98,0.86,2.12
25/05/18 0:00,2.93,0.84,2.09
29/05/18 0:00,2.77,0.73,2.04
30/05/18 0:00,2.84,0.78,2.06
31/05/18 0:00,2.83,0.76,2.07
01/06/18 0:00,2.89,0.8,2.09
04/06/18 0:00,2.94,0.82,2.12
05/06/18 0:00,2.92,0.79,2.13
06/06/18 0:00,2.97,0.83,2.14
07/06/18 0:00,2.93,0.8,2.13
08/06/18 0:00,2.93,0.82,2.11
11/06/18 0:00,2.96,0.83,2.13
12/06/18 0:00,2.96,0.83,2.13
13/06/18 0:00,2.98,0.86,2.12
14/06/18 0:00,2.94,0.82,2.12
15/06/18 0:00,2.93,0.81,2.12
18/06/18 0:00,2.92,0.8,2.12
19/06/18 0:00,2.89,0.77,2.12
20/06/18 0:00,2.93,0.81,2.12
21/06/18 0:00,2.9,0.79,2.11
22/06/18 0:00,2.9,0.78,2.12
25/06/18 0:00,2.87,0.77,2.1
26/06/18 0:00,2.88,0.76,2.12
27/06/18 0:00,2.83,0.72,2.11
28/06/18 0:00,2.84,0.74,2.1
29/06/18 0:00,2.85,0.74,2.11
02/07/18 0:00,2.87,0.73,2.14
03/07/18 0:00,2.83,0.71,2.12
05/07/18 0:00,2.84,0.71,2.13
06/07/18 0:00,2.82,0.7,2.12
09/07/18 0:00,2.86,0.73,2.13
10/07/18 0:00,2.87,0.74,2.13
11/07/18 0:00,2.85,0.74,2.11
12/07/18 0:00,2.85,0.75,2.1
13/07/18 0:00,2.83,0.72,2.11
16/07/18 0:00,2.85,0.75,2.1
17/07/18 0:00,2.86,0.77,2.09
18/07/18 0:00,2.88,0.79,2.09
19/07/18 0:00,2.84,0.75,2.09
20/07/18 0:00,2.89,0.78,2.11
23/07/18 0:00,2.96,0.85,2.11
24/07/18 0:00,2.95,0.84,2.11
25/07/18 0:00,2.94,0.81,2.13
26/07/18 0:00,2.98,0.87,2.11
27/07/18 0:00,2.96,0.84,2.12
30/07/18 0:00,2.98,0.85,2.13
31/07/18 0:00,2.96,0.84,2.12
01/08/18 0:00,3,0.87,2.13
02/08/18 0:00,2.98,0.86,2.12
03/08/18 0:00,2.95,0.83,2.12
06/08/18 0:00,2.94,0.83,2.11
07/08/18 0:00,2.98,0.85,2.13
08/08/18 0:00,2.96,0.85,2.11
09/08/18 0:00,2.93,0.82,2.11
10/08/18 0:00,2.87,0.78,2.09
13/08/18 0:00,2.88,0.78,2.1
14/08/18 0:00,2.89,0.8,2.09
15/08/18 0:00,2.86,0.78,2.08
16/08/18 0:00,2.87,0.79,2.08
17/08/18 0:00,2.87,0.79,2.08
20/08/18 0:00,2.82,0.75,2.07
21/08/18 0:00,2.85,0.77,2.08
22/08/18 0:00,2.82,0.74,2.08
23/08/18 0:00,2.82,0.73,2.09
24/08/18 0:00,2.82,0.73,2.09
27/08/18 0:00,2.85,0.74,2.11
28/08/18 0:00,2.88,0.77,2.11
29/08/18 0:00,2.89,0.77,2.12
30/08/18 0:00,2.86,0.76,2.1
31/08/18 0:00,2.86,0.78,2.08
04/09/18 0:00,2.9,0.8,2.1
05/09/18 0:00,2.9,0.81,2.09
06/09/18 0:00,2.88,0.8,2.08
07/09/18 0:00,2.94,0.84,2.1
10/09/18 0:00,2.94,0.84,2.1
11/09/18 0:00,2.98,0.86,2.12
12/09/18 0:00,2.97,0.85,2.12
13/09/18 0:00,2.97,0.87,2.1
14/09/18 0:00,2.99,0.89,2.1
17/09/18 0:00,2.99,0.89,2.1
18/09/18 0:00,3.05,0.92,2.13
19/09/18 0:00,3.08,0.93,2.15
20/09/18 0:00,3.07,0.92,2.15
21/09/18 0:00,3.07,0.92,2.15
24/09/18 0:00,3.08,0.92,2.16
25/09/18 0:00,3.1,0.94,2.16
26/09/18 0:00,3.06,0.92,2.14
27/09/18 0:00,3.06,0.91,2.15
28/09/18 0:00,3.05,0.91,2.14
01/10/18 0:00,3.09,0.95,2.14
02/10/18 0:00,3.05,0.93,2.12
03/10/18 0:00,3.15,0.99,2.16
04/10/18 0:00,3.19,1.03,2.16
05/10/18 0:00,3.23,1.07,2.16
09/10/18 0:00,3.21,1.04,2.17
10/10/18 0:00,3.22,1.06,2.16
11/10/18 0:00,3.14,1.02,2.12
12/10/18 0:00,3.15,1.03,2.12
15/10/18 0:00,3.16,1.03,2.13
16/10/18 0:00,3.16,1.03,2.13
17/10/18 0:00,3.19,1.06,2.13
18/10/18 0:00,3.17,1.07,2.1
19/10/18 0:00,3.2,1.09,2.11
22/10/18 0:00,3.2,1.09,2.11
23/10/18 0:00,3.17,1.08,2.09
24/10/18 0:00,3.1,1.03,2.07
25/10/18 0:00,3.14,1.09,2.05
26/10/18 0:00,3.08,1.02,2.06
29/10/18 0:00,3.08,1.02,2.06
30/10/18 0:00,3.12,1.07,2.05
31/10/18 0:00,3.15,1.1,2.05
01/11/18 0:00,3.14,1.12,2.02
02/11/18 0:00,3.22,1.16,2.06
05/11/18 0:00,3.2,1.14,2.06
06/11/18 0:00,3.22,1.15,2.07
07/11/18 0:00,3.22,1.15,2.07
08/11/18 0:00,3.24,1.17,2.07
09/11/18 0:00,3.19,1.15,2.04
13/11/18 0:00,3.14,1.12,2.02
14/11/18 0:00,3.12,1.12,2
15/11/18 0:00,3.11,1.11,2
16/11/18 0:00,3.08,1.06,2.02
19/11/18 0:00,3.06,1.07,1.99
20/11/18 0:00,3.06,1.09,1.97
21/11/18 0:00,3.06,1.09,1.97
23/11/18 0:00,3.05,1.09,1.96
26/11/18 0:00,3.07,1.11,1.96
27/11/18 0:00,3.06,1.15,1.91
28/11/18 0:00,3.06,1.12,1.94
29/11/18 0:00,3.03,1.05,1.98
30/11/18 0:00,3.01,1.04,1.97
03/12/18 0:00,2.98,1.02,1.96
04/12/18 0:00,2.91,0.97,1.94
06/12/18 0:00,2.87,0.97,1.9
07/12/18 0:00,2.85,0.96,1.89
10/12/18 0:00,2.85,0.99,1.86
11/12/18 0:00,2.89,1.06,1.83
12/12/18 0:00,2.91,1.08,1.83
13/12/18 0:00,2.91,1.08,1.83
14/12/18 0:00,2.89,1.07,1.82
17/12/18 0:00,2.86,1.05,1.81
18/12/18 0:00,2.82,1.01,1.81
19/12/18 0:00,2.77,0.97,1.8
20/12/18 0:00,2.79,1.03,1.76
21/12/18 0:00,2.79,1.02,1.77
24/12/18 0:00,2.74,0.99,1.75
26/12/18 0:00,2.81,1.04,1.77
27/12/18 0:00,2.77,1.03,1.74
28/12/18 0:00,2.72,0.99,1.73
31/12/18 0:00,2.69,0.98,1.71
02/01/19 0:00,2.66,0.96,1.7
03/01/19 0:00,2.56,0.88,1.68
04/01/19 0:00,2.67,0.91,1.76
07/01/19 0:00,2.7,0.92,1.78
08/01/19 0:00,2.73,0.91,1.82
09/01/19 0:00,2.74,0.91,1.83
10/01/19 0:00,2.74,0.93,1.81
11/01/19 0:00,2.71,0.88,1.83
14/01/19 0:00,2.71,0.9,1.81
15/01/19 0:00,2.72,0.91,1.81
16/01/19 0:00,2.73,0.91,1.82
17/01/19 0:00,2.75,0.96,1.79
18/01/19 0:00,2.79,0.96,1.83
22/01/19 0:00,2.74,0.95,1.79
23/01/19 0:00,2.76,0.96,1.8
24/01/19 0:00,2.72,0.95,1.77
25/01/19 0:00,2.76,0.97,1.79
28/01/19 0:00,2.75,0.97,1.78
29/01/19 0:00,2.72,0.94,1.78
30/01/19 0:00,2.7,0.86,1.84
31/01/19 0:00,2.63,0.78,1.85
01/02/19 0:00,2.7,0.82,1.88
04/02/19 0:00,2.73,0.86,1.87
05/02/19 0:00,2.71,0.84,1.87
06/02/19 0:00,2.7,0.84,1.86
07/02/19 0:00,2.65,0.81,1.84
08/02/19 0:00,2.63,0.81,1.82
11/02/19 0:00,2.65,0.83,1.82
12/02/19 0:00,2.68,0.85,1.83
13/02/19 0:00,2.71,0.85,1.86
14/02/19 0:00,2.66,0.81,1.85
15/02/19 0:00,2.66,0.8,1.86
19/02/19 0:00,2.65,0.78,1.87
20/02/19 0:00,2.65,0.76,1.89
21/02/19 0:00,2.69,0.78,1.91
22/02/19 0:00,2.65,0.74,1.91
25/02/19 0:00,2.67,0.75,1.92
26/02/19 0:00,2.64,0.72,1.92
27/02/19 0:00,2.69,0.76,1.93
28/02/19 0:00,2.73,0.78,1.95
01/03/19 0:00,2.76,0.8,1.96
04/03/19 0:00,2.72,0.78,1.94
05/03/19 0:00,2.72,0.79,1.93
06/03/19 0:00,2.69,0.78,1.91
07/03/19 0:00,2.64,0.74,1.9
08/03/19 0:00,2.62,0.72,1.9
11/03/19 0:00,2.64,0.73,1.91
12/03/19 0:00,2.61,0.71,1.9
13/03/19 0:00,2.61,0.69,1.92
14/03/19 0:00,2.63,0.69,1.94
15/03/19 0:00,2.59,0.65,1.94
18/03/19 0:00,2.6,0.64,1.96
19/03/19 0:00,2.61,0.66,1.95
20/03/19 0:00,2.54,0.58,1.96
21/03/19 0:00,2.54,0.58,1.96
22/03/19 0:00,2.44,0.54,1.9
25/03/19 0:00,2.43,0.55,1.88
26/03/19 0:00,2.41,0.55,1.86
27/03/19 0:00,2.39,0.55,1.84
28/03/19 0:00,2.39,0.56,1.83
29/03/19 0:00,2.41,0.53,1.88
01/04/19 0:00,2.49,0.59,1.9
02/04/19 0:00,2.48,0.58,1.9
03/04/19 0:00,2.52,0.61,1.91
04/04/19 0:00,2.51,0.61,1.9
05/04/19 0:00,2.5,0.6,1.9
08/04/19 0:00,2.52,0.61,1.91
09/04/19 0:00,2.51,0.6,1.91
10/04/19 0:00,2.48,0.54,1.94
11/04/19 0:00,2.51,0.57,1.94
12/04/19 0:00,2.56,0.61,1.95
15/04/19 0:00,2.55,0.61,1.94
16/04/19 0:00,2.6,0.64,1.96
17/04/19 0:00,2.59,0.65,1.94
18/04/19 0:00,2.57,0.62,1.95
22/04/19 0:00,2.59,0.64,1.95
23/04/19 0:00,2.57,0.62,1.95
24/04/19 0:00,2.53,0.57,1.96
25/04/19 0:00,2.54,0.56,1.98
26/04/19 0:00,2.51,0.54,1.97
29/04/19 0:00,2.54,0.58,1.96
30/04/19 0:00,2.51,0.56,1.95
01/05/19 0:00,2.52,0.59,1.93
02/05/19 0:00,2.55,0.66,1.89
03/05/19 0:00,2.54,0.63,1.91
06/05/19 0:00,2.51,0.6,1.91
07/05/19 0:00,2.45,0.58,1.87
08/05/19 0:00,2.49,0.62,1.87
09/05/19 0:00,2.45,0.6,1.85
10/05/19 0:00,2.47,0.59,1.88
13/05/19 0:00,2.4,0.55,1.85
14/05/19 0:00,2.42,0.56,1.86
15/05/19 0:00,2.37,0.54,1.83
16/05/19 0:00,2.4,0.56,1.84
17/05/19 0:00,2.39,0.58,1.81
20/05/19 0:00,2.41,0.6,1.81
21/05/19 0:00,2.43,0.6,1.83
22/05/19 0:00,2.39,0.6,1.79
23/05/19 0:00,2.31,0.58,1.73
24/05/19 0:00,2.32,0.56,1.76
28/05/19 0:00,2.26,0.53,1.73
29/05/19 0:00,2.25,0.5,1.75
30/05/19 0:00,2.22,0.48,1.74
31/05/19 0:00,2.14,0.4,1.74
03/06/19 0:00,2.07,0.34,1.73
04/06/19 0:00,2.12,0.38,1.74
05/06/19 0:00,2.12,0.37,1.75
06/06/19 0:00,2.12,0.39,1.73
07/06/19 0:00,2.09,0.35,1.74
10/06/19 0:00,2.15,0.42,1.73
11/06/19 0:00,2.15,0.43,1.72
12/06/19 0:00,2.13,0.42,1.71
13/06/19 0:00,2.1,0.42,1.68
14/06/19 0:00,2.09,0.46,1.63
17/06/19 0:00,2.09,0.48,1.61
18/06/19 0:00,2.06,0.42,1.64
19/06/19 0:00,2.03,0.36,1.67
20/06/19 0:00,2.01,0.27,1.74
21/06/19 0:00,2.07,0.34,1.73
24/06/19 0:00,2.02,0.31,1.71
25/06/19 0:00,2,0.33,1.67
26/06/19 0:00,2.05,0.35,1.7
27/06/19 0:00,2.01,0.33,1.68
28/06/19 0:00,2,0.31,1.69
01/07/19 0:00,2.03,0.34,1.69
02/07/19 0:00,1.98,0.33,1.65
03/07/19 0:00,1.96,0.31,1.65
05/07/19 0:00,2.04,0.35,1.69
08/07/19 0:00,2.05,0.35,1.7
09/07/19 0:00,2.07,0.36,1.71
10/07/19 0:00,2.07,0.33,1.74
11/07/19 0:00,2.13,0.36,1.77
12/07/19 0:00,2.12,0.35,1.77
15/07/19 0:00,2.09,0.32,1.77
16/07/19 0:00,2.13,0.33,1.8
17/07/19 0:00,2.06,0.31,1.75
18/07/19 0:00,2.04,0.25,1.79
19/07/19 0:00,2.05,0.25,1.8
22/07/19 0:00,2.05,0.26,1.79
23/07/19 0:00,2.08,0.27,1.81
24/07/19 0:00,2.05,0.26,1.79
25/07/19 0:00,2.08,0.28,1.8
26/07/19 0:00,2.08,0.3,1.78
29/07/19 0:00,2.06,0.29,1.77
30/07/19 0:00,2.06,0.28,1.78
31/07/19 0:00,2.02,0.26,1.76
01/08/19 0:00,1.9,0.2,1.7
02/08/19 0:00,1.86,0.2,1.66
05/08/19 0:00,1.75,0.15,1.6
06/08/19 0:00,1.73,0.11,1.62
07/08/19 0:00,1.71,0.09,1.62
08/08/19 0:00,1.72,0.07,1.65
09/08/19 0:00,1.74,0.08,1.66
12/08/19 0:00,1.65,0.04,1.61
13/08/19 0:00,1.68,0.05,1.63
14/08/19 0:00,1.59,0.02,1.57
15/08/19 0:00,1.52,-0.02,1.54
16/08/19 0:00,1.55,0.01,1.54
19/08/19 0:00,1.6,0.04,1.56
20/08/19 0:00,1.55,0.02,1.53
21/08/19 0:00,1.59,0.05,1.54
22/08/19 0:00,1.62,0.07,1.55
23/08/19 0:00,1.52,-0.02,1.54
26/08/19 0:00,1.54,0,1.54
27/08/19 0:00,1.49,-0.06,1.55
28/08/19 0:00,1.47,-0.08,1.55
29/08/19 0:00,1.5,-0.09,1.59
30/08/19 0:00,1.5,-0.05,1.55
03/09/19 0:00,1.47,-0.03,1.5
04/09/19 0:00,1.47,-0.04,1.51
05/09/19 0:00,1.57,0.01,1.56
06/09/19 0:00,1.55,0.01,1.54
09/09/19 0:00,1.63,0.06,1.57
10/09/19 0:00,1.72,0.12,1.6
11/09/19 0:00,1.75,0.15,1.6
12/09/19 0:00,1.79,0.16,1.63
13/09/19 0:00,1.9,0.23,1.67
16/09/19 0:00,1.84,0.17,1.67
17/09/19 0:00,1.81,0.15,1.66
18/09/19 0:00,1.8,0.21,1.59
19/09/19 0:00,1.79,0.18,1.61
20/09/19 0:00,1.74,0.13,1.61
23/09/19 0:00,1.72,0.11,1.61
24/09/19 0:00,1.64,0.06,1.58
25/09/19 0:00,1.73,0.13,1.6
26/09/19 0:00,1.7,0.13,1.57
27/09/19 0:00,1.69,0.16,1.53
30/09/19 0:00,1.68,0.15,1.53
01/10/19 0:00,1.65,0.13,1.52
02/10/19 0:00,1.6,0.1,1.5
03/10/19 0:00,1.54,0.06,1.48
04/10/19 0:00,1.52,0.02,1.5
07/10/19 0:00,1.56,0.05,1.51
08/10/19 0:00,1.54,0.06,1.48
09/10/19 0:00,1.59,0.1,1.49
10/10/19 0:00,1.67,0.15,1.52
11/10/19 0:00,1.76,0.2,1.56
15/10/19 0:00,1.77,0.21,1.56
16/10/19 0:00,1.75,0.18,1.57
17/10/19 0:00,1.76,0.17,1.59
18/10/19 0:00,1.76,0.16,1.6
21/10/19 0:00,1.8,0.19,1.61
22/10/19 0:00,1.78,0.17,1.61
23/10/19 0:00,1.77,0.16,1.61
24/10/19 0:00,1.77,0.15,1.62
25/10/19 0:00,1.8,0.15,1.65
28/10/19 0:00,1.85,0.21,1.64
29/10/19 0:00,1.84,0.23,1.61
30/10/19 0:00,1.78,0.21,1.57
31/10/19 0:00,1.69,0.15,1.54
01/11/19 0:00,1.73,0.14,1.59
04/11/19 0:00,1.79,0.15,1.64
05/11/19 0:00,1.86,0.18,1.68
06/11/19 0:00,1.81,0.15,1.66
07/11/19 0:00,1.92,0.23,1.69
08/11/19 0:00,1.94,0.23,1.71
12/11/19 0:00,1.92,0.22,1.7
13/11/19 0:00,1.88,0.22,1.66
14/11/19 0:00,1.82,0.2,1.62
15/11/19 0:00,1.84,0.21,1.63
18/11/19 0:00,1.81,0.18,1.63
19/11/19 0:00,1.79,0.16,1.63
20/11/19 0:00,1.73,0.13,1.6
21/11/19 0:00,1.77,0.14,1.63
22/11/19 0:00,1.77,0.15,1.62
25/11/19 0:00,1.76,0.14,1.62
26/11/19 0:00,1.74,0.12,1.62
27/11/19 0:00,1.77,0.14,1.63
29/11/19 0:00,1.78,0.17,1.61
02/12/19 0:00,1.83,0.18,1.65
03/12/19 0:00,1.72,0.09,1.63
04/12/19 0:00,1.77,0.11,1.66
05/12/19 0:00,1.8,0.13,1.67
06/12/19 0:00,1.84,0.15,1.69
09/12/19 0:00,1.83,0.14,1.69
10/12/19 0:00,1.85,0.14,1.71
11/12/19 0:00,1.79,0.1,1.69
12/12/19 0:00,1.9,0.18,1.72
13/12/19 0:00,1.82,0.12,1.7
16/12/19 0:00,1.89,0.16,1.73
17/12/19 0:00,1.89,0.14,1.75
18/12/19 0:00,1.92,0.16,1.76
19/12/19 0:00,1.92,0.15,1.77
20/12/19 0:00,1.92,0.15,1.77
23/12/19 0:00,1.93,0.18,1.75
24/12/19 0:00,1.9,0.15,1.75
26/12/19 0:00,1.9,0.16,1.74
27/12/19 0:00,1.88,0.15,1.73
30/12/19 0:00,1.9,0.15,1.75
31/12/19 0:00,1.92,0.15,1.77
02/01/20 0:00,1.88,0.08,1.8
03/01/20 0:00,1.8,0.03,1.77
06/01/20 0:00,1.81,0.06,1.75
07/01/20 0:00,1.83,0.09,1.74
08/01/20 0:00,1.87,0.12,1.75
09/01/20 0:00,1.85,0.11,1.74
10/01/20 0:00,1.83,0.07,1.76
13/01/20 0:00,1.85,0.08,1.77
14/01/20 0:00,1.82,0.05,1.77
15/01/20 0:00,1.79,0.04,1.75
16/01/20 0:00,1.81,0.07,1.74
17/01/20 0:00,1.84,0.09,1.75
21/01/20 0:00,1.78,0.04,1.74
22/01/20 0:00,1.77,0.05,1.72
23/01/20 0:00,1.74,0.04,1.7
24/01/20 0:00,1.7,0.02,1.68
27/01/20 0:00,1.61,-0.02,1.63
28/01/20 0:00,1.65,0,1.65
29/01/20 0:00,1.6,-0.04,1.64
30/01/20 0:00,1.57,-0.07,1.64
31/01/20 0:00,1.51,-0.14,1.65
03/02/20 0:00,1.54,-0.09,1.63
04/02/20 0:00,1.61,-0.03,1.64
05/02/20 0:00,1.66,0,1.66
06/02/20 0:00,1.65,-0.02,1.67
07/02/20 0:00,1.59,-0.07,1.66
10/02/20 0:00,1.56,-0.1,1.66
11/02/20 0:00,1.59,-0.06,1.65
12/02/20 0:00,1.62,-0.04,1.66
13/02/20 0:00,1.61,-0.06,1.67
14/02/20 0:00,1.59,-0.07,1.66
18/02/20 0:00,1.55,-0.1,1.65
19/02/20 0:00,1.56,-0.09,1.65
20/02/20 0:00,1.52,-0.11,1.63
21/02/20 0:00,1.46,-0.15,1.61
24/02/20 0:00,1.38,-0.21,1.59
25/02/20 0:00,1.33,-0.2,1.53
26/02/20 0:00,1.33,-0.21,1.54
27/02/20 0:00,1.3,-0.23,1.53
28/02/20 0:00,1.13,-0.28,1.41
02/03/20 0:00,1.1,-0.31,1.41
03/03/20 0:00,1.02,-0.43,1.45
04/03/20 0:00,1.02,-0.44,1.46
05/03/20 0:00,0.92,-0.48,1.4
06/03/20 0:00,0.74,-0.57,1.31
09/03/20 0:00,0.54,-0.45,0.99
10/03/20 0:00,0.76,-0.24,1
11/03/20 0:00,0.82,-0.14,0.96
12/03/20 0:00,0.88,-0.04,0.92
13/03/20 0:00,0.94,0.04,0.9
16/03/20 0:00,0.73,0,0.73
17/03/20 0:00,1.02,0.39,0.63
18/03/20 0:00,1.18,0.55,0.63
19/03/20 0:00,1.12,0.62,0.5
20/03/20 0:00,0.92,0.17,0.75
23/03/20 0:00,0.76,-0.04,0.8
24/03/20 0:00,0.84,-0.13,0.97
25/03/20 0:00,0.88,-0.19,1.07
26/03/20 0:00,0.83,-0.24,1.07
27/03/20 0:00,0.72,-0.22,0.94
30/03/20 0:00,0.7,-0.25,0.95
31/03/20 0:00,0.7,-0.17,0.87
01/04/20 0:00,0.62,-0.29,0.91
02/04/20 0:00,0.63,-0.4,1.03
03/04/20 0:00,0.62,-0.46,1.08
06/04/20 0:00,0.67,-0.47,1.14
07/04/20 0:00,0.75,-0.42,1.17
08/04/20 0:00,0.77,-0.42,1.19
09/04/20 0:00,0.73,-0.5,1.23
13/04/20 0:00,0.76,-0.5,1.26
14/04/20 0:00,0.76,-0.53,1.29
15/04/20 0:00,0.63,-0.56,1.19
16/04/20 0:00,0.61,-0.42,1.03
17/04/20 0:00,0.65,-0.36,1.01
20/04/20 0:00,0.63,-0.31,0.94
21/04/20 0:00,0.58,-0.38,0.96
22/04/20 0:00,0.63,-0.43,1.06
23/04/20 0:00,0.61,-0.44,1.05
24/04/20 0:00,0.6,-0.51,1.11
27/04/20 0:00,0.67,-0.5,1.17
28/04/20 0:00,0.62,-0.52,1.14
29/04/20 0:00,0.63,-0.51,1.14
30/04/20 0:00,0.64,-0.43,1.07
01/05/20 0:00,0.64,-0.42,1.06
04/05/20 0:00,0.64,-0.43,1.07
05/05/20 0:00,0.66,-0.44,1.1
06/05/20 0:00,0.72,-0.38,1.1
07/05/20 0:00,0.63,-0.45,1.08
08/05/20 0:00,0.69,-0.43,1.12
11/05/20 0:00,0.73,-0.4,1.13
12/05/20 0:00,0.69,-0.4,1.09
13/05/20 0:00,0.64,-0.43,1.07
14/05/20 0:00,0.63,-0.43,1.06
15/05/20 0:00,0.64,-0.45,1.09
18/05/20 0:00,0.73,-0.44,1.17
19/05/20 0:00,0.7,-0.45,1.15
20/05/20 0:00,0.68,-0.48,1.16
21/05/20 0:00,0.68,-0.46,1.14
22/05/20 0:00,0.66,-0.46,1.12
26/05/20 0:00,0.69,-0.44,1.13
27/05/20 0:00,0.68,-0.46,1.14
28/05/20 0:00,0.7,-0.48,1.18
29/05/20 0:00,0.65,-0.5,1.15
01/06/20 0:00,0.66,-0.52,1.18
02/06/20 0:00,0.68,-0.5,1.18
03/06/20 0:00,0.77,-0.44,1.21
04/06/20 0:00,0.82,-0.4,1.22
05/06/20 0:00,0.91,-0.36,1.27
08/06/20 0:00,0.88,-0.4,1.28
09/06/20 0:00,0.84,-0.42,1.26
10/06/20 0:00,0.75,-0.52,1.27
11/06/20 0:00,0.66,-0.55,1.21
12/06/20 0:00,0.71,-0.5,1.21
15/06/20 0:00,0.71,-0.52,1.23
16/06/20 0:00,0.75,-0.52,1.27
17/06/20 0:00,0.74,-0.52,1.26
18/06/20 0:00,0.71,-0.57,1.28
19/06/20 0:00,0.7,-0.6,1.3
22/06/20 0:00,0.71,-0.63,1.34
23/06/20 0:00,0.72,-0.66,1.38
24/06/20 0:00,0.69,-0.64,1.33
25/06/20 0:00,0.68,-0.65,1.33
26/06/20 0:00,0.64,-0.68,1.32
29/06/20 0:00,0.64,-0.7,1.34
30/06/20 0:00,0.66,-0.68,1.34
01/07/20 0:00,0.69,-0.68,1.37
02/07/20 0:00,0.68,-0.73,1.41
06/07/20 0:00,0.69,-0.76,1.45
07/07/20 0:00,0.65,-0.78,1.43
08/07/20 0:00,0.67,-0.75,1.42
09/07/20 0:00,0.62,-0.77,1.39
10/07/20 0:00,0.65,-0.76,1.41
13/07/20 0:00,0.64,-0.78,1.42
14/07/20 0:00,0.63,-0.78,1.41
15/07/20 0:00,0.64,-0.77,1.41
16/07/20 0:00,0.62,-0.79,1.41
17/07/20 0:00,0.64,-0.82,1.46
20/07/20 0:00,0.62,-0.84,1.46
21/07/20 0:00,0.61,-0.87,1.48
22/07/20 0:00,0.6,-0.88,1.48
23/07/20 0:00,0.59,-0.9,1.49
24/07/20 0:00,0.59,-0.92,1.51
27/07/20 0:00,0.62,-0.9,1.52
28/07/20 0:00,0.59,-0.92,1.51
29/07/20 0:00,0.58,-0.95,1.53
30/07/20 0:00,0.55,-0.97,1.52
31/07/20 0:00,0.55,-1,1.55
03/08/20 0:00,0.56,-1.02,1.58
04/08/20 0:00,0.52,-1.05,1.57
05/08/20 0:00,0.55,-1.06,1.61
06/08/20 0:00,0.55,-1.08,1.63
07/08/20 0:00,0.57,-1.04,1.61
10/08/20 0:00,0.59,-1.02,1.61
11/08/20 0:00,0.64,-0.99,1.63
12/08/20 0:00,0.69,-0.98,1.67
13/08/20 0:00,0.71,-0.96,1.67
14/08/20 0:00,0.71,-0.94,1.65
17/08/20 0:00,0.69,-0.97,1.66
18/08/20 0:00,0.67,-1.01,1.68
19/08/20 0:00,0.68,-0.99,1.67
20/08/20 0:00,0.65,-0.97,1.62
21/08/20 0:00,0.64,-1,1.64
24/08/20 0:00,0.65,-1.02,1.67
25/08/20 0:00,0.69,-1.01,1.7
26/08/20 0:00,0.69,-1.03,1.72
27/08/20 0:00,0.74,-0.99,1.73
28/08/20 0:00,0.74,-1.03,1.77
31/08/20 0:00,0.72,-1.08,1.8
01/09/20 0:00,0.68,-1.08,1.76
02/09/20 0:00,0.66,-1.07,1.73
03/09/20 0:00,0.63,-1.02,1.65
04/09/20 0:00,0.72,-0.98,1.7
08/09/20 0:00,0.69,-0.99,1.68
09/09/20 0:00,0.71,-1,1.71
10/09/20 0:00,0.68,-1.01,1.69
11/09/20 0:00,0.67,-0.98,1.65
14/09/20 0:00,0.68,-0.97,1.65
15/09/20 0:00,0.68,-0.99,1.67
16/09/20 0:00,0.69,-0.99,1.68
17/09/20 0:00,0.69,-0.97,1.66
18/09/20 0:00,0.7,-0.97,1.67
21/09/20 0:00,0.68,-0.94,1.62
22/09/20 0:00,0.68,-0.94,1.62
23/09/20 0:00,0.68,-0.92,1.6
24/09/20 0:00,0.67,-0.91,1.58
25/09/20 0:00,0.66,-0.92,1.58
28/09/20 0:00,0.67,-0.94,1.61
29/09/20 0:00,0.66,-0.98,1.64
30/09/20 0:00,0.69,-0.94,1.63
01/10/20 0:00,0.68,-0.95,1.63
02/10/20 0:00,0.7,-0.94,1.64
05/10/20 0:00,0.78,-0.9,1.68
06/10/20 0:00,0.76,-0.9,1.66
07/10/20 0:00,0.81,-0.9,1.71
08/10/20 0:00,0.78,-0.94,1.72
09/10/20 0:00,0.79,-0.94,1.73
13/10/20 0:00,0.74,-0.96,1.7
14/10/20 0:00,0.73,-0.96,1.69
15/10/20 0:00,0.74,-0.95,1.69
16/10/20 0:00,0.76,-0.95,1.71
19/10/20 0:00,0.78,-0.93,1.71
20/10/20 0:00,0.81,-0.91,1.72
21/10/20 0:00,0.83,-0.91,1.74
22/10/20 0:00,0.87,-0.89,1.76
23/10/20 0:00,0.85,-0.9,1.75
26/10/20 0:00,0.81,-0.91,1.72
27/10/20 0:00,0.79,-0.92,1.71
28/10/20 0:00,0.79,-0.91,1.7
29/10/20 0:00,0.85,-0.86,1.71
30/10/20 0:00,0.88,-0.82,1.7
02/11/20 0:00,0.87,-0.84,1.71
03/11/20 0:00,0.9,-0.82,1.72
04/11/20 0:00,0.78,-0.86,1.64
05/11/20 0:00,0.79,-0.87,1.66
06/11/20 0:00,0.83,-0.82,1.65
09/11/20 0:00,0.96,-0.77,1.73
10/11/20 0:00,0.98,-0.78,1.76
12/11/20 0:00,0.88,-0.83,1.71
13/11/20 0:00,0.89,-0.83,1.72
16/11/20 0:00,0.91,-0.81,1.72
17/11/20 0:00,0.87,-0.83,1.7
18/11/20 0:00,0.88,-0.82,1.7
19/11/20 0:00,0.86,-0.84,1.7
20/11/20 0:00,0.83,-0.86,1.69
23/11/20 0:00,0.86,-0.85,1.71
24/11/20 0:00,0.88,-0.86,1.74
25/11/20 0:00,0.88,-0.87,1.75
27/11/20 0:00,0.84,-0.91,1.75
30/11/20 0:00,0.84,-0.93,1.77
01/12/20 0:00,0.92,-0.89,1.81
02/12/20 0:00,0.95,-0.9,1.85
03/12/20 0:00,0.92,-0.94,1.86
04/12/20 0:00,0.97,-0.92,1.89
07/12/20 0:00,0.94,-0.94,1.88
08/12/20 0:00,0.92,-0.97,1.89
09/12/20 0:00,0.95,-0.96,1.91
10/12/20 0:00,0.92,-0.96,1.88
11/12/20 0:00,0.9,-0.97,1.87
14/12/20 0:00,0.9,-0.98,1.88
15/12/20 0:00,0.92,-0.99,1.91
16/12/20 0:00,0.92,-1,1.92
17/12/20 0:00,0.94,-1,1.94
18/12/20 0:00,0.95,-1,1.95
21/12/20 0:00,0.95,-1,1.95
22/12/20 0:00,0.93,-1.01,1.94
23/12/20 0:00,0.96,-1.01,1.97
24/12/20 0:00,0.94,-1.03,1.97
28/12/20 0:00,0.94,-1.03,1.97
29/12/20 0:00,0.94,-1.02,1.96
30/12/20 0:00,0.93,-1.03,1.96
31/12/20 0:00,0.93,-1.06,1.99
04/01/21 0:00,0.93,-1.08,2.01
05/01/21 0:00,0.96,-1.07,2.03
06/01/21 0:00,1.04,-1.02,2.06
07/01/21 0:00,1.08,-1.01,2.09
08/01/21 0:00,1.13,-0.93,2.06
11/01/21 0:00,1.15,-0.91,2.06
12/01/21 0:00,1.15,-0.93,2.08
13/01/21 0:00,1.1,-0.96,2.06
14/01/21 0:00,1.15,-0.94,2.09
15/01/21 0:00,1.11,-0.99,2.1
19/01/21 0:00,1.1,-1,2.1
20/01/21 0:00,1.1,-1.02,2.12
21/01/21 0:00,1.12,-0.98,2.1
22/01/21 0:00,1.1,-0.99,2.09
25/01/21 0:00,1.05,-1.03,2.08
26/01/21 0:00,1.05,-1.03,2.08
27/01/21 0:00,1.04,-1.04,2.08
28/01/21 0:00,1.07,-1.06,2.13
29/01/21 0:00,1.11,-1.02,2.13
01/02/21 0:00,1.09,-1.02,2.11
02/02/21 0:00,1.12,-1.03,2.15
03/02/21 0:00,1.15,-1.04,2.19
04/02/21 0:00,1.15,-1.02,2.17
05/02/21 0:00,1.19,-1.02,2.21
08/02/21 0:00,1.19,-1.03,2.22
09/02/21 0:00,1.18,-1.04,2.22
10/02/21 0:00,1.15,-1.06,2.21
11/02/21 0:00,1.16,-1.04,2.2
12/02/21 0:00,1.2,-1.01,2.21
16/02/21 0:00,1.3,-0.94,2.24
17/02/21 0:00,1.29,-0.92,2.21
18/02/21 0:00,1.29,-0.87,2.16
19/02/21 0:00,1.34,-0.8,2.14
22/02/21 0:00,1.37,-0.79,2.16
23/02/21 0:00,1.37,-0.79,2.16
24/02/21 0:00,1.38,-0.79,2.17
25/02/21 0:00,1.54,-0.6,2.14
26/02/21 0:00,1.44,-0.71,2.15
01/03/21 0:00,1.45,-0.71,2.16
02/03/21 0:00,1.42,-0.78,2.2
03/03/21 0:00,1.47,-0.74,2.21
04/03/21 0:00,1.54,-0.66,2.2
05/03/21 0:00,1.56,-0.66,2.22
08/03/21 0:00,1.59,-0.62,2.21
09/03/21 0:00,1.55,-0.66,2.21
10/03/21 0:00,1.53,-0.73,2.26
11/03/21 0:00,1.54,-0.74,2.28
12/03/21 0:00,1.64,-0.62,2.26
15/03/21 0:00,1.62,-0.65,2.27
16/03/21 0:00,1.62,-0.68,2.3
17/03/21 0:00,1.63,-0.67,2.3
18/03/21 0:00,1.71,-0.56,2.27
19/03/21 0:00,1.74,-0.57,2.31
22/03/21 0:00,1.69,-0.64,2.33
23/03/21 0:00,1.63,-0.66,2.29
24/03/21 0:00,1.62,-0.69,2.31
25/03/21 0:00,1.63,-0.69,2.32
26/03/21 0:00,1.67,-0.67,2.34
29/03/21 0:00,1.73,-0.63,2.36
30/03/21 0:00,1.73,-0.62,2.35
31/03/21 0:00,1.74,-0.63,2.37
01/04/21 0:00,1.69,-0.66,2.35
02/04/21 0:00,1.72,-0.64,2.36
05/04/21 0:00,1.73,-0.62,2.35
06/04/21 0:00,1.67,-0.65,2.32
07/04/21 0:00,1.68,-0.66,2.34
08/04/21 0:00,1.64,-0.69,2.33
09/04/21 0:00,1.67,-0.64,2.31
12/04/21 0:00,1.69,-0.64,2.33
13/04/21 0:00,1.64,-0.69,2.33
14/04/21 0:00,1.64,-0.69,2.33
15/04/21 0:00,1.56,-0.77,2.33
16/04/21 0:00,1.59,-0.77,2.36
19/04/21 0:00,1.61,-0.73,2.34
20/04/21 0:00,1.58,-0.74,2.32
21/04/21 0:00,1.57,-0.76,2.33
22/04/21 0:00,1.57,-0.76,2.33
23/04/21 0:00,1.58,-0.76,2.34
26/04/21 0:00,1.58,-0.78,2.36
27/04/21 0:00,1.63,-0.76,2.39
28/04/21 0:00,1.63,-0.78,2.41
29/04/21 0:00,1.65,-0.77,2.42
30/04/21 0:00,1.65,-0.76,2.41
03/05/21 0:00,1.63,-0.79,2.42
04/05/21 0:00,1.61,-0.81,2.42
05/05/21 0:00,1.59,-0.88,2.47
06/05/21 0:00,1.58,-0.87,2.45
07/05/21 0:00,1.6,-0.89,2.49
10/05/21 0:00,1.63,-0.91,2.54
11/05/21 0:00,1.64,-0.89,2.53
12/05/21 0:00,1.69,-0.85,2.54
13/05/21 0:00,1.66,-0.85,2.51
14/05/21 0:00,1.63,-0.88,2.51
17/05/21 0:00,1.64,-0.9,2.54
18/05/21 0:00,1.64,-0.88,2.52
19/05/21 0:00,1.68,-0.8,2.48
20/05/21 0:00,1.63,-0.78,2.41
21/05/21 0:00,1.63,-0.8,2.43
24/05/21 0:00,1.61,-0.83,2.44
25/05/21 0:00,1.56,-0.86,2.42
26/05/21 0:00,1.58,-0.82,2.4
27/05/21 0:00,1.61,-0.81,2.42
28/05/21 0:00,1.58,-0.84,2.42
01/06/21 0:00,1.62,-0.84,2.46
02/06/21 0:00,1.59,-0.85,2.44
03/06/21 0:00,1.63,-0.79,2.42
04/06/21 0:00,1.56,-0.84,2.4
07/06/21 0:00,1.57,-0.82,2.39
08/06/21 0:00,1.53,-0.83,2.36
09/06/21 0:00,1.5,-0.82,2.32
10/06/21 0:00,1.45,-0.9,2.35
11/06/21 0:00,1.47,-0.85,2.32
14/06/21 0:00,1.51,-0.85,2.36
15/06/21 0:00,1.51,-0.87,2.38
16/06/21 0:00,1.57,-0.75,2.32
17/06/21 0:00,1.52,-0.75,2.27
18/06/21 0:00,1.45,-0.79,2.24
21/06/21 0:00,1.5,-0.75,2.25
22/06/21 0:00,1.48,-0.83,2.31
23/06/21 0:00,1.5,-0.84,2.34
24/06/21 0:00,1.49,-0.81,2.3
25/06/21 0:00,1.54,-0.8,2.34
28/06/21 0:00,1.49,-0.84,2.33
29/06/21 0:00,1.49,-0.83,2.32
30/06/21 0:00,1.45,-0.87,2.32
01/07/21 0:00,1.48,-0.87,2.35
02/07/21 0:00,1.44,-0.89,2.33
06/07/21 0:00,1.37,-0.94,2.31
07/07/21 0:00,1.33,-0.95,2.28
08/07/21 0:00,1.3,-0.92,2.22
09/07/21 0:00,1.37,-0.91,2.28
12/07/21 0:00,1.38,-0.95,2.33
13/07/21 0:00,1.42,-0.94,2.36
14/07/21 0:00,1.37,-0.97,2.34
15/07/21 0:00,1.31,-1.01,2.32
16/07/21 0:00,1.31,-1.02,2.33
19/07/21 0:00,1.19,-1.05,2.24
20/07/21 0:00,1.23,-1.03,2.26
21/07/21 0:00,1.3,-0.98,2.28
22/07/21 0:00,1.27,-1.01,2.28
23/07/21 0:00,1.3,-1.05,2.35
26/07/21 0:00,1.29,-1.11,2.4
27/07/21 0:00,1.25,-1.13,2.38
28/07/21 0:00,1.26,-1.15,2.41
29/07/21 0:00,1.28,-1.15,2.43
30/07/21 0:00,1.24,-1.16,2.4
02/08/21 0:00,1.2,-1.17,2.37
03/08/21 0:00,1.19,-1.19,2.38
04/08/21 0:00,1.19,-1.16,2.35
05/08/21 0:00,1.23,-1.1,2.33
06/08/21 0:00,1.31,-1.06,2.37
09/08/21 0:00,1.33,-1.04,2.37
10/08/21 0:00,1.36,-1.04,2.4
11/08/21 0:00,1.35,-1.07,2.42
12/08/21 0:00,1.36,-1.05,2.41
13/08/21 0:00,1.29,-1.08,2.37
16/08/21 0:00,1.26,-1.1,2.36
17/08/21 0:00,1.26,-1.07,2.33
18/08/21 0:00,1.27,-1.05,2.32
19/08/21 0:00,1.24,-1.04,2.28
20/08/21 0:00,1.26,-1.01,2.27
23/08/21 0:00,1.25,-1.02,2.27
24/08/21 0:00,1.29,-1.01,2.3
25/08/21 0:00,1.35,-1,2.35
26/08/21 0:00,1.34,-0.99,2.33
27/08/21 0:00,1.31,-1.08,2.39
30/08/21 0:00,1.29,-1.08,2.37
31/08/21 0:00,1.3,-1.03,2.33
01/09/21 0:00,1.31,-1.03,2.34
02/09/21 0:00,1.29,-1.03,2.32
03/09/21 0:00,1.33,-1.01,2.34
07/09/21 0:00,1.38,-0.98,2.36
08/09/21 0:00,1.35,-1.03,2.38
09/09/21 0:00,1.3,-1.08,2.38
10/09/21 0:00,1.35,-1.05,2.4
13/09/21 0:00,1.33,-1.04,2.37
14/09/21 0:00,1.28,-1.05,2.33
15/09/21 0:00,1.31,-1.04,2.35
16/09/21 0:00,1.34,-1.01,2.35
17/09/21 0:00,1.37,-0.96,2.33
20/09/21 0:00,1.31,-0.98,2.29
21/09/21 0:00,1.33,-0.96,2.29
22/09/21 0:00,1.32,-0.96,2.28
23/09/21 0:00,1.41,-0.9,2.31
24/09/21 0:00,1.47,-0.87,2.34
27/09/21 0:00,1.48,-0.87,2.35
28/09/21 0:00,1.54,-0.84,2.38
29/09/21 0:00,1.55,-0.82,2.37
30/09/21 0:00,1.52,-0.85,2.37
01/10/21 0:00,1.48,-0.9,2.38
04/10/21 0:00,1.49,-0.89,2.38
05/10/21 0:00,1.54,-0.91,2.45
06/10/21 0:00,1.53,-0.9,2.43
07/10/21 0:00,1.58,-0.88,2.46
08/10/21 0:00,1.61,-0.89,2.5
12/10/21 0:00,1.59,-0.9,2.49
13/10/21 0:00,1.56,-0.96,2.52
14/10/21 0:00,1.52,-1,2.52
15/10/21 0:00,1.59,-0.97,2.56
18/10/21 0:00,1.59,-0.95,2.54
19/10/21 0:00,1.65,-0.89,2.54
20/10/21 0:00,1.65,-0.92,2.57
21/10/21 0:00,1.68,-0.96,2.64
22/10/21 0:00,1.66,-0.98,2.64
25/10/21 0:00,1.64,-1.02,2.66
26/10/21 0:00,1.63,-1.06,2.69
27/10/21 0:00,1.54,-1.11,2.65
28/10/21 0:00,1.57,-1,2.57
29/10/21 0:00,1.55,-0.96,2.51
01/11/21 0:00,1.58,-0.92,2.5
02/11/21 0:00,1.56,-0.95,2.51
03/11/21 0:00,1.6,-0.93,2.53
04/11/21 0:00,1.53,-1.03,2.56
05/11/21 0:00,1.45,-1.09,2.54
08/11/21 0:00,1.51,-1.11,2.62
09/11/21 0:00,1.46,-1.17,2.63
10/11/21 0:00,1.56,-1.14,2.7
12/11/21 0:00,1.58,-1.15,2.73
15/11/21 0:00,1.63,-1.13,2.76
16/11/21 0:00,1.63,-1.1,2.73
17/11/21 0:00,1.6,-1.1,2.7
18/11/21 0:00,1.59,-1.14,2.73
19/11/21 0:00,1.54,-1.11,2.65
22/11/21 0:00,1.63,-0.98,2.61
23/11/21 0:00,1.67,-0.95,2.62
24/11/21 0:00,1.64,-0.97,2.61
26/11/21 0:00,1.48,-1.07,2.55
29/11/21 0:00,1.52,-1.02,2.54
30/11/21 0:00,1.43,-1.07,2.5
01/12/21 0:00,1.43,-1.01,2.44
02/12/21 0:00,1.44,-1.03,2.47
03/12/21 0:00,1.35,-1.08,2.43
06/12/21 0:00,1.43,-1.01,2.44
07/12/21 0:00,1.48,-0.99,2.47
08/12/21 0:00,1.52,-1,2.52
09/12/21 0:00,1.49,-0.98,2.47
10/12/21 0:00,1.48,-0.96,2.44
13/12/21 0:00,1.42,-0.98,2.4
14/12/21 0:00,1.44,-0.93,2.37
15/12/21 0:00,1.47,-0.92,2.39
16/12/21 0:00,1.44,-0.98,2.42
17/12/21 0:00,1.41,-0.97,2.38
20/12/21 0:00,1.43,-0.96,2.39
21/12/21 0:00,1.48,-0.96,2.44
22/12/21 0:00,1.46,-1.01,2.47
23/12/21 0:00,1.5,-0.97,2.47
27/12/21 0:00,1.48,-1.02,2.5
28/12/21 0:00,1.49,-1.01,2.5
29/12/21 0:00,1.55,-0.98,2.53
30/12/21 0:00,1.52,-1.06,2.58
31/12/21 0:00,1.52,-1.04,2.56
03/01/22 0:00,1.63,-0.97,2.6
04/01/22 0:00,1.66,-0.91,2.57
05/01/22 0:00,1.71,-0.82,2.53
06/01/22 0:00,1.73,-0.73,2.46
07/01/22 0:00,1.76,-0.72,2.48
10/01/22 0:00,1.78,-0.7,2.48
11/01/22 0:00,1.75,-0.79,2.54
12/01/22 0:00,1.74,-0.74,2.48
13/01/22 0:00,1.7,-0.73,2.43
14/01/22 0:00,1.78,-0.66,2.44
18/01/22 0:00,1.87,-0.59,2.46
19/01/22 0:00,1.83,-0.57,2.4
20/01/22 0:00,1.83,-0.5,2.33
21/01/22 0:00,1.75,-0.59,2.34
24/01/22 0:00,1.75,-0.63,2.38
25/01/22 0:00,1.78,-0.63,2.41
26/01/22 0:00,1.85,-0.53,2.38
27/01/22 0:00,1.81,-0.59,2.4
28/01/22 0:00,1.78,-0.66,2.44
31/01/22 0:00,1.79,-0.65,2.44
01/02/22 0:00,1.81,-0.62,2.43
02/02/22 0:00,1.78,-0.63,2.41
03/02/22 0:00,1.82,-0.56,2.38
04/02/22 0:00,1.93,-0.48,2.41
07/02/22 0:00,1.92,-0.48,2.4
08/02/22 0:00,1.96,-0.46,2.42
09/02/22 0:00,1.94,-0.48,2.42
10/02/22 0:00,2.03,-0.42,2.45
11/02/22 0:00,1.92,-0.51,2.43
14/02/22 0:00,1.98,-0.5,2.48
15/02/22 0:00,2.05,-0.43,2.48
16/02/22 0:00,2.03,-0.43,2.46
17/02/22 0:00,1.97,-0.46,2.43
18/02/22 0:00,1.92,-0.49,2.41
22/02/22 0:00,1.94,-0.51,2.45
23/02/22 0:00,1.99,-0.54,2.53
24/02/22 0:00,1.96,-0.59,2.55
25/02/22 0:00,1.97,-0.57,2.54
28/02/22 0:00,1.83,-0.79,2.62
01/03/22 0:00,1.72,-0.9,2.62
02/03/22 0:00,1.86,-0.85,2.71
03/03/22 0:00,1.86,-0.83,2.69
04/03/22 0:00,1.74,-0.93,2.67
07/03/22 0:00,1.78,-0.99,2.77
08/03/22 0:00,1.86,-1.04,2.9
09/03/22 0:00,1.94,-0.9,2.84
10/03/22 0:00,1.98,-0.88,2.86
11/03/22 0:00,2,-0.94,2.94
14/03/22 0:00,2.14,-0.79,2.93
15/03/22 0:00,2.15,-0.69,2.84
16/03/22 0:00,2.19,-0.61,2.8
17/03/22 0:00,2.2,-0.71,2.91
18/03/22 0:00,2.14,-0.72,2.86
21/03/22 0:00,2.32,-0.58,2.9
22/03/22 0:00,2.38,-0.53,2.91
23/03/22 0:00,2.32,-0.62,2.94
24/03/22 0:00,2.34,-0.58,2.92
25/03/22 0:00,2.48,-0.47,2.95
28/03/22 0:00,2.46,-0.49,2.95
29/03/22 0:00,2.41,-0.45,2.86
30/03/22 0:00,2.35,-0.51,2.86
31/03/22 0:00,2.32,-0.52,2.84
01/04/22 0:00,2.39,-0.41,2.8
04/04/22 0:00,2.42,-0.38,2.8
05/04/22 0:00,2.54,-0.3,2.84
06/04/22 0:00,2.61,-0.22,2.83
07/04/22 0:00,2.66,-0.16,2.82
08/04/22 0:00,2.72,-0.15,2.87
11/04/22 0:00,2.79,-0.12,2.91
12/04/22 0:00,2.72,-0.14,2.86
13/04/22 0:00,2.7,-0.1,2.8
14/04/22 0:00,2.83,-0.06,2.89
18/04/22 0:00,2.85,-0.07,2.92
19/04/22 0:00,2.93,0,2.93
20/04/22 0:00,2.85,-0.07,2.92
21/04/22 0:00,2.9,-0.12,3.02
22/04/22 0:00,2.9,-0.08,2.98
25/04/22 0:00,2.81,-0.1,2.91
26/04/22 0:00,2.77,-0.08,2.85
27/04/22 0:00,2.82,-0.06,2.88
28/04/22 0:00,2.85,-0.12,2.97
29/04/22 0:00,2.89,0.01,2.88
02/05/22 0:00,2.99,0.18,2.81
03/05/22 0:00,2.97,0.14,2.83
04/05/22 0:00,2.93,0.07,2.86
05/05/22 0:00,3.05,0.18,2.87
06/05/22 0:00,3.12,0.26,2.86
09/05/22 0:00,3.05,0.3,2.75
10/05/22 0:00,2.99,0.34,2.65
11/05/22 0:00,2.91,0.21,2.7
12/05/22 0:00,2.84,0.25,2.59
13/05/22 0:00,2.93,0.24,2.69
16/05/22 0:00,2.88,0.2,2.68
17/05/22 0:00,2.98,0.27,2.71
18/05/22 0:00,2.89,0.17,2.72
19/05/22 0:00,2.84,0.25,2.59
20/05/22 0:00,2.78,0.23,2.55
23/05/22 0:00,2.86,0.26,2.6
24/05/22 0:00,2.76,0.21,2.55
25/05/22 0:00,2.75,0.19,2.56
26/05/22 0:00,2.75,0.13,2.62
27/05/22 0:00,2.74,0.11,2.63
31/05/22 0:00,2.85,0.21,2.64
01/06/22 0:00,2.94,0.29,2.65
02/06/22 0:00,2.92,0.26,2.66
03/06/22 0:00,2.96,0.22,2.74
06/06/22 0:00,3.04,0.28,2.76
07/06/22 0:00,2.98,0.25,2.73
08/06/22 0:00,3.03,0.28,2.75
09/06/22 0:00,3.04,0.29,2.75
10/06/22 0:00,3.15,0.39,2.76
13/06/22 0:00,3.43,0.69,2.74
14/06/22 0:00,3.49,0.89,2.6
15/06/22 0:00,3.33,0.63,2.7
16/06/22 0:00,3.28,0.66,2.62
17/06/22 0:00,3.25,0.67,2.58
21/06/22 0:00,3.31,0.7,2.61
22/06/22 0:00,3.16,0.62,2.54
23/06/22 0:00,3.09,0.59,2.5
24/06/22 0:00,3.13,0.57,2.56
27/06/22 0:00,3.2,0.65,2.55
28/06/22 0:00,3.2,0.72,2.48
29/06/22 0:00,3.1,0.74,2.36
30/06/22 0:00,2.98,0.65,2.33
01/07/22 0:00,2.88,0.54,2.34
05/07/22 0:00,2.82,0.52,2.3
06/07/22 0:00,2.93,0.64,2.29
07/07/22 0:00,3.01,0.68,2.33
08/07/22 0:00,3.09,0.72,2.37
11/07/22 0:00,2.99,0.67,2.32
12/07/22 0:00,2.96,0.64,2.32
13/07/22 0:00,2.91,0.6,2.31
14/07/22 0:00,2.96,0.62,2.34
15/07/22 0:00,2.93,0.57,2.36
18/07/22 0:00,2.96,0.59,2.37
19/07/22 0:00,3.01,0.62,2.39
20/07/22 0:00,3.04,0.66,2.38
21/07/22 0:00,2.91,0.58,2.33
22/07/22 0:00,2.77,0.43,2.34
25/07/22 0:00,2.81,0.45,2.36
26/07/22 0:00,2.81,0.45,2.36
27/07/22 0:00,2.78,0.36,2.42
28/07/22 0:00,2.68,0.2,2.48
29/07/22 0:00,2.67,0.14,2.53
01/08/22 0:00,2.6,0.09,2.51
02/08/22 0:00,2.75,0.27,2.48
03/08/22 0:00,2.73,0.23,2.5
04/08/22 0:00,2.68,0.22,2.46
05/08/22 0:00,2.83,0.37,2.46
08/08/22 0:00,2.77,0.29,2.48
09/08/22 0:00,2.8,0.33,2.47
10/08/22 0:00,2.78,0.35,2.43
11/08/22 0:00,2.87,0.4,2.47
12/08/22 0:00,2.84,0.37,2.47
15/08/22 0:00,2.79,0.35,2.44
16/08/22 0:00,2.82,0.38,2.44
17/08/22 0:00,2.89,0.43,2.46
18/08/22 0:00,2.88,0.36,2.52
19/08/22 0:00,2.98,0.43,2.55
22/08/22 0:00,3.03,0.46,2.57
23/08/22 0:00,3.05,0.47,2.58
24/08/22 0:00,3.11,0.49,2.62
25/08/22 0:00,3.03,0.43,2.6
26/08/22 0:00,3.04,0.47,2.57
29/08/22 0:00,3.12,0.54,2.58
30/08/22 0:00,3.11,0.56,2.55
31/08/22 0:00,3.15,0.67,2.48
01/09/22 0:00,3.26,0.81,2.45
02/09/22 0:00,3.2,0.73,2.47
06/09/22 0:00,3.33,0.85,2.48
07/09/22 0:00,3.27,0.82,2.45
08/09/22 0:00,3.29,0.88,2.41
09/09/22 0:00,3.33,0.91,2.42
12/09/22 0:00,3.37,0.95,2.42
13/09/22 0:00,3.42,0.98,2.44
14/09/22 0:00,3.41,0.95,2.46
15/09/22 0:00,3.45,1.02,2.43
16/09/22 0:00,3.45,1.07,2.38
19/09/22 0:00,3.49,1.15,2.34
20/09/22 0:00,3.57,1.17,2.4
21/09/22 0:00,3.51,1.13,2.38
22/09/22 0:00,3.7,1.29,2.41
23/09/22 0:00,3.69,1.32,2.37
26/09/22 0:00,3.88,1.56,2.32
27/09/22 0:00,3.97,1.64,2.33
28/09/22 0:00,3.72,1.39,2.33
29/09/22 0:00,3.76,1.57,2.19
30/09/22 0:00,3.83,1.68,2.15
03/10/22 0:00,3.67,1.43,2.24
04/10/22 0:00,3.62,1.38,2.24
05/10/22 0:00,3.76,1.54,2.22
06/10/22 0:00,3.83,1.61,2.22
07/10/22 0:00,3.89,1.62,2.27
11/10/22 0:00,3.93,1.62,2.31
12/10/22 0:00,3.91,1.62,2.29
13/10/22 0:00,3.97,1.63,2.34
14/10/22 0:00,4,1.59,2.41
17/10/22 0:00,4.02,1.57,2.45
18/10/22 0:00,4.01,1.6,2.41
19/10/22 0:00,4.14,1.72,2.42
20/10/22 0:00,4.24,1.73,2.51
21/10/22 0:00,4.21,1.69,2.52
24/10/22 0:00,4.25,1.66,2.59
25/10/22 0:00,4.1,1.59,2.51
26/10/22 0:00,4.04,1.6,2.44
27/10/22 0:00,3.96,1.51,2.45
28/10/22 0:00,4.02,1.51,2.51
31/10/22 0:00,4.1,1.58,2.52
01/11/22 0:00,4.07,1.56,2.51
02/11/22 0:00,4.1,1.57,2.53
03/11/22 0:00,4.14,1.74,2.4
04/11/22 0:00,4.17,1.69,2.48
07/11/22 0:00,4.22,1.69,2.53
08/11/22 0:00,4.14,1.64,2.5
09/11/22 0:00,4.12,1.7,2.42
10/11/22 0:00,3.82,1.43,2.39
14/11/22 0:00,3.88,1.51,2.37
15/11/22 0:00,3.8,1.45,2.35
16/11/22 0:00,3.67,1.38,2.29
17/11/22 0:00,3.77,1.49,2.28
18/11/22 0:00,3.82,1.57,2.25
21/11/22 0:00,3.83,1.52,2.31
22/11/22 0:00,3.76,1.44,2.32
23/11/22 0:00,3.71,1.39,2.32
25/11/22 0:00,3.68,1.36,2.32
28/11/22 0:00,3.69,1.43,2.26
29/11/22 0:00,3.75,1.5,2.25
30/11/22 0:00,3.68,1.34,2.34
01/12/22 0:00,3.53,1.17,2.36
02/12/22 0:00,3.51,1.08,2.43
05/12/22 0:00,3.6,1.21,2.39
06/12/22 0:00,3.51,1.2,2.31
07/12/22 0:00,3.42,1.16,2.26
08/12/22 0:00,3.48,1.2,2.28
09/12/22 0:00,3.57,1.31,2.26
12/12/22 0:00,3.61,1.33,2.28
13/12/22 0:00,3.51,1.27,2.24
14/12/22 0:00,3.49,1.3,2.19
15/12/22 0:00,3.44,1.28,2.16
16/12/22 0:00,3.48,1.35,2.13
19/12/22 0:00,3.57,1.42,2.15
20/12/22 0:00,3.69,1.45,2.24
21/12/22 0:00,3.68,1.41,2.27
22/12/22 0:00,3.67,1.48,2.19
23/12/22 0:00,3.75,1.55,2.2
27/12/22 0:00,3.84,1.58,2.26
28/12/22 0:00,3.88,1.6,2.28
29/12/22 0:00,3.83,1.56,2.27
30/12/22 0:00,3.88,1.58,2.3
03/01/23 0:00,3.79,1.53,2.26
04/01/23 0:00,3.69,1.47,2.22
05/01/23 0:00,3.71,1.49,2.22
06/01/23 0:00,3.55,1.34,2.21
09/01/23 0:00,3.53,1.31,2.22
10/01/23 0:00,3.61,1.37,2.24
11/01/23 0:00,3.54,1.31,2.23
12/01/23 0:00,3.43,1.22,2.21
13/01/23 0:00,3.49,1.31,2.18
17/01/23 0:00,3.53,1.36,2.17
18/01/23 0:00,3.37,1.25,2.12
19/01/23 0:00,3.39,1.19,2.2
20/01/23 0:00,3.48,1.25,2.23
23/01/23 0:00,3.52,1.24,2.28
24/01/23 0:00,3.46,1.19,2.27
25/01/23 0:00,3.46,1.17,2.29
26/01/23 0:00,3.49,1.16,2.33
27/01/23 0:00,3.52,1.19,2.33
30/01/23 0:00,3.55,1.26,2.29
31/01/23 0:00,3.52,1.28,2.24
01/02/23 0:00,3.39,1.14,2.25
02/02/23 0:00,3.4,1.18,2.22
03/02/23 0:00,3.53,1.31,2.22
06/02/23 0:00,3.63,1.38,2.25
07/02/23 0:00,3.67,1.36,2.31
08/02/23 0:00,3.63,1.29,2.34
09/02/23 0:00,3.67,1.34,2.33
10/02/23 0:00,3.74,1.41,2.33
13/02/23 0:00,3.72,1.41,2.31
14/02/23 0:00,3.77,1.46,2.31
15/02/23 0:00,3.81,1.46,2.35
16/02/23 0:00,3.86,1.49,2.37
17/02/23 0:00,3.82,1.46,2.36
21/02/23 0:00,3.95,1.53,2.42
22/02/23 0:00,3.93,1.52,2.41
23/02/23 0:00,3.88,1.49,2.39
24/02/23 0:00,3.95,1.57,2.38
27/02/23 0:00,3.92,1.56,2.36
28/02/23 0:00,3.92,1.49,2.43
01/03/23 0:00,4.01,1.57,2.44
02/03/23 0:00,4.08,1.6,2.48
03/03/23 0:00,3.97,1.45,2.52
06/03/23 0:00,3.98,1.49,2.49
07/03/23 0:00,3.97,1.59,2.38
08/03/23 0:00,3.98,1.66,2.32
09/03/23 0:00,3.93,1.63,2.3
10/03/23 0:00,3.7,1.44,2.26
13/03/23 0:00,3.55,1.31,2.24
14/03/23 0:00,3.64,1.33,2.31
15/03/23 0:00,3.51,1.22,2.29
16/03/23 0:00,3.56,1.34,2.22
17/03/23 0:00,3.39,1.29,2.1
20/03/23 0:00,3.47,1.33,2.14
21/03/23 0:00,3.59,1.36,2.23
22/03/23 0:00,3.48,1.2,2.28
23/03/23 0:00,3.38,1.19,2.19
24/03/23 0:00,3.38,1.16,2.22
27/03/23 0:00,3.53,1.29,2.24
28/03/23 0:00,3.55,1.24,2.31
29/03/23 0:00,3.57,1.24,2.33
30/03/23 0:00,3.55,1.21,2.34
31/03/23 0:00,3.48,1.16,2.32
03/04/23 0:00,3.43,1.14,2.29
04/04/23 0:00,3.35,1.1,2.25
05/04/23 0:00,3.3,1.07,2.23
06/04/23 0:00,3.3,1.06,2.24
07/04/23 0:00,3.39,1.14,2.25
10/04/23 0:00,3.41,1.14,2.27
11/04/23 0:00,3.43,1.14,2.29
12/04/23 0:00,3.41,1.14,2.27
13/04/23 0:00,3.45,1.16,2.29
14/04/23 0:00,3.52,1.22,2.3
17/04/23 0:00,3.6,1.28,2.32
18/04/23 0:00,3.58,1.3,2.28
19/04/23 0:00,3.6,1.32,2.28
20/04/23 0:00,3.54,1.28,2.26
21/04/23 0:00,3.57,1.29,2.28
24/04/23 0:00,3.52,1.24,2.28
25/04/23 0:00,3.4,1.15,2.25
26/04/23 0:00,3.43,1.18,2.25
27/04/23 0:00,3.53,1.26,2.27
28/04/23 0:00,3.44,1.26,2.18
01/05/23 0:00,3.59,1.36,2.23
02/05/23 0:00,3.44,1.24,2.2
03/05/23 0:00,3.38,1.18,2.2
04/05/23 0:00,3.37,1.18,2.19
05/05/23 0:00,3.44,1.23,2.21
08/05/23 0:00,3.52,1.29,2.23
09/05/23 0:00,3.53,1.3,2.23
10/05/23 0:00,3.43,1.26,2.17
11/05/23 0:00,3.39,1.23,2.16
12/05/23 0:00,3.46,1.28,2.18
15/05/23 0:00,3.5,1.31,2.19
16/05/23 0:00,3.54,1.35,2.19
17/05/23 0:00,3.57,1.35,2.22
18/05/23 0:00,3.65,1.42,2.23
19/05/23 0:00,3.7,1.46,2.24
22/05/23 0:00,3.72,1.48,2.24
23/05/23 0:00,3.7,1.44,2.26
24/05/23 0:00,3.73,1.48,2.25
25/05/23 0:00,3.83,1.58,2.25
26/05/23 0:00,3.8,1.57,2.23
30/05/23 0:00,3.69,1.47,2.22
31/05/23 0:00,3.64,1.46,2.18
01/06/23 0:00,3.61,1.45,2.16
02/06/23 0:00,3.69,1.51,2.18
05/06/23 0:00,3.69,1.5,2.19
06/06/23 0:00,3.7,1.5,2.2
07/06/23 0:00,3.79,1.58,2.21
08/06/23 0:00,3.73,1.53,2.2
09/06/23 0:00,3.75,1.55,2.2
12/06/23 0:00,3.73,1.56,2.17
13/06/23 0:00,3.84,1.64,2.2
14/06/23 0:00,3.83,1.62,2.21
15/06/23 0:00,3.72,1.51,2.21
16/06/23 0:00,3.77,1.55,2.22
20/06/23 0:00,3.74,1.52,2.22
21/06/23 0:00,3.72,1.51,2.21
22/06/23 0:00,3.8,1.56,2.24
23/06/23 0:00,3.74,1.53,2.21
26/06/23 0:00,3.72,1.54,2.18
27/06/23 0:00,3.77,1.57,2.2
28/06/23 0:00,3.71,1.53,2.18
29/06/23 0:00,3.85,1.65,2.2
30/06/23 0:00,3.81,1.59,2.22
03/07/23 0:00,3.86,1.61,2.25
05/07/23 0:00,3.95,1.69,2.26
06/07/23 0:00,4.05,1.78,2.27
07/07/23 0:00,4.06,1.79,2.27
10/07/23 0:00,4.01,1.76,2.25
11/07/23 0:00,3.99,1.75,2.24
12/07/23 0:00,3.86,1.6,2.26
13/07/23 0:00,3.76,1.52,2.24
14/07/23 0:00,3.83,1.59,2.24
17/07/23 0:00,3.81,1.56,2.25
18/07/23 0:00,3.8,1.57,2.23
19/07/23 0:00,3.75,1.53,2.22
20/07/23 0:00,3.85,1.5,2.35
21/07/23 0:00,3.84,1.49,2.35
24/07/23 0:00,3.86,1.48,2.38
25/07/23 0:00,3.91,1.52,2.39
26/07/23 0:00,3.86,1.5,2.36
27/07/23 0:00,4.01,1.64,2.37
28/07/23 0:00,3.96,1.58,2.38
31/07/23 0:00,3.97,1.6,2.37
01/08/23 0:00,4.05,1.68,2.37
02/08/23 0:00,4.08,1.72,2.36
03/08/23 0:00,4.2,1.83,2.37
04/08/23 0:00,4.05,1.67,2.38
07/08/23 0:00,4.09,1.68,2.41
08/08/23 0:00,4.02,1.66,2.36
09/08/23 0:00,4,1.66,2.34
10/08/23 0:00,4.09,1.76,2.33
11/08/23 0:00,4.16,1.8,2.36
14/08/23 0:00,4.19,1.83,2.36
15/08/23 0:00,4.21,1.89,2.32
16/08/23 0:00,4.28,1.96,2.32
17/08/23 0:00,4.3,1.97,2.33
18/08/23 0:00,4.26,1.94,2.32
21/08/23 0:00,4.34,2,2.34
22/08/23 0:00,4.34,1.99,2.35
23/08/23 0:00,4.19,1.84,2.35
24/08/23 0:00,4.23,1.91,2.32
25/08/23 0:00,4.25,1.92,2.33
28/08/23 0:00,4.2,1.9,2.3
29/08/23 0:00,4.12,1.83,2.29
30/08/23 0:00,4.12,1.86,2.26
31/08/23 0:00,4.09,1.85,2.24
01/09/23 0:00,4.18,1.92,2.26
05/09/23 0:00,4.27,1.98,2.29
06/09/23 0:00,4.3,2,2.3
07/09/23 0:00,4.27,1.95,2.32
08/09/23 0:00,4.26,1.93,2.33
11/09/23 0:00,4.29,1.94,2.35
12/09/23 0:00,4.27,1.93,2.34
13/09/23 0:00,4.25,1.9,2.35
14/09/23 0:00,4.29,1.95,2.34
15/09/23 0:00,4.33,1.98,2.35
18/09/23 0:00,4.32,1.96,2.36
19/09/23 0:00,4.37,2,2.37
20/09/23 0:00,4.35,2,2.35
21/09/23 0:00,4.49,2.11,2.38
22/09/23 0:00,4.44,2.07,2.37
25/09/23 0:00,4.55,2.18,2.37
26/09/23 0:00,4.56,2.23,2.33
27/09/23 0:00,4.61,2.27,2.34
28/09/23 0:00,4.59,2.2,2.39
29/09/23 0:00,4.59,2.24,2.35
02/10/23 0:00,4.69,2.34,2.35
03/10/23 0:00,4.81,2.45,2.36
04/10/23 0:00,4.73,2.4,2.33
05/10/23 0:00,4.72,2.41,2.31
06/10/23 0:00,4.78,2.47,2.31
10/10/23 0:00,4.66,2.34,2.32
11/10/23 0:00,4.58,2.26,2.32
12/10/23 0:00,4.7,2.36,2.34
13/10/23 0:00,4.63,2.29,2.34
16/10/23 0:00,4.71,2.33,2.38
17/10/23 0:00,4.83,2.42,2.41
18/10/23 0:00,4.91,2.47,2.44
19/10/23 0:00,4.98,2.49,2.49
20/10/23 0:00,4.93,2.46,2.47
23/10/23 0:00,4.86,2.45,2.41
24/10/23 0:00,4.83,2.43,2.4
25/10/23 0:00,4.95,2.52,2.43
26/10/23 0:00,4.86,2.44,2.42
27/10/23 0:00,4.84,2.42,2.42
30/10/23 0:00,4.88,2.44,2.44
31/10/23 0:00,4.88,2.46,2.42
01/11/23 0:00,4.77,2.36,2.41
02/11/23 0:00,4.67,2.27,2.4
03/11/23 0:00,4.57,2.18,2.39
06/11/23 0:00,4.67,2.25,2.42
07/11/23 0:00,4.58,2.19,2.39
08/11/23 0:00,4.49,2.15,2.34
09/11/23 0:00,4.62,2.29,2.33
10/11/23 0:00,4.61,2.29,2.32
13/11/23 0:00,4.63,2.32,2.31
14/11/23 0:00,4.44,2.16,2.28
15/11/23 0:00,4.53,2.22,2.31
16/11/23 0:00,4.45,2.18,2.27
17/11/23 0:00,4.44,2.16,2.28
20/11/23 0:00,4.42,2.12,2.3
21/11/23 0:00,4.41,2.16,2.25
22/11/23 0:00,4.42,2.16,2.26
24/11/23 0:00,4.47,2.21,2.26
27/11/23 0:00,4.39,2.18,2.21
28/11/23 0:00,4.34,2.12,2.22
29/11/23 0:00,4.27,2.06,2.21
30/11/23 0:00,4.37,2.14,2.23
01/12/23 0:00,4.22,2,2.22
04/12/23 0:00,4.28,2.07,2.21
05/12/23 0:00,4.18,2.01,2.17
06/12/23 0:00,4.12,1.98,2.14
07/12/23 0:00,4.14,1.97,2.17
08/12/23 0:00,4.23,2.02,2.21
11/12/23 0:00,4.23,2.04,2.19
12/12/23 0:00,4.2,2.04,2.16
13/12/23 0:00,4.04,1.88,2.16
14/12/23 0:00,3.92,1.7,2.22
15/12/23 0:00,3.91,1.69,2.22
18/12/23 0:00,3.95,1.74,2.21
19/12/23 0:00,3.93,1.74,2.19
20/12/23 0:00,3.86,1.67,2.19
21/12/23 0:00,3.89,1.7,2.19
22/12/23 0:00,3.9,1.71,2.19
26/12/23 0:00,3.89,1.71,2.18
27/12/23 0:00,3.79,1.64,2.15
28/12/23 0:00,3.84,1.68,2.16
29/12/23 0:00,3.88,1.72,2.16
02/01/24 0:00,3.95,1.74,2.21
03/01/24 0:00,3.91,1.71,2.2
04/01/24 0:00,3.99,1.77,2.22
05/01/24 0:00,4.05,1.83,2.22
08/01/24 0:00,4.01,1.79,2.22
09/01/24 0:00,4.02,1.8,2.22
10/01/24 0:00,4.04,1.82,2.22
11/01/24 0:00,3.98,1.76,2.22
12/01/24 0:00,3.96,1.69,2.27
16/01/24 0:00,4.07,1.77,2.3
17/01/24 0:00,4.1,1.8,2.3
18/01/24 0:00,4.14,1.8,2.34
19/01/24 0:00,4.15,1.81,2.34
22/01/24 0:00,4.11,1.8,2.31
23/01/24 0:00,4.14,1.85,2.29
24/01/24 0:00,4.18,1.88,2.3
25/01/24 0:00,4.14,1.85,2.29
26/01/24 0:00,4.15,1.85,2.3
29/01/24 0:00,4.08,1.78,2.3
30/01/24 0:00,4.06,1.8,2.26
31/01/24 0:00,3.99,1.73,2.26
01/02/24 0:00,3.87,1.68,2.19
02/02/24 0:00,4.03,1.82,2.21
05/02/24 0:00,4.17,1.9,2.27
06/02/24 0:00,4.09,1.85,2.24
07/02/24 0:00,4.09,1.86,2.23
08/02/24 0:00,4.15,1.91,2.24
09/02/24 0:00,4.17,1.92,2.25
12/02/24 0:00,4.17,1.93,2.24
13/02/24 0:00,4.31,2.02,2.29
14/02/24 0:00,4.27,1.97,2.3
15/02/24 0:00,4.24,1.94,2.3
16/02/24 0:00,4.3,1.97,2.33
20/02/24 0:00,4.27,1.95,2.32
21/02/24 0:00,4.32,1.98,2.34
22/02/24 0:00,4.33,2.02,2.31
23/02/24 0:00,4.26,1.96,2.3
26/02/24 0:00,4.28,1.97,2.31
27/02/24 0:00,4.31,1.99,2.32
28/02/24 0:00,4.27,1.94,2.33
29/02/24 0:00,4.25,1.92,2.33
01/03/24 0:00,4.19,1.87,2.32
04/03/24 0:00,4.22,1.88,2.34
05/03/24 0:00,4.13,1.81,2.32
06/03/24 0:00,4.11,1.81,2.3
07/03/24 0:00,4.09,1.81,2.28
08/03/24 0:00,4.09,1.81,2.28
11/03/24 0:00,4.1,1.83,2.27
12/03/24 0:00,4.16,1.86,2.3
13/03/24 0:00,4.19,1.89,2.3
14/03/24 0:00,4.29,1.99,2.3
15/03/24 0:00,4.31,1.99,2.32
18/03/24 0:00,4.34,2.03,2.31
19/03/24 0:00,4.3,2,2.3
20/03/24 0:00,4.27,1.96,2.31
21/03/24 0:00,4.27,1.93,2.34
22/03/24 0:00,4.22,1.87,2.35
25/03/24 0:00,4.25,1.92,2.33
26/03/24 0:00,4.24,1.92,2.32
27/03/24 0:00,4.2,1.88,2.32
28/03/24 0:00,4.2,1.88,2.32
01/04/24 0:00,4.33,1.98,2.35
02/04/24 0:00,4.36,2,2.36
03/04/24 0:00,4.36,2,2.36
04/04/24 0:00,4.31,1.97,2.34
05/04/24 0:00,4.39,2.02,2.37
08/04/24 0:00,4.42,2.04,2.38
09/04/24 0:00,4.36,2,2.36
10/04/24 0:00,4.55,2.15,2.4
11/04/24 0:00,4.56,2.16,2.4
12/04/24 0:00,4.5,2.11,2.39
15/04/24 0:00,4.63,2.2,2.43
16/04/24 0:00,4.67,2.24,2.43
17/04/24 0:00,4.59,2.2,2.39
18/04/24 0:00,4.64,2.24,2.4
19/04/24 0:00,4.62,2.21,2.41
22/04/24 0:00,4.62,2.21,2.41
23/04/24 0:00,4.61,2.2,2.41
24/04/24 0:00,4.65,2.24,2.41
25/04/24 0:00,4.7,2.28,2.42
26/04/24 0:00,4.67,2.24,2.43
29/04/24 0:00,4.63,2.22,2.41
30/04/24 0:00,4.69,2.28,2.41
01/05/24 0:00,4.63,2.25,2.38
02/05/24 0:00,4.58,2.21,2.37
03/05/24 0:00,4.5,2.15,2.35
06/05/24 0:00,4.49,2.14,2.35
07/05/24 0:00,4.47,2.15,2.32
08/05/24 0:00,4.48,2.17,2.31
09/05/24 0:00,4.45,2.13,2.32
10/05/24 0:00,4.5,2.16,2.34
13/05/24 0:00,4.48,2.15,2.33
14/05/24 0:00,4.45,2.12,2.33
15/05/24 0:00,4.36,2.05,2.31
16/05/24 0:00,4.38,2.07,2.31
17/05/24 0:00,4.42,2.1,2.32
20/05/24 0:00,4.44,2.11,2.33
21/05/24 0:00,4.41,2.09,2.32
22/05/24 0:00,4.43,2.1,2.33
23/05/24 0:00,4.47,2.17,2.3
24/05/24 0:00,4.46,2.14,2.32
28/05/24 0:00,4.54,2.2,2.34
29/05/24 0:00,4.61,2.25,2.36
30/05/24 0:00,4.55,2.19,2.36
31/05/24 0:00,4.51,2.16,2.35
03/06/24 0:00,4.41,2.08,2.33
04/06/24 0:00,4.33,2.02,2.31
05/06/24 0:00,4.29,1.99,2.3
06/06/24 0:00,4.28,2,2.28
07/06/24 0:00,4.43,2.13,2.3
10/06/24 0:00,4.47,2.16,2.31
11/06/24 0:00,4.39,2.12,2.27
12/06/24 0:00,4.31,2.09,2.22
13/06/24 0:00,4.24,2.03,2.21
14/06/24 0:00,4.2,2.03,2.17
17/06/24 0:00,4.28,2.06,2.22
18/06/24 0:00,4.22,2.01,2.21
20/06/24 0:00,4.25,2,2.25
21/06/24 0:00,4.25,2.02,2.23
24/06/24 0:00,4.25,2.03,2.22
25/06/24 0:00,4.23,2.01,2.22
26/06/24 0:00,4.32,2.06,2.26
27/06/24 0:00,4.29,2.03,2.26
28/06/24 0:00,4.36,2.08,2.28
01/07/24 0:00,4.48,2.16,2.32
02/07/24 0:00,4.43,2.13,2.3
03/07/24 0:00,4.36,2.09,2.27
05/07/24 0:00,4.28,2,2.28
08/07/24 0:00,4.28,2.01,2.27
09/07/24 0:00,4.3,2.04,2.26
10/07/24 0:00,4.28,2.01,2.27
11/07/24 0:00,4.2,1.95,2.25
12/07/24 0:00,4.18,1.94,2.24
15/07/24 0:00,4.23,1.96,2.27
16/07/24 0:00,4.17,1.91,2.26
17/07/24 0:00,4.16,1.9,2.26
18/07/24 0:00,4.2,1.89,2.31
19/07/24 0:00,4.25,1.93,2.32
22/07/24 0:00,4.26,1.96,2.3
23/07/24 0:00,4.25,1.96,2.29
24/07/24 0:00,4.28,2,2.28
25/07/24 0:00,4.27,1.99,2.28
26/07/24 0:00,4.2,1.93,2.27
29/07/24 0:00,4.17,1.92,2.25
30/07/24 0:00,4.15,1.9,2.25
31/07/24 0:00,4.09,1.85,2.24
01/08/24 0:00,3.99,1.79,2.2
02/08/24 0:00,3.8,1.76,2.04
05/08/24 0:00,3.78,1.71,2.07
06/08/24 0:00,3.9,1.78,2.12
07/08/24 0:00,3.96,1.85,2.11
08/08/24 0:00,3.99,1.87,2.12
09/08/24 0:00,3.94,1.84,2.1
12/08/24 0:00,3.9,1.79,2.11
13/08/24 0:00,3.85,1.76,2.09
14/08/24 0:00,3.83,1.77,2.06
15/08/24 0:00,3.92,1.8,2.12
16/08/24 0:00,3.89,1.81,2.08
19/08/24 0:00,3.86,1.79,2.07
20/08/24 0:00,3.82,1.75,2.07
21/08/24 0:00,3.79,1.72,2.07
22/08/24 0:00,3.86,1.76,2.1
23/08/24 0:00,3.81,1.68,2.13
26/08/24 0:00,3.82,1.67,2.15
27/08/24 0:00,3.83,1.68,2.15
28/08/24 0:00,3.84,1.69,2.15
29/08/24 0:00,3.87,1.71,2.16
30/08/24 0:00,3.91,1.76,2.15
03/09/24 0:00,3.84,1.73,2.11
04/09/24 0:00,3.77,1.7,2.07
05/09/24 0:00,3.73,1.7,2.03
06/09/24 0:00,3.72,1.69,2.03
09/09/24 0:00,3.7,1.66,2.04
10/09/24 0:00,3.65,1.63,2.02
11/09/24 0:00,3.65,1.61,2.04
12/09/24 0:00,3.68,1.63,2.05
13/09/24 0:00,3.66,1.58,2.08
16/09/24 0:00,3.63,1.54,2.09
17/09/24 0:00,3.65,1.53,2.12
18/09/24 0:00,3.7,1.58,2.12
19/09/24 0:00,3.73,1.56,2.17
20/09/24 0:00,3.73,1.58,2.15
23/09/24 0:00,3.75,1.58,2.17
24/09/24 0:00,3.74,1.55,2.19
25/09/24 0:00,3.79,1.61,2.18
26/09/24 0:00,3.79,1.63,2.16
27/09/24 0:00,3.75,1.6,2.15
30/09/24 0:00,3.81,1.63,2.18
01/10/24 0:00,3.74,1.55,2.19
02/10/24 0:00,3.79,1.58,2.21
03/10/24 0:00,3.85,1.64,2.21
04/10/24 0:00,3.98,1.75,2.23
07/10/24 0:00,4.03,1.76,2.27
08/10/24 0:00,4.04,1.77,2.27
09/10/24 0:00,4.06,1.77,2.29
10/10/24 0:00,4.09,1.76,2.33
11/10/24 0:00,4.08,1.75,2.33
15/10/24 0:00,4.03,1.75,2.28
16/10/24 0:00,4.02,1.75,2.27
17/10/24 0:00,4.09,1.79,2.3
18/10/24 0:00,4.08,1.77,2.31
21/10/24 0:00,4.19,1.88,2.31
22/10/24 0:00,4.2,1.87,2.33
23/10/24 0:00,4.24,1.93,2.31
24/10/24 0:00,4.21,1.91,2.3
25/10/24 0:00,4.25,1.96,2.29
28/10/24 0:00,4.28,1.99,2.29
29/10/24 0:00,4.28,1.98,2.3
30/10/24 0:00,4.29,1.95,2.34
31/10/24 0:00,4.28,1.95,2.33
01/11/24 0:00,4.37,2.04,2.33
04/11/24 0:00,4.31,2.03,2.28
05/11/24 0:00,4.26,1.99,2.27
06/11/24 0:00,4.42,2.04,2.38
07/11/24 0:00,4.31,1.98,2.33
08/11/24 0:00,4.3,1.95,2.35
12/11/24 0:00,4.43,2.08,2.35
13/11/24 0:00,4.44,2.09,2.35
14/11/24 0:00,4.43,2.1,2.33
15/11/24 0:00,4.43,2.1,2.33
18/11/24 0:00,4.42,2.08,2.34
19/11/24 0:00,4.39,2.05,2.34
20/11/24 0:00,4.41,2.06,2.35
21/11/24 0:00,4.43,2.09,2.34
22/11/24 0:00,4.41,2.07,2.34
25/11/24 0:00,4.27,1.98,2.29
26/11/24 0:00,4.3,2.02,2.28
27/11/24 0:00,4.25,1.99,2.26
29/11/24 0:00,4.18,1.92,2.26
02/12/24 0:00,4.19,1.93,2.26
03/12/24 0:00,4.23,1.95,2.28
04/12/24 0:00,4.19,1.9,2.29
05/12/24 0:00,4.17,1.92,2.25
06/12/24 0:00,4.15,1.91,2.24
09/12/24 0:00,4.2,1.93,2.27
10/12/24 0:00,4.22,1.93,2.29
11/12/24 0:00,4.26,1.96,2.3
12/12/24 0:00,4.32,2,2.32
13/12/24 0:00,4.4,2.07,2.33
16/12/24 0:00,4.39,2.07,2.32
17/12/24 0:00,4.4,2.09,2.31
18/12/24 0:00,4.5,2.18,2.32
19/12/24 0:00,4.57,2.28,2.29
20/12/24 0:00,4.52,2.23,2.29
23/12/24 0:00,4.59,2.27,2.32
24/12/24 0:00,4.59,2.24,2.35
26/12/24 0:00,4.58,2.23,2.35
27/12/24 0:00,4.62,2.28,2.34
30/12/24 0:00,4.55,2.24,2.31
31/12/24 0:00,4.58,2.24,2.34
02/01/25 0:00,4.57,2.23,2.34
03/01/25 0:00,4.6,2.26,2.34
06/01/25 0:00,4.62,2.28,2.34
07/01/25 0:00,4.67,2.29,2.38
08/01/25 0:00,4.67,2.27,2.4
09/01/25 0:00,4.68,2.29,2.39
10/01/25 0:00,4.77,2.34,2.43
13/01/25 0:00,4.79,2.34,2.45
14/01/25 0:00,4.78,2.34,2.44
15/01/25 0:00,4.66,2.24,2.42
16/01/25 0:00,4.61,2.19,2.42
17/01/25 0:00,4.61,2.2,2.41
21/01/25 0:00,4.57,2.19,2.38
22/01/25 0:00,4.6,2.2,2.4
23/01/25 0:00,4.65,2.23,2.42
24/01/25 0:00,4.63,2.2,2.43
27/01/25 0:00,4.53,2.13,2.4
28/01/25 0:00,4.55,2.13,2.42
29/01/25 0:00,4.55,2.15,2.4
30/01/25 0:00,4.52,2.14,2.38
31/01/25 0:00,4.58,2.16,2.42
03/02/25 0:00,4.54,2.09,2.45
04/02/25 0:00,4.52,2.08,2.44
05/02/25 0:00,4.43,2.01,2.42
06/02/25 0:00,4.45,2.03,2.42
07/02/25 0:00,4.49,2.07,2.42
10/02/25 0:00,4.51,2.07,2.44
11/02/25 0:00,4.54,2.08,2.46
12/02/25 0:00,4.62,2.16,2.46
13/02/25 0:00,4.52,2.08,2.44
14/02/25 0:00,4.47,2.04,2.43
18/02/25 0:00,4.55,2.1,2.45
19/02/25 0:00,4.53,2.08,2.45
20/02/25 0:00,4.5,2.05,2.45
21/02/25 0:00,4.42,2,2.42
24/02/25 0:00,4.4,1.98,2.42
25/02/25 0:00,4.3,1.92,2.38
26/02/25 0:00,4.25,1.89,2.36
27/02/25 0:00,4.29,1.92,2.37
28/02/25 0:00,4.24,1.86,2.38
03/03/25 0:00,4.16,1.8,2.36
04/03/25 0:00,4.22,1.87,2.35
05/03/25 0:00,4.28,1.94,2.34
06/03/25 0:00,4.29,1.95,2.34
07/03/25 0:00,4.32,1.99,2.33
10/03/25 0:00,4.22,1.91,2.31
11/03/25 0:00,4.28,1.97,2.31
12/03/25 0:00,4.32,1.99,2.33
13/03/25 0:00,4.27,1.98,2.29
14/03/25 0:00,4.31,2.01,2.3
17/03/25 0:00,4.31,2.02,2.29
18/03/25 0:00,4.29,1.99,2.3
19/03/25 0:00,4.25,1.94,2.31
20/03/25 0:00,4.24,1.93,2.31
21/03/25 0:00,4.25,1.92,2.33
24/03/25 0:00,4.34,1.98,2.36
25/03/25 0:00,4.31,1.96,2.35
26/03/25 0:00,4.35,1.98,2.37
27/03/25 0:00,4.38,1.99,2.39
28/03/25 0:00,4.27,1.9,2.37
31/03/25 0:00,4.23,1.85,2.38
01/04/25 0:00,4.17,1.84,2.33
02/04/25 0:00,4.2,1.88,2.32
03/04/25 0:00,4.06,1.78,2.28
04/04/25 0:00,4.01,1.83,2.18
07/04/25 0:00,4.15,1.96,2.19
08/04/25 0:00,4.26,2.04,2.22
09/04/25 0:00,4.34,2.07,2.27
10/04/25 0:00,4.4,2.21,2.19
11/04/25 0:00,4.48,2.28,2.2
14/04/25 0:00,4.38,2.15,2.23
15/04/25 0:00,4.35,2.16,2.19
16/04/25 0:00,4.29,2.12,2.17
17/04/25 0:00,4.34,2.11,2.23
21/04/25 0:00,4.42,2.2,2.22
22/04/25 0:00,4.41,2.14,2.27
23/04/25 0:00,4.4,2.11,2.29
24/04/25 0:00,4.32,2.02,2.3
25/04/25 0:00,4.29,2.02,2.27
28/04/25 0:00,4.23,1.98,2.25
29/04/25 0:00,4.19,1.96,2.23
30/04/25 0:00,4.17,1.94,2.23
01/05/25 0:00,4.25,2,2.25
02/05/25 0:00,4.33,2.06,2.27
05/05/25 0:00,4.36,2.08,2.28
06/05/25 0:00,4.3,2.04,2.26
07/05/25 0:00,4.26,2.01,2.25
08/05/25 0:00,4.37,2.08,2.29
09/05/25 0:00,4.37,2.08,2.29
12/05/25 0:00,4.45,2.16,2.29
13/05/25 0:00,4.49,2.17,2.32
14/05/25 0:00,4.53,2.16,2.37
15/05/25 0:00,4.45,2.11,2.34
16/05/25 0:00,4.43,2.09,2.34
19/05/25 0:00,4.46,2.1,2.36
20/05/25 0:00,4.48,2.13,2.35
21/05/25 0:00,4.58,2.23,2.35
22/05/25 0:00,4.54,2.2,2.34
23/05/25 0:00,4.51,2.18,2.33
27/05/25 0:00,4.43,2.11,2.32
28/05/25 0:00,4.47,2.15,2.32
29/05/25 0:00,4.43,2.11,2.32
30/05/25 0:00,4.41,2.07,2.34
02/06/25 0:00,4.46,2.13,2.33
03/06/25 0:00,4.46,2.14,2.32
04/06/25 0:00,4.37,2.06,2.31
05/06/25 0:00,4.4,2.11,2.29
06/06/25 0:00,4.51,2.2,2.31
09/06/25 0:00,4.49,2.18,2.31
10/06/25 0:00,4.47,2.18,2.29
11/06/25 0:00,4.41,2.14,2.27
12/06/25 0:00,4.36,2.11,2.25
13/06/25 0:00,4.41,2.13,2.28
16/06/25 0:00,4.46,2.16,2.3
17/06/25 0:00,4.39,2.08,2.31
18/06/25 0:00,4.38,2.07,2.31
20/06/25 0:00,4.38,2.05,2.33
23/06/25 0:00,4.34,2.04,2.3
24/06/25 0:00,4.3,2.01,2.29
25/06/25 0:00,4.29,2.01,2.28
26/06/25 0:00,4.26,1.98,2.28
27/06/25 0:00,4.29,2,2.29
30/06/25 0:00,4.24,1.95,2.29
01/07/25 0:00,4.26,1.97,2.29
02/07/25 0:00,4.3,2,2.3
03/07/25 0:00,4.35,2.02,2.33
07/07/25 0:00,4.4,2.05,2.35
08/07/25 0:00,4.42,2.07,2.35
09/07/25 0:00,4.34,2.01,2.33
10/07/25 0:00,4.35,2.01,2.34
11/07/25 0:00,4.43,2.06,2.37
14/07/25 0:00,4.43,2.04,2.39
15/07/25 0:00,4.5,2.09,2.41
16/07/25 0:00,4.46,2.05,2.41
17/07/25 0:00,4.47,2.04,2.43
18/07/25 0:00,4.44,2.03,2.41
21/07/25 0:00,4.38,1.98,2.4
22/07/25 0:00,4.35,1.96,2.39
23/07/25 0:00,4.4,2.03,2.37
24/07/25 0:00,4.43,1.98,2.45
25/07/25 0:00,4.4,1.96,2.44
28/07/25 0:00,4.42,1.98,2.44
29/07/25 0:00,4.34,1.91,2.43
30/07/25 0:00,4.38,1.96,2.42
31/07/25 0:00,4.37,1.98,2.39
01/08/25 0:00,4.23,1.9,2.33
04/08/25 0:00,4.22,1.85,2.37
05/08/25 0:00,4.22,1.86,2.36
06/08/25 0:00,4.22,1.88,2.34
07/08/25 0:00,4.23,1.88,2.35
08/08/25 0:00,4.27,1.88,2.39
11/08/25 0:00,4.27,1.87,2.4
12/08/25 0:00,4.29,1.91,2.38
13/08/25 0:00,4.24,1.87,2.37
14/08/25 0:00,4.29,1.9,2.39
15/08/25 0:00,4.33,1.95,2.38
18/08/25 0:00,4.34,1.96,2.38
19/08/25 0:00,4.3,1.95,2.35
20/08/25 0:00,4.29,1.94,2.35
21/08/25 0:00,4.33,1.94,2.39
22/08/25 0:00,4.26,1.85,2.41
25/08/25 0:00,4.28,1.87,2.41
26/08/25 0:00,4.26,1.84,2.42
27/08/25 0:00,4.24,1.81,2.43
28/08/25 0:00,4.22,1.81,2.41
29/08/25 0:00,4.23,1.82,2.41
02/09/25 0:00,4.28,1.87,2.41
03/09/25 0:00,4.22,1.82,2.4
04/09/25 0:00,4.17,1.79,2.38
05/09/25 0:00,4.1,1.73,2.37
08/09/25 0:00,4.05,1.7,2.35
09/09/25 0:00,4.08,1.72,2.36
10/09/25 0:00,4.04,1.69,2.35
11/09/25 0:00,4.01,1.67,2.34
12/09/25 0:00,4.06,1.7,2.36
15/09/25 0:00,4.05,1.68,2.37
16/09/25 0:00,4.04,1.67,2.37
17/09/25 0:00,4.06,1.68,2.38
18/09/25 0:00,4.11,1.73,2.38
19/09/25 0:00,4.14,1.75,2.39
22/09/25 0:00,4.15,1.78,2.37
23/09/25 0:00,4.12,1.75,2.37
24/09/25 0:00,4.16,1.78,2.38
25/09/25 0:00,4.18,1.8,2.38
26/09/25 0:00,4.2,1.82,2.38
29/09/25 0:00,4.15,1.8,2.35
30/09/25 0:00,4.16,1.8,2.36
01/10/25 0:00,4.12,1.77,2.35
02/10/25 0:00,4.1,1.76,2.34
03/10/25 0:00,4.13,1.8,2.33
06/10/25 0:00,4.18,1.84,2.34
07/10/25 0:00,4.14,1.79,2.35
08/10/25 0:00,4.13,1.78,2.35
09/10/25 0:00,4.14,1.8,2.34
10/10/25 0:00,4.05,1.75,2.3
14/10/25 0:00,4.03,1.73,2.3
15/10/25 0:00,4.05,1.76,2.29
16/10/25 0:00,3.99,1.71,2.28
17/10/25 0:00,4.02,1.75,2.27
20/10/25 0:00,4,1.74,2.26
21/10/25 0:00,3.98,1.7,2.28
22/10/25 0:00,3.97,1.68,2.29
23/10/25 0:00,4.01,1.71,2.3
24/10/25 0:00,4.02,1.73,2.29
27/10/25 0:00,4.01,1.73,2.28
28/10/25 0:00,3.99,1.71,2.28
29/10/25 0:00,4.08,1.78,2.3
30/10/25 0:00,4.11,1.82,2.29
31/10/25 0:00,4.11,1.81,2.3
03/11/25 0:00,4.13,1.82,2.31
04/11/25 0:00,4.1,1.81,2.29
05/11/25 0:00,4.17,1.87,2.3
06/11/25 0:00,4.11,1.83,2.28
07/11/25 0:00,4.11,1.83,2.28
10/11/25 0:00,4.13,1.84,2.29
12/11/25 0:00,4.08,1.81,2.27
13/11/25 0:00,4.11,1.83,2.28
14/11/25 0:00,4.14,1.86,2.28
17/11/25 0:00,4.13,1.85,2.28
18/11/25 0:00,4.12,1.85,2.27
19/11/25 0:00,4.13,1.86,2.27
20/11/25 0:00,4.1,1.86,2.24
21/11/25 0:00,4.06,1.82,2.24
24/11/25 0:00,4.04,1.81,2.23
25/11/25 0:00,4.01,1.79,2.22
26/11/25 0:00,4,1.77,2.23
28/11/25 0:00,4.02,1.79,2.23
01/12/25 0:00,4.09,1.85,2.24
02/12/25 0:00,4.09,1.85,2.24
03/12/25 0:00,4.06,1.82,2.24
04/12/25 0:00,4.11,1.85,2.26
05/12/25 0:00,4.14,1.88,2.26
08/12/25 0:00,4.17,1.91,2.26
09/12/25 0:00,4.18,1.92,2.26
10/12/25 0:00,4.13,1.88,2.25
11/12/25 0:00,4.14,1.89,2.25
12/12/25 0:00,4.19,1.93,2.26
15/12/25 0:00,4.18,1.93,2.25
16/12/25 0:00,4.15,1.92,2.23
17/12/25 0:00,4.16,1.92,2.24
18/12/25 0:00,4.12,1.88,2.24
19/12/25 0:00,4.16,1.92,2.24
22/12/25 0:00,4.17,1.94,2.23
23/12/25 0:00,4.18,1.94,2.24
24/12/25 0:00,4.15,1.91,2.24
26/12/25 0:00,4.14,1.91,2.23
29/12/25 0:00,4.12,1.9,2.22
30/12/25 0:00,4.14,1.9,2.24
31/12/25 0:00,4.18,1.93,2.25
02/01/26 0:00,4.19,1.94,2.25
05/01/26 0:00,4.17,1.91,2.26
06/01/26 0:00,4.18,1.91,2.27
07/01/26 0:00,4.15,1.88,2.27
08/01/26 0:00,4.19,1.92,2.27
09/01/26 0:00,4.18,1.9,2.28
12/01/26 0:00,4.19,1.9,2.29
13/01/26 0:00,4.18,1.88,2.3
14/01/26 0:00,4.15,1.86,2.29
15/01/26 0:00,4.17,1.88,2.29
16/01/26 0:00,4.24,1.91,2.33
20/01/26 0:00,4.3,1.97,2.33
21/01/26 0:00,4.26,1.92,2.34
22/01/26 0:00,4.26,1.95,2.31
23/01/26 0:00,4.24,1.92,2.32
26/01/26 0:00,4.22,1.9,2.32
27/01/26 0:00,4.24,1.9,2.34
28/01/26 0:00,4.26,1.9,2.36
29/01/26 0:00,4.24,1.89,2.35
30/01/26 0:00,4.26,1.9,2.36
02/02/26 0:00,4.29,1.94,2.35
03/02/26 0:00,4.28,1.92,2.36
04/02/26 0:00,4.29,1.94,2.35
05/02/26 0:00,4.21,1.89,2.32
06/02/26 0:00,4.22,1.88,2.34
09/02/26 0:00,4.22,1.87,2.35
10/02/26 0:00,4.16,1.84,2.32
11/02/26 0:00,4.18,1.86,2.32
12/02/26 0:00,4.09,1.8,2.29
13/02/26 0:00,4.04,1.77,2.27
17/02/26 0:00,4.05,1.79,2.26
18/02/26 0:00,4.09,1.8,2.29
19/02/26 0:00,4.08,1.79,2.29
20/02/26 0:00,4.08,1.8,2.28
23/02/26 0:00,4.03,1.77,2.26
24/02/26 0:00,4.04,1.78,2.26
25/02/26 0:00,4.05,1.77,2.28
26/02/26 0:00,4.02,1.74,2.28
27/02/26 0:00,3.97,1.72,2.25
02/03/26 0:00,4.05,1.76,2.29
03/03/26 0:00,4.06,1.77,2.29
04/03/26 0:00,4.09,1.8,2.29
05/03/26 0:00,4.13,1.82,2.31
06/03/26 0:00,4.15,1.8,2.35
09/03/26 0:00,4.12,1.78,2.34
10/03/26 0:00,4.15,1.82,2.33
11/03/26 0:00,4.21,1.85,2.36
12/03/26 0:00,4.27,1.89,2.38
13/03/26 0:00,4.28,1.92,2.36
16/03/26 0:00,4.23,1.87,2.36
17/03/26 0:00,4.2,1.83,2.37
18/03/26 0:00,4.26,1.86,2.4
19/03/26 0:00,4.25,1.88,2.37
20/03/26 0:00,4.39,2.01,2.38
23/03/26 0:00,4.34,2.01,2.33
24/03/26 0:00,4.39,2.06,2.33
25/03/26 0:00,4.33,2.02,2.31
26/03/26 0:00,4.42,2.08,2.34
27/03/26 0:00,4.44,2.13,2.31
30/03/26 0:00,4.35,2.04,2.31
31/03/26 0:00,4.3,2,2.3
01/04/26 0:00,4.33,2.02,2.31
02/04/26 0:00,4.31,1.97,2.34
03/04/26 0:00,4.35,1.99,2.36
06/04/26 0:00,4.34,1.98,2.36
07/04/26 0:00,4.33,1.96,2.37
08/04/26 0:00,4.29,1.96,2.33
09/04/26 0:00,4.29,1.95,2.34