Fecha,Cierre,Open,High,Low,Vol.,Change %
20/04/26,80.58,80.63,80.67,80.5,21.10M,-0.09%
17/04/26,80.65,80.6,80.76,80.56,61.65M,0.37%
16/04/26,80.35,80.53,80.53,80.26,37.74M,-0.14%
15/04/26,80.46,80.45,80.49,80.35,47.83M,-0.05%
14/04/26,80.5,80.34,80.56,80.29,42.04M,0.30%
13/04/26,80.26,79.88,80.27,79.88,38.56M,0.38%
10/04/26,79.96,80.34,80.34,79.95,33.01M,-0.40%
09/04/26,80.28,80.15,80.39,80,45.21M,0.11%
08/04/26,80.19,80.47,80.52,80.03,58.56M,0.59%
07/04/26,79.72,79.67,79.74,79.32,47.26M,0.03%
06/04/26,79.7,79.51,79.71,79.5,37.10M,0.18%
02/04/26,79.56,79.08,79.63,79.08,53.83M,0.24%
01/04/26,79.37,79.35,79.46,79.24,69.79M,-0.24%
31/03/26,79.56,79.16,79.61,79.12,101.52M,0.95%
30/03/26,78.81,79.02,79.1,78.75,55.21M,0.11%
27/03/26,78.72,78.83,78.83,78.57,68.17M,-0.25%
26/03/26,78.92,79.25,79.32,78.8,74.98M,-0.63%
25/03/26,79.42,79.45,79.58,79.35,49.92M,0.32%
24/03/26,79.17,79.24,79.41,79.06,71.94M,-0.34%
23/03/26,79.44,79.29,79.7,79.17,79.02M,0.66%
20/03/26,78.92,79.5,79.53,78.85,109.08M,-0.93%
19/03/26,79.66,79.03,79.69,78.99,103.98M,0.33%
18/03/26,79.4,79.69,79.75,79.39,50.28M,-0.51%
17/03/26,79.81,79.61,79.82,79.57,47.97M,0.45%
16/03/26,79.45,79.51,79.67,79.45,57.54M,0.32%
13/03/26,79.2,79.53,79.68,79.12,68.65M,-0.19%
12/03/26,79.35,79.75,79.75,79.32,68.67M,-0.64%
11/03/26,79.86,79.99,80.04,79.81,59.98M,-0.22%
10/03/26,80.04,80.05,80.38,80.03,67.50M,-0.16%
09/03/26,80.17,79.59,80.18,79.54,88.70M,0.60%
06/03/26,79.69,79.75,80,79.64,82.13M,-0.49%
05/03/26,80.08,80.27,80.31,80.02,79.84M,-0.40%
04/03/26,80.4,80.23,80.45,80.19,58.69M,0.35%
03/03/26,80.12,79.94,80.31,79.84,118.13M,-0.20%
02/03/26,80.28,80.06,80.41,80.03,74.33M,-0.55%
27/02/26,80.72,80.75,80.8,80.65,62.45M,-0.16%
26/02/26,80.85,80.89,80.94,80.76,54.53M,-0.09%
25/02/26,80.92,80.82,80.93,80.82,29.43M,0.14%
24/02/26,80.81,80.85,80.87,80.65,54.98M,-0.07%
23/02/26,80.87,80.96,81,80.84,33.67M,-0.16%
20/02/26,81,80.93,81,80.87,37.96M,0.07%
19/02/26,80.94,80.88,80.94,80.83,29.53M,0.04%
18/02/26,80.91,80.84,80.98,80.81,33.94M,0.12%
17/02/26,80.81,80.82,80.86,80.74,35.68M,-0.05%
13/02/26,80.85,80.83,80.94,80.82,36.61M,0.07%
12/02/26,80.79,80.91,80.97,80.75,48.46M,-0.05%
11/02/26,80.83,80.9,80.93,80.72,27.27M,-0.01%
10/02/26,80.84,80.95,81.01,80.84,37.89M,-0.10%
09/02/26,80.92,80.76,80.92,80.75,33.72M,0.14%
06/02/26,80.81,80.67,80.81,80.62,40.92M,0.35%
05/02/26,80.53,80.56,80.62,80.45,75.55M,-0.11%
04/02/26,80.62,80.7,80.72,80.54,42.83M,-0.12%
03/02/26,80.72,80.76,80.81,80.53,49.37M,-0.06%
02/02/26,80.77,80.67,80.81,80.64,42.89M,-0.43%
30/01/26,81.12,80.92,81.13,80.92,59.85M,0.11%
29/01/26,81.03,81.05,81.07,80.9,38.20M,-0.01%
28/01/26,81.04,81.17,81.18,81.03,35.56M,-0.16%
27/01/26,81.17,81.18,81.22,81.14,22.96M,-0.01%
26/01/26,81.18,81.19,81.21,81.12,27.03M,0.05%
23/01/26,81.14,81.18,81.2,81.04,38.36M,-0.05%
22/01/26,81.18,81.19,81.24,81.13,35.23M,0.07%
21/01/26,81.12,80.98,81.16,80.96,42.02M,0.30%
20/01/26,80.88,80.75,80.95,80.67,38.65M,-0.26%
16/01/26,81.09,81.08,81.1,80.99,52.47M,0.06%
15/01/26,81.04,81.1,81.11,81,30.41M,0.00%
14/01/26,81.04,81,81.05,80.93,42.99M,0.00%
13/01/26,81.04,81.07,81.07,80.97,27.61M,0.00%
12/01/26,81.04,80.91,81.05,80.9,23.98M,0.05%
09/01/26,81,80.95,81.03,80.95,31.85M,0.07%
08/01/26,80.94,80.84,80.95,80.8,33.52M,0.07%
07/01/26,80.88,80.96,81,80.83,27.02M,-0.02%
06/01/26,80.9,80.9,80.94,80.82,31.72M,0.02%
05/01/26,80.88,80.74,80.91,80.7,38.56M,0.26%
02/01/26,80.67,80.72,80.72,80.59,28.40M,0.05%
31/12/25,80.63,80.72,80.75,80.63,17.46M,-0.10%
30/12/25,80.71,80.64,80.75,80.61,20.15M,0.10%
29/12/25,80.63,80.56,80.66,80.55,22.01M,0.04%
26/12/25,80.6,80.64,80.7,80.59,10.92M,-0.05%
24/12/25,80.64,80.51,80.64,80.47,10.53M,0.19%
23/12/25,80.49,80.37,80.49,80.35,24.34M,0.07%
22/12/25,80.43,80.46,80.46,80.29,37.20M,0.09%
19/12/25,80.36,80.43,80.47,80.33,34.41M,-0.52%
18/12/25,80.78,80.78,80.8,80.67,52.68M,0.27%
17/12/25,80.56,80.65,80.67,80.51,37.00M,-0.12%
16/12/25,80.66,80.61,80.67,80.56,27.91M,0.06%
15/12/25,80.61,80.67,80.7,80.57,28.98M,0.05%
12/12/25,80.57,80.69,80.71,80.53,45.57M,-0.19%
11/12/25,80.72,80.74,80.76,80.66,44.55M,-0.01%
10/12/25,80.73,80.43,80.79,80.42,53.05M,0.34%
09/12/25,80.46,80.55,80.61,80.44,30.56M,-0.11%
08/12/25,80.55,80.72,80.74,80.49,43.16M,-0.25%
05/12/25,80.75,80.73,80.81,80.67,30.49M,0.00%
04/12/25,80.75,80.7,80.77,80.57,34.78M,0.07%
03/12/25,80.69,80.61,80.79,80.57,35.02M,0.09%
02/12/25,80.62,80.54,80.64,80.47,38.84M,0.19%
01/12/25,80.47,80.4,80.54,80.38,45.27M,-0.64%
28/11/25,80.99,81,81.07,80.94,29.43M,0.05%
26/11/25,80.95,80.83,80.98,80.79,27.45M,0.10%
25/11/25,80.87,80.57,80.9,80.54,56.53M,0.35%
24/11/25,80.59,80.42,80.6,80.39,38.97M,0.27%
21/11/25,80.37,80.26,80.41,80.13,62.33M,0.34%
20/11/25,80.1,80.41,80.49,80.1,65.47M,-0.06%
19/11/25,80.15,80.14,80.3,80.09,33.51M,0.05%
18/11/25,80.11,80.02,80.18,79.99,44.10M,0.02%
17/11/25,80.09,80.19,80.27,80.04,42.95M,-0.16%
14/11/25,80.22,80.08,80.39,80.08,40.85M,0.02%
13/11/25,80.2,80.42,80.42,80.15,53.63M,-0.41%
12/11/25,80.53,80.69,80.7,80.49,43.96M,-0.20%
11/11/25,80.69,80.61,80.73,80.61,17.00M,0.11%
10/11/25,80.6,80.45,80.65,80.43,51.88M,0.34%
07/11/25,80.33,80.25,80.35,80.09,47.23M,0.09%
06/11/25,80.26,80.31,80.33,80.13,46.63M,0.04%
05/11/25,80.23,80.19,80.28,80.17,42.27M,0.10%
04/11/25,80.15,79.98,80.22,79.96,49.71M,0.01%
03/11/25,80.14,80.39,80.39,80.13,54.62M,-0.82%
31/10/25,80.8,80.89,80.96,80.75,45.04M,0.00%
30/10/25,80.8,80.79,80.94,80.76,39.97M,-0.19%
29/10/25,80.95,81.2,81.23,80.9,51.83M,-0.31%
28/10/25,81.2,81.28,81.28,81.17,31.59M,-0.10%
27/10/25,81.28,81.17,81.33,81.13,36.49M,0.25%
24/10/25,81.08,81.03,81.09,80.97,39.91M,0.27%
23/10/25,80.86,80.7,80.86,80.7,37.96M,0.22%
22/10/25,80.68,80.76,80.81,80.6,50.70M,-0.10%
21/10/25,80.76,80.88,80.94,80.76,45.42M,-0.15%
20/10/25,80.88,80.77,80.91,80.77,43.76M,0.20%
17/10/25,80.72,80.44,80.73,80.43,70.04M,0.26%
16/10/25,80.51,80.8,80.82,80.46,75.73M,-0.36%
15/10/25,80.8,80.72,80.83,80.6,59.80M,0.32%
14/10/25,80.54,80.18,80.64,80.11,63.86M,0.11%
13/10/25,80.45,80.23,80.45,80.17,31.93M,0.63%
10/10/25,79.95,80.47,80.49,79.95,83.84M,-0.58%
09/10/25,80.42,80.64,80.64,80.31,65.59M,-0.29%
08/10/25,80.65,80.82,80.84,80.64,34.93M,-0.15%
07/10/25,80.77,80.89,80.89,80.76,27.67M,-0.11%
06/10/25,80.86,80.89,80.91,80.83,29.49M,0.02%
03/10/25,80.84,80.92,80.94,80.82,35.11M,-0.11%
02/10/25,80.93,80.94,80.97,80.84,33.35M,-0.04%
01/10/25,80.96,80.81,81,80.78,58.04M,-0.28%
30/09/25,81.19,81.17,81.21,81.1,54.97M,-0.04%
29/09/25,81.22,81.16,81.24,81.13,28.56M,0.17%
26/09/25,81.08,81.04,81.11,80.96,31.05M,0.20%
25/09/25,80.92,81,81.01,80.89,33.51M,-0.28%
24/09/25,81.15,81.25,81.25,81.12,28.12M,-0.14%
23/09/25,81.26,81.34,81.36,81.2,37.09M,-0.07%
22/09/25,81.32,81.19,81.33,81.18,26.67M,0.07%
19/09/25,81.26,81.25,81.29,81.15,32.04M,0.04%
18/09/25,81.23,81.14,81.27,81.07,43.25M,0.22%
17/09/25,81.05,81.19,81.24,80.9,35.96M,-0.10%
16/09/25,81.13,81.21,81.23,81.1,33.08M,-0.07%
15/09/25,81.19,81.08,81.2,81.07,27.25M,0.28%
12/09/25,80.96,81.03,81.03,80.94,25.70M,-0.10%
11/09/25,81.04,80.91,81.1,80.91,34.22M,0.25%
10/09/25,80.84,80.84,80.94,80.79,38.11M,0.07%
09/09/25,80.78,80.85,80.88,80.67,36.70M,-0.11%
08/09/25,80.87,80.95,80.97,80.85,27.00M,0.00%
05/09/25,80.87,80.98,81.1,80.84,39.15M,0.05%
04/09/25,80.83,80.66,80.84,80.63,38.00M,0.27%
03/09/25,80.61,80.41,80.61,80.4,34.28M,0.27%
02/09/25,80.39,80.27,80.43,80.2,51.80M,-0.58%
29/08/25,80.86,80.99,80.99,80.86,35.07M,-0.19%
28/08/25,81.01,80.97,81.01,80.9,24.20M,0.05%
27/08/25,80.97,80.82,80.99,80.82,24.34M,0.12%
26/08/25,80.87,80.79,80.9,80.74,33.66M,0.22%
25/08/25,80.69,80.78,80.81,80.69,32.71M,-0.20%
22/08/25,80.85,80.32,80.86,80.3,59.54M,0.81%
21/08/25,80.2,80.26,80.3,80.19,35.83M,-0.19%
20/08/25,80.35,80.41,80.43,80.31,29.70M,-0.04%
19/08/25,80.38,80.45,80.48,80.36,21.70M,-0.02%
18/08/25,80.4,80.44,80.49,80.38,25.40M,-0.07%
15/08/25,80.46,80.47,80.47,80.37,22.75M,0.07%
14/08/25,80.4,80.49,80.49,80.35,36.56M,-0.26%
13/08/25,80.61,80.46,80.61,80.46,35.04M,0.26%
12/08/25,80.4,80.27,80.4,80.21,40.85M,0.22%
11/08/25,80.22,80.22,80.29,80.17,30.16M,0.00%
08/08/25,80.22,80.2,80.25,80.15,24.68M,0.01%
07/08/25,80.21,80.31,80.36,80.16,29.40M,-0.10%
06/08/25,80.29,80.21,80.3,80.14,30.51M,0.10%
05/08/25,80.21,80.21,80.24,80.1,29.66M,-0.05%
04/08/25,80.25,80.09,80.25,80.06,37.54M,0.34%
01/08/25,79.98,80.04,80.09,79.8,68.96M,-0.50%
31/07/25,80.38,80.4,80.48,80.33,41.50M,0.06%
30/07/25,80.33,80.45,80.52,80.25,38.39M,-0.21%
29/07/25,80.5,80.49,80.55,80.45,21.37M,0.06%
28/07/25,80.45,80.52,80.52,80.43,22.09M,-0.05%
25/07/25,80.49,80.5,80.58,80.4,30.12M,0.06%
24/07/25,80.44,80.44,80.51,80.41,27.01M,-0.12%
23/07/25,80.54,80.52,80.55,80.44,26.03M,0.05%
22/07/25,80.5,80.44,80.52,80.34,26.02M,0.17%
21/07/25,80.36,80.32,80.45,80.32,28.48M,0.14%
18/07/25,80.25,80.26,80.32,80.18,27.69M,0.14%
17/07/25,80.14,80.04,80.18,80,25.70M,0.10%
16/07/25,80.06,79.95,80.08,79.75,39.78M,0.26%
15/07/25,79.85,80.16,80.17,79.85,37.04M,-0.30%
14/07/25,80.09,80.01,80.1,79.97,23.72M,0.07%
11/07/25,80.03,80.04,80.05,79.93,30.48M,-0.12%
10/07/25,80.13,80.21,80.22,80.13,28.78M,-0.10%
09/07/25,80.21,80.14,80.22,80.08,30.28M,0.28%
08/07/25,79.99,80.09,80.12,79.94,31.36M,-0.14%
07/07/25,80.1,80.33,80.34,80.06,37.03M,-0.34%
03/07/25,80.37,80.3,80.39,80.26,19.75M,0.06%
02/07/25,80.32,80.17,80.32,80.08,32.36M,0.19%
01/07/25,80.17,80.2,80.26,80.1,45.41M,-0.60%
30/06/25,80.65,80.53,80.67,80.45,52.89M,0.39%
27/06/25,80.34,80.4,80.47,80.3,47.85M,-0.05%
26/06/25,80.38,80.27,80.39,80.2,28.89M,0.29%
25/06/25,80.15,80.18,80.22,80.08,24.16M,-0.02%
24/06/25,80.17,80.05,80.21,80,50.89M,0.28%
23/06/25,79.95,79.77,79.95,79.71,32.36M,0.19%
20/06/25,79.8,79.62,79.81,79.59,45.85M,0.31%
18/06/25,79.55,79.49,79.71,79.43,32.83M,0.15%
17/06/25,79.43,79.52,79.64,79.37,27.75M,-0.11%
16/06/25,79.52,79.52,79.6,79.49,26.23M,0.20%
13/06/25,79.36,79.42,79.5,79.3,35.27M,-0.30%
12/06/25,79.6,79.51,79.6,79.47,28.37M,0.11%
11/06/25,79.51,79.59,79.64,79.49,30.11M,-0.03%
10/06/25,79.53,79.41,79.55,79.33,24.23M,0.24%
09/06/25,79.34,79.28,79.43,79.28,30.17M,0.05%
06/06/25,79.3,79.38,79.39,79.25,41.30M,-0.01%
05/06/25,79.31,79.47,79.49,79.26,44.56M,-0.21%
04/06/25,79.48,79.34,79.51,79.34,41.40M,0.19%
03/06/25,79.33,79.24,79.35,79.17,28.46M,0.19%
02/06/25,79.18,79.13,79.19,78.98,45.53M,-0.49%
30/05/25,79.57,79.45,79.58,79.4,28.93M,0.09%
29/05/25,79.5,79.56,79.57,79.41,28.62M,0.15%
28/05/25,79.38,79.42,79.43,79.25,27.01M,-0.06%
27/05/25,79.43,79.28,79.44,79.17,33.52M,0.61%
23/05/25,78.95,78.76,78.98,78.74,29.60M,-0.03%
22/05/25,78.97,78.81,79.05,78.75,43.24M,0.20%
21/05/25,78.81,79.08,79.22,78.8,54.74M,-0.67%
20/05/25,79.34,79.27,79.38,79.21,25.93M,-0.05%
19/05/25,79.38,79.06,79.39,79.05,26.23M,-0.05%
16/05/25,79.42,79.38,79.43,79.27,30.66M,0.11%
15/05/25,79.33,79.06,79.33,79.06,49.30M,0.19%
14/05/25,79.18,79.4,79.43,79.14,45.41M,-0.36%
13/05/25,79.47,79.38,79.58,79.32,52.14M,0.18%
12/05/25,79.33,79.24,79.39,79.03,70.56M,0.99%
09/05/25,78.55,78.59,78.7,78.54,23.97M,0.06%
08/05/25,78.5,78.67,78.77,78.45,32.68M,-0.03%
07/05/25,78.52,78.56,78.62,78.36,32.68M,0.09%
06/05/25,78.45,78.41,78.52,78.32,36.29M,-0.08%
05/05/25,78.51,78.47,78.64,78.4,39.82M,-0.04%
02/05/25,78.54,78.5,78.61,78.36,41.35M,0.31%
01/05/25,78.3,78.39,78.49,78.22,50.85M,-0.38%
30/04/25,78.6,78.63,78.71,78.46,69.99M,-0.53%
29/04/25,79.02,78.65,79.05,78.65,51.20M,0.27%
28/04/25,78.81,78.78,78.87,78.55,42.22M,0.05%
25/04/25,78.77,78.59,78.93,78.54,47.98M,0.09%
24/04/25,78.7,78.28,78.74,78.18,49.01M,0.90%
23/04/25,78,78.6,78.74,77.97,63.72M,0.50%
22/04/25,77.61,77.58,77.81,77.5,33.94M,0.39%
21/04/25,77.31,77.49,77.51,77.15,36.08M,-0.59%
17/04/25,77.77,77.62,77.79,77.53,37.36M,0.58%
16/04/25,77.32,77.35,77.52,77.11,52.03M,-0.01%
15/04/25,77.33,77.24,77.5,77.18,39.79M,0.27%
14/04/25,77.12,77.28,77.46,76.94,50.01M,0.50%
11/04/25,76.74,76.27,77.17,76,71.88M,0.30%
10/04/25,76.51,77.07,77.18,76.14,93.88M,-1.63%
09/04/25,77.78,75.1,77.84,75.08,152.38M,2.68%
08/04/25,75.75,77.02,77.13,75.42,106.01M,-0.46%
07/04/25,76.1,75.87,77.6,75.63,193.37M,-0.86%
04/04/25,76.76,76.8,77.33,76.54,181.27M,-1.43%
03/04/25,77.87,78.1,78.28,77.74,116.40M,-1.24%
02/04/25,78.85,78.54,78.86,78.54,49.07M,0.20%
01/04/25,78.69,78.68,78.72,78.43,54.26M,-0.25%
31/03/25,78.89,78.52,78.92,78.52,47.85M,0.11%
28/03/25,78.8,78.99,79,78.66,58.90M,-0.18%
27/03/25,78.94,79.05,79.14,78.93,38.49M,-0.19%
26/03/25,79.09,79.4,79.42,78.97,52.26M,-0.40%
25/03/25,79.41,79.5,79.58,79.38,29.08M,-0.05%
24/03/25,79.45,79.42,79.5,79.35,36.39M,0.29%
21/03/25,79.22,79.27,79.31,79.07,35.12M,-0.15%
20/03/25,79.34,79.39,79.5,79.25,42.98M,-0.14%
19/03/25,79.45,78.96,79.54,78.96,45.21M,0.66%
18/03/25,78.93,79.01,79.07,78.93,40.20M,-0.18%
17/03/25,79.07,78.89,79.1,78.87,33.95M,0.24%
14/03/25,78.88,78.83,78.97,78.71,51.47M,0.46%
13/03/25,78.52,78.86,78.87,78.49,81.22M,-0.56%
12/03/25,78.96,79.06,79.11,78.88,53.76M,0.11%
11/03/25,78.87,79.21,79.26,78.8,75.83M,-0.35%
10/03/25,79.15,79.3,79.38,79.14,57.60M,-0.38%
07/03/25,79.45,79.35,79.51,79.33,52.83M,0.16%
06/03/25,79.32,79.43,79.5,79.28,50.43M,-0.38%
05/03/25,79.62,79.45,79.68,79.44,32.30M,0.05%
04/03/25,79.58,79.51,79.64,79.31,66.27M,-0.01%
03/03/25,79.59,79.69,79.75,79.51,40.73M,-0.67%
28/02/25,80.13,79.99,80.13,79.93,44.32M,0.28%
27/02/25,79.91,80.05,80.08,79.87,40.52M,-0.19%
26/02/25,80.06,80,80.08,79.97,21.78M,0.14%
25/02/25,79.95,79.95,79.98,79.84,30.60M,0.25%
24/02/25,79.75,79.67,79.84,79.64,21.03M,0.13%
21/02/25,79.65,79.77,79.86,79.65,32.02M,-0.19%
20/02/25,79.8,79.74,79.82,79.68,25.79M,0.06%
19/02/25,79.75,79.64,79.76,79.56,38.96M,0.08%
18/02/25,79.69,79.75,79.81,79.64,23.27M,-0.09%
14/02/25,79.76,79.79,79.89,79.72,26.67M,0.11%
13/02/25,79.67,79.43,79.7,79.38,36.15M,0.45%
12/02/25,79.31,79.21,79.43,79.15,34.36M,-0.21%
11/02/25,79.48,79.53,79.53,79.4,24.41M,-0.04%
10/02/25,79.51,79.54,79.59,79.47,23.38M,0.20%
07/02/25,79.35,79.56,79.58,79.34,28.78M,-0.31%
06/02/25,79.6,79.72,79.79,79.58,24.22M,-0.15%
05/02/25,79.72,79.54,79.77,79.54,31.83M,0.26%
04/02/25,79.51,79.3,79.51,79.23,28.94M,0.32%
03/02/25,79.26,79.17,79.37,79.04,29.97M,-0.58%
31/01/25,79.72,79.9,79.97,79.67,37.10M,-0.20%
30/01/25,79.88,79.94,79.94,79.79,34.50M,0.19%
29/01/25,79.73,79.76,79.83,79.62,20.07M,-0.06%
28/01/25,79.78,79.77,79.81,79.67,30.44M,-0.04%
27/01/25,79.81,79.67,79.86,79.61,28.54M,0.08%
24/01/25,79.75,79.7,79.83,79.65,23.65M,0.11%
23/01/25,79.66,79.52,79.67,79.44,27.43M,0.13%
22/01/25,79.56,79.7,79.72,79.52,25.03M,-0.14%
21/01/25,79.67,79.61,79.7,79.6,32.96M,0.26%
17/01/25,79.46,79.49,79.52,79.39,29.55M,0.09%
16/01/25,79.39,79.21,79.41,79.12,32.36M,0.11%
15/01/25,79.3,79.16,79.31,79.06,53.57M,0.88%
14/01/25,78.61,78.69,78.73,78.55,29.58M,0.13%
13/01/25,78.51,78.49,78.56,78.37,39.18M,-0.03%
10/01/25,78.53,78.8,78.8,78.5,37.42M,-0.52%
08/01/25,78.94,78.85,78.99,78.76,35.30M,0.13%
07/01/25,78.84,79.14,79.22,78.82,43.79M,-0.33%
06/01/25,79.1,79.15,79.19,79.01,32.11M,0.18%
03/01/25,78.96,78.99,79.03,78.93,32.61M,0.15%
02/01/25,78.84,78.88,78.95,78.72,30.42M,0.24%
31/12/24,78.65,78.78,78.84,78.55,18.66M,-0.01%
30/12/24,78.66,78.58,78.74,78.5,20.66M,0.14%
27/12/24,78.55,78.74,78.76,78.53,20.63M,-0.34%
26/12/24,78.82,78.51,78.82,78.47,18.38M,0.25%
24/12/24,78.62,78.4,78.64,78.35,11.93M,0.32%
23/12/24,78.37,78.65,78.69,78.37,29.24M,-0.27%
20/12/24,78.58,78,78.67,78,63.28M,0.63%
19/12/24,78.09,78.45,78.51,78.09,69.01M,-0.10%
18/12/24,78.17,79.14,79.14,78.15,80.03M,-1.54%
17/12/24,79.39,79.41,79.5,79.39,29.04M,-0.21%
16/12/24,79.56,79.55,79.62,79.48,22.27M,0.19%
13/12/24,79.41,79.71,79.71,79.38,34.20M,-0.29%
12/12/24,79.64,79.81,79.99,79.63,29.08M,-0.28%
11/12/24,79.86,79.94,79.95,79.83,24.73M,0.03%
10/12/24,79.84,79.94,79.94,79.74,27.20M,0.05%
09/12/24,79.8,79.9,79.94,79.78,22.10M,-0.13%
06/12/24,79.9,79.89,80,79.85,29.93M,0.16%
05/12/24,79.77,79.79,79.82,79.71,23.11M,-0.09%
04/12/24,79.84,79.71,79.84,79.64,22.73M,0.24%
03/12/24,79.65,79.72,79.74,79.61,24.87M,0.00%
02/12/24,79.65,79.93,79.93,79.53,32.39M,-0.49%
29/11/24,80.04,80.01,80.07,79.89,25.04M,0.20%
27/11/24,79.88,79.71,79.88,79.69,30.24M,0.30%
26/11/24,79.64,79.8,79.8,79.57,41.10M,-0.19%
25/11/24,79.79,79.72,79.85,79.72,35.00M,0.38%
22/11/24,79.49,79.5,79.59,79.45,29.56M,-0.03%
21/11/24,79.51,79.54,79.64,79.47,28.04M,0.04%
20/11/24,79.48,79.49,79.5,79.39,19.93M,-0.03%
19/11/24,79.5,79.32,79.57,79.3,34.52M,0.15%
18/11/24,79.38,79.27,79.39,79.19,27.83M,0.19%
15/11/24,79.23,79.19,79.28,79.05,33.71M,-0.01%
14/11/24,79.24,79.46,79.53,79.24,32.75M,-0.21%
13/11/24,79.41,79.59,79.6,79.38,33.87M,0.03%
12/11/24,79.39,79.61,79.7,79.33,44.59M,-0.40%
11/11/24,79.71,79.79,79.82,79.71,11.01M,-0.11%
08/11/24,79.8,79.78,79.83,79.67,30.54M,0.16%
07/11/24,79.67,79.3,79.7,79.25,51.33M,0.43%
06/11/24,79.33,79.22,79.36,79.08,43.17M,0.18%
05/11/24,79.19,78.94,79.2,78.94,31.61M,0.28%
04/11/24,78.97,79.05,79.1,78.89,27.29M,0.28%
01/11/24,78.75,79.03,79.08,78.73,44.05M,-0.49%
31/10/24,79.14,79.38,79.38,79.14,43.19M,-0.28%
30/10/24,79.36,79.49,79.65,79.33,28.73M,-0.18%
29/10/24,79.5,79.25,79.52,79.23,42.99M,0.03%
28/10/24,79.48,79.42,79.52,79.38,31.85M,0.25%
25/10/24,79.28,79.46,79.55,79.25,35.59M,-0.10%
24/10/24,79.36,79.3,79.42,79.21,30.16M,0.29%
23/10/24,79.13,79.26,79.3,79.07,39.76M,-0.30%
22/10/24,79.37,79.43,79.46,79.28,35.47M,-0.14%
21/10/24,79.48,79.66,79.71,79.4,36.34M,-0.40%
18/10/24,79.8,79.7,79.8,79.65,28.91M,0.24%
17/10/24,79.61,79.77,79.8,79.48,46.60M,-0.15%
16/10/24,79.73,79.7,79.81,79.65,31.63M,0.18%
15/10/24,79.59,79.6,79.72,79.58,31.13M,-0.03%
14/10/24,79.61,79.62,79.63,79.4,12.07M,0.05%
11/10/24,79.57,79.34,79.59,79.34,26.97M,0.26%
10/10/24,79.36,79.4,79.4,79.25,30.09M,-0.05%
09/10/24,79.4,79.44,79.48,79.34,42.43M,-0.06%
08/10/24,79.45,79.37,79.46,79.3,40.95M,0.24%
07/10/24,79.26,79.54,79.54,79.25,69.20M,-0.43%
04/10/24,79.6,79.68,79.71,79.54,40.12M,-0.11%
03/10/24,79.69,79.78,79.81,79.63,31.15M,-0.24%
02/10/24,79.88,79.78,79.88,79.69,41.21M,0.01%
01/10/24,79.87,79.99,80,79.79,45.99M,-0.54%
30/09/24,80.3,80.33,80.37,80.18,33.01M,-0.07%
27/09/24,80.36,80.22,80.37,80.2,36.71M,0.25%
26/09/24,80.16,80.19,80.19,80.02,32.73M,0.16%
25/09/24,80.03,80.08,80.11,80.02,28.90M,-0.11%
24/09/24,80.12,80.12,80.18,80,28.67M,0.01%
23/09/24,80.11,80.19,80.21,80.08,29.05M,-0.19%
20/09/24,80.26,80.16,80.26,80,43.63M,0.12%
19/09/24,80.16,80.29,80.33,80.09,48.79M,0.30%
18/09/24,79.92,79.88,80.28,79.79,39.55M,0.09%
17/09/24,79.85,79.9,79.94,79.79,27.42M,0.03%
16/09/24,79.83,79.66,79.9,79.64,31.40M,0.25%
13/09/24,79.63,79.52,79.68,79.5,31.81M,0.28%
12/09/24,79.41,79.25,79.49,79.21,28.51M,0.14%
11/09/24,79.3,79.09,79.31,78.97,42.34M,0.15%
10/09/24,79.18,79.34,79.37,79.1,38.35M,-0.19%
09/09/24,79.33,79.27,79.38,79.16,24.82M,0.24%
06/09/24,79.14,79.27,79.38,78.99,49.89M,-0.13%
05/09/24,79.24,79.11,79.28,79.05,44.39M,0.34%
04/09/24,78.97,78.66,79.05,78.66,32.37M,0.37%
03/09/24,78.68,78.88,78.96,78.65,31.60M,-0.83%
30/08/24,79.34,79.42,79.42,79.24,27.63M,0.01%
29/08/24,79.33,79.33,79.36,79.23,18.35M,0.10%
28/08/24,79.25,79.31,79.32,79.18,22.35M,-0.05%
27/08/24,79.29,79.15,79.37,79.11,22.78M,0.06%
26/08/24,79.24,79.39,79.43,79.23,20.46M,-0.20%
23/08/24,79.4,79.18,79.4,79.08,32.59M,0.53%
22/08/24,78.98,79.08,79.09,78.89,29.29M,-0.13%
21/08/24,79.08,78.98,79.11,78.9,34.27M,0.23%
20/08/24,78.9,79.01,79.03,78.77,33.19M,-0.09%
19/08/24,78.97,78.81,79,78.75,29.60M,0.16%
16/08/24,78.84,78.55,78.88,78.54,33.68M,0.32%
15/08/24,78.59,78.56,78.62,78.45,39.41M,0.09%
14/08/24,78.52,78.36,78.55,78.3,36.09M,0.18%
13/08/24,78.38,78.11,78.39,78.09,37.31M,0.46%
12/08/24,78.02,78.04,78.04,77.87,33.88M,0.06%
09/08/24,77.97,78.02,78.09,77.83,29.76M,-0.01%
08/08/24,77.98,77.9,78.02,77.79,31.53M,0.41%
07/08/24,77.66,77.98,78.01,77.61,56.11M,0.19%
06/08/24,77.51,77.48,77.81,77.17,60.11M,0.38%
05/08/24,77.22,76.64,77.38,76.58,103.82M,-0.62%
02/08/24,77.7,77.81,77.96,77.61,71.58M,-0.33%
01/08/24,77.96,78.19,78.29,77.94,51.32M,-0.74%
31/07/24,78.54,78.47,78.6,78.36,50.71M,0.36%
30/07/24,78.26,78.33,78.35,78.12,33.65M,0.05%
29/07/24,78.22,78.4,78.44,78.14,28.47M,-0.09%
26/07/24,78.29,78.37,78.37,78.21,23.68M,0.32%
25/07/24,78.04,78.08,78.33,78.04,35.41M,0.01%
24/07/24,78.03,78.2,78.31,78.01,37.61M,-0.32%
23/07/24,78.28,78.26,78.42,78.23,28.83M,0.01%
22/07/24,78.27,78.17,78.28,78.11,32.38M,0.37%
19/07/24,77.98,78.12,78.13,77.88,36.13M,-0.08%
18/07/24,78.04,78.24,78.27,77.97,42.51M,-0.20%
17/07/24,78.2,78.06,78.25,78.03,32.75M,-0.11%
16/07/24,78.29,78.07,78.33,78,41.38M,0.38%
15/07/24,77.99,78.04,78.07,77.9,23.24M,0.01%
12/07/24,77.98,77.79,78.02,77.79,31.69M,0.26%
11/07/24,77.78,77.76,77.84,77.71,44.93M,0.36%
10/07/24,77.5,77.41,77.51,77.37,25.36M,0.23%
09/07/24,77.32,77.41,77.41,77.23,19.15M,-0.12%
08/07/24,77.41,77.41,77.48,77.31,26.96M,-0.03%
05/07/24,77.43,77.28,77.45,77.24,25.94M,0.30%
03/07/24,77.2,76.92,77.2,76.92,22.07M,0.35%
02/07/24,76.93,76.73,76.95,76.69,30.42M,0.27%
01/07/24,76.72,76.87,76.92,76.69,31.11M,-0.54%
28/06/24,77.14,77.38,77.52,77.14,34.95M,-0.25%
27/06/24,77.33,77.2,77.33,77.18,29.40M,0.12%
26/06/24,77.24,77.26,77.27,77.17,29.28M,-0.22%
25/06/24,77.41,77.36,77.42,77.28,27.58M,0.13%
24/06/24,77.31,77.36,77.51,77.31,28.77M,-0.10%
21/06/24,77.39,77.29,77.41,77.21,29.15M,0.12%
20/06/24,77.3,77.32,77.34,77.14,26.99M,-0.06%
18/06/24,77.35,77.2,77.41,77.18,46.85M,0.31%
17/06/24,77.11,76.94,77.19,76.84,33.17M,0.06%
14/06/24,77.06,77.11,77.18,76.95,52.95M,-0.39%
13/06/24,77.36,77.55,77.55,77.26,38.53M,-0.01%
12/06/24,77.37,77.59,77.64,77.35,51.78M,0.40%
11/06/24,77.06,76.92,77.07,76.85,25.34M,0.13%
10/06/24,76.96,76.81,76.97,76.76,24.90M,0.09%
07/06/24,76.89,76.79,76.94,76.75,32.50M,-0.26%
06/06/24,77.09,77.18,77.18,77.04,24.40M,-0.17%
05/06/24,77.22,77.12,77.22,76.96,29.79M,0.32%
04/06/24,76.97,76.92,77.1,76.91,39.23M,-0.05%
03/06/24,77.01,76.87,77.01,76.84,36.79M,-0.16%
31/05/24,77.13,76.92,77.15,76.92,45.38M,0.35%
30/05/24,76.86,76.63,76.88,76.63,44.21M,0.40%
29/05/24,76.55,76.54,76.65,76.52,38.80M,-0.30%
28/05/24,76.78,77.17,77.19,76.76,27.77M,-0.40%
24/05/24,77.09,76.94,77.11,76.84,20.49M,0.35%
23/05/24,76.82,77.17,77.22,76.79,36.46M,-0.35%
22/05/24,77.09,77.15,77.19,77.02,31.11M,-0.22%
21/05/24,77.26,77.27,77.4,77.25,20.30M,-0.08%
20/05/24,77.32,77.23,77.32,77.2,18.66M,0.05%
17/05/24,77.28,77.22,77.31,77.16,31.55M,0.01%
16/05/24,77.27,77.46,77.46,77.26,31.75M,-0.23%
15/05/24,77.45,77.25,77.46,77.19,56.54M,0.58%
14/05/24,77,76.92,77.03,76.9,27.29M,0.16%
13/05/24,76.88,77.06,77.06,76.85,22.11M,-0.03%
10/05/24,76.9,77.01,77.03,76.81,24.63M,-0.16%
09/05/24,77.02,76.96,77.06,76.86,24.59M,0.03%
08/05/24,77,76.99,77.06,76.95,22.96M,-0.23%
07/05/24,77.18,77.26,77.28,77.03,34.06M,0.01%
06/05/24,77.17,77.17,77.23,77.12,29.55M,0.12%
03/05/24,77.08,77.15,77.39,76.94,44.20M,0.42%
02/05/24,76.76,76.48,76.78,76.33,41.50M,0.62%
01/05/24,76.29,75.95,76.63,75.93,71.48M,0.00%
30/04/24,76.29,76.6,76.76,76.29,49.94M,-0.73%
29/04/24,76.85,76.72,76.85,76.67,33.16M,0.30%
26/04/24,76.62,76.37,76.66,76.37,34.50M,0.31%
25/04/24,76.38,76.08,76.4,75.91,46.37M,-0.21%
24/04/24,76.54,76.67,76.7,76.37,40.50M,-0.22%
23/04/24,76.71,76.47,76.76,76.38,43.55M,0.41%
22/04/24,76.4,76.14,76.43,76.11,40.77M,0.55%
19/04/24,75.98,75.91,76.08,75.9,54.74M,0.18%
18/04/24,75.84,75.78,75.89,75.64,40.29M,0.08%
17/04/24,75.78,75.89,76.04,75.71,48.16M,0.13%
16/04/24,75.68,75.91,75.91,75.59,55.75M,-0.33%
15/04/24,75.93,76.45,76.45,75.84,55.56M,-0.58%
12/04/24,76.37,76.38,76.42,76.25,41.44M,-0.05%
11/04/24,76.41,76.51,76.56,76.21,50.84M,-0.09%
10/04/24,76.48,76.65,76.76,76.3,76.62M,-0.88%
09/04/24,77.16,77.12,77.23,77.02,32.22M,0.21%
08/04/24,77,76.83,77.04,76.78,31.07M,0.23%
05/04/24,76.82,76.83,76.93,76.79,30.86M,-0.09%
04/04/24,76.89,77.11,77.22,76.78,36.06M,-0.08%
03/04/24,76.95,76.78,76.99,76.71,29.54M,0.08%
02/04/24,76.89,76.76,76.91,76.72,45.55M,-0.17%
01/04/24,77.02,77.35,77.35,76.99,47.86M,-0.91%
28/03/24,77.73,77.8,77.92,77.72,31.55M,-0.22%
27/03/24,77.9,77.68,77.9,77.6,28.89M,0.53%
26/03/24,77.49,77.67,77.68,77.47,28.52M,-0.12%
25/03/24,77.58,77.56,77.67,77.54,29.37M,-0.15%
22/03/24,77.7,77.81,77.89,77.66,26.96M,-0.10%
21/03/24,77.78,77.95,77.96,77.68,34.69M,-0.05%
20/03/24,77.82,77.54,77.85,77.47,36.89M,0.34%
19/03/24,77.56,77.23,77.58,77.22,41.84M,0.40%
18/03/24,77.25,77.27,77.32,77.18,34.65M,0.23%
15/03/24,77.07,77.08,77.24,76.96,53.99M,-0.06%
14/03/24,77.12,77.47,77.51,77.03,46.68M,-0.48%
13/03/24,77.49,77.4,77.68,77.4,28.48M,0.04%
12/03/24,77.46,77.51,77.51,77.26,33.35M,0.09%
11/03/24,77.39,77.34,77.43,77.3,27.18M,-0.01%
08/03/24,77.4,77.49,77.73,77.39,38.32M,0.03%
07/03/24,77.38,77.49,77.51,77.32,30.39M,0.12%
06/03/24,77.29,77.3,77.41,77.18,34.34M,0.25%
05/03/24,77.1,77.16,77.35,77.06,38.08M,-0.08%
04/03/24,77.16,77.12,77.23,77.03,21.61M,-0.03%
01/03/24,77.18,76.93,77.21,76.78,39.34M,-0.19%
29/02/24,77.33,77.3,77.47,77.24,43.32M,0.18%
28/02/24,77.19,77.15,77.28,77.1,24.67M,-0.01%
27/02/24,77.2,77.15,77.2,77.05,30.93M,0.13%
26/02/24,77.1,77.32,77.35,77.07,32.80M,-0.32%
23/02/24,77.35,77.37,77.46,77.29,24.69M,0.06%
22/02/24,77.3,77.15,77.31,77.1,45.45M,0.48%
21/02/24,76.93,77.06,77.12,76.82,38.72M,-0.18%
20/02/24,77.07,76.89,77.13,76.82,31.99M,0.21%
16/02/24,76.91,76.93,77.01,76.82,50.32M,-0.30%
15/02/24,77.14,77,77.23,76.94,44.32M,0.35%
14/02/24,76.87,76.79,76.99,76.73,38.60M,0.39%
13/02/24,76.57,76.67,76.8,76.44,69.90M,-0.80%
12/02/24,77.19,77.33,77.46,77.17,36.25M,-0.22%
09/02/24,77.36,77.25,77.41,77.14,33.95M,0.21%
08/02/24,77.2,77.18,77.3,77.12,25.55M,-0.05%
07/02/24,77.24,77.27,77.3,77.02,42.95M,0.17%
06/02/24,77.11,76.87,77.22,76.87,32.95M,0.36%
05/02/24,76.83,76.95,77,76.66,51.91M,-0.47%
02/02/24,77.19,77.05,77.29,77.04,42.73M,-0.45%
01/02/24,77.54,77.33,77.61,77.11,48.02M,0.08%
31/01/24,77.48,77.7,77.9,77.43,55.55M,-0.28%
30/01/24,77.7,77.8,77.83,77.53,32.34M,-0.13%
29/01/24,77.8,77.66,77.82,77.57,25.92M,0.22%
26/01/24,77.63,77.65,77.77,77.59,26.23M,-0.08%
25/01/24,77.69,77.37,77.69,77.3,48.27M,0.77%
24/01/24,77.1,77.4,77.43,77.03,27.62M,-0.05%
23/01/24,77.14,77.19,77.25,77.03,24.56M,-0.12%
22/01/24,77.23,77.18,77.43,77.18,36.76M,0.08%
19/01/24,77.17,77.07,77.17,76.78,44.36M,0.17%
18/01/24,77.04,76.99,77.05,76.85,34.84M,0.21%
17/01/24,76.88,77.08,77.08,76.73,54.16M,-0.43%
16/01/24,77.21,77.55,77.55,77.13,43.67M,-0.63%
12/01/24,77.7,77.68,77.92,77.63,31.16M,0.10%
11/01/24,77.62,77.35,77.63,77.17,35.95M,0.32%
10/01/24,77.37,77.41,77.49,77.28,35.70M,0.18%
09/01/24,77.23,77.01,77.32,76.96,25.59M,0.16%
08/01/24,77.11,76.7,77.17,76.7,33.48M,0.56%
05/01/24,76.68,76.6,77,76.55,31.16M,0.08%
04/01/24,76.62,76.81,76.9,76.6,32.86M,-0.39%
03/01/24,76.92,76.72,77.08,76.55,39.50M,-0.27%
02/01/24,77.13,77.13,77.24,77.04,41.55M,-0.34%
29/12/23,77.39,77.67,77.86,77.39,36.99M,-0.39%
28/12/23,77.69,77.9,77.91,77.54,22.65M,-0.32%
27/12/23,77.94,77.67,78.08,77.61,22.84M,0.41%
26/12/23,77.62,77.5,77.63,77.48,12.37M,0.19%
22/12/23,77.47,77.69,77.75,77.42,18.05M,-0.12%
21/12/23,77.56,77.51,77.63,77.32,22.86M,0.45%
20/12/23,77.21,77.29,77.54,77.17,38.38M,0.01%
19/12/23,77.2,77.07,77.29,77.04,25.27M,0.29%
18/12/23,76.98,77.08,77.08,76.73,34.79M,0.06%
15/12/23,76.93,77.03,77.35,76.75,36.34M,-0.22%
14/12/23,77.1,77.13,77.38,76.95,67.22M,-0.05%
13/12/23,77.14,76.1,77.15,76.06,64.20M,1.53%
12/12/23,75.98,75.77,76.01,75.6,29.20M,0.22%
11/12/23,75.81,75.8,75.82,75.57,30.14M,-0.07%
08/12/23,75.86,75.81,75.91,75.67,30.12M,-0.20%
07/12/23,76.01,75.99,76.14,75.92,27.78M,0.17%
06/12/23,75.88,75.96,76.03,75.83,21.30M,0.01%
05/12/23,75.87,75.67,75.96,75.67,32.47M,0.09%
04/12/23,75.8,75.55,75.85,75.55,33.11M,-0.25%
01/12/23,75.99,75.29,76.01,75.2,60.32M,0.37%
30/11/23,75.71,75.82,75.86,75.48,55.05M,-0.18%
29/11/23,75.85,75.74,76.04,75.71,48.82M,0.54%
28/11/23,75.44,75.1,75.47,75.05,44.03M,0.44%
27/11/23,75.11,75,75.2,74.93,31.01M,0.15%
24/11/23,75,75.02,75.03,74.95,8.54M,-0.11%
22/11/23,75.08,75.05,75.16,74.88,40.87M,0.17%
21/11/23,74.95,74.8,74.97,74.8,29.49M,0.13%
20/11/23,74.85,74.65,74.95,74.65,30.85M,0.11%
17/11/23,74.77,74.61,74.77,74.48,44.29M,0.23%
16/11/23,74.6,74.53,74.67,74.45,50.99M,0.13%
15/11/23,74.5,74.61,74.71,74.43,44.02M,-0.32%
14/11/23,74.74,74.62,74.93,74.62,68.21M,1.01%
13/11/23,73.99,73.79,74.06,73.79,37.53M,-0.09%
10/11/23,74.06,73.91,74.1,73.87,35.56M,0.49%
09/11/23,73.7,74.05,74.19,73.68,62.86M,-0.62%
08/11/23,74.16,74.1,74.23,74.06,41.14M,0.05%
07/11/23,74.12,74.06,74.21,73.89,50.46M,0.01%
06/11/23,74.11,74.24,74.39,74.04,93.90M,-0.40%
03/11/23,74.41,74.15,74.46,74,88.76M,0.98%
02/11/23,73.69,73.33,73.79,73.32,68.93M,1.13%
01/11/23,72.87,72.28,72.87,72.28,59.31M,0.41%
31/10/23,72.57,72.41,72.8,72.38,42.19M,0.26%
30/10/23,72.38,72.35,72.5,72.27,29.09M,0.03%
27/10/23,72.36,72.52,72.61,72.23,35.62M,-0.12%
26/10/23,72.45,72.21,72.58,72.1,45.23M,0.35%
25/10/23,72.2,72.41,72.47,72.12,42.52M,-0.54%
24/10/23,72.59,72.41,72.62,72.33,46.43M,0.51%
23/10/23,72.22,71.77,72.42,71.68,47.51M,0.40%
20/10/23,71.93,71.86,72.09,71.82,64.85M,0.21%
19/10/23,71.78,72.04,72.4,71.78,70.97M,-0.36%
18/10/23,72.04,72.31,72.46,71.99,58.31M,-0.48%
17/10/23,72.39,72.42,72.61,72.29,50.95M,-0.47%
16/10/23,72.73,72.72,72.91,72.67,39.35M,-0.03%
13/10/23,72.75,73.01,73.24,72.68,54.19M,-0.08%
12/10/23,72.81,73.17,73.17,72.59,60.37M,-0.53%
11/10/23,73.2,73.35,73.43,72.88,53.33M,-0.01%
10/10/23,73.21,73.04,73.44,72.95,50.76M,-0.03%
09/10/23,73.23,72.7,73.24,72.7,27.28M,0.74%
06/10/23,72.69,72.3,72.82,72.1,52.74M,0.14%
05/10/23,72.59,72.47,72.68,72.4,56.14M,0.10%
04/10/23,72.52,72.32,72.63,72.12,138.97M,0.51%
03/10/23,72.15,72.6,72.79,72.12,77.75M,-1.02%
02/10/23,72.89,73.1,73.24,72.8,69.26M,-1.13%
29/09/23,73.72,74.14,74.21,73.71,51.70M,-0.15%
28/09/23,73.83,73.35,73.86,73.31,45.78M,0.48%
27/09/23,73.48,73.79,73.85,73.35,45.53M,-0.14%
26/09/23,73.58,73.84,73.89,73.53,39.19M,-0.43%
25/09/23,73.9,73.81,74.03,73.73,30.20M,-0.14%
22/09/23,74,74.02,74.27,73.99,36.66M,0.18%
21/09/23,73.87,74.1,74.16,73.87,43.33M,-0.71%
20/09/23,74.4,74.63,74.76,74.39,26.72M,-0.08%
19/09/23,74.46,74.53,74.64,74.41,33.94M,-0.31%
18/09/23,74.69,74.55,74.76,74.55,19.55M,0.07%
15/09/23,74.64,74.7,74.85,74.64,41.64M,-0.37%
14/09/23,74.92,74.91,75,74.83,29.58M,0.12%
13/09/23,74.83,74.6,74.91,74.6,27.50M,0.27%
12/09/23,74.63,74.56,74.75,74.56,21.67M,-0.16%
11/09/23,74.75,74.72,74.75,74.57,29.16M,0.17%
08/09/23,74.62,74.8,74.88,74.56,26.39M,-0.04%
07/09/23,74.65,74.28,74.69,74.28,28.76M,0.34%
06/09/23,74.4,74.51,74.55,74.25,30.80M,-0.24%
05/09/23,74.58,74.96,74.96,74.52,29.50M,-0.65%
01/09/23,75.07,75.19,75.24,74.85,33.21M,-0.28%
31/08/23,75.28,75.27,75.38,75.15,30.82M,-0.07%
30/08/23,75.33,75.36,75.48,75.26,29.46M,-0.04%
29/08/23,75.36,74.81,75.36,74.78,42.18M,0.63%
28/08/23,74.89,74.9,74.93,74.69,21.46M,0.38%
25/08/23,74.61,74.32,74.7,74.26,31.15M,0.42%
24/08/23,74.3,74.72,74.72,74.22,34.34M,-0.55%
23/08/23,74.71,74.4,74.82,74.39,33.38M,0.81%
22/08/23,74.11,74.23,74.25,74.05,18.14M,0.05%
21/08/23,74.07,74.08,74.14,73.84,30.77M,-0.03%
18/08/23,74.09,73.89,74.32,73.86,44.13M,0.07%
17/08/23,74.04,74.39,74.42,73.86,38.55M,-0.42%
16/08/23,74.35,74.55,74.75,74.35,31.76M,-0.31%
15/08/23,74.58,74.62,74.79,74.55,32.97M,-0.32%
14/08/23,74.82,74.7,74.93,74.57,28.55M,-0.01%
11/08/23,74.83,74.68,74.86,74.58,23.33M,-0.15%
10/08/23,74.94,75.01,75.35,74.74,43.70M,-0.03%
09/08/23,74.96,74.96,75.05,74.8,27.57M,0.01%
08/08/23,74.95,74.74,75,74.66,32.33M,0.21%
07/08/23,74.79,74.79,74.83,74.6,19.41M,0.19%
04/08/23,74.65,74.65,74.94,74.57,37.41M,0.59%
03/08/23,74.21,74.21,74.36,74.09,30.35M,-0.32%
02/08/23,74.45,74.45,74.52,74.26,37.50M,-0.43%
01/08/23,74.77,74.96,74.96,74.68,34.54M,-0.97%
31/07/23,75.5,75.42,75.6,75.38,30.74M,0.24%
28/07/23,75.32,75.21,75.38,75.14,27.59M,0.57%
27/07/23,74.89,75.63,75.69,74.73,48.68M,-0.79%
26/07/23,75.49,75.16,75.56,75.12,33.07M,0.40%
25/07/23,75.19,75.16,75.27,75.06,30.07M,-0.07%
24/07/23,75.24,75.43,75.54,75.22,20.93M,-0.17%
21/07/23,75.37,75.2,75.49,75.2,37.45M,0.25%
20/07/23,75.18,75.21,75.3,74.98,27.03M,-0.44%
19/07/23,75.51,75.59,75.65,75.46,26.79M,0.08%
18/07/23,75.45,75.3,75.55,75.27,25.99M,0.28%
17/07/23,75.24,75.06,75.36,75,28.84M,0.19%
14/07/23,75.1,75.57,75.63,75.05,36.08M,-0.73%
13/07/23,75.65,75.5,75.73,75.41,33.95M,0.60%
12/07/23,75.2,75.09,75.31,75.02,42.82M,0.78%
11/07/23,74.62,74.41,74.62,74.29,32.00M,0.54%
10/07/23,74.22,73.92,74.3,73.91,45.52M,0.50%
07/07/23,73.85,73.76,74.33,73.73,42.27M,0.09%
06/07/23,73.78,73.78,73.86,73.58,52.25M,-0.73%
05/07/23,74.32,74.52,74.54,74.2,37.95M,-0.31%
03/07/23,74.55,74.68,74.69,74.52,13.05M,-0.69%
30/06/23,75.07,74.96,75.24,74.89,35.84M,0.48%
29/06/23,74.71,74.64,74.72,74.43,41.71M,-0.27%
28/06/23,74.91,74.47,74.91,74.42,35.68M,0.58%
27/06/23,74.48,74.31,74.55,74.29,31.71M,0.34%
26/06/23,74.23,74.2,74.33,74.09,36.11M,0.05%
23/06/23,74.19,74.21,74.26,74,33.81M,-0.17%
22/06/23,74.32,74.37,74.48,74.3,31.50M,-0.30%
21/06/23,74.54,74.58,74.7,74.39,39.75M,-0.25%
20/06/23,74.73,74.81,74.93,74.73,31.93M,-0.27%
16/06/23,74.93,75.09,75.11,74.9,47.56M,-0.25%
15/06/23,75.12,74.86,75.14,74.82,42.41M,0.48%
14/06/23,74.76,74.8,74.99,74.41,32.86M,0.04%
13/06/23,74.73,74.83,74.94,74.62,39.43M,0.12%
12/06/23,74.64,74.79,74.8,74.48,30.63M,-0.11%
09/06/23,74.72,74.76,74.86,74.69,27.02M,0.03%
08/06/23,74.7,74.23,74.74,74.23,33.99M,0.63%
07/06/23,74.23,74.7,74.79,74.14,32.34M,-0.55%
06/06/23,74.64,74.45,74.66,74.32,23.01M,0.16%
05/06/23,74.52,74.52,74.55,74.34,27.24M,-0.08%
02/06/23,74.58,74.46,74.76,74.3,49.95M,0.51%
01/06/23,74.2,73.8,74.31,73.78,42.43M,0.12%
31/05/23,74.11,74.14,74.25,73.95,43.39M,-0.31%
30/05/23,74.34,74.35,74.35,74.09,27.48M,0.43%
26/05/23,74.02,73.65,74.11,73.62,23.55M,0.61%
25/05/23,73.57,73.89,73.9,73.55,21.46M,-0.07%
24/05/23,73.62,73.93,74.02,73.47,38.08M,-0.70%
23/05/23,74.14,74.39,74.48,74.07,32.42M,-0.52%
22/05/23,74.53,74.22,74.67,74.22,34.90M,0.44%
19/05/23,74.2,74.19,74.36,74.07,36.04M,0.11%
18/05/23,74.12,73.86,74.18,73.81,29.13M,0.05%
17/05/23,74.08,73.96,74.34,73.93,38.53M,0.27%
16/05/23,73.88,74.26,74.28,73.81,41.00M,-0.70%
15/05/23,74.4,74.43,74.49,74.3,19.76M,-0.03%
12/05/23,74.42,74.68,74.79,74.28,27.55M,-0.36%
11/05/23,74.69,74.74,74.77,74.61,25.27M,-0.16%
10/05/23,74.81,74.77,74.92,74.53,35.39M,0.61%
09/05/23,74.36,74.35,74.48,74.27,21.73M,-0.25%
08/05/23,74.55,74.7,74.7,74.38,18.37M,-0.28%
05/05/23,74.76,74.58,74.86,74.48,31.59M,0.54%
04/05/23,74.36,74.38,74.41,74.09,45.21M,-0.29%
03/05/23,74.58,74.7,75.04,74.56,33.18M,-0.05%
02/05/23,74.62,74.69,74.74,74.37,39.05M,-0.09%
01/05/23,74.69,74.93,75,74.53,37.75M,-0.89%
28/04/23,75.36,75.06,75.48,75.06,33.82M,0.43%
27/04/23,75.04,74.93,75.25,74.8,39.69M,0.33%
26/04/23,74.79,75.06,75.11,74.68,33.76M,-0.39%
25/04/23,75.08,75.16,75.29,75.01,34.58M,-0.16%
24/04/23,75.2,75.03,75.26,74.95,24.66M,0.28%
21/04/23,74.99,74.88,75.03,74.69,33.06M,0.31%
20/04/23,74.76,74.65,74.88,74.55,30.20M,-0.09%
19/04/23,74.83,74.83,74.99,74.78,26.98M,-0.40%
18/04/23,75.13,75.26,75.36,74.98,28.03M,0.07%
17/04/23,75.08,75.07,75.16,74.81,26.39M,-0.27%
14/04/23,75.28,75.4,75.55,75.08,43.77M,-0.19%
13/04/23,75.42,75.04,75.62,75.04,95.86M,0.68%
12/04/23,74.91,75.31,75.38,74.85,41.46M,-0.03%
11/04/23,74.93,74.77,75.1,74.71,28.88M,0.21%
10/04/23,74.77,74.58,74.81,74.41,28.60M,-0.09%
06/04/23,74.84,74.39,74.96,74.29,35.72M,0.44%
05/04/23,74.51,74.88,74.95,74.42,37.63M,-0.56%
04/04/23,74.93,75.15,75.26,74.85,46.14M,-0.29%
03/04/23,75.15,75.14,75.3,74.97,43.30M,-0.53%
31/03/23,75.55,74.97,75.65,74.95,54.22M,1.08%
30/03/23,74.74,74.47,74.75,74.27,37.13M,0.59%
29/03/23,74.3,73.65,74.31,73.65,44.46M,1.25%
28/03/23,73.38,73.28,73.47,73.14,38.28M,-0.05%
27/03/23,73.42,73.75,73.86,73.42,30.91M,-0.24%
24/03/23,73.6,73.45,73.69,73.39,44.23M,-0.20%
23/03/23,73.75,74.03,74.37,73.52,54.66M,-0.39%
22/03/23,74.04,73.98,74.79,73.71,55.26M,0.09%
21/03/23,73.97,73.65,74.07,73.5,38.20M,1.09%
20/03/23,73.17,73.23,73.56,73.07,38.54M,-0.27%
17/03/23,73.37,73.44,73.78,73.24,55.13M,-0.60%
16/03/23,73.81,73.13,73.95,73.02,62.17M,0.65%
15/03/23,73.33,72.81,73.4,72.61,81.45M,-0.33%
14/03/23,73.57,73.69,73.91,73.27,66.40M,0.73%
13/03/23,73.04,73.19,73.98,72.83,78.48M,-0.54%
10/03/23,73.44,73.48,73.95,73.17,81.52M,0.01%
09/03/23,73.43,73.91,74.22,73.35,52.67M,-0.56%
08/03/23,73.84,74.24,74.36,73.69,54.30M,-0.47%
07/03/23,74.19,74.73,74.77,74.18,40.22M,-0.71%
06/03/23,74.72,74.89,74.99,74.66,33.43M,0.00%
03/03/23,74.72,74.29,74.81,74.17,50.12M,1.03%
02/03/23,73.96,73.48,74.05,73.48,37.92M,0.12%
01/03/23,73.87,74.08,74.1,73.69,45.34M,-0.89%
28/02/23,74.53,74.64,74.64,74.42,32.81M,-0.19%
27/02/23,74.67,74.52,74.77,74.38,40.29M,0.67%
24/02/23,74.17,74,74.32,73.92,47.58M,-0.60%
23/02/23,74.62,74.23,74.73,74.13,47.91M,0.99%
22/02/23,73.89,73.6,74.19,73.6,70.09M,0.65%
21/02/23,73.41,73.85,74.03,73.11,98.78M,-1.54%
17/02/23,74.56,74.15,74.68,73.87,75.91M,0.39%
16/02/23,74.27,74.54,74.59,74.23,89.95M,-0.80%
15/02/23,74.87,74.72,74.88,74.58,44.90M,-0.16%
14/02/23,74.99,74.83,75.19,74.51,54.19M,0.03%
13/02/23,74.97,74.83,75.21,74.75,38.74M,0.25%
10/02/23,74.78,75.03,75.25,74.68,65.91M,-0.77%
09/02/23,75.36,76.11,76.11,75.29,42.58M,-0.65%
08/02/23,75.85,76.06,76.16,75.69,34.07M,-0.42%
07/02/23,76.17,75.83,76.36,75.78,37.10M,0.36%
06/02/23,75.9,76.06,76.1,75.79,40.94M,-0.64%
03/02/23,76.39,76.6,76.86,76.33,39.68M,-1.05%
02/02/23,77.2,77.32,77.34,77.07,56.40M,0.57%
01/02/23,76.76,75.98,76.98,75.78,46.90M,0.56%
31/01/23,76.33,75.94,76.36,75.92,41.01M,0.78%
30/01/23,75.74,75.88,76.03,75.72,32.00M,-0.55%
27/01/23,76.16,76.27,76.37,76.04,35.81M,-0.30%
26/01/23,76.39,76.36,76.47,76.09,25.51M,0.25%
25/01/23,76.2,75.96,76.28,75.88,25.86M,-0.01%
24/01/23,76.21,76.01,76.25,75.88,27.77M,0.07%
23/01/23,76.16,76.1,76.37,75.97,26.76M,-0.01%
20/01/23,76.17,76,76.17,75.73,36.63M,0.20%
19/01/23,76.02,76.21,76.33,75.95,50.07M,-0.59%
18/01/23,76.47,76.85,77.07,76.45,52.99M,0.12%
17/01/23,76.38,76.52,76.55,76.29,30.96M,-0.34%
13/01/23,76.64,76.26,76.77,76.21,26.30M,0.00%
12/01/23,76.64,76.4,76.7,76.05,29.40M,0.56%
11/01/23,76.21,76,76.25,75.85,31.83M,0.66%
10/01/23,75.71,75.76,75.87,75.53,35.70M,-0.12%
09/01/23,75.8,75.75,75.96,75.64,35.81M,0.36%
06/01/23,75.53,74.87,75.78,74.7,60.04M,1.42%
05/01/23,74.47,74.36,74.54,74.18,35.14M,-0.20%
04/01/23,74.62,74.26,74.66,73.99,37.12M,1.15%
03/01/23,73.77,74.11,74.19,73.66,28.79M,0.19%
30/12/22,73.63,73.32,73.67,73.28,15.17M,0.08%
29/12/22,73.57,72.92,73.62,72.75,33.38M,1.29%
28/12/22,72.63,73.74,73.83,72.59,41.06M,-1.34%
27/12/22,73.62,74.32,74.37,73.58,22.11M,-1.04%
23/12/22,74.39,74.08,74.45,73.95,13.20M,0.26%
22/12/22,74.2,74.37,74.49,73.92,26.89M,-0.62%
21/12/22,74.66,74.4,74.79,74.34,23.21M,0.85%
20/12/22,74.03,73.85,74.19,73.69,32.92M,-0.26%
19/12/22,74.22,74.31,74.46,74.06,24.14M,-0.51%
16/12/22,74.6,74.57,74.81,74.41,38.20M,-0.53%
15/12/22,75,74.91,75.11,74.63,41.67M,-0.90%
14/12/22,75.68,76.01,76.21,75.21,57.18M,-0.56%
13/12/22,76.11,76.61,76.7,75.69,45.92M,1.04%
12/12/22,75.33,75.21,75.4,75.1,22.42M,0.39%
09/12/22,75.04,74.82,75.32,74.82,20.69M,0.00%
08/12/22,75.04,75.07,75.14,74.8,23.84M,0.08%
07/12/22,74.98,74.55,75.07,74.55,24.61M,0.55%
06/12/22,74.57,74.87,75,74.43,24.98M,-0.36%
05/12/22,74.84,75.28,75.29,74.69,29.74M,-0.95%
02/12/22,75.56,74.99,75.59,74.99,27.54M,-0.08%
01/12/22,75.62,75.57,75.66,75.18,42.13M,-0.05%
30/11/22,75.66,74.6,75.69,74.39,41.70M,1.50%
29/11/22,74.54,74.22,74.6,74.08,27.16M,0.43%
28/11/22,74.22,74.8,74.93,74.19,31.67M,-1.05%
25/11/22,75.01,75.15,75.18,74.89,9.47M,-0.20%
23/11/22,75.16,74.68,75.29,74.66,30.32M,0.56%
22/11/22,74.74,74.34,74.79,74.25,24.57M,0.73%
21/11/22,74.2,74.15,74.35,74.02,19.07M,-0.04%
18/11/22,74.23,74.46,74.46,74.01,31.66M,0.22%
17/11/22,74.07,73.81,74.17,73.73,34.34M,-0.43%
16/11/22,74.39,74.49,74.57,74.31,30.79M,-0.21%
15/11/22,74.55,74.64,74.7,74.07,50.67M,0.88%
14/11/22,73.9,74.25,74.29,73.87,37.93M,-0.74%
11/11/22,74.45,74.22,74.69,73.93,20.93M,0.35%
10/11/22,74.19,73.98,74.27,73.46,67.17M,3.11%
09/11/22,71.95,72.6,72.74,71.82,45.73M,-1.19%
08/11/22,72.82,72.95,73.07,72.59,39.49M,-0.10%
07/11/22,72.89,73.05,73.11,72.68,24.91M,-0.01%
04/11/22,72.9,72.87,73.21,72.39,39.85M,0.69%
03/11/22,72.4,72.17,72.64,71.89,37.51M,-0.71%
02/11/22,72.92,73.56,74.29,72.88,50.66M,-0.91%
01/11/22,73.59,73.94,73.95,73.21,39.59M,0.22%
31/10/22,73.43,74.17,74.18,73.42,60.27M,-1.50%
28/10/22,74.55,74.25,74.69,74.12,123.45M,0.77%
27/10/22,73.98,73.62,74.14,73.36,49.48M,0.74%
26/10/22,73.44,73.06,73.71,72.95,50.55M,0.27%
25/10/22,73.24,72.72,73.25,72.7,37.46M,0.96%
24/10/22,72.54,72.56,72.73,72.16,29.55M,0.07%
21/10/22,72.49,71.59,72.58,71.56,60.21M,0.96%
20/10/22,71.8,72.21,72.75,71.73,47.28M,-0.55%
19/10/22,72.2,72.4,72.64,71.98,33.19M,-0.96%
18/10/22,72.9,73.13,73.31,72.58,37.65M,0.70%
17/10/22,72.39,72.15,72.6,72.14,33.82M,1.23%
14/10/22,71.51,72.19,72.37,71.33,37.15M,-0.32%
13/10/22,71.74,70.47,71.91,70.4,48.83M,0.22%
12/10/22,71.58,71.41,71.85,71.41,32.78M,0.17%
11/10/22,71.46,71.38,72.02,71.29,46.34M,0.31%
10/10/22,71.24,72.07,72.11,70.92,37.76M,-1.22%
07/10/22,72.12,72.57,72.77,72.1,33.98M,-1.22%
06/10/22,73.01,73.15,73.46,72.9,37.20M,-0.30%
05/10/22,73.23,72.92,73.4,72.61,47.83M,-0.39%
04/10/22,73.52,72.9,73.53,72.77,45.90M,2.15%
03/10/22,71.97,71.6,72.13,71.46,48.97M,0.81%
30/09/22,71.39,71.73,72.28,71.38,42.93M,-0.46%
29/09/22,71.72,71.93,71.97,71.32,38.07M,-0.94%
28/09/22,72.4,71.67,72.49,71.44,48.94M,1.79%
27/09/22,71.13,71.89,71.92,70.9,45.30M,-0.21%
26/09/22,71.28,71.92,72.18,71.26,42.29M,-1.18%
23/09/22,72.13,72.56,72.73,71.88,53.31M,-1.27%
22/09/22,73.06,73.25,73.39,72.79,47.73M,-0.60%
21/09/22,73.5,73.9,74.24,73.16,37.85M,-0.30%
20/09/22,73.72,74.02,74.07,73.67,32.77M,-1.02%
19/09/22,74.48,73.91,74.49,73.84,26.89M,0.38%
16/09/22,74.2,73.5,74.2,73.37,56.48M,0.34%
15/09/22,73.95,74.29,74.44,73.91,46.28M,-0.63%
14/09/22,74.42,74.36,74.9,74.31,29.67M,0.15%
13/09/22,74.31,74.98,75.17,74.28,47.11M,-2.28%
12/09/22,76.04,76.08,76.23,75.77,30.28M,0.30%
09/09/22,75.81,75.88,76.17,75.63,29.53M,0.40%
08/09/22,75.51,74.9,75.55,74.78,26.93M,0.44%
07/09/22,75.18,74.21,75.19,74.19,26.85M,1.44%
06/09/22,74.11,74.31,74.39,73.85,28.82M,-0.27%
02/09/22,74.31,75,75.07,74.23,22.36M,-0.07%
01/09/22,74.36,73.95,74.41,73.61,38.50M,-0.23%
31/08/22,74.53,74.97,75.12,74.51,39.16M,-0.55%
30/08/22,74.94,75.6,75.66,74.7,66.23M,-0.77%
29/08/22,75.52,75.35,75.77,75.26,28.02M,-0.38%
26/08/22,75.81,77.12,77.12,75.74,34.46M,-1.65%
25/08/22,77.08,76.58,77.14,76.45,20.08M,0.94%
24/08/22,76.36,76.24,76.5,76.16,16.92M,0.12%
23/08/22,76.27,76.1,76.4,75.83,33.24M,0.25%
22/08/22,76.08,76.36,76.4,76.01,42.01M,-1.13%
19/08/22,76.95,77.33,77.37,76.78,45.43M,-1.02%
18/08/22,77.74,77.81,77.88,77.66,19.09M,0.15%
17/08/22,77.62,77.88,78.04,77.59,28.77M,-1.03%
16/08/22,78.43,78.73,78.73,78.25,22.96M,-0.47%
15/08/22,78.8,78.82,79,78.64,18.44M,-0.18%
12/08/22,78.94,78.52,78.97,78.29,16.91M,0.89%
11/08/22,78.24,79.2,79.32,78.13,37.78M,-0.57%
10/08/22,78.69,78.52,78.77,78.39,38.12M,1.50%
09/08/22,77.53,77.93,77.96,77.5,24.68M,-0.74%
08/08/22,78.11,78.34,78.65,78.05,19.47M,0.09%
05/08/22,78.04,77.5,78.11,77.39,31.01M,-0.51%
04/08/22,78.44,78.34,78.45,78.11,24.39M,0.27%
03/08/22,78.23,77.78,78.25,77.57,35.52M,0.88%
02/08/22,77.55,77.77,77.86,77.5,40.60M,-0.46%
01/08/22,77.91,77.64,78.08,77.5,31.60M,-0.36%
29/07/22,78.19,77.96,78.35,77.75,33.61M,0.30%
28/07/22,77.96,77.54,78.02,77.23,42.34M,1.02%
27/07/22,77.17,76.67,77.47,76.67,35.08M,1.10%
26/07/22,76.33,76.62,76.71,76.28,24.15M,-0.70%
25/07/22,76.87,76.95,77.09,76.64,26.03M,-0.03%
22/07/22,76.89,77.11,77.54,76.65,51.06M,-0.13%
21/07/22,76.99,76.02,77.06,75.93,52.28M,1.18%
20/07/22,76.09,76.06,76.62,75.88,82.88M,0.44%
19/07/22,75.76,75.04,75.94,75.04,31.03M,1.32%
18/07/22,74.77,75.69,75.72,74.69,33.30M,-0.97%
15/07/22,75.5,74.77,75.5,74.76,48.36M,1.27%
14/07/22,74.55,74.08,74.63,73.61,53.95M,-0.19%
13/07/22,74.69,74,74.92,73.92,46.87M,-0.11%
12/07/22,74.77,74.56,74.9,74.5,24.04M,0.40%
11/07/22,74.47,74.8,74.92,74.45,28.21M,-0.56%
08/07/22,74.89,74.56,74.96,74.36,31.23M,0.08%
07/07/22,74.83,74.09,74.88,74.03,44.43M,1.63%
06/07/22,73.63,73.79,74,73.51,44.71M,-0.38%
05/07/22,73.91,73.51,73.98,73.03,38.32M,-0.09%
01/07/22,73.98,73.5,74.23,73.45,38.85M,0.50%
30/06/22,73.61,73.33,73.82,73.06,45.14M,-0.05%
29/06/22,73.65,73.72,73.79,73.43,36.81M,-0.15%
28/06/22,73.76,74.69,74.79,73.75,39.30M,-1.10%
27/06/22,74.58,75.1,75.1,74.58,25.66M,-0.61%
24/06/22,75.04,74.75,75.36,74.59,38.20M,0.71%
23/06/22,74.51,74.19,74.58,74.07,30.96M,0.72%
22/06/22,73.98,73.87,74.25,73.81,38.20M,-0.03%
21/06/22,74,74.5,74.67,73.93,45.92M,-0.07%
17/06/22,74.05,73.99,74.57,73.81,49.28M,0.31%
16/06/22,73.82,73.9,74.14,73.22,61.58M,-1.59%
15/06/22,75.01,74.2,75.39,74.04,70.63M,1.94%
14/06/22,73.58,73.45,74.23,73.05,62.82M,0.66%
13/06/22,73.1,74.25,74.31,72.89,122.71M,-3.35%
10/06/22,75.63,76.2,76.22,75.28,59.91M,-1.70%
09/06/22,76.94,77.26,77.51,76.79,49.47M,-0.80%
08/06/22,77.56,78.04,78.07,77.46,25.36M,-0.86%
07/06/22,78.23,77.79,78.32,77.73,31.50M,0.23%
06/06/22,78.05,78.78,78.8,77.96,35.76M,-0.75%
03/06/22,78.64,78.87,78.87,78.51,36.01M,-0.74%
02/06/22,79.23,78.92,79.24,78.69,34.75M,0.42%
01/06/22,78.9,79.23,79.45,78.75,87.65M,-0.75%
31/05/22,79.5,79.74,79.86,79.32,68.42M,-0.86%
27/05/22,80.19,79.8,80.19,79.61,52.81M,0.89%
26/05/22,79.48,78.68,79.52,78.47,64.77M,1.39%
25/05/22,78.39,77.31,78.44,77.27,56.66M,1.52%
24/05/22,77.22,76.58,77.26,76.55,42.25M,0.60%
23/05/22,76.76,76.64,76.86,76.58,29.92M,0.39%
20/05/22,76.46,76.78,76.8,76.23,56.69M,-0.07%
19/05/22,76.51,75.95,76.67,75.87,53.93M,0.67%
18/05/22,76,76.21,76.25,75.91,47.65M,-0.82%
17/05/22,76.63,76.86,76.87,76.44,41.67M,-0.09%
16/05/22,76.7,76.84,76.96,76.57,33.30M,-0.14%
13/05/22,76.81,76.98,77.06,76.43,49.08M,0.12%
12/05/22,76.72,76.66,76.98,76.39,48.80M,-0.04%
11/05/22,76.75,77,77.49,76.74,42.47M,-0.60%
10/05/22,77.21,77.39,77.53,76.84,47.38M,0.57%
09/05/22,76.77,77.13,77.31,76.72,38.44M,-1.06%
06/05/22,77.59,77.63,78,77.4,39.26M,-0.56%
05/05/22,78.03,78.97,79.02,77.81,53.81M,-1.77%
04/05/22,79.44,78.65,79.65,78.08,55.11M,1.02%
03/05/22,78.64,78.4,78.76,78.35,42.67M,0.52%
02/05/22,78.23,78.16,78.3,77.83,38.67M,-0.38%
29/04/22,78.53,79.1,79.25,78.49,35.70M,-1.23%
28/04/22,79.51,79.24,79.63,78.94,30.81M,0.56%
27/04/22,79.07,79.47,79.67,78.99,37.60M,-0.49%
26/04/22,79.46,79.89,79.89,79.45,30.38M,-0.59%
25/04/22,79.93,79.32,80,79.27,35.57M,0.85%
22/04/22,79.26,79.64,79.66,79.17,28.24M,-0.60%
21/04/22,79.74,80.49,80.54,79.67,38.43M,-0.69%
20/04/22,80.29,80.28,80.44,80.16,25.05M,0.31%
19/04/22,80.04,79.96,80.19,79.86,29.67M,-0.09%
18/04/22,80.11,80.16,80.36,80,20.71M,-0.16%
14/04/22,80.24,80.78,80.89,80.03,45.13M,-0.67%
13/04/22,80.78,80.44,80.88,80.38,31.63M,0.60%
12/04/22,80.3,80.24,80.62,80.07,38.03M,0.77%
11/04/22,79.69,79.98,80.07,79.58,41.77M,-0.69%
08/04/22,80.24,80.48,80.73,80.23,42.18M,-0.61%
07/04/22,80.73,80.94,81.04,80.72,42.52M,-0.16%
06/04/22,80.86,80.94,81.4,80.69,67.12M,-0.79%
05/04/22,81.5,82.39,82.47,81.47,51.87M,-1.30%
04/04/22,82.57,82.02,82.58,82,32.69M,0.76%
01/04/22,81.95,81.83,82.03,81.65,31.32M,-0.41%
31/03/22,82.29,82.69,82.72,82.27,40.16M,-0.36%
30/03/22,82.59,82.62,82.7,82.39,43.57M,-0.30%
29/03/22,82.84,82.2,82.86,82.15,49.78M,1.23%
28/03/22,81.83,81.28,81.85,81.26,26.62M,0.63%
25/03/22,81.32,81.92,81.92,81.26,36.50M,-0.72%
24/03/22,81.91,81.73,81.94,81.52,18.44M,0.21%
23/03/22,81.74,81.86,82.01,81.59,36.29M,-0.32%
22/03/22,82,81.66,82.07,81.5,39.91M,0.51%
21/03/22,81.58,82.39,82.45,81.42,62.36M,-1.15%
18/03/22,82.53,82.1,82.54,81.94,59.51M,0.33%
17/03/22,82.26,81.77,82.3,81.75,46.90M,0.69%
16/03/22,81.7,80.96,81.74,80.55,66.25M,1.40%
15/03/22,80.57,80.13,80.75,80.1,57.38M,0.75%
14/03/22,79.97,80.85,80.87,79.88,61.54M,-1.19%
11/03/22,80.93,81.63,81.65,80.86,40.10M,-0.72%
10/03/22,81.52,81.76,81.87,81.42,46.39M,-0.84%
09/03/22,82.21,82.01,82.32,81.85,31.14M,0.83%
08/03/22,81.53,81.88,82.09,81.5,56.07M,-0.35%
07/03/22,81.82,82.39,82.41,81.75,43.44M,-0.87%
04/03/22,82.54,82.94,82.94,82.48,32.30M,-0.65%
03/03/22,83.08,83.48,83.5,82.21,23.58M,-0.30%
02/03/22,83.33,83.08,83.36,82.93,40.84M,0.24%
01/03/22,83.13,83.43,83.64,82.95,43.10M,-0.65%
28/02/22,83.67,83.22,83.88,83.22,53.97M,0.07%
25/02/22,83.61,83.22,83.63,83.22,44.12M,0.57%
24/02/22,83.14,81.91,83.18,81.83,56.08M,0.71%
23/02/22,82.55,82.85,82.91,82.53,36.52M,-0.18%
22/02/22,82.7,82.84,83.05,82.59,34.39M,-0.23%
18/02/22,82.89,82.69,82.99,82.62,43.85M,0.14%
17/02/22,82.77,82.97,82.97,82.71,30.22M,-0.42%
16/02/22,83.12,82.61,83.18,82.54,38.80M,0.56%
15/02/22,82.66,82.74,82.81,82.56,30.00M,0.17%
14/02/22,82.52,82.65,82.82,82.22,36.14M,-0.17%
11/02/22,82.66,83.23,83.25,82.45,58.92M,-0.35%
10/02/22,82.95,83.54,83.83,82.94,56.76M,-1.32%
09/02/22,84.06,83.94,84.12,83.94,37.21M,0.53%
08/02/22,83.62,83.78,83.85,83.58,39.55M,-0.11%
07/02/22,83.71,83.54,83.86,83.42,37.38M,-0.07%
04/02/22,83.77,83.76,83.9,83.19,65.51M,-0.39%
03/02/22,84.1,84.47,84.54,84.09,44.66M,-0.90%
02/02/22,84.86,84.9,84.96,84.61,29.20M,0.15%
01/02/22,84.73,84.65,84.78,84.37,42.32M,0.04%
31/01/22,84.7,84.5,84.83,84.22,78.69M,0.02%
28/01/22,84.68,84.25,84.69,83.95,51.50M,0.28%
27/01/22,84.44,85.02,85.12,84.25,46.91M,-0.44%
26/01/22,84.81,85.47,85.87,84.7,62.74M,-0.34%
25/01/22,85.1,85.09,85.29,84.9,43.28M,-0.29%
24/01/22,85.35,85.18,85.41,84.77,77.44M,-0.11%
21/01/22,85.44,85.43,85.6,85.33,57.10M,0.01%
20/01/22,85.43,85.75,85.97,85.41,38.04M,-0.19%
19/01/22,85.59,85.82,85.96,85.56,30.52M,-0.09%
18/01/22,85.67,85.84,85.85,85.61,45.93M,-0.49%
14/01/22,86.09,86.11,86.23,86,31.05M,-0.09%
13/01/22,86.17,86.46,86.5,86.14,30.97M,-0.36%
12/01/22,86.48,86.47,86.52,86.34,24.07M,0.16%
11/01/22,86.34,85.99,86.34,85.75,32.25M,0.47%
10/01/22,85.94,85.76,85.96,85.37,51.83M,0.08%
07/01/22,85.87,86.09,86.1,85.86,34.63M,-0.26%
06/01/22,86.09,86.1,86.32,86.05,42.22M,0.01%
05/01/22,86.08,86.74,86.78,86.08,44.11M,-0.77%
04/01/22,86.75,87,87,86.67,33.58M,-0.25%
03/01/22,86.97,86.92,86.97,86.76,34.91M,-0.05%
31/12/21,87.01,87.06,87.11,86.98,11.51M,-0.02%
30/12/21,87.03,87.1,87.1,86.99,11.97M,-0.05%
29/12/21,87.07,87.15,87.18,87.05,16.61M,-0.16%
28/12/21,87.21,87.22,87.24,87.07,17.08M,-0.05%
27/12/21,87.25,87.17,87.32,87.13,13.11M,0.10%
23/12/21,87.16,86.96,87.21,86.94,15.61M,0.29%
22/12/21,86.91,86.65,86.93,86.64,17.41M,0.27%
21/12/21,86.68,86.34,86.69,86.34,23.95M,0.53%
20/12/21,86.22,86.13,86.29,86.09,27.50M,-0.17%
17/12/21,86.37,86.36,86.51,86.21,27.46M,-0.09%
16/12/21,86.45,86.55,86.63,86.39,27.14M,-0.41%
15/12/21,86.81,86.47,86.84,86.33,30.16M,0.38%
14/12/21,86.48,86.5,86.59,86.33,19.39M,-0.17%
13/12/21,86.63,86.63,86.71,86.56,16.27M,0.00%
10/12/21,86.63,86.56,86.66,86.53,20.25M,0.23%
09/12/21,86.43,86.8,86.8,86.43,24.93M,-0.45%
08/12/21,86.82,86.78,86.87,86.68,26.14M,-0.02%
07/12/21,86.84,86.71,87.07,86.64,42.75M,0.53%
06/12/21,86.38,86.03,86.48,86,27.99M,0.44%
03/12/21,86,86.05,86.1,85.83,47.37M,0.00%
02/12/21,86,85.42,86.06,85.42,42.38M,0.74%
01/12/21,85.37,85.76,85.94,85.32,41.85M,-0.32%
30/11/21,85.64,85.91,86.07,85.53,35.47M,-0.42%
29/11/21,86,85.78,86.12,85.76,31.73M,0.62%
26/11/21,85.47,85.61,85.62,85.34,36.12M,-0.72%
24/11/21,86.09,86,86.11,85.76,31.16M,-0.02%
23/11/21,86.11,86.25,86.37,86.03,33.97M,-0.14%
22/11/21,86.23,86.65,86.67,86.22,26.27M,-0.38%
19/11/21,86.56,86.63,86.77,86.56,45.28M,-0.08%
18/11/21,86.63,86.81,86.81,86.63,23.42M,-0.08%
17/11/21,86.7,86.82,86.83,86.7,16.87M,-0.10%
16/11/21,86.79,86.77,86.87,86.74,14.30M,0.05%
15/11/21,86.75,86.92,86.92,86.73,17.06M,-0.12%
12/11/21,86.85,86.92,87.04,86.84,26.39M,0.03%
11/11/21,86.82,87.03,87.04,86.82,9.93M,-0.17%
10/11/21,86.97,87.35,87.35,86.94,30.43M,-0.56%
09/11/21,87.46,87.39,87.46,87.28,13.73M,0.08%
08/11/21,87.39,87.58,87.61,87.34,11.96M,-0.13%
05/11/21,87.5,87.3,87.52,87.25,27.59M,0.38%
04/11/21,87.17,87.01,87.17,87.01,28.99M,0.26%
03/11/21,86.94,86.72,86.96,86.69,22.98M,0.20%
02/11/21,86.77,86.56,86.83,86.56,26.44M,0.24%
01/11/21,86.56,86.74,86.78,86.55,29.99M,-0.43%
29/10/21,86.93,87.01,87.05,86.93,26.52M,-0.26%
28/10/21,87.16,87.06,87.16,87.03,16.37M,0.25%
27/10/21,86.94,87.1,87.13,86.93,18.52M,-0.08%
26/10/21,87.01,87.12,87.2,87.01,19.62M,0.02%
25/10/21,86.99,86.96,87.06,86.77,20.23M,0.17%
22/10/21,86.84,87.02,87.06,86.8,20.73M,-0.24%
21/10/21,87.05,87.26,87.29,87,19.27M,-0.25%
20/10/21,87.27,87.23,87.29,87.19,19.72M,0.03%
19/10/21,87.24,87.2,87.25,87.13,26.10M,0.07%
18/10/21,87.18,87.03,87.18,87,20.34M,-0.05%
15/10/21,87.22,87.39,87.39,87.17,29.78M,-0.17%
14/10/21,87.37,87.05,87.37,87.04,26.94M,0.56%
13/10/21,86.88,86.7,86.88,86.56,29.37M,0.27%
12/10/21,86.65,86.61,86.77,86.58,32.92M,0.18%
11/10/21,86.49,86.75,86.8,86.49,16.07M,-0.31%
08/10/21,86.76,87,87.05,86.76,28.06M,-0.30%
07/10/21,87.02,87.13,87.3,86.97,29.03M,0.01%
06/10/21,87.01,86.84,87.04,86.77,28.91M,-0.06%
05/10/21,87.06,87.19,87.22,87.03,22.35M,-0.05%
04/10/21,87.1,87.34,87.37,87.08,24.73M,-0.35%
01/10/21,87.41,87.35,87.48,87.14,30.06M,-0.09%
30/09/21,87.49,87.64,87.68,87.39,41.68M,-0.11%
29/09/21,87.59,87.54,87.7,87.51,19.78M,0.18%
28/09/21,87.43,87.63,87.69,87.38,35.52M,-0.46%
27/09/21,87.83,87.76,87.89,87.73,17.65M,-0.09%
24/09/21,87.91,87.96,88.02,87.86,21.71M,-0.15%
23/09/21,88.04,88.06,88.16,87.97,27.59M,0.05%
22/09/21,88,87.99,88.08,87.86,24.34M,0.18%
21/09/21,87.84,87.85,87.88,87.68,27.30M,0.17%
20/09/21,87.69,87.57,87.81,87.55,49.64M,-0.35%
17/09/21,88,88.08,88.09,87.96,38.95M,-0.12%
16/09/21,88.11,88.1,88.14,87.95,13.86M,-0.03%
15/09/21,88.14,88.02,88.14,88.02,17.07M,0.15%
14/09/21,88.01,88.08,88.11,87.97,20.11M,-0.05%
13/09/21,88.05,87.95,88.05,87.89,17.14M,0.25%
10/09/21,87.83,88.08,88.09,87.82,16.11M,-0.15%
09/09/21,87.96,87.87,87.98,87.86,23.02M,0.09%
08/09/21,87.88,87.8,87.91,87.71,13.02M,0.11%
07/09/21,87.78,87.98,87.98,87.77,11.73M,-0.26%
03/09/21,88.01,87.96,88.04,87.89,6.49M,0.01%
02/09/21,88,88,88.02,87.93,16.52M,0.13%
01/09/21,87.89,87.83,87.95,87.83,22.97M,-0.23%
31/08/21,88.09,88.06,88.1,87.97,19.16M,0.02%
30/08/21,88.07,87.98,88.1,87.96,11.64M,0.13%
27/08/21,87.96,87.75,87.99,87.73,18.52M,0.27%
26/08/21,87.72,87.76,87.76,87.58,17.68M,-0.06%
25/08/21,87.77,87.7,87.82,87.66,19.09M,0.10%
24/08/21,87.68,87.59,87.7,87.56,20.83M,0.14%
23/08/21,87.56,87.42,87.59,87.41,21.93M,0.31%
20/08/21,87.29,87.1,87.33,87.08,16.78M,0.24%
19/08/21,87.08,86.98,87.2,86.96,20.03M,-0.01%
18/08/21,87.09,87.31,87.38,87.09,12.15M,-0.23%
17/08/21,87.29,87.38,87.39,87.2,18.47M,-0.23%
16/08/21,87.49,87.44,87.49,87.35,12.60M,0.03%
13/08/21,87.46,87.3,87.46,87.3,10.02M,0.22%
12/08/21,87.27,87.12,87.29,87.09,14.13M,0.17%
11/08/21,87.12,87.04,87.15,87.01,15.83M,0.16%
10/08/21,86.98,87.18,87.19,86.97,31.52M,-0.23%
09/08/21,87.18,87.35,87.36,87.18,10.79M,-0.23%
08/08/21,87.38,87.38,87.38,87.38,,0.00%
07/08/21,87.38,87.38,87.38,87.38,,0.00%
06/08/21,87.38,87.42,87.52,87.38,12.92M,-0.11%
05/08/21,87.48,87.34,87.5,87.33,15.47M,0.23%
04/08/21,87.28,87.37,87.42,87.28,17.11M,-0.18%
03/08/21,87.44,87.39,87.46,87.28,16.06M,0.11%
02/08/21,87.34,87.67,87.69,87.34,27.27M,-0.57%
30/07/21,87.84,87.93,87.97,87.84,21.06M,-0.14%
29/07/21,87.96,87.84,87.99,87.83,18.68M,0.22%
28/07/21,87.77,87.79,87.84,87.67,15.13M,0.08%
27/07/21,87.7,87.72,87.77,87.56,19.92M,-0.14%
26/07/21,87.82,87.92,87.97,87.78,15.28M,-0.15%
23/07/21,87.95,87.88,87.99,87.83,19.44M,0.19%
22/07/21,87.78,87.74,87.85,87.65,17.11M,0.06%
21/07/21,87.73,87.58,87.76,87.56,18.52M,0.24%
20/07/21,87.52,87.16,87.53,87.08,26.94M,0.51%
19/07/21,87.08,87.46,87.49,86.98,54.22M,-0.67%
16/07/21,87.67,87.82,87.83,87.64,17.82M,-0.14%
15/07/21,87.79,87.77,87.82,87.71,16.28M,-0.07%
14/07/21,87.85,87.81,87.88,87.74,16.10M,0.16%
13/07/21,87.71,87.92,87.95,87.7,26.94M,-0.30%
12/07/21,87.97,88,88.02,87.89,17.50M,-0.03%
09/07/21,88,87.88,88.02,87.88,17.70M,0.17%
08/07/21,87.85,87.79,87.92,87.78,21.94M,-0.22%
07/07/21,88.04,88.09,88.1,87.93,11.46M,0.03%
06/07/21,88.01,88.06,88.08,87.94,17.78M,-0.06%
05/07/21,88.06,88.06,88.06,88.06,,0.00%
04/07/21,88.06,88.06,88.06,88.06,,0.00%
03/07/21,88.06,88.06,88.06,88.06,,0.00%
02/07/21,88.06,87.96,88.07,87.92,11.46M,0.16%
01/07/21,87.92,87.81,87.92,87.81,31.93M,-0.14%
30/06/21,88.04,87.99,88.06,87.96,26.09M,0.01%
29/06/21,88.03,87.94,88.03,87.93,12.73M,0.13%
28/06/21,87.92,87.96,87.97,87.86,16.02M,-0.01%
25/06/21,87.93,87.85,87.95,87.83,16.18M,0.10%
24/06/21,87.84,87.74,87.84,87.7,12.72M,0.31%
23/06/21,87.57,87.62,87.75,87.57,16.58M,-0.10%
22/06/21,87.66,87.57,87.66,87.52,14.60M,0.07%
21/06/21,87.6,87.52,87.6,87.45,21.27M,0.19%
18/06/21,87.43,87.3,87.45,87.3,35.13M,-0.05%
17/06/21,87.47,87.46,87.5,87.38,21.10M,0.07%
16/06/21,87.41,87.53,87.57,87.26,21.27M,-0.14%
15/06/21,87.53,87.48,87.56,87.44,16.04M,-0.01%
14/06/21,87.54,87.59,87.59,87.47,19.41M,-0.09%
11/06/21,87.62,87.65,87.69,87.55,12.56M,0.03%
10/06/21,87.59,87.5,87.66,87.46,15.29M,0.18%
09/06/21,87.43,87.47,87.49,87.4,13.23M,0.08%
08/06/21,87.36,87.44,87.44,87.31,10.98M,0.07%
07/06/21,87.3,87.29,87.35,87.26,9.19M,0.03%
04/06/21,87.27,87.23,87.31,87.17,26.83M,0.22%
03/06/21,87.08,87.03,87.23,86.99,16.70M,-0.21%
02/06/21,87.26,87.15,87.27,87.12,13.70M,0.13%
01/06/21,87.15,87.06,87.16,87,22.66M,-0.03%
28/05/21,87.18,87.3,87.35,87.18,15.46M,-0.03%
27/05/21,87.21,87.38,87.38,87.2,12.68M,-0.05%
26/05/21,87.25,87.16,87.27,87.16,14.35M,0.03%
25/05/21,87.22,87.26,87.28,87.14,15.47M,0.01%
24/05/21,87.21,87.18,87.31,87.1,24.28M,0.11%
21/05/21,87.11,87.08,87.13,86.92,36.47M,0.15%
20/05/21,86.98,86.68,87.34,86.68,28.01M,0.43%
19/05/21,86.61,86.6,86.84,86.57,34.70M,-0.26%
18/05/21,86.84,87.17,87.17,86.83,16.45M,-0.24%
17/05/21,87.05,87.2,87.21,86.98,13.54M,-0.18%
14/05/21,87.21,87.05,87.21,87.02,22.55M,0.32%
13/05/21,86.93,86.77,87,86.76,28.69M,0.36%
12/05/21,86.62,86.92,86.98,86.62,31.63M,-0.48%
11/05/21,87.04,86.9,87.09,86.81,28.68M,-0.10%
10/05/21,87.13,87.36,87.38,87.13,16.58M,-0.23%
07/05/21,87.33,87.35,87.41,87.23,17.87M,0.07%
06/05/21,87.27,87.29,87.33,87.15,23.11M,-0.03%
05/05/21,87.3,87.19,87.32,87.08,17.83M,0.20%
04/05/21,87.13,87.11,87.15,86.97,23.09M,-0.06%
03/05/21,87.18,87.23,87.33,87.17,15.78M,-0.30%
30/04/21,87.44,87.37,87.49,87.34,23.37M,-0.05%
29/04/21,87.48,87.55,87.55,87.35,17.15M,0.11%
28/04/21,87.38,87.24,87.45,87.17,14.80M,0.19%
27/04/21,87.21,87.38,87.38,87.21,17.66M,-0.14%
26/04/21,87.33,87.38,87.48,87.29,12.75M,-0.05%
23/04/21,87.37,87.2,87.44,87.19,14.40M,0.26%
22/04/21,87.14,87.32,87.33,87.12,18.51M,-0.18%
21/04/21,87.3,86.97,87.3,86.96,19.53M,0.33%
20/04/21,87.01,87.06,87.14,86.96,22.90M,-0.17%
19/04/21,87.16,87.2,87.29,87.12,23.90M,-0.16%
16/04/21,87.3,87.5,87.53,87.3,32.51M,-0.21%
15/04/21,87.48,87.33,87.48,87.27,20.94M,0.40%
14/04/21,87.13,87.19,87.29,87.09,17.99M,-0.05%
13/04/21,87.17,87.01,87.2,86.91,20.64M,0.07%
12/04/21,87.11,87.1,87.14,87.02,15.46M,-0.10%
09/04/21,87.2,87.15,87.21,87.1,17.41M,-0.07%
08/04/21,87.26,87.33,87.36,87.24,11.05M,0.03%
07/04/21,87.23,87.28,87.31,87.17,15.65M,-0.03%
06/04/21,87.26,87.13,87.3,87.13,15.37M,0.17%
05/04/21,87.11,87.08,87.18,87.04,20.76M,0.05%
01/04/21,87.07,86.97,87.07,86.85,30.81M,-0.13%
31/03/21,87.18,86.86,87.21,86.85,41.60M,0.48%
30/03/21,86.76,86.83,86.88,86.74,19.62M,-0.24%
29/03/21,86.97,86.86,87,86.69,17.45M,0.06%
26/03/21,86.92,86.76,86.93,86.57,25.95M,0.30%
25/03/21,86.66,86.45,86.66,86.36,24.07M,0.17%
24/03/21,86.51,86.54,86.8,86.51,31.37M,0.06%
23/03/21,86.46,86.35,86.5,86.25,24.71M,0.10%
22/03/21,86.37,86.2,86.52,86.15,32.98M,0.36%
19/03/21,86.06,85.86,86.15,85.65,47.47M,0.38%
18/03/21,85.73,86.06,86.17,85.71,37.15M,-0.76%
17/03/21,86.39,86.1,86.65,86.04,28.35M,0.14%
16/03/21,86.27,86.43,86.48,86.18,22.93M,-0.23%
15/03/21,86.47,86.4,86.55,86.31,15.65M,0.01%
12/03/21,86.46,86.56,86.6,86.37,21.84M,-0.28%
11/03/21,86.7,86.58,86.86,86.58,27.73M,0.37%
10/03/21,86.38,86.22,86.5,86.15,23.78M,0.31%
09/03/21,86.11,86.22,86.44,86.08,31.44M,0.14%
08/03/21,85.99,86.57,86.64,85.97,39.87M,-0.73%
05/03/21,86.62,86.49,86.72,86.09,46.95M,0.30%
04/03/21,86.36,86.75,86.95,86.08,49.02M,-0.38%
03/03/21,86.69,86.84,86.91,86.66,30.20M,-0.32%
02/03/21,86.97,87.15,87.16,86.93,23.99M,-0.15%
01/03/21,87.1,86.67,87.16,86.56,48.01M,0.76%
26/02/21,86.44,86.88,86.92,86.41,46.62M,-0.30%
25/02/21,86.7,87.33,87.42,86.6,59.41M,-0.95%
24/02/21,87.53,87.31,87.53,87.23,21.79M,0.10%
23/02/21,87.44,87.19,87.51,87.01,29.02M,0.24%
22/02/21,87.23,87.37,87.46,87.23,25.46M,-0.31%
19/02/21,87.5,87.63,87.63,87.48,28.12M,0.01%
18/02/21,87.49,87.47,87.59,87.39,26.37M,-0.14%
17/02/21,87.61,87.46,87.61,87.43,20.35M,-0.03%
16/02/21,87.64,87.73,87.74,87.57,22.26M,-0.16%
12/02/21,87.78,87.55,87.79,87.55,17.80M,0.16%
11/02/21,87.64,87.64,87.68,87.54,17.05M,0.05%
10/02/21,87.6,87.62,87.68,87.47,20.47M,-0.02%
09/02/21,87.62,87.65,87.72,87.57,14.40M,-0.18%
08/02/21,87.78,87.59,87.78,87.56,16.59M,0.30%
05/02/21,87.52,87.63,87.65,87.47,21.65M,0.15%
04/02/21,87.39,87.35,87.47,87.31,21.18M,0.21%
03/02/21,87.21,87.2,87.36,87.17,31.91M,0.08%
02/02/21,87.14,87.15,87.26,87.09,29.52M,0.24%
01/02/21,86.93,86.81,86.97,86.66,35.62M,-0.05%
29/01/21,86.97,87.13,87.37,86.89,46.10M,-0.26%
28/01/21,87.2,87.16,87.49,87.14,38.84M,0.30%
27/01/21,86.94,87.02,87.22,86.81,46.38M,-0.29%
26/01/21,87.19,87.29,87.33,87.18,39.10M,-0.15%
25/01/21,87.32,87.3,87.33,87.03,28.72M,0.02%
22/01/21,87.3,87.28,87.39,87.18,26.62M,-0.19%
21/01/21,87.47,87.47,87.57,87.38,20.46M,-0.06%
20/01/21,87.52,87.62,87.62,87.37,24.53M,0.18%
19/01/21,87.36,87.35,87.38,87.14,24.27M,0.29%
15/01/21,87.11,87.14,87.27,87.05,48.13M,-0.16%
14/01/21,87.25,87.27,87.38,87.22,25.48M,-0.02%
13/01/21,87.27,86.98,87.31,86.95,47.71M,0.30%
12/01/21,87.01,86.89,87.07,86.79,41.75M,0.13%
11/01/21,86.9,87.02,87.17,86.89,26.73M,-0.54%
08/01/21,87.37,87.35,87.38,87.14,27.40M,0.15%
07/01/21,87.24,87.18,87.37,87.13,25.87M,0.29%
06/01/21,86.99,87.09,87.34,86.97,37.15M,-0.18%
05/01/21,87.15,87.02,87.25,86.98,33.73M,0.03%
04/01/21,87.12,87.4,87.4,86.87,34.53M,-0.21%
31/12/20,87.3,87.21,87.34,87.17,12.06M,0.08%
30/12/20,87.23,87.08,87.28,87.08,21.08M,0.21%
29/12/20,87.05,87.31,87.31,87.04,22.89M,-0.13%
28/12/20,87.16,87.18,87.23,87.04,22.58M,0.13%
24/12/20,87.05,86.95,87.05,86.94,7.33M,0.21%
23/12/20,86.87,86.62,86.91,86.6,15.91M,0.45%
22/12/20,86.48,86.43,86.54,86.35,21.99M,0.13%
21/12/20,86.37,86.38,86.55,86.22,30.31M,-0.36%
18/12/20,86.68,86.65,86.72,86.55,26.74M,0.08%
17/12/20,86.61,86.59,86.67,86.51,23.91M,-0.26%
16/12/20,86.84,86.94,86.97,86.6,42.39M,-0.15%
15/12/20,86.97,86.85,87,86.68,25.56M,0.31%
14/12/20,86.7,86.83,86.88,86.6,20.71M,0.02%
11/12/20,86.68,86.72,86.86,86.53,17.70M,-0.10%
10/12/20,86.77,86.48,86.88,86.46,24.25M,0.18%
09/12/20,86.61,86.85,86.85,86.49,36.61M,-0.15%
08/12/20,86.74,86.77,86.85,86.7,21.41M,-0.08%
07/12/20,86.81,86.8,86.84,86.67,17.81M,-0.05%
04/12/20,86.85,86.67,86.9,86.52,19.36M,0.42%
03/12/20,86.49,86.52,86.7,86.44,20.75M,0.06%
02/12/20,86.44,86.22,86.55,86.15,23.70M,0.28%
01/12/20,86.2,86.25,86.39,86.18,26.29M,-0.14%
30/11/20,86.32,86.43,86.43,86.15,24.26M,-0.10%
27/11/20,86.41,86.43,86.5,86.39,7.34M,0.16%
25/11/20,86.27,86.3,86.42,86.19,26.51M,-0.05%
24/11/20,86.31,86.32,86.52,86.21,26.08M,0.30%
23/11/20,86.05,86.14,86.21,85.96,23.79M,0.15%
20/11/20,85.92,85.92,86.02,85.85,48.53M,-0.19%
19/11/20,86.08,85.71,86.14,85.65,21.70M,0.34%
18/11/20,85.79,86.04,86.14,85.76,22.10M,-0.19%
17/11/20,85.95,85.78,86.11,85.72,23.75M,0.03%
16/11/20,85.92,85.89,85.96,85.69,28.35M,0.56%
13/11/20,85.44,85.25,85.53,85.24,20.34M,0.34%
12/11/20,85.15,85.65,85.65,85.15,43.41M,-0.68%
11/11/20,85.73,85.92,85.93,85.63,14.42M,-0.03%
10/11/20,85.76,85.78,86.06,83.38,39.30M,-0.14%
09/11/20,85.88,86.88,86.9,85.84,59.35M,0.76%
06/11/20,85.23,85.56,85.58,85.11,25.95M,-0.35%
05/11/20,85.53,85.64,85.88,85.42,55.08M,0.35%
04/11/20,85.23,84.69,85.41,84.66,57.67M,0.94%
03/11/20,84.44,83.89,84.44,83.89,39.78M,0.86%
02/11/20,83.72,83.78,83.85,83.49,25.67M,-0.19%
30/10/20,83.88,83.63,83.92,83.43,36.80M,0.22%
29/10/20,83.7,83.4,83.73,83.27,37.11M,0.29%
28/10/20,83.46,83.61,83.72,83.31,45.79M,-0.83%
27/10/20,84.16,84.18,84.34,84.12,30.88M,0.05%
26/10/20,84.12,84.56,84.62,84.09,50.10M,-0.88%
23/10/20,84.87,84.9,84.92,84.67,20.73M,0.12%
22/10/20,84.77,84.61,84.83,84.45,28.98M,0.18%
21/10/20,84.62,84.62,84.8,84.53,26.90M,-0.01%
20/10/20,84.63,84.48,84.77,84.47,27.65M,0.36%
19/10/20,84.33,84.8,84.86,84.3,21.00M,-0.35%
16/10/20,84.63,84.86,84.94,84.52,27.46M,-0.12%
15/10/20,84.73,84.45,84.78,84.32,32.23M,-0.07%
14/10/20,84.79,84.96,85.02,84.72,31.62M,-0.25%
13/10/20,85,85.16,85.26,84.93,25.18M,-0.45%
12/10/20,85.38,85.22,85.47,85.13,10.50M,0.51%
09/10/20,84.95,84.89,85.03,84.76,21.29M,0.22%
08/10/20,84.76,84.84,84.85,84.64,18.74M,0.22%
07/10/20,84.57,84.52,84.63,84.47,20.97M,0.36%
06/10/20,84.27,84.48,84.75,84.22,37.85M,-0.22%
05/10/20,84.46,83.99,84.48,83.92,27.39M,0.75%
04/10/20,83.83,83.83,83.83,83.83,,0.00%
03/10/20,83.83,83.83,83.83,83.83,,0.00%
02/10/20,83.83,83.28,83.87,83.28,26.28M,0.00%
01/10/20,83.83,83.81,83.89,83.69,31.10M,-0.08%
30/09/20,83.9,83.56,84.03,83.55,28.80M,0.41%
29/09/20,83.56,83.56,83.61,83.29,20.24M,0.08%
28/09/20,83.49,83.38,83.62,83.19,20.28M,0.65%
27/09/20,82.95,82.95,82.95,82.95,,0.00%
26/09/20,82.95,82.95,82.95,82.95,,0.00%
25/09/20,82.95,83,83.16,82.76,36.03M,-0.18%
24/09/20,83.1,82.87,83.34,82.56,38.76M,0.06%
23/09/20,83.05,83.98,83.98,82.96,39.58M,-1.01%
22/09/20,83.9,83.71,83.95,83.52,41.40M,0.35%
21/09/20,83.61,83.93,84.03,83.38,42.97M,-0.81%
18/09/20,84.29,84.67,84.69,84.25,29.89M,-0.25%
17/09/20,84.5,84.31,84.66,84.23,25.75M,-0.11%
16/09/20,84.59,84.65,84.99,84.51,26.97M,0.00%
15/09/20,84.59,84.55,84.72,84.44,22.18M,0.27%
14/09/20,84.36,84.62,84.7,84.27,28.96M,-0.11%
13/09/20,84.45,84.45,84.45,84.45,,0.00%
11/09/20,84.45,84.34,84.49,84.1,20.81M,0.20%
10/09/20,84.28,84.81,84.83,84.25,32.87M,-0.47%
09/09/20,84.68,84.38,84.74,84.25,32.98M,0.79%
08/09/20,84.02,84.14,84.41,83.91,34.97M,-0.56%
04/09/20,84.49,84.8,84.94,83.98,36.09M,-0.27%
03/09/20,84.72,85.1,85.12,84.37,34.17M,-0.62%
02/09/20,85.25,85.2,85.39,84.94,15.88M,0.12%
01/09/20,85.15,84.71,85.23,84.64,22.77M,0.14%
31/08/20,85.03,85.13,85.23,84.98,21.47M,-0.14%
30/08/20,85.15,85.15,85.15,85.15,,0.00%
28/08/20,85.15,85.13,85.27,85.09,14.42M,0.08%
27/08/20,85.08,85.32,85.35,84.9,19.86M,-0.15%
26/08/20,85.21,85.23,85.37,85.17,16.24M,-0.01%
25/08/20,85.22,85.14,85.28,84.91,24.02M,0.11%
24/08/20,85.13,84.9,85.17,84.89,16.06M,0.46%
23/08/20,84.74,84.74,84.74,84.74,,0.00%
21/08/20,84.74,84.75,84.81,84.62,17.57M,-0.01%
20/08/20,84.75,84.33,84.75,84.32,19.91M,0.33%
19/08/20,84.47,84.67,84.78,84.37,18.74M,-0.28%
18/08/20,84.71,84.62,84.77,84.41,24.90M,0.15%
17/08/20,84.58,84.16,84.62,84.1,13.76M,0.59%
14/08/20,84.08,84.21,84.3,83.92,14.07M,-0.18%
13/08/20,84.23,84.48,84.81,84.15,28.44M,-0.27%
12/08/20,84.46,84.81,85.02,84.46,18.11M,0.02%
11/08/20,84.44,85.25,85.27,84.4,20.54M,-0.90%
10/08/20,85.21,85.26,85.3,85.01,13.71M,0.05%
09/08/20,85.17,85.17,85.17,85.17,,0.00%
08/08/20,85.17,85.17,85.17,85.17,,0.00%
07/08/20,85.17,85.35,85.35,85.05,14.29M,-0.25%
06/08/20,85.38,85.19,85.4,85.1,13.26M,0.22%
05/08/20,85.19,85.06,85.23,85.01,14.57M,0.18%
04/08/20,85.04,84.97,85.06,84.8,17.12M,-0.04%
03/08/20,85.07,85.03,85.11,84.85,17.48M,-0.37%
02/08/20,85.39,85.39,85.39,85.39,,0.00%
31/07/20,85.39,85.2,85.4,84.9,28.62M,0.19%
30/07/20,85.23,84.78,85.27,84.74,54.81M,0.21%
29/07/20,85.05,84.84,85.11,84.7,18.01M,0.56%
28/07/20,84.58,84.72,84.8,84.5,14.86M,-0.26%
27/07/20,84.8,84.73,84.82,84.51,12.93M,0.24%
26/07/20,84.6,84.6,84.6,84.6,,0.00%
25/07/20,84.6,84.6,84.6,84.6,,0.00%
24/07/20,84.6,84.34,84.69,84.3,14.98M,0.09%
23/07/20,84.52,84.57,84.61,83.97,28.43M,-0.07%
22/07/20,84.58,84.5,84.62,84.34,15.25M,0.20%
21/07/20,84.41,84.3,84.58,84.27,22.33M,0.46%
20/07/20,84.02,83.59,84.06,83.51,16.70M,0.60%
17/07/20,83.52,83.48,83.55,83.21,22.86M,0.28%
16/07/20,83.29,83.16,83.3,83.08,17.57M,0.10%
15/07/20,83.21,83.24,83.31,82.91,21.29M,0.57%
14/07/20,82.74,82.04,82.78,82.04,31.93M,0.85%
13/07/20,82.04,82.8,82.91,82.03,20.04M,-0.55%
12/07/20,82.49,82.49,82.49,82.49,,0.00%
11/07/20,82.49,82.49,82.49,82.49,,0.00%
10/07/20,82.49,82.07,82.54,81.98,17.90M,0.34%
09/07/20,82.21,82.39,82.46,81.83,21.66M,-0.22%
08/07/20,82.39,82.13,82.5,82.12,21.16M,0.27%
07/07/20,82.17,82.63,82.84,82.13,22.41M,-0.66%
06/07/20,82.72,82.62,82.74,82.41,22.89M,0.72%
05/07/20,82.13,82.13,82.13,82.13,,0.00%
04/07/20,82.13,82.13,82.13,82.13,,0.00%
02/07/20,82.13,82.24,82.51,81.97,30.62M,0.74%
01/07/20,81.53,81.41,81.77,81.41,28.80M,-0.11%
30/06/20,81.62,81.15,81.8,81.08,40.55M,0.91%
29/06/20,80.88,81.44,81.45,80.48,76.54M,-0.57%
26/06/20,81.34,82.01,82.01,81.23,33.71M,-0.95%
25/06/20,82.12,81.87,82.17,81.49,31.16M,0.04%
24/06/20,82.09,82.68,82.78,81.54,43.72M,-1.02%
23/06/20,82.94,83.11,83.14,82.89,17.44M,0.14%
22/06/20,82.82,82.87,83.03,82.69,21.54M,-0.07%
19/06/20,82.88,83.32,83.37,82.7,32.04M,-0.34%
18/06/20,83.16,82.96,83.21,82.83,22.22M,-0.04%
17/06/20,83.19,83.52,83.62,83.15,17.07M,-0.47%
16/06/20,83.58,84.25,84.33,83.31,40.98M,0.41%
15/06/20,83.24,81.9,83.78,81.72,39.43M,0.97%
12/06/20,82.44,82.74,82.87,81.85,36.16M,0.99%
11/06/20,81.63,82.58,82.62,81.47,48.79M,-2.57%
10/06/20,83.78,83.79,84.22,83.26,36.66M,-0.14%
09/06/20,83.9,84.11,84.15,83.58,28.41M,-0.78%
08/06/20,84.56,84.66,84.68,84.35,20.49M,0.12%
07/06/20,84.46,84.46,84.46,84.46,,0.00%
05/06/20,84.46,84.57,85.03,84.4,35.31M,0.94%
04/06/20,83.67,83.84,83.98,83.52,36.41M,-0.31%
03/06/20,83.93,83.88,84.38,83.78,35.99M,0.47%
02/06/20,83.54,82.85,83.58,82.62,35.93M,0.99%
01/06/20,82.72,81.94,82.75,81.82,46.99M,0.36%
29/05/20,82.42,82.05,82.62,81.88,32.29M,0.40%
28/05/20,82.09,82.13,82.55,81.94,23.28M,0.10%
27/05/20,82.01,82.42,82.45,81.66,24.91M,0.21%
26/05/20,81.84,81.83,82.16,81.18,27.67M,0.75%
22/05/20,81.23,80.95,81.33,80.81,11.31M,0.25%
21/05/20,81.03,81.03,81.23,80.8,23.31M,-0.02%
20/05/20,81.05,80.62,81.25,80.55,36.05M,1.06%
19/05/20,80.2,80.04,80.43,79.89,18.48M,0.12%
18/05/20,80.1,79.96,80.16,79.66,31.90M,1.77%
15/05/20,78.71,78.37,78.84,78.17,34.13M,0.14%
14/05/20,78.6,78.46,78.9,77.98,30.43M,-0.34%
13/05/20,78.87,79.35,79.42,78.74,29.96M,-0.53%
12/05/20,79.29,79.91,80,79.29,25.33M,-0.13%
11/05/20,79.39,79.58,79.72,79.34,14.29M,-0.45%
10/05/20,79.75,79.75,79.75,79.75,,0.00%
09/05/20,79.75,79.75,79.75,79.75,,0.00%
08/05/20,79.75,79.33,79.76,79.27,21.81M,0.95%
07/05/20,79,79.2,79.71,78.97,19.58M,0.25%
06/05/20,78.8,79.33,79.42,78.77,18.82M,-0.57%
05/05/20,79.25,78.82,79.25,78.81,26.48M,0.87%
04/05/20,78.57,78.53,78.87,78.2,20.40M,-0.14%
03/05/20,78.68,78.68,78.68,78.68,,0.00%
02/05/20,78.68,78.68,78.68,78.68,,0.00%
01/05/20,78.68,79.34,79.54,78.61,31.86M,-2.18%
30/04/20,80.43,79.85,80.56,79.53,34.64M,0.20%
29/04/20,80.27,79.43,80.36,79.27,34.84M,1.76%
28/04/20,78.88,79.07,79.12,78.44,23.93M,0.31%
27/04/20,78.64,78.7,78.93,78.51,20.55M,0.41%
24/04/20,78.32,79.12,79.23,78.16,37.94M,-0.94%
23/04/20,79.06,79.25,79.66,78.73,23.90M,-0.05%
22/04/20,79.1,79.26,79.37,78.84,15.72M,0.88%
21/04/20,78.41,78.96,79.06,78.25,42.34M,-1.83%
20/04/20,79.87,80.29,80.79,79.72,24.68M,-1.50%
17/04/20,81.09,81.32,81.4,80.85,38.25M,0.51%
16/04/20,80.68,80.56,80.75,79.93,25.82M,-0.10%
15/04/20,80.76,80.25,80.91,79.96,34.37M,-0.93%
14/04/20,81.52,81.91,82.09,80.97,37.63M,0.42%
13/04/20,81.18,81.81,81.92,80.42,40.39M,-1.43%
09/04/20,82.36,81.97,84.05,81.49,88.85M,6.55%
08/04/20,77.3,75.96,77.63,75.69,46.29M,2.60%
07/04/20,75.34,76.43,76.72,75.24,35.12M,0.00%
06/04/20,75.34,75.06,75.56,74.81,32.35M,2.43%
03/04/20,73.55,75,75.2,73.32,39.99M,-2.14%
02/04/20,75.16,74.37,76.3,74.23,31.82M,0.78%
01/04/20,74.58,75.18,75.27,74.37,36.86M,-3.23%
31/03/20,77.07,77.37,77.71,76.98,31.10M,-0.80%
30/03/20,77.69,77.1,78.04,76.64,35.02M,0.86%
28/03/20,77.03,77.03,77.03,77.03,,0.00%
27/03/20,77.03,75.44,78.37,75.36,66.54M,0.26%
26/03/20,76.83,74.01,76.83,73.7,41.97M,4.57%
25/03/20,73.47,72.25,75.57,72.08,45.69M,2.81%
24/03/20,71.46,70.09,71.95,69.9,51.30M,4.12%
23/03/20,68.63,70.05,70.12,67.52,48.86M,-1.61%
21/03/20,69.75,69.75,69.75,69.75,,0.00%
20/03/20,69.75,71.41,72.14,69.41,55.80M,-2.24%
19/03/20,71.35,71.86,72.67,70.77,45.71M,-2.25%
18/03/20,72.99,73.85,74.75,71.91,54.29M,-4.41%
17/03/20,76.36,75.55,77.7,74.63,68.57M,0.94%
16/03/20,75.65,75.72,77.65,74.3,43.08M,-5.50%
14/03/20,80.05,80.05,80.05,80.05,,0.00%
13/03/20,80.05,80.13,80.28,78.14,69.16M,3.14%
12/03/20,77.61,76.38,80.25,76.23,82.93M,-4.00%
11/03/20,80.84,81.25,81.69,80.2,60.11M,-2.18%
10/03/20,82.64,82.62,82.87,81.13,57.60M,1.54%
09/03/20,81.39,79.64,83.49,79.64,73.61M,-4.30%
06/03/20,85.05,84.53,85.28,84.09,69.86M,-1.13%
05/03/20,86.02,86.36,86.51,85.85,62.46M,-1.26%
04/03/20,87.12,86.66,87.16,86.59,52.66M,1.37%
03/03/20,85.94,86.38,87.19,85.74,58.72M,-0.43%
02/03/20,86.31,85.64,86.4,85.22,72.36M,0.31%
28/02/20,86.04,84.69,86.14,84.69,99.31M,0.41%
27/02/20,85.69,86.13,86.69,85.52,72.60M,-1.35%
26/02/20,86.86,86.93,87.25,86.59,69.25M,0.10%
25/02/20,86.77,87.76,87.81,86.69,68.42M,-0.70%
24/02/20,87.38,87.5,87.6,87.2,57.83M,-1.08%
21/02/20,88.33,88.34,88.38,88.16,23.03M,-0.09%
20/02/20,88.41,88.32,88.44,88.06,31.28M,0.17%
19/02/20,88.26,88.31,88.37,88.25,18.55M,0.05%
18/02/20,88.22,88.35,88.4,88.14,26.64M,-0.20%
17/02/20,88.4,88.4,88.4,88.4,,0.00%
14/02/20,88.4,88.44,88.49,88.35,11.40M,-0.01%
13/02/20,88.41,88.31,88.46,88.29,13.30M,0.03%
12/02/20,88.38,88.32,88.46,88.26,26.69M,0.26%
11/02/20,88.15,88.27,88.28,88.15,16.82M,0.07%
10/02/20,88.09,87.95,88.1,87.88,14.22M,0.14%
07/02/20,87.97,87.99,88.05,87.88,12.87M,-0.15%
06/02/20,88.1,88,88.15,87.87,18.33M,0.08%
05/02/20,88.03,87.88,88.06,87.83,36.69M,0.41%
04/02/20,87.67,87.5,87.69,87.48,25.06M,0.60%
03/02/20,87.15,87.33,87.47,87.12,27.21M,-0.43%
31/01/20,87.53,87.8,87.8,87.39,35.66M,-0.41%
30/01/20,87.89,87.51,87.91,87.5,20.10M,0.10%
29/01/20,87.8,87.97,88.23,87.78,17.32M,-0.06%
28/01/20,87.85,87.5,87.96,87.39,32.63M,0.86%
27/01/20,87.1,87.24,87.38,86.96,41.37M,-0.67%
24/01/20,87.69,88.07,88.07,87.64,40.84M,-0.42%
23/01/20,88.06,88.18,88.2,88.02,28.57M,-0.31%
22/01/20,88.33,88.31,88.37,88.23,17.73M,0.18%
21/01/20,88.17,88.34,88.43,88.17,19.72M,-0.22%
17/01/20,88.36,88.48,88.51,88.36,29.63M,-0.08%
16/01/20,88.43,88.47,88.53,88.38,22.35M,0.03%
15/01/20,88.4,88.4,88.53,88.39,24.64M,0.02%
14/01/20,88.38,88.37,88.48,88.28,29.16M,-0.01%
13/01/20,88.39,88.4,88.45,88.35,17.76M,0.00%
10/01/20,88.39,88.37,88.41,88.3,16.18M,0.03%
09/01/20,88.36,88.24,88.37,88.17,16.65M,0.26%
08/01/20,88.13,88.07,88.23,88.02,16.09M,0.09%
07/01/20,88.05,88.14,88.16,88.04,9.64M,-0.09%
06/01/20,88.13,88.11,88.18,88.05,17.95M,-0.10%
03/01/20,88.22,88.12,88.28,88.04,17.35M,-0.10%
02/01/20,88.31,88.1,88.32,88.05,15.76M,0.42%
31/12/19,87.94,87.86,87.95,87.81,8.31M,0.09%
30/12/19,87.86,88,88.02,87.77,12.67M,-0.07%
27/12/19,87.92,88.02,88.02,87.89,11.63M,-0.05%
26/12/19,87.96,87.94,87.99,87.89,11.38M,0.15%
24/12/19,87.83,87.78,87.83,87.73,4.85M,0.08%
23/12/19,87.76,87.75,87.8,87.73,9.72M,0.05%
20/12/19,87.72,87.95,87.99,87.7,32.81M,-0.15%
19/12/19,87.85,87.91,87.92,87.72,29.43M,-0.41%
18/12/19,88.21,88.09,88.25,88.06,31.58M,0.18%
17/12/19,88.05,87.79,88.05,87.78,18.67M,0.31%
16/12/19,87.78,87.74,87.83,87.7,17.52M,0.19%
13/12/19,87.61,87.55,87.64,87.5,18.10M,0.10%
12/12/19,87.52,87.36,87.61,87.33,18.96M,0.23%
11/12/19,87.32,87.16,87.34,87.09,14.14M,0.21%
10/12/19,87.14,86.93,87.15,86.9,15.12M,0.24%
09/12/19,86.93,86.9,87,86.9,18.32M,0.00%
06/12/19,86.93,86.95,87.01,86.85,16.09M,0.14%
05/12/19,86.81,86.74,86.81,86.58,18.17M,0.15%
04/12/19,86.68,86.46,86.71,86.46,12.41M,0.30%
03/12/19,86.42,86.34,86.47,86.24,31.14M,-0.14%
02/12/19,86.54,86.63,86.63,86.35,21.49M,-0.46%
29/11/19,86.94,87.11,87.11,86.93,11.52M,-0.22%
27/11/19,87.13,86.99,87.15,86.95,11.81M,0.13%
26/11/19,87.02,86.95,87.02,86.9,14.38M,0.12%
25/11/19,86.92,86.71,86.94,86.71,17.80M,0.27%
22/11/19,86.69,86.49,86.69,86.4,20.94M,0.38%
21/11/19,86.36,86.43,86.45,86.27,19.25M,0.02%
20/11/19,86.34,86.47,86.58,86.33,22.87M,-0.21%
19/11/19,86.52,86.74,86.75,86.52,20.20M,-0.36%
18/11/19,86.83,86.87,86.9,86.79,14.07M,-0.13%
15/11/19,86.94,86.77,86.95,86.76,14.35M,0.30%
14/11/19,86.68,86.74,86.8,86.65,14.98M,-0.06%
13/11/19,86.73,86.73,86.77,86.68,15.59M,-0.10%
12/11/19,86.82,86.75,86.89,86.73,14.69M,0.02%
11/11/19,86.8,86.77,86.84,86.68,7.81M,-0.06%
08/11/19,86.85,86.76,86.88,86.64,11.78M,0.09%
07/11/19,86.77,86.94,86.98,86.75,15.31M,-0.05%
06/11/19,86.81,86.91,86.91,86.78,9.50M,-0.12%
05/11/19,86.91,87.07,87.08,86.82,21.95M,-0.10%
04/11/19,87,86.98,87.05,86.94,14.96M,0.21%
01/11/19,86.82,86.59,86.91,86.58,24.32M,0.01%
31/10/19,86.81,87.09,87.1,86.79,25.48M,-0.34%
30/10/19,87.11,87.27,87.28,87,24.95M,-0.13%
29/10/19,87.22,87.37,87.4,87.2,10.94M,-0.18%
28/10/19,87.38,87.4,87.44,87.38,10.97M,-0.01%
25/10/19,87.39,87.3,87.42,87.3,11.66M,0.08%
24/10/19,87.32,87.26,87.32,87.17,14.85M,0.11%
23/10/19,87.22,87.15,87.23,87.09,9.11M,0.09%
22/10/19,87.14,87.18,87.18,87.08,15.48M,0.02%
21/10/19,87.12,87.16,87.17,87.11,10.12M,0.03%
18/10/19,87.09,87.07,87.13,86.96,21.76M,0.02%
17/10/19,87.07,87.01,87.1,87,15.19M,0.14%
16/10/19,86.95,86.99,87.01,86.94,12.87M,-0.08%
15/10/19,87.02,86.84,87.07,86.8,26.99M,0.22%
14/10/19,86.83,86.77,86.87,86.69,10.05M,0.07%
11/10/19,86.77,86.64,86.83,86.57,18.72M,0.42%
10/10/19,86.41,86.32,86.48,86.3,11.17M,0.13%
09/10/19,86.3,86.27,86.38,86.25,11.37M,0.30%
08/10/19,86.04,86.27,86.32,86.04,15.49M,-0.37%
07/10/19,86.36,86.37,86.49,86.25,14.79M,-0.08%
04/10/19,86.43,86.27,86.44,86.2,18.17M,0.31%
03/10/19,86.16,86.12,86.24,85.75,30.56M,0.06%
02/10/19,86.11,86.57,86.58,86.04,36.02M,-0.59%
01/10/19,86.62,86.84,86.86,86.55,27.98M,-0.63%
30/09/19,87.17,87.06,87.17,87.02,22.53M,0.11%
27/09/19,87.07,87.16,87.23,87,13.53M,-0.11%
26/09/19,87.17,87.23,87.26,87.04,14.05M,-0.07%
25/09/19,87.23,87.25,87.29,87.03,15.27M,-0.10%
24/09/19,87.32,87.52,87.53,87.21,22.67M,-0.14%
23/09/19,87.44,87.41,87.51,87.39,15.68M,-0.05%
20/09/19,87.48,87.4,87.51,87.33,23.78M,0.13%
19/09/19,87.37,87.42,87.54,87.33,13.47M,-0.11%
18/09/19,87.47,87.46,87.54,87.19,16.01M,-0.06%
17/09/19,87.52,87.5,87.53,87.34,14.72M,0.06%
16/09/19,87.47,87.3,87.48,87.18,23.02M,0.36%
13/09/19,87.16,87.17,87.31,87.11,34.41M,-0.18%
12/09/19,87.32,87.34,87.43,87.25,23.25M,0.06%
11/09/19,87.27,87.23,87.3,87.17,14.00M,-0.01%
10/09/19,87.28,87.24,87.31,87.1,14.06M,0.06%
09/09/19,87.23,87.19,87.26,87.02,17.48M,0.10%
06/09/19,87.14,87.18,87.3,87.04,25.16M,0.09%
05/09/19,87.06,86.8,87.13,86.78,23.44M,0.39%
04/09/19,86.72,86.69,86.75,86.58,13.58M,0.21%
03/09/19,86.54,86.72,86.72,86.39,20.64M,-0.71%
30/08/19,87.16,87.38,87.39,86.97,14.54M,-0.09%
29/08/19,87.24,87.34,87.41,87.19,16.33M,0.10%
28/08/19,87.15,86.92,87.19,86.89,13.58M,0.24%
27/08/19,86.94,87.15,87.18,86.79,15.52M,-0.05%
26/08/19,86.98,86.82,86.98,86.74,14.25M,0.50%
23/08/19,86.55,86.79,87.14,86.48,30.38M,-0.46%
22/08/19,86.95,86.94,87.03,86.75,20.68M,0.18%
21/08/19,86.79,86.64,86.85,86.58,18.33M,0.43%
20/08/19,86.42,86.39,86.47,86.25,16.13M,0.08%
19/08/19,86.35,86.26,86.36,86.22,13.75M,0.29%
16/08/19,86.1,85.94,86.13,85.94,16.00M,0.34%
15/08/19,85.81,85.71,85.9,85.65,27.56M,0.29%
14/08/19,85.56,85.94,85.97,85.5,29.75M,-0.89%
13/08/19,86.33,85.94,86.41,85.88,30.08M,0.44%
12/08/19,85.95,86.01,86.14,85.88,18.67M,-0.35%
09/08/19,86.25,86.22,86.35,86.08,19.09M,-0.14%
08/08/19,86.37,86.05,86.42,86.05,27.07M,0.40%
07/08/19,86.03,85.69,86.12,85.45,38.03M,-0.01%
06/08/19,86.04,85.87,86.11,85.67,28.69M,0.64%
05/08/19,85.49,85.87,85.87,85.35,47.73M,-1.04%
02/08/19,86.39,86.49,86.49,86.18,23.56M,-0.15%
01/08/19,86.52,86.55,86.99,86.49,28.84M,-0.47%
31/07/19,86.93,87.15,87.26,86.58,23.45M,-0.17%
30/07/19,87.08,86.9,87.09,86.84,13.79M,0.05%
29/07/19,87.04,87.15,87.16,86.96,14.73M,-0.15%
26/07/19,87.17,87.12,87.19,87.08,8.51M,0.22%
25/07/19,86.98,87.15,87.15,86.91,14.27M,-0.14%
24/07/19,87.1,87.01,87.11,86.99,12.71M,0.08%
23/07/19,87.03,86.95,87.06,86.85,14.05M,0.17%
22/07/19,86.88,86.69,86.88,86.65,12.85M,0.33%
19/07/19,86.59,86.74,86.78,86.56,14.77M,-0.17%
18/07/19,86.74,86.71,86.76,86.51,17.47M,0.05%
17/07/19,86.7,86.88,86.88,86.69,9.36M,-0.13%
16/07/19,86.81,86.98,86.98,86.73,20.15M,-0.21%
15/07/19,86.99,86.91,87.07,86.86,10.74M,0.07%
12/07/19,86.93,86.79,86.94,86.72,21.29M,0.16%
11/07/19,86.79,87.01,87.01,86.67,19.19M,-0.20%
10/07/19,86.96,86.93,87.08,86.89,24.50M,0.28%
09/07/19,86.72,86.76,86.8,86.7,19.19M,-0.12%
08/07/19,86.82,86.95,86.95,86.81,16.68M,-0.20%
05/07/19,86.99,87.08,87.09,86.85,17.59M,-0.40%
03/07/19,87.34,87.05,87.39,87.03,16.24M,0.38%
02/07/19,87.01,86.88,87.06,86.83,20.68M,0.22%
01/07/19,86.82,87.13,87.26,86.8,26.16M,-0.41%
28/06/19,87.18,87.2,87.25,87.15,14.69M,0.03%
27/06/19,87.15,87.06,87.2,87.02,13.00M,0.28%
26/06/19,86.91,87.12,87.16,86.88,19.55M,-0.05%
25/06/19,86.95,87.31,87.31,86.89,26.17M,-0.42%
24/06/19,87.32,87.33,87.37,87.28,13.76M,-0.01%
21/06/19,87.33,87.38,87.45,87.33,22.47M,-0.32%
20/06/19,87.61,87.43,87.65,87.29,48.36M,0.50%
19/06/19,87.17,86.7,87.19,86.55,28.21M,0.47%
18/06/19,86.76,86.57,86.77,86.54,22.54M,0.70%
17/06/19,86.16,86.24,86.29,86.12,10.55M,-0.15%
14/06/19,86.29,86.32,86.36,86.22,8.84M,-0.07%
13/06/19,86.35,86.3,86.41,86.25,19.44M,0.23%
12/06/19,86.15,86.33,86.34,86.13,18.20M,-0.23%
11/06/19,86.35,86.51,86.66,86.22,34.29M,0.14%
10/06/19,86.23,86.26,86.34,86.18,17.48M,0.15%
07/06/19,86.1,86,86.21,85.95,29.93M,0.26%
06/06/19,85.88,85.68,85.96,85.57,23.54M,0.21%
05/06/19,85.7,85.58,85.72,85.42,28.37M,0.23%
04/06/19,85.5,84.91,85.51,84.91,34.11M,1.00%
03/06/19,84.65,84.65,84.78,84.47,58.94M,-0.29%
31/05/19,84.9,85.24,85.33,84.88,34.95M,-0.72%
30/05/19,85.52,85.49,85.65,85.44,20.31M,0.21%
29/05/19,85.34,85.46,85.52,85.25,25.44M,-0.27%
28/05/19,85.57,85.75,85.82,85.49,20.54M,-0.09%
24/05/19,85.65,85.87,85.97,85.64,17.61M,-0.14%
23/05/19,85.77,85.96,85.99,85.67,18.33M,-0.50%
22/05/19,86.2,86.08,86.2,85.97,14.98M,0.08%
21/05/19,86.13,85.99,86.15,85.99,15.00M,0.31%
20/05/19,85.86,85.92,86.08,85.78,15.78M,-0.09%
17/05/19,85.94,85.79,86.1,85.79,27.09M,-0.03%
16/05/19,85.97,85.83,86.11,85.8,29.38M,0.30%
15/05/19,85.71,85.49,85.76,85.44,19.54M,0.09%
14/05/19,85.63,85.61,85.83,85.53,18.13M,0.22%
13/05/19,85.44,85.67,85.77,85.42,34.80M,-0.92%
10/05/19,86.23,85.96,86.31,85.75,33.78M,0.28%
09/05/19,85.99,85.99,86.06,85.68,30.89M,-0.15%
08/05/19,86.12,86.1,86.3,86.03,27.53M,0.03%
07/05/19,86.09,86.4,86.45,85.95,30.27M,-0.60%
06/05/19,86.61,86.18,86.62,86.17,18.89M,0.05%
03/05/19,86.57,86.52,86.6,86.47,18.52M,0.25%
02/05/19,86.35,86.36,86.48,86.18,24.94M,0.07%
01/05/19,86.29,86.59,86.86,86.28,24.57M,-0.75%
30/04/19,86.94,86.97,87.04,86.92,11.17M,0.01%
29/04/19,86.93,86.95,87,86.93,7.60M,-0.05%
26/04/19,86.97,86.85,86.97,86.85,11.94M,0.25%
25/04/19,86.75,86.7,86.81,86.57,14.37M,0.05%
24/04/19,86.71,86.85,86.85,86.7,11.94M,-0.14%
23/04/19,86.83,86.64,86.88,86.59,15.09M,0.35%
22/04/19,86.53,86.62,86.66,86.52,24.59M,-0.17%
18/04/19,86.68,86.79,86.79,86.58,15.30M,0.05%
17/04/19,86.64,86.94,86.94,86.63,11.82M,-0.24%
16/04/19,86.85,86.96,86.97,86.82,11.54M,-0.06%
15/04/19,86.9,86.95,86.95,86.83,13.94M,-0.07%
12/04/19,86.96,86.93,87.01,86.79,17.44M,0.15%
11/04/19,86.83,86.69,86.86,86.65,20.98M,0.15%
10/04/19,86.7,86.43,86.7,86.43,16.77M,0.44%
09/04/19,86.32,86.33,86.42,86.27,19.12M,-0.07%
08/04/19,86.38,86.39,86.41,86.31,11.47M,-0.06%
05/04/19,86.43,86.36,86.5,86.34,14.23M,0.19%
04/04/19,86.27,86.15,86.28,86.13,14.44M,0.15%
03/04/19,86.14,86.2,86.31,86.1,13.75M,0.03%
02/04/19,86.11,86.09,86.14,85.94,15.13M,0.05%
01/04/19,86.07,86.21,86.28,86.05,21.35M,-0.46%
29/03/19,86.47,86.32,86.53,86.3,22.36M,0.26%
28/03/19,86.25,86.09,86.25,86.04,19.71M,0.20%
27/03/19,86.08,86.07,86.24,85.88,16.71M,0.07%
26/03/19,86.02,85.95,86.15,85.89,18.76M,0.24%
25/03/19,85.81,85.78,85.91,85.65,23.59M,-0.03%
22/03/19,85.84,86.02,86.05,85.75,27.03M,-0.36%
21/03/19,86.15,86.06,86.26,86.04,16.40M,-0.02%
20/03/19,86.17,85.81,86.3,85.65,31.18M,0.43%
19/03/19,85.8,85.81,85.96,85.75,14.07M,0.06%
18/03/19,85.75,85.79,85.83,85.67,10.50M,-0.03%
15/03/19,85.78,85.76,85.88,85.75,21.78M,0.09%
14/03/19,85.7,85.72,85.83,85.68,12.34M,-0.07%
13/03/19,85.76,85.58,85.77,85.56,24.52M,0.27%
12/03/19,85.53,85.31,85.58,85.29,20.18M,0.18%
11/03/19,85.38,85.07,85.39,85.05,17.92M,0.33%
08/03/19,85.1,84.98,85.12,84.81,21.04M,-0.16%
07/03/19,85.24,85.33,85.34,85.08,28.10M,-0.07%
06/03/19,85.3,85.4,85.42,85.26,16.81M,-0.16%
05/03/19,85.44,85.48,85.49,85.36,14.51M,-0.05%
04/03/19,85.48,85.71,85.75,85.33,16.03M,-0.15%
01/03/19,85.61,85.55,85.66,85.5,26.46M,-0.16%
28/02/19,85.75,85.78,85.83,85.7,21.34M,-0.06%
27/02/19,85.8,85.8,85.86,85.72,14.82M,0.03%
26/02/19,85.77,85.72,85.87,85.67,16.05M,0.13%
25/02/19,85.66,85.71,85.83,85.62,13.70M,0.08%
22/02/19,85.59,85.52,85.67,85.49,12.33M,0.20%
21/02/19,85.42,85.45,85.53,85.35,15.48M,-0.09%
20/02/19,85.5,85.46,85.55,85.33,9.93M,0.08%
19/02/19,85.43,85.3,85.48,85.26,11.32M,0.04%
15/02/19,85.4,85.28,85.46,85.28,24.05M,0.32%
14/02/19,85.13,84.98,85.22,84.86,19.41M,0.01%
13/02/19,85.12,85.29,85.31,85.05,25.09M,-0.14%
12/02/19,85.24,85.08,85.27,85.07,20.17M,0.48%
11/02/19,84.83,84.77,84.87,84.7,10.05M,0.05%
08/02/19,84.79,84.71,84.81,84.58,16.73M,-0.02%
07/02/19,84.81,84.83,84.9,84.66,27.12M,-0.34%
06/02/19,85.1,85.11,85.21,85.02,25.94M,-0.09%
05/02/19,85.18,84.94,85.27,84.92,33.19M,0.35%
04/02/19,84.88,84.69,84.93,84.61,15.97M,0.24%
01/02/19,84.68,84.66,84.76,84.53,24.75M,-0.51%
31/01/19,85.11,84.88,85.24,84.88,27.07M,0.25%
30/01/19,84.9,84.34,85.03,84.33,25.99M,0.80%
29/01/19,84.23,84.35,84.35,84.03,18.72M,-0.06%
28/01/19,84.28,84.19,84.33,84.07,14.69M,-0.15%
25/01/19,84.41,84.36,84.49,84.34,16.78M,0.25%
24/01/19,84.2,84.08,84.22,83.94,17.88M,0.11%
23/01/19,84.11,84.06,84.23,83.87,18.53M,0.20%
22/01/19,83.94,84.33,84.34,83.83,25.50M,-0.66%
18/01/19,84.5,84.42,84.67,84.39,36.24M,0.28%
17/01/19,84.26,83.94,84.29,83.89,24.57M,0.27%
16/01/19,84.03,84.01,84.14,83.96,26.51M,0.15%
15/01/19,83.9,83.62,83.94,83.55,24.80M,0.33%
14/01/19,83.62,83.67,83.77,83.55,20.14M,-0.32%
11/01/19,83.89,83.82,83.98,83.78,19.79M,-0.32%
10/01/19,84.16,83.66,84.21,83.55,50.52M,0.39%
09/01/19,83.83,83.85,84.01,83.79,40.91M,0.12%
08/01/19,83.73,83.39,83.74,83.26,30.79M,0.65%
07/01/19,83.19,82.58,83.19,82.57,38.13M,0.97%
04/01/19,82.39,81.67,82.5,81.57,38.75M,1.68%
03/01/19,81.03,80.91,81.16,80.78,32.78M,0.05%
02/01/19,80.99,80.72,81.11,80.65,26.98M,-0.14%
31/12/18,81.1,81.19,81.33,81.09,14.15M,0.07%
28/12/18,81.04,80.99,81.32,80.85,30.11M,0.15%
27/12/18,80.92,80.49,80.97,80.38,31.81M,-0.06%
26/12/18,80.97,79.73,80.97,79.55,25.01M,1.68%
24/12/18,79.63,80.23,80.35,79.63,18.85M,-0.75%
21/12/18,80.23,80.59,80.92,80.1,56.29M,-0.50%
20/12/18,80.63,81.07,81.19,80.01,68.80M,-0.87%
19/12/18,81.34,82.12,82.26,81.24,32.06M,-0.90%
18/12/18,82.08,82.36,82.43,81.9,25.28M,-0.65%
17/12/18,82.62,83.09,83.16,82.55,24.12M,-0.65%
14/12/18,83.16,83.37,83.48,83.1,16.40M,-0.42%
13/12/18,83.51,83.5,83.6,83.43,15.86M,0.24%
12/12/18,83.31,83.32,83.59,83.29,17.57M,0.33%
11/12/18,83.04,83.18,83.26,82.97,19.24M,0.18%
10/12/18,82.89,82.82,82.95,82.56,23.43M,0.07%
07/12/18,82.83,83.26,83.39,82.83,28.90M,-0.19%
06/12/18,82.99,82.85,83.09,82.72,27.66M,-0.35%
04/12/18,83.28,83.63,83.71,83.2,32.07M,-0.62%
03/12/18,83.8,83.65,83.83,83.5,27.05M,0.24%
30/11/18,83.6,83.56,83.74,83.55,15.08M,-0.20%
29/11/18,83.77,83.59,83.89,83.54,17.93M,0.02%
28/11/18,83.75,83.11,83.77,83.06,23.51M,0.83%
27/11/18,83.06,82.94,83.07,82.87,14.37M,-0.05%
26/11/18,83.1,83.03,83.14,82.91,19.81M,0.47%
23/11/18,82.71,82.83,82.9,82.71,9.71M,-0.55%
21/11/18,83.17,83.17,83.34,83.07,16.56M,0.51%
20/11/18,82.75,82.78,82.97,82.7,21.90M,-0.31%
19/11/18,83.01,83.05,83.24,82.89,36.57M,-0.31%
16/11/18,83.27,83.16,83.3,83,64.91M,-0.30%
15/11/18,83.52,83.19,83.52,82.99,32.33M,-0.02%
14/11/18,83.54,83.81,83.99,83.34,44.75M,-0.19%
13/11/18,83.7,83.86,84.02,83.63,22.91M,-0.17%
12/11/18,83.84,84.33,84.41,83.81,22.32M,-0.62%
09/11/18,84.36,84.67,84.68,84.28,20.87M,-0.57%
08/11/18,84.84,84.85,85.08,84.82,20.68M,-0.25%
07/11/18,85.05,84.64,85.07,84.64,26.16M,0.58%
06/11/18,84.56,84.41,84.56,84.38,14.68M,0.26%
05/11/18,84.34,84.27,84.44,84.23,12.30M,0.08%
02/11/18,84.27,84.42,84.53,84.14,19.68M,-0.06%
01/11/18,84.32,84.09,84.41,84,33.12M,-0.04%
31/10/18,84.35,84.45,84.59,84.35,23.05M,0.00%
30/10/18,84.35,84.17,84.35,83.98,24.11M,0.24%
29/10/18,84.15,84.4,84.44,84.04,23.38M,-0.09%
26/10/18,84.23,84.31,84.53,84.17,27.42M,-0.45%
25/10/18,84.61,84.61,84.67,84.42,29.51M,0.20%
24/10/18,84.44,84.88,84.92,84.41,23.83M,-0.49%
23/10/18,84.86,84.65,84.9,84.55,20.87M,-0.09%
22/10/18,84.94,85.1,85.15,84.87,15.05M,0.05%
19/10/18,84.9,85.05,85.07,84.84,20.61M,0.06%
18/10/18,84.85,85.15,85.19,84.85,28.65M,-0.42%
17/10/18,85.21,85.26,85.36,85.14,18.74M,-0.20%
16/10/18,85.38,85.25,85.4,85.24,18.96M,0.34%
15/10/18,85.09,85.08,85.19,85.04,16.66M,-0.07%
12/10/18,85.15,85.11,85.21,84.94,31.88M,0.53%
11/10/18,84.7,84.83,85,84.57,37.67M,0.08%
10/10/18,84.63,85.11,85.11,84.61,25.20M,-0.72%
09/10/18,85.24,85.14,85.31,85.12,19.49M,0.15%
08/10/18,85.11,85.35,85.36,85.08,12.87M,-0.22%
05/10/18,85.3,85.65,85.67,85.3,25.06M,-0.44%
04/10/18,85.68,85.82,85.9,85.58,24.94M,-0.37%
03/10/18,86,86.28,86.31,85.91,17.93M,-0.27%
02/10/18,86.23,86.26,86.3,86.18,13.58M,-0.08%
01/10/18,86.3,86.16,86.3,86.14,22.57M,-0.16%
28/09/18,86.44,86.35,86.47,86.28,17.09M,0.07%
27/09/18,86.38,86.31,86.4,86.27,8.00M,0.19%
26/09/18,86.22,86.19,86.33,86.17,19.50M,0.10%
25/09/18,86.13,86.13,86.18,86.09,13.24M,-0.08%
24/09/18,86.2,86.2,86.25,86.08,10.23M,-0.05%
21/09/18,86.24,86.22,86.28,86.2,10.97M,0.02%
20/09/18,86.22,86.12,86.22,85.93,15.36M,0.14%
19/09/18,86.1,86.24,86.29,86.08,14.47M,-0.19%
18/09/18,86.26,86.29,86.36,86.24,19.88M,-0.01%
17/09/18,86.27,86.31,86.33,86.23,13.28M,-0.07%
14/09/18,86.33,86.24,86.39,86.23,12.95M,0.09%
13/09/18,86.25,86.17,86.31,86.17,10.38M,0.19%
12/09/18,86.09,85.92,86.15,85.92,14.04M,0.23%
11/09/18,85.89,85.76,85.98,85.76,17.90M,0.02%
10/09/18,85.87,85.8,85.89,85.77,7.00M,0.20%
07/09/18,85.7,85.63,85.77,85.63,12.37M,-0.10%
06/09/18,85.79,85.8,85.83,85.72,13.14M,0.08%
05/09/18,85.72,85.8,85.83,85.69,13.37M,-0.10%
04/09/18,85.81,85.89,85.93,85.72,16.03M,-0.64%
31/08/18,86.36,86.29,86.42,86.28,9.57M,0.13%
30/08/18,86.25,86.33,86.35,86.22,8.48M,-0.08%
29/08/18,86.32,86.34,86.39,86.28,7.40M,-0.06%
28/08/18,86.37,86.37,86.41,86.32,8.18M,-0.05%
27/08/18,86.41,86.4,86.46,86.37,5.58M,0.03%
24/08/18,86.38,86.28,86.41,86.25,7.46M,0.17%
23/08/18,86.23,86.24,86.32,86.19,7.75M,-0.01%
22/08/18,86.24,86.2,86.28,86.19,8.30M,0.03%
21/08/18,86.21,86.11,86.29,86.09,9.28M,0.15%
20/08/18,86.08,86.09,86.15,86.03,8.17M,0.05%
17/08/18,86.04,85.9,86.07,85.9,15.28M,0.12%
16/08/18,85.94,85.91,85.99,85.86,14.93M,0.13%
15/08/18,85.83,85.87,85.9,85.73,14.68M,-0.17%
14/08/18,85.98,85.88,86.01,85.86,9.77M,0.17%
13/08/18,85.83,85.96,85.96,85.77,10.48M,-0.07%
10/08/18,85.89,85.9,86.01,85.82,9.47M,-0.17%
09/08/18,86.04,86.11,86.14,86,6.35M,-0.07%
08/08/18,86.1,86.13,86.17,86.08,10.10M,-0.06%
07/08/18,86.15,86.1,86.23,86.08,8.41M,0.05%
06/08/18,86.11,85.87,86.11,85.87,7.52M,0.19%
03/08/18,85.95,85.86,85.99,85.85,6.94M,0.08%
02/08/18,85.88,85.76,85.89,85.72,10.99M,0.06%
01/08/18,85.83,85.76,85.88,85.67,23.30M,-0.34%
31/07/18,86.12,86.1,86.15,86.05,10.71M,0.21%
30/07/18,85.94,85.94,86.01,85.85,8.40M,0.03%
27/07/18,85.91,85.95,85.98,85.81,10.85M,-0.03%
26/07/18,85.94,85.94,86.01,85.9,9.23M,0.01%
25/07/18,85.93,85.79,85.95,85.72,12.06M,0.19%
24/07/18,85.77,85.6,85.83,85.6,11.80M,0.21%
23/07/18,85.59,85.67,85.69,85.59,7.46M,-0.04%
20/07/18,85.62,85.62,85.69,85.58,9.64M,0.05%
19/07/18,85.58,85.57,85.64,85.49,6.91M,-0.05%
18/07/18,85.62,85.61,85.68,85.53,12.84M,0.05%
17/07/18,85.58,85.49,85.65,85.44,10.72M,0.04%
16/07/18,85.55,85.62,85.63,85.51,7.96M,-0.07%
13/07/18,85.61,85.68,85.72,85.61,9.88M,0.00%
12/07/18,85.61,85.48,85.65,85.44,10.33M,0.32%
11/07/18,85.34,85.39,85.45,85.3,14.11M,-0.15%
10/07/18,85.47,85.5,85.58,85.46,7.53M,0.01%
09/07/18,85.46,85.37,85.54,85.36,11.52M,0.15%
06/07/18,85.33,85.13,85.33,85.12,9.64M,0.26%
05/07/18,85.11,84.9,85.13,84.89,12.73M,0.38%
03/07/18,84.79,84.84,84.96,84.74,10.10M,0.01%
02/07/18,84.78,84.64,84.8,84.6,22.44M,-0.35%
29/06/18,85.08,85.39,85.52,85.06,17.86M,-0.23%
28/06/18,85.28,85.35,85.41,85.16,13.83M,-0.28%
27/06/18,85.52,85.65,85.71,85.47,13.12M,-0.21%
26/06/18,85.7,85.71,85.73,85.6,7.50M,-0.01%
25/06/18,85.71,85.77,85.81,85.63,13.98M,-0.23%
22/06/18,85.91,86.04,86.09,85.88,7.79M,0.01%
21/06/18,85.9,86.07,86.07,85.87,8.13M,-0.21%
20/06/18,86.08,86.08,86.13,86.03,10.42M,0.10%
19/06/18,85.99,85.94,86.03,85.87,12.54M,-0.14%
18/06/18,86.11,86.05,86.13,85.98,11.51M,-0.01%
15/06/18,86.12,86.11,86.16,85.99,16.30M,-0.06%
14/06/18,86.17,86.08,86.19,86.03,13.95M,0.29%
13/06/18,85.92,85.91,86.05,85.83,9.96M,0.03%
12/06/18,85.89,85.83,85.97,85.77,12.43M,0.08%
11/06/18,85.82,85.7,85.84,85.69,10.43M,0.19%
08/06/18,85.66,85.6,85.73,85.57,9.78M,-0.06%
07/06/18,85.71,85.63,85.77,85.55,13.76M,0.04%
06/06/18,85.68,85.41,85.71,85.38,6.92M,0.25%
05/06/18,85.47,85.37,85.52,85.3,10.61M,0.12%
04/06/18,85.37,85.27,85.42,85.23,13.83M,0.21%
01/06/18,85.19,85.15,85.22,85.1,12.89M,-0.22%
31/05/18,85.38,85.49,85.5,85.36,17.39M,-0.09%
30/05/18,85.46,85.29,85.49,85.29,15.14M,0.31%
29/05/18,85.2,85.37,85.4,85.16,13.52M,-0.42%
25/05/18,85.56,85.58,85.64,85.46,12.90M,-0.16%
24/05/18,85.7,85.52,85.72,85.52,12.47M,0.06%
23/05/18,85.65,85.48,85.65,85.39,13.05M,0.08%
22/05/18,85.58,85.56,85.63,85.51,6.22M,0.07%
21/05/18,85.52,85.39,85.57,85.39,7.00M,0.14%
18/05/18,85.4,85.35,85.46,85.33,14.24M,-0.11%
17/05/18,85.49,85.34,85.56,85.34,13.20M,0.06%
16/05/18,85.44,85.37,85.47,85.28,13.03M,0.13%
15/05/18,85.33,85.56,85.6,85.27,20.01M,-0.49%
14/05/18,85.75,85.72,85.81,85.57,14.70M,0.02%
11/05/18,85.73,85.76,85.84,85.63,8.51M,-0.03%
10/05/18,85.76,85.57,85.79,85.54,13.38M,0.29%
09/05/18,85.51,85.35,85.54,85.34,10.48M,0.16%
08/05/18,85.37,85.45,85.47,85.31,13.69M,-0.15%
07/05/18,85.5,85.43,85.53,85.4,23.06M,0.09%
04/05/18,85.42,85.21,85.45,85.16,14.86M,0.07%
03/05/18,85.36,85.4,85.4,85.22,21.63M,-0.01%
02/05/18,85.37,85.4,85.55,85.31,12.06M,-0.04%
01/05/18,85.4,85.28,85.4,85.18,18.71M,-0.35%
30/04/18,85.7,85.7,85.85,85.69,12.47M,-0.07%
27/04/18,85.76,85.87,85.92,85.61,7.01M,-0.05%
26/04/18,85.8,85.57,85.86,85.52,17.48M,0.35%
25/04/18,85.5,85.41,85.54,85.24,15.08M,0.01%
24/04/18,85.49,85.69,85.77,85.38,17.87M,-0.20%
23/04/18,85.66,85.83,85.84,85.58,15.97M,-0.27%
20/04/18,85.89,86.05,86.09,85.87,17.69M,-0.24%
19/04/18,86.1,86.21,86.24,85.99,19.35M,-0.31%
18/04/18,86.37,86.52,86.55,86.33,13.75M,-0.10%
17/04/18,86.46,86.55,86.66,86.43,15.58M,0.05%
16/04/18,86.42,86.39,86.51,86.28,10.78M,0.15%
13/04/18,86.29,86.3,86.41,86.24,16.21M,0.06%
12/04/18,86.24,86.03,86.26,85.97,23.69M,0.36%
11/04/18,85.93,85.87,86,85.81,7.68M,0.03%
10/04/18,85.9,85.7,85.94,85.68,11.49M,0.36%
09/04/18,85.59,85.45,85.61,85.41,9.04M,0.38%
06/04/18,85.27,85.41,85.5,85.17,12.68M,-0.22%
05/04/18,85.46,85.43,85.58,85.41,10.15M,0.08%
04/04/18,85.39,84.9,85.44,84.9,9.68M,0.22%
03/04/18,85.2,85.11,85.21,84.89,12.99M,0.28%
02/04/18,84.96,85.12,85.27,84.89,18.90M,-0.79%
29/03/18,85.64,85.49,85.7,85.39,10.31M,0.34%
28/03/18,85.35,85.36,85.44,85.2,14.64M,-0.05%
27/03/18,85.39,85.48,85.63,85.21,12.66M,-0.09%
26/03/18,85.47,85.35,85.49,85.12,12.45M,0.65%
23/03/18,84.92,85.29,85.39,84.82,21.85M,-0.26%
22/03/18,85.14,85.45,85.57,85.12,15.97M,-0.60%
21/03/18,85.65,85.58,85.81,85.52,8.64M,0.04%
20/03/18,85.62,85.43,85.65,85.43,14.32M,0.20%
19/03/18,85.45,85.66,85.69,85.34,14.30M,-0.41%
16/03/18,85.8,85.64,85.81,85.59,11.01M,0.21%
15/03/18,85.62,85.55,85.75,85.5,8.65M,0.07%
14/03/18,85.56,85.73,85.78,85.52,10.80M,-0.12%
13/03/18,85.66,85.93,86.04,85.61,19.02M,-0.31%
12/03/18,85.93,86,86.07,85.79,10.13M,-0.16%
09/03/18,86.07,85.86,86.13,85.78,8.94M,0.36%
08/03/18,85.76,85.76,85.8,85.61,10.20M,0.12%
07/03/18,85.66,85.77,85.81,85.6,8.20M,-0.24%
06/03/18,85.87,85.83,85.95,85.69,14.46M,0.14%
05/03/18,85.75,85.57,85.81,85.57,9.00M,0.00%
02/03/18,85.75,85.32,85.79,85.29,18.77M,0.56%
01/03/18,85.27,85.91,85.93,85.27,24.97M,-1.06%
28/02/18,86.18,86.41,86.48,86.12,8.75M,-0.15%
27/02/18,86.31,86.48,86.5,86.2,13.84M,-0.27%
26/02/18,86.54,86.45,86.68,86.39,11.00M,0.17%
23/02/18,86.39,85.89,86.42,85.83,15.92M,0.66%
22/02/18,85.82,85.8,86.14,85.73,14.63M,0.07%
21/02/18,85.76,86.24,86.38,85.73,15.66M,-0.45%
20/02/18,86.15,86.2,86.38,86.11,22.74M,-0.35%
16/02/18,86.45,86.09,86.51,86.07,29.20M,0.41%
15/02/18,86.1,85.61,86.1,85.61,21.93M,0.81%
14/02/18,85.41,84.99,85.44,84.9,19.33M,0.18%
13/02/18,85.26,85.32,85.42,85.11,14.68M,-0.32%
12/02/18,85.53,85.2,85.66,85.16,23.45M,0.68%
09/02/18,84.95,85.28,85.42,84.07,47.23M,-0.28%
08/02/18,85.19,85.91,86,85.18,25.42M,-0.87%
07/02/18,85.94,86.38,86.62,85.86,24.30M,-0.37%
06/02/18,86.26,85.51,86.36,85.51,33.92M,0.61%
05/02/18,85.74,86.13,86.5,85.58,28.07M,-0.56%
02/02/18,86.22,86.55,86.62,86.15,24.79M,-0.63%
01/02/18,86.77,86.86,86.99,86.72,17.92M,-0.61%
31/01/18,87.3,87.3,87.42,87.21,13.06M,0.17%
30/01/18,87.15,87.45,87.46,87.14,18.47M,-0.34%
29/01/18,87.45,87.63,87.68,87.43,19.59M,-0.35%
26/01/18,87.76,87.72,87.84,87.63,7.16M,0.08%
25/01/18,87.69,87.9,87.9,87.61,11.04M,-0.07%
24/01/18,87.75,87.8,87.88,87.65,10.75M,-0.15%
23/01/18,87.88,87.68,87.9,87.62,11.60M,0.30%
22/01/18,87.62,87.49,87.65,87.49,16.67M,0.09%
19/01/18,87.54,87.44,87.55,87.39,14.40M,0.10%
18/01/18,87.45,87.5,87.56,87.4,16.13M,-0.10%
17/01/18,87.54,87.56,87.69,87.52,16.34M,0.01%
16/01/18,87.53,87.64,87.73,87.45,18.47M,-0.06%
12/01/18,87.58,87.59,87.71,87.55,12.09M,-0.17%
11/01/18,87.73,87.52,87.74,87.46,12.91M,0.33%
10/01/18,87.44,87.5,87.56,87.27,33.18M,-0.22%
09/01/18,87.63,87.99,87.99,87.61,13.55M,-0.31%
08/01/18,87.9,87.96,88.03,87.86,9.80M,-0.08%
05/01/18,87.97,87.97,88.01,87.88,9.85M,0.07%
04/01/18,87.91,87.82,87.99,87.77,13.61M,0.17%
03/01/18,87.76,87.34,87.78,87.34,20.56M,0.48%
02/01/18,87.34,87.3,87.36,87.25,7.22M,0.09%