Fecha,INPC,year,month,base,Var%
2018-01-01 00:00:00,98.795,2018,1,98.795,0.0
2018-02-01 00:00:00,99.171,2018,2,98.795,0.380586062047672
2018-03-01 00:00:00,99.492,2018,3,98.795,0.705501290551136
2018-04-01 00:00:00,99.155,2018,4,98.795,0.36439091047117955
2018-05-01 00:00:00,98.994,2018,5,98.795,0.20142719773268425
2018-06-01 00:00:00,99.376,2018,6,98.795,0.5880864416215381
2018-07-01 00:00:00,99.909,2018,7,98.795,1.127587428513599
2018-08-01 00:00:00,100.492,2018,8,98.795,1.7176982640821903
2018-09-01 00:00:00,100.917,2018,9,98.795,2.1478819778328884
2018-10-01 00:00:00,101.44,2018,10,98.795,2.6772609949896164
2018-11-01 00:00:00,102.303,2018,11,98.795,3.550786983146925
2018-12-01 00:00:00,103.02,2018,12,98.795,4.276532213168682
2019-01-01 00:00:00,103.108,2019,1,103.02,0.0854203067365722
2019-02-01 00:00:00,103.079,2019,2,103.02,0.05727043292564904
2019-03-01 00:00:00,103.476,2019,3,103.02,0.44263249854397113
2019-04-01 00:00:00,103.531,2019,4,103.02,0.4960201902543204
2019-05-01 00:00:00,103.233,2019,5,103.02,0.20675596971462262
2019-06-01 00:00:00,103.299,2019,6,103.02,0.2708211997670462
2019-07-01 00:00:00,103.687,2019,7,103.02,0.6474470976509439
2019-08-01 00:00:00,103.67,2019,8,103.02,0.63094544748592
2019-09-01 00:00:00,103.942,2019,9,103.02,0.8949718501261916
2019-10-01 00:00:00,104.503,2019,10,103.02,1.4395263055717367
2019-11-01 00:00:00,105.346,2019,11,103.02,2.2578140166958027
2019-12-01 00:00:00,105.934,2019,12,103.02,2.828576975344599
2020-01-01 00:00:00,106.447,2020,1,105.934,0.48426378688617433
2020-02-01 00:00:00,106.889,2020,2,105.934,0.9015047104801166
2020-03-01 00:00:00,106.838,2020,3,105.934,0.8533615269884942
2020-04-01 00:00:00,105.755,2020,4,105.934,-0.1689731342156442
2020-05-01 00:00:00,106.162,2020,5,105.934,0.2152283497272034
2020-06-01 00:00:00,106.743,2020,6,105.934,0.7636830479355039
2020-07-01 00:00:00,107.444,2020,7,105.934,1.4254158249476179
2020-08-01 00:00:00,107.867,2020,8,105.934,1.8247210527309488
2020-09-01 00:00:00,108.114,2020,9,105.934,2.0578850982687413
2020-10-01 00:00:00,108.774,2020,10,105.934,2.680914531689549
2020-11-01 00:00:00,108.856,2020,11,105.934,2.7583212188721173
2020-12-01 00:00:00,109.271,2020,12,105.934,3.1500745747352177
2021-01-01 00:00:00,110.21,2021,1,109.271,0.8593313871017916
2021-02-01 00:00:00,110.907,2021,2,109.271,1.4971950471762918
2021-03-01 00:00:00,111.824,2021,3,109.271,2.3363930045483317
2021-04-01 00:00:00,112.19,2021,4,109.271,2.6713400627796924
2021-05-01 00:00:00,112.419,2021,5,109.271,2.880910763148492
2021-06-01 00:00:00,113.018,2021,6,109.271,3.4290891453359063
2021-07-01 00:00:00,113.682,2021,7,109.271,4.036752660815779
2021-08-01 00:00:00,113.899,2021,8,109.271,4.235341490422884
2021-09-01 00:00:00,114.601,2021,9,109.271,4.877780929981412
2021-10-01 00:00:00,115.561,2021,10,109.271,5.756330590916159
2021-11-01 00:00:00,116.884,2021,11,109.271,6.9670818423918535
2021-12-01 00:00:00,117.308,2021,12,109.271,7.355107942638028
2022-01-01 00:00:00,118.002,2022,1,117.308,0.5916050056262057
2022-02-01 00:00:00,118.981,2022,2,117.308,1.426160193678161
2022-03-01 00:00:00,120.159,2022,3,117.308,2.4303542810379497
2022-04-01 00:00:00,120.809,2022,4,117.308,2.9844511883247327
2022-05-01 00:00:00,121.022,2022,5,117.308,3.166024482558738
2022-06-01 00:00:00,122.044,2022,6,117.308,4.0372353121696625
2022-07-01 00:00:00,122.948,2022,7,117.308,4.807856241688535
2022-08-01 00:00:00,123.803,2022,8,117.308,5.536706788965784
2022-09-01 00:00:00,124.571,2022,9,117.308,6.191393596344663
2022-10-01 00:00:00,125.276,2022,10,117.308,6.7923756265557245
2022-11-01 00:00:00,125.997,2022,11,117.308,7.406996965253865
2022-12-01 00:00:00,126.478,2022,12,117.308,7.817028676646087
2023-01-01 00:00:00,127.336,2023,1,126.478,0.6783788484953979
2023-02-01 00:00:00,128.046,2023,2,126.478,1.2397412988820244
2023-03-01 00:00:00,128.389,2023,3,126.478,1.510934708012468
2023-04-01 00:00:00,128.363,2023,4,126.478,1.4903777732095724
2023-05-01 00:00:00,128.084,2023,5,126.478,1.2697860497477897
2023-06-01 00:00:00,128.214,2023,6,126.478,1.3725707237622453
2023-07-01 00:00:00,128.832,2023,7,126.478,1.8611932510001816
2023-08-01 00:00:00,129.545,2023,8,126.478,2.42492765540252
2023-09-01 00:00:00,130.12,2023,9,126.478,2.8795521750818454
2023-10-01 00:00:00,130.609,2023,10,126.478,3.266180679643904
2023-11-01 00:00:00,131.445,2023,11,126.478,3.927165198690674
2023-12-01 00:00:00,132.373,2023,12,126.478,4.660889640886157
2024-01-01 00:00:00,133.555,2024,1,132.373,0.8929313379616888
2024-02-01 00:00:00,133.681,2024,2,132.373,0.9881169120591116
2024-03-01 00:00:00,134.065,2024,3,132.373,1.2782062807370043
2024-04-01 00:00:00,134.336,2024,4,132.373,1.482930809152938
2024-05-01 00:00:00,134.087,2024,5,132.373,1.2948259841508492
2024-06-01 00:00:00,134.594,2024,6,132.373,1.6778346037333858
2024-07-01 00:00:00,136.003,2024,7,132.373,2.7422510632832964
2024-08-01 00:00:00,136.013,2024,8,132.373,2.749805473925959
2024-09-01 00:00:00,136.08,2024,9,132.373,2.8004200252317535
2024-10-01 00:00:00,136.828,2024,10,132.373,3.3654899413022354
2024-11-01 00:00:00,137.424,2024,11,132.373,3.8157328156044112
2024-12-01 00:00:00,137.949,2024,12,132.373,4.212339374343732
2025-01-01 00:00:00,138.343,2025,1,137.949,0.2856127989329327
2025-02-01 00:00:00,138.726,2025,2,137.949,0.563251636474349
2025-03-01 00:00:00,139.161,2025,3,137.949,0.8785855642302609
2025-04-01 00:00:00,139.62,2025,4,137.949,1.2113172259313076
2025-05-01 00:00:00,140.012,2025,5,137.949,1.4954802137021606
2025-06-01 00:00:00,140.405,2025,6,137.949,1.7803681070540422
2025-07-01 00:00:00,140.78,2025,7,137.949,2.052207699947073
2025-08-01 00:00:00,140.867,2025,8,137.949,2.115274485498242
2025-09-01 00:00:00,141.197,2025,9,137.949,2.3544933272441115
2025-10-01 00:00:00,141.708,2025,10,137.949,2.724920079159676
2025-11-01 00:00:00,142.645,2025,11,137.949,3.4041566086017383
2025-12-01 00:00:00,143.042,2025,12,137.949,3.6919441242778017
2026-01-01 00:00:00,143.588,2026,1,143.042,0.3817060723423804
2026-02-01 00:00:00,144.307,2026,2,143.042,0.8843556437969191
