Fecha,BONOMX5,BONOUSA5,Diferencia
2018-01-02 00:00:00,7.51,2.248,5.262
2018-01-03 00:00:00,7.46,2.243,5.2170000000000005
2018-01-04 00:00:00,7.42,2.268,5.152
2018-01-05 00:00:00,7.41,2.285,5.125
2018-01-08 00:00:00,7.41,2.287,5.123
2018-01-09 00:00:00,7.46,2.329,5.131
2018-01-10 00:00:00,7.471,2.331,5.140000000000001
2018-01-11 00:00:00,7.49,2.324,5.166
2018-01-12 00:00:00,7.47,2.346,5.124
2018-01-15 00:00:00,7.42,2.352,5.068
2018-01-16 00:00:00,7.431,2.353,5.077999999999999
2018-01-17 00:00:00,7.41,2.403,5.007
2018-01-18 00:00:00,7.45,2.418,5.032
2018-01-19 00:00:00,7.48,2.453,5.027000000000001
2018-01-22 00:00:00,7.48,2.453,5.027000000000001
2018-01-23 00:00:00,7.42,2.415,5.005
2018-01-24 00:00:00,7.35,2.438,4.911999999999999
2018-01-25 00:00:00,7.38,2.425,4.955
2018-01-26 00:00:00,7.43,2.47,4.959999999999999
2018-01-29 00:00:00,7.47,2.495,4.975
2018-01-30 00:00:00,7.51,2.509,5.0009999999999994
2018-01-31 00:00:00,7.45,2.522,4.928000000000001
2018-02-01 00:00:00,7.41,2.566,4.844
2018-02-02 00:00:00,7.42,2.588,4.832
2018-02-06 00:00:00,7.48,2.543,4.937
2018-02-07 00:00:00,7.45,2.556,4.894
2018-02-08 00:00:00,7.52,2.545,4.975
2018-02-09 00:00:00,7.59,2.543,5.047
2018-02-12 00:00:00,7.65,2.557,5.093
2018-02-13 00:00:00,7.68,2.547,5.132999999999999
2018-02-14 00:00:00,7.74,2.642,5.098000000000001
2018-02-15 00:00:00,7.66,2.647,5.013
2018-02-16 00:00:00,7.64,2.627,5.013
2018-02-19 00:00:00,7.631,2.653,4.978
2018-02-20 00:00:00,7.64,2.646,4.994
2018-02-21 00:00:00,7.59,2.686,4.904
2018-02-22 00:00:00,7.51,2.659,4.851
2018-02-23 00:00:00,7.47,2.62,4.85
2018-02-26 00:00:00,7.52,2.612,4.9079999999999995
2018-02-27 00:00:00,7.53,2.665,4.865
2018-02-28 00:00:00,7.49,2.645,4.845000000000001
2018-03-01 00:00:00,7.48,2.585,4.8950000000000005
2018-03-02 00:00:00,7.46,2.632,4.827999999999999
2018-03-05 00:00:00,7.48,2.645,4.835000000000001
2018-03-06 00:00:00,7.44,2.654,4.7860000000000005
2018-03-07 00:00:00,7.42,2.648,4.772
2018-03-08 00:00:00,7.42,2.628,4.792
2018-03-09 00:00:00,7.42,2.652,4.768
2018-03-12 00:00:00,7.4,2.635,4.765000000000001
2018-03-13 00:00:00,7.43,2.622,4.808
2018-03-14 00:00:00,7.43,2.613,4.817
2018-03-15 00:00:00,7.43,2.623,4.8069999999999995
2018-03-16 00:00:00,7.4,2.644,4.756
2018-03-20 00:00:00,7.43,2.7,4.7299999999999995
2018-03-21 00:00:00,7.4,2.674,4.726000000000001
2018-03-22 00:00:00,7.37,2.621,4.7490000000000006
2018-03-23 00:00:00,7.36,2.603,4.757
2018-03-26 00:00:00,7.29,2.64,4.65
2018-03-27 00:00:00,7.25,2.57,4.68
2018-03-28 00:00:00,7.18,2.596,4.584
2018-03-29 00:00:00,7.22,2.562,4.6579999999999995
2018-04-02 00:00:00,7.25,2.55,4.7
2018-04-03 00:00:00,7.2,2.599,4.601
2018-04-04 00:00:00,7.14,2.626,4.513999999999999
2018-04-05 00:00:00,7.15,2.64,4.51
2018-04-06 00:00:00,7.16,2.588,4.572
2018-04-09 00:00:00,7.13,2.598,4.532
2018-04-10 00:00:00,7.16,2.625,4.535
2018-04-11 00:00:00,7.18,2.613,4.567
2018-04-12 00:00:00,7.17,2.679,4.491
2018-04-13 00:00:00,7.19,2.671,4.519
2018-04-16 00:00:00,7.21,2.681,4.529
2018-04-17 00:00:00,7.21,2.69,4.52
2018-04-18 00:00:00,7.21,2.733,4.477
2018-04-19 00:00:00,7.27,2.757,4.513
2018-04-20 00:00:00,7.3,2.802,4.497999999999999
2018-04-23 00:00:00,7.38,2.822,4.558
2018-04-24 00:00:00,7.41,2.828,4.582000000000001
2018-04-25 00:00:00,7.37,2.842,4.5280000000000005
2018-04-26 00:00:00,7.36,2.814,4.546
2018-04-27 00:00:00,7.31,2.804,4.506
2018-04-30 00:00:00,7.34,2.801,4.539
2018-05-01 00:00:00,7.37,2.814,4.556
2018-05-02 00:00:00,7.37,2.804,4.566000000000001
2018-05-03 00:00:00,7.38,2.782,4.598
2018-05-04 00:00:00,7.44,2.787,4.6530000000000005
2018-05-07 00:00:00,7.53,2.789,4.741
2018-05-08 00:00:00,7.59,2.811,4.779
2018-05-09 00:00:00,7.62,2.842,4.7780000000000005
2018-05-10 00:00:00,7.49,2.83,4.66
2018-05-11 00:00:00,7.53,2.838,4.692
2018-05-14 00:00:00,7.61,2.862,4.748
2018-05-15 00:00:00,7.71,2.917,4.793
2018-05-16 00:00:00,7.7,2.944,4.756
2018-05-17 00:00:00,7.69,2.939,4.751
2018-05-18 00:00:00,7.71,2.888,4.822
2018-05-21 00:00:00,7.67,2.895,4.775
2018-05-22 00:00:00,7.66,2.898,4.7620000000000005
2018-05-23 00:00:00,7.61,2.825,4.785
2018-05-24 00:00:00,7.61,2.814,4.796
2018-05-25 00:00:00,7.606,2.763,4.843
2018-05-28 00:00:00,7.6,2.731,4.869
2018-05-29 00:00:00,7.61,2.601,5.009
2018-05-30 00:00:00,7.69,2.683,5.007000000000001
2018-05-31 00:00:00,7.76,2.7,5.06
2018-06-01 00:00:00,7.8,2.747,5.053
2018-06-04 00:00:00,7.82,2.796,5.024000000000001
2018-06-05 00:00:00,7.81,2.769,5.0409999999999995
2018-06-06 00:00:00,7.77,2.811,4.959
2018-06-07 00:00:00,7.83,2.77,5.0600000000000005
2018-06-08 00:00:00,7.81,2.786,5.023999999999999
2018-06-11 00:00:00,7.85,2.796,5.054
2018-06-12 00:00:00,7.9,2.813,5.087
2018-06-13 00:00:00,7.9,2.836,5.064
2018-06-14 00:00:00,7.99,2.808,5.182
2018-06-15 00:00:00,8.06,2.799,5.261000000000001
2018-06-18 00:00:00,8.05,2.792,5.258000000000001
2018-06-19 00:00:00,7.97,2.772,5.198
2018-06-20 00:00:00,7.83,2.808,5.022
2018-06-21 00:00:00,7.82,2.769,5.051
2018-06-22 00:00:00,7.73,2.767,4.963000000000001
2018-06-25 00:00:00,7.76,2.753,5.007
2018-06-26 00:00:00,7.71,2.746,4.964
2018-06-27 00:00:00,7.73,2.699,5.031000000000001
2018-06-28 00:00:00,7.674,2.718,4.956
2018-06-29 00:00:00,7.66,2.74,4.92
2018-07-02 00:00:00,7.71,2.757,4.952999999999999
2018-07-03 00:00:00,7.59,2.723,4.867
2018-07-04 00:00:00,7.63,2.733,4.897
2018-07-05 00:00:00,7.59,2.731,4.859
2018-07-06 00:00:00,7.64,2.718,4.922
2018-07-09 00:00:00,7.67,2.752,4.918
2018-07-10 00:00:00,7.65,2.764,4.886000000000001
2018-07-11 00:00:00,7.65,2.738,4.912000000000001
2018-07-12 00:00:00,7.65,2.749,4.901
2018-07-13 00:00:00,7.7,2.727,4.973000000000001
2018-07-16 00:00:00,7.66,2.75,4.91
2018-07-17 00:00:00,7.63,2.763,4.867
2018-07-18 00:00:00,7.59,2.773,4.817
2018-07-19 00:00:00,7.64,2.734,4.906
2018-07-20 00:00:00,7.61,2.764,4.846
2018-07-23 00:00:00,7.62,2.823,4.797000000000001
2018-07-24 00:00:00,7.71,2.821,4.888999999999999
2018-07-25 00:00:00,7.69,2.849,4.841
2018-07-26 00:00:00,7.67,2.865,4.805
2018-07-27 00:00:00,7.71,2.846,4.864
2018-07-30 00:00:00,7.67,2.851,4.819
2018-07-31 00:00:00,7.712,2.848,4.864
2018-08-01 00:00:00,7.722,2.875,4.847
2018-08-02 00:00:00,7.67,2.855,4.8149999999999995
2018-08-03 00:00:00,7.63,2.814,4.816
2018-08-06 00:00:00,7.62,2.809,4.811
2018-08-07 00:00:00,7.58,2.845,4.734999999999999
2018-08-08 00:00:00,7.56,2.835,4.725
2018-08-09 00:00:00,7.6,2.809,4.7909999999999995
2018-08-10 00:00:00,7.66,2.747,4.913
2018-08-13 00:00:00,7.71,2.747,4.963
2018-08-14 00:00:00,7.72,2.774,4.946
2018-08-15 00:00:00,7.838,2.735,5.103
2018-08-16 00:00:00,7.83,2.745,5.085
2018-08-17 00:00:00,7.79,2.743,5.047000000000001
2018-08-20 00:00:00,7.81,2.699,5.111
2018-08-21 00:00:00,7.76,2.726,5.034
2018-08-22 00:00:00,7.748,2.704,5.0440000000000005
2018-08-23 00:00:00,7.74,2.724,5.016
2018-08-24 00:00:00,7.7,2.716,4.984
2018-08-27 00:00:00,7.67,2.741,4.929
2018-08-28 00:00:00,7.77,2.777,4.992999999999999
2018-08-29 00:00:00,7.79,2.784,5.006
2018-08-30 00:00:00,7.848,2.752,5.096
2018-08-31 00:00:00,7.836,2.738,5.098000000000001
2018-09-03 00:00:00,7.86,2.74,5.12
2018-09-04 00:00:00,7.94,2.774,5.166
2018-09-05 00:00:00,7.974,2.77,5.204000000000001
2018-09-06 00:00:00,7.91,2.747,5.163
2018-09-07 00:00:00,7.97,2.819,5.151
2018-09-10 00:00:00,7.99,2.825,5.165
2018-09-11 00:00:00,8.01,2.871,5.138999999999999
2018-09-12 00:00:00,7.97,2.862,5.108
2018-09-13 00:00:00,7.89,2.876,5.013999999999999
2018-09-14 00:00:00,7.91,2.905,5.005000000000001
2018-09-17 00:00:00,7.93,2.893,5.037
2018-09-18 00:00:00,7.94,2.946,4.994
2018-09-19 00:00:00,7.94,2.95,4.99
2018-09-20 00:00:00,7.93,2.955,4.975
2018-09-21 00:00:00,7.93,2.952,4.978
2018-09-24 00:00:00,7.88,2.969,4.911
2018-09-25 00:00:00,7.9,2.983,4.917
2018-09-26 00:00:00,7.83,2.944,4.886
2018-09-27 00:00:00,7.73,2.958,4.772
2018-09-28 00:00:00,7.748,2.955,4.793
2018-10-01 00:00:00,7.744,2.965,4.779
2018-10-02 00:00:00,7.778,2.95,4.827999999999999
2018-10-03 00:00:00,7.78,3.042,4.738
2018-10-04 00:00:00,7.86,3.045,4.815
2018-10-05 00:00:00,7.9,3.073,4.827
2018-10-08 00:00:00,7.98,3.061,4.9190000000000005
2018-10-09 00:00:00,7.97,3.054,4.916
2018-10-10 00:00:00,8.01,3.011,4.999
2018-10-11 00:00:00,7.99,3.001,4.989000000000001
2018-10-12 00:00:00,7.93,3.022,4.9079999999999995
2018-10-15 00:00:00,7.94,3.01,4.930000000000001
2018-10-16 00:00:00,7.93,3.024,4.906
2018-10-17 00:00:00,7.97,3.062,4.9079999999999995
2018-10-18 00:00:00,8.01,3.025,4.984999999999999
2018-10-19 00:00:00,8.05,3.048,5.002000000000001
2018-10-22 00:00:00,8.21,3.05,5.160000000000001
2018-10-23 00:00:00,8.17,3.014,5.156000000000001
2018-10-24 00:00:00,8.21,2.948,5.2620000000000005
2018-10-25 00:00:00,8.2,2.968,5.231999999999999
2018-10-26 00:00:00,8.18,2.909,5.271
2018-10-29 00:00:00,8.54,2.922,5.6179999999999986
2018-10-30 00:00:00,8.56,2.951,5.609
2018-10-31 00:00:00,8.75,2.978,5.772
2018-11-01 00:00:00,8.61,2.961,5.648999999999999
2018-11-02 00:00:00,8.64,3.042,5.598000000000001
2018-11-05 00:00:00,8.45,3.028,5.421999999999999
2018-11-06 00:00:00,8.46,3.061,5.399000000000001
2018-11-07 00:00:00,8.5,3.083,5.417
2018-11-08 00:00:00,8.61,3.093,5.5169999999999995
2018-11-09 00:00:00,8.67,3.04,5.63
2018-11-12 00:00:00,8.68,3.001,5.679
2018-11-13 00:00:00,8.76,2.984,5.776
2018-11-14 00:00:00,8.79,2.957,5.832999999999999
2018-11-15 00:00:00,8.75,2.936,5.814
2018-11-16 00:00:00,8.8,2.882,5.918000000000001
2018-11-20 00:00:00,8.82,2.885,5.9350000000000005
2018-11-21 00:00:00,8.83,2.894,5.936
2018-11-22 00:00:00,8.79,2.894,5.895999999999999
2018-11-23 00:00:00,8.9,2.873,6.027
2018-11-26 00:00:00,8.96,2.888,6.072000000000001
2018-11-27 00:00:00,9.01,2.89,6.119999999999999
2018-11-28 00:00:00,8.97,2.868,6.102
2018-11-29 00:00:00,8.85,2.848,6.002
2018-11-30 00:00:00,8.99,2.823,6.167
2018-12-03 00:00:00,8.88,2.816,6.064000000000001
2018-12-04 00:00:00,8.95,2.79,6.159999999999999
2018-12-05 00:00:00,8.94,2.797,6.142999999999999
2018-12-06 00:00:00,8.96,2.753,6.207000000000001
2018-12-07 00:00:00,8.91,2.701,6.209
2018-12-10 00:00:00,8.96,2.718,6.242000000000001
2018-12-11 00:00:00,8.91,2.743,6.167
2018-12-13 00:00:00,8.82,2.756,6.064
2018-12-14 00:00:00,8.83,2.734,6.096
2018-12-17 00:00:00,8.75,2.692,6.058
2018-12-18 00:00:00,8.63,2.654,5.976000000000001
2018-12-19 00:00:00,8.58,2.627,5.953
2018-12-20 00:00:00,8.56,2.671,5.889000000000001
2018-12-21 00:00:00,8.76,2.637,6.122999999999999
2018-12-24 00:00:00,8.78,2.572,6.207999999999999
2018-12-26 00:00:00,8.73,2.65,6.08
2018-12-27 00:00:00,8.76,2.62,6.14
2018-12-28 00:00:00,8.64,2.555,6.085000000000001
2018-12-31 00:00:00,8.51,2.51,6.0
2019-01-02 00:00:00,8.51,2.468,6.042
2019-01-03 00:00:00,8.46,2.355,6.105
2019-01-04 00:00:00,8.34,2.501,5.839
2019-01-07 00:00:00,8.46,2.537,5.923000000000001
2019-01-08 00:00:00,8.5,2.581,5.9190000000000005
2019-01-09 00:00:00,8.51,2.549,5.961
2019-01-10 00:00:00,8.49,2.569,5.921
2019-01-11 00:00:00,8.45,2.527,5.922999999999999
2019-01-14 00:00:00,8.41,2.527,5.883
2019-01-15 00:00:00,8.43,2.534,5.896
2019-01-16 00:00:00,8.43,2.542,5.888
2019-01-17 00:00:00,8.48,2.576,5.904
2019-01-18 00:00:00,8.46,2.625,5.835000000000001
2019-01-21 00:00:00,8.49,2.608,5.882
2019-01-22 00:00:00,8.47,2.579,5.891
2019-01-23 00:00:00,8.4,2.584,5.816000000000001
2019-01-24 00:00:00,8.27,2.55,5.72
2019-01-25 00:00:00,8.2,2.598,5.601999999999999
2019-01-28 00:00:00,8.22,2.582,5.638000000000001
2019-01-29 00:00:00,8.16,2.545,5.615
2019-01-30 00:00:00,8.23,2.485,5.745000000000001
2019-01-31 00:00:00,8.21,2.44,5.770000000000001
2019-02-01 00:00:00,8.22,2.503,5.7170000000000005
2019-02-05 00:00:00,8.18,2.517,5.663
2019-02-06 00:00:00,8.15,2.508,5.642
2019-02-07 00:00:00,8.16,2.465,5.695
2019-02-08 00:00:00,8.08,2.444,5.636
2019-02-11 00:00:00,8.22,2.47,5.75
2019-02-12 00:00:00,8.18,2.493,5.686999999999999
2019-02-13 00:00:00,8.27,2.529,5.741
2019-02-14 00:00:00,8.2,2.473,5.726999999999999
2019-02-15 00:00:00,8.14,2.493,5.647
2019-02-18 00:00:00,8.14,2.5,5.640000000000001
2019-02-19 00:00:00,8.11,2.459,5.651
2019-02-20 00:00:00,8.11,2.471,5.638999999999999
2019-02-21 00:00:00,8.1,2.513,5.587
2019-02-22 00:00:00,8.06,2.471,5.589
2019-02-25 00:00:00,8.02,2.481,5.539
2019-02-26 00:00:00,7.99,2.447,5.543
2019-02-27 00:00:00,8.0,2.482,5.518
2019-02-28 00:00:00,7.994,2.516,5.478
2019-03-01 00:00:00,7.98,2.561,5.4190000000000005
2019-03-04 00:00:00,8.03,2.529,5.5009999999999994
2019-03-05 00:00:00,7.99,2.529,5.461
2019-03-06 00:00:00,7.946,2.499,5.446999999999999
2019-03-07 00:00:00,7.97,2.442,5.528
2019-03-08 00:00:00,7.97,2.432,5.538
2019-03-11 00:00:00,7.914,2.444,5.47
2019-03-12 00:00:00,7.896,2.405,5.491
2019-03-13 00:00:00,7.938,2.432,5.506
2019-03-14 00:00:00,7.94,2.43,5.51
2019-03-15 00:00:00,7.92,2.397,5.523
2019-03-18 00:00:00,7.95,2.415,5.535
2019-03-19 00:00:00,7.93,2.429,5.5009999999999994
2019-03-20 00:00:00,7.834,2.326,5.507999999999999
2019-03-21 00:00:00,7.81,2.341,5.468999999999999
2019-03-22 00:00:00,7.74,2.24,5.5
2019-03-25 00:00:00,7.67,2.187,5.4830000000000005
2019-03-26 00:00:00,7.73,2.208,5.522
2019-03-27 00:00:00,7.76,2.17,5.59
2019-03-28 00:00:00,7.78,2.21,5.57
2019-03-29 00:00:00,7.81,2.236,5.574
2019-04-01 00:00:00,7.84,2.325,5.515
2019-04-02 00:00:00,7.84,2.283,5.557
2019-04-03 00:00:00,7.87,2.33,5.54
2019-04-04 00:00:00,7.85,2.319,5.531
2019-04-05 00:00:00,7.79,2.309,5.481
2019-04-08 00:00:00,7.8,2.326,5.474
2019-04-09 00:00:00,7.84,2.307,5.5329999999999995
2019-04-10 00:00:00,7.82,2.27,5.550000000000001
2019-04-11 00:00:00,7.79,2.314,5.476
2019-04-12 00:00:00,7.75,2.377,5.373
2019-04-15 00:00:00,7.84,2.372,5.468
2019-04-16 00:00:00,7.87,2.406,5.464
2019-04-17 00:00:00,7.86,2.404,5.456
2019-04-18 00:00:00,7.89,2.369,5.520999999999999
2019-04-22 00:00:00,7.87,2.385,5.485
2019-04-23 00:00:00,7.88,2.361,5.519
2019-04-24 00:00:00,7.92,2.312,5.6080000000000005
2019-04-25 00:00:00,7.95,2.33,5.62
2019-04-26 00:00:00,7.89,2.29,5.6
2019-04-29 00:00:00,7.92,2.312,5.6080000000000005
2019-04-30 00:00:00,7.92,2.278,5.6419999999999995
2019-05-02 00:00:00,7.94,2.347,5.593
2019-05-03 00:00:00,7.91,2.327,5.583
2019-05-06 00:00:00,7.92,2.293,5.627
2019-05-07 00:00:00,7.95,2.253,5.697
2019-05-08 00:00:00,7.948,2.288,5.66
2019-05-09 00:00:00,7.9,2.253,5.647
2019-05-10 00:00:00,7.894,2.268,5.626
2019-05-13 00:00:00,7.9,2.185,5.715
2019-05-14 00:00:00,7.87,2.191,5.679
2019-05-15 00:00:00,7.85,2.151,5.699
2019-05-16 00:00:00,7.88,2.171,5.709
2019-05-17 00:00:00,7.89,2.176,5.7139999999999995
2019-05-20 00:00:00,7.91,2.206,5.704000000000001
2019-05-21 00:00:00,7.92,2.228,5.692
2019-05-22 00:00:00,7.9,2.179,5.721
2019-05-23 00:00:00,7.88,2.118,5.7620000000000005
2019-05-24 00:00:00,7.88,2.122,5.758
2019-05-27 00:00:00,7.84,2.117,5.723
2019-05-28 00:00:00,7.76,2.07,5.6899999999999995
2019-05-29 00:00:00,7.74,2.071,5.6690000000000005
2019-05-30 00:00:00,7.77,2.025,5.744999999999999
2019-05-31 00:00:00,7.87,1.916,5.954000000000001
2019-06-03 00:00:00,7.88,1.84,6.04
2019-06-04 00:00:00,7.84,1.886,5.954
2019-06-05 00:00:00,7.82,1.871,5.949
2019-06-06 00:00:00,7.87,1.883,5.987
2019-06-07 00:00:00,7.79,1.851,5.939
2019-06-10 00:00:00,7.62,1.917,5.703
2019-06-11 00:00:00,7.56,1.916,5.644
2019-06-12 00:00:00,7.58,1.874,5.7059999999999995
2019-06-13 00:00:00,7.59,1.834,5.756
2019-06-14 00:00:00,7.55,1.836,5.7139999999999995
2019-06-17 00:00:00,7.62,1.852,5.768
2019-06-18 00:00:00,7.57,1.831,5.739000000000001
2019-06-19 00:00:00,7.51,1.765,5.745
2019-06-20 00:00:00,7.44,1.776,5.664000000000001
2019-06-21 00:00:00,7.53,1.797,5.7330000000000005
2019-06-24 00:00:00,7.5,1.747,5.753
2019-06-25 00:00:00,7.51,1.729,5.781
2019-06-26 00:00:00,7.54,1.798,5.742
2019-06-27 00:00:00,7.43,1.77,5.66
2019-06-28 00:00:00,7.34,1.768,5.572
2019-07-01 00:00:00,7.28,1.796,5.484
2019-07-02 00:00:00,7.24,1.743,5.497
2019-07-03 00:00:00,7.21,1.737,5.473
2019-07-04 00:00:00,7.21,1.73,5.48
2019-07-05 00:00:00,7.27,1.837,5.433
2019-07-08 00:00:00,7.27,1.854,5.4159999999999995
2019-07-09 00:00:00,7.43,1.889,5.5409999999999995
2019-07-10 00:00:00,7.46,1.828,5.632
2019-07-11 00:00:00,7.46,1.899,5.561
2019-07-12 00:00:00,7.39,1.871,5.519
2019-07-15 00:00:00,7.36,1.846,5.514
2019-07-16 00:00:00,7.42,1.871,5.5489999999999995
2019-07-17 00:00:00,7.48,1.811,5.6690000000000005
2019-07-18 00:00:00,7.33,1.766,5.564
2019-07-19 00:00:00,7.29,1.816,5.474
2019-07-22 00:00:00,7.3,1.805,5.495
2019-07-23 00:00:00,7.3,1.828,5.4719999999999995
2019-07-24 00:00:00,7.25,1.815,5.4350000000000005
2019-07-25 00:00:00,7.25,1.862,5.388
2019-07-26 00:00:00,7.33,1.854,5.476
2019-07-29 00:00:00,7.29,1.844,5.446
2019-07-30 00:00:00,7.31,1.842,5.468
2019-07-31 00:00:00,7.25,1.822,5.428
2019-08-01 00:00:00,7.29,1.693,5.5969999999999995
2019-08-02 00:00:00,7.27,1.661,5.609
2019-08-05 00:00:00,7.29,1.528,5.7620000000000005
2019-08-06 00:00:00,7.32,1.526,5.7940000000000005
2019-08-07 00:00:00,7.21,1.542,5.668
2019-08-08 00:00:00,7.18,1.544,5.635999999999999
2019-08-09 00:00:00,7.09,1.579,5.511
2019-08-12 00:00:00,7.1,1.486,5.614
2019-08-13 00:00:00,7.11,1.586,5.524
2019-08-14 00:00:00,7.13,1.494,5.636
2019-08-15 00:00:00,6.95,1.396,5.554
2019-08-16 00:00:00,6.84,1.423,5.417
2019-08-19 00:00:00,6.94,1.48,5.460000000000001
2019-08-20 00:00:00,6.98,1.428,5.5520000000000005
2019-08-21 00:00:00,6.93,1.474,5.4559999999999995
2019-08-22 00:00:00,6.88,1.498,5.382
2019-08-23 00:00:00,6.84,1.414,5.426
2019-08-26 00:00:00,6.89,1.419,5.471
2019-08-27 00:00:00,6.94,1.381,5.559
2019-08-28 00:00:00,6.9,1.374,5.526
2019-08-29 00:00:00,6.91,1.396,5.514
2019-08-30 00:00:00,6.85,1.391,5.459
2019-09-02 00:00:00,6.85,1.39,5.46
2019-09-03 00:00:00,6.83,1.334,5.496
2019-09-04 00:00:00,6.85,1.321,5.529
2019-09-05 00:00:00,6.89,1.434,5.4559999999999995
2019-09-06 00:00:00,6.83,1.431,5.399
2019-09-09 00:00:00,6.86,1.5,5.36
2019-09-10 00:00:00,6.96,1.603,5.357
2019-09-11 00:00:00,7.01,1.598,5.412
2019-09-12 00:00:00,6.97,1.64,5.33
2019-09-13 00:00:00,7.04,1.757,5.283
2019-09-17 00:00:00,6.99,1.664,5.3260000000000005
2019-09-18 00:00:00,6.93,1.678,5.252
2019-09-19 00:00:00,6.79,1.663,5.127
2019-09-20 00:00:00,6.73,1.6,5.130000000000001
2019-09-23 00:00:00,6.67,1.6,5.07
2019-09-24 00:00:00,6.68,1.529,5.151
2019-09-25 00:00:00,6.68,1.609,5.071
2019-09-26 00:00:00,6.63,1.585,5.045
2019-09-27 00:00:00,6.68,1.565,5.115
2019-09-30 00:00:00,6.69,1.546,5.144
2019-10-01 00:00:00,6.73,1.489,5.2410000000000005
2019-10-02 00:00:00,6.68,1.435,5.244999999999999
2019-10-03 00:00:00,6.57,1.349,5.221
2019-10-04 00:00:00,6.62,1.349,5.271
2019-10-07 00:00:00,6.65,1.397,5.253
2019-10-08 00:00:00,6.63,1.357,5.273
2019-10-09 00:00:00,6.61,1.409,5.2010000000000005
2019-10-10 00:00:00,6.65,1.488,5.162000000000001
2019-10-11 00:00:00,6.65,1.556,5.094
2019-10-14 00:00:00,6.62,1.546,5.074
2019-10-15 00:00:00,6.68,1.599,5.0809999999999995
2019-10-16 00:00:00,6.71,1.567,5.143
2019-10-17 00:00:00,6.73,1.574,5.156000000000001
2019-10-18 00:00:00,6.69,1.566,5.1240000000000006
2019-10-21 00:00:00,6.7,1.612,5.088
2019-10-22 00:00:00,6.73,1.591,5.139
2019-10-23 00:00:00,6.69,1.594,5.096
2019-10-24 00:00:00,6.62,1.588,5.032
2019-10-25 00:00:00,6.65,1.626,5.024000000000001
2019-10-28 00:00:00,6.69,1.665,5.025
2019-10-29 00:00:00,6.66,1.659,5.001
2019-10-30 00:00:00,6.59,1.608,4.981999999999999
2019-10-31 00:00:00,6.56,1.518,5.042
2019-11-01 00:00:00,6.6,1.544,5.055999999999999
2019-11-04 00:00:00,6.63,1.598,5.032
2019-11-05 00:00:00,6.65,1.661,4.989000000000001
2019-11-06 00:00:00,6.61,1.631,4.979
2019-11-07 00:00:00,6.65,1.742,4.908
2019-11-08 00:00:00,6.69,1.751,4.939
2019-11-11 00:00:00,6.68,1.739,4.941
2019-11-12 00:00:00,6.74,1.734,5.006
2019-11-13 00:00:00,6.78,1.698,5.082000000000001
2019-11-14 00:00:00,6.73,1.628,5.102
2019-11-15 00:00:00,6.69,1.653,5.037000000000001
2019-11-19 00:00:00,6.77,1.625,5.145
2019-11-20 00:00:00,6.86,1.594,5.266
2019-11-21 00:00:00,6.84,1.619,5.221
2019-11-22 00:00:00,6.83,1.624,5.2059999999999995
2019-11-25 00:00:00,6.88,1.607,5.273
2019-11-26 00:00:00,6.98,1.596,5.384
2019-11-27 00:00:00,6.94,1.628,5.312
2019-11-28 00:00:00,6.95,1.636,5.314
2019-11-29 00:00:00,6.95,1.624,5.3260000000000005
2019-12-02 00:00:00,6.97,1.644,5.326
2019-12-03 00:00:00,6.95,1.544,5.406000000000001
2019-12-04 00:00:00,6.92,1.603,5.317
2019-12-05 00:00:00,6.89,1.631,5.2589999999999995
2019-12-06 00:00:00,6.83,1.668,5.162
2019-12-09 00:00:00,6.75,1.658,5.0920000000000005
2019-12-10 00:00:00,6.75,1.686,5.064
2019-12-11 00:00:00,6.71,1.638,5.072
2019-12-13 00:00:00,6.65,1.656,4.994000000000001
2019-12-16 00:00:00,6.62,1.703,4.917
2019-12-17 00:00:00,6.61,1.702,4.908
2019-12-18 00:00:00,6.65,1.737,4.913
2019-12-19 00:00:00,6.64,1.735,4.904999999999999
2019-12-20 00:00:00,6.8,1.734,5.066
2019-12-23 00:00:00,6.77,1.745,5.0249999999999995
2019-12-24 00:00:00,6.77,1.712,5.058
2019-12-26 00:00:00,6.75,1.719,5.031
2019-12-27 00:00:00,6.72,1.678,5.042
2019-12-30 00:00:00,6.72,1.676,5.044
2019-12-31 00:00:00,6.74,1.693,5.047000000000001
2020-01-02 00:00:00,6.71,1.666,5.0440000000000005
2020-01-03 00:00:00,6.67,1.594,5.076
2020-01-06 00:00:00,6.69,1.607,5.083
2020-01-07 00:00:00,6.75,1.604,5.146
2020-01-08 00:00:00,6.75,1.664,5.086
2020-01-09 00:00:00,6.78,1.651,5.1290000000000004
2020-01-10 00:00:00,6.73,1.633,5.097
2020-01-13 00:00:00,6.74,1.651,5.089
2020-01-14 00:00:00,6.74,1.618,5.122
2020-01-15 00:00:00,6.72,1.602,5.117999999999999
2020-01-16 00:00:00,6.73,1.625,5.105
2020-01-17 00:00:00,6.73,1.623,5.107
2020-01-20 00:00:00,6.73,1.62,5.11
2020-01-21 00:00:00,6.76,1.575,5.185
2020-01-22 00:00:00,6.75,1.575,5.175
2020-01-23 00:00:00,6.72,1.544,5.176
2020-01-24 00:00:00,6.67,1.509,5.161
2020-01-27 00:00:00,6.64,1.445,5.194999999999999
2020-01-28 00:00:00,6.61,1.484,5.126
2020-01-29 00:00:00,6.53,1.404,5.126
2020-01-30 00:00:00,6.54,1.409,5.131
2020-01-31 00:00:00,6.52,1.315,5.205
2020-02-04 00:00:00,6.55,1.422,5.128
2020-02-05 00:00:00,6.55,1.463,5.087
2020-02-06 00:00:00,6.52,1.463,5.0569999999999995
2020-02-07 00:00:00,6.5,1.404,5.096
2020-02-10 00:00:00,6.46,1.38,5.08
2020-02-11 00:00:00,6.45,1.422,5.0280000000000005
2020-02-12 00:00:00,6.47,1.454,5.016
2020-02-13 00:00:00,6.49,1.442,5.048
2020-02-14 00:00:00,6.47,1.418,5.052
2020-02-17 00:00:00,6.48,1.409,5.071000000000001
2020-02-18 00:00:00,6.46,1.396,5.064
2020-02-19 00:00:00,6.42,1.409,5.011
2020-02-20 00:00:00,6.43,1.363,5.067
2020-02-21 00:00:00,6.42,1.322,5.098
2020-02-24 00:00:00,6.37,1.206,5.164
2020-02-25 00:00:00,6.35,1.185,5.164999999999999
2020-02-26 00:00:00,6.37,1.157,5.213
2020-02-27 00:00:00,6.51,1.08,5.43
2020-02-28 00:00:00,6.6,0.952,5.648
2020-03-02 00:00:00,6.35,0.931,5.419
2020-03-03 00:00:00,6.18,0.743,5.436999999999999
2020-03-04 00:00:00,6.08,0.786,5.2940000000000005
2020-03-05 00:00:00,6.15,0.683,5.4670000000000005
2020-03-06 00:00:00,6.16,0.613,5.547000000000001
2020-03-09 00:00:00,6.42,0.501,5.919
2020-03-10 00:00:00,6.6,0.67,5.93
2020-03-11 00:00:00,6.94,0.702,6.238
2020-03-12 00:00:00,7.37,0.613,6.757
2020-03-13 00:00:00,7.24,0.731,6.509
2020-03-17 00:00:00,7.49,0.737,6.753
2020-03-18 00:00:00,7.82,0.794,7.026
2020-03-19 00:00:00,7.49,0.71,6.78
2020-03-20 00:00:00,6.74,0.481,6.259
2020-03-23 00:00:00,6.87,0.406,6.464
2020-03-24 00:00:00,7.1,0.53,6.569999999999999
2020-03-25 00:00:00,7.02,0.522,6.497999999999999
2020-03-26 00:00:00,6.72,0.527,6.193
2020-03-27 00:00:00,6.43,0.4,6.029999999999999
2020-03-30 00:00:00,6.56,0.416,6.143999999999999
2020-03-31 00:00:00,6.28,0.374,5.906000000000001
2020-04-01 00:00:00,6.26,0.372,5.888
2020-04-02 00:00:00,6.29,0.384,5.906
2020-04-03 00:00:00,6.25,0.386,5.864
2020-04-06 00:00:00,6.25,0.448,5.802
2020-04-07 00:00:00,6.15,0.468,5.682
2020-04-08 00:00:00,6.13,0.471,5.659
2020-04-13 00:00:00,6.14,0.455,5.685
2020-04-14 00:00:00,6.0,0.422,5.578
2020-04-15 00:00:00,6.0,0.339,5.661
2020-04-16 00:00:00,5.9,0.352,5.548
2020-04-17 00:00:00,5.94,0.358,5.582000000000001
2020-04-20 00:00:00,5.96,0.35,5.61
2020-04-21 00:00:00,5.75,0.331,5.419
2020-04-22 00:00:00,5.52,0.364,5.156
2020-04-23 00:00:00,5.46,0.37,5.09
2020-04-24 00:00:00,5.55,0.375,5.175
2020-04-27 00:00:00,5.59,0.405,5.185
2020-04-28 00:00:00,5.57,0.377,5.1930000000000005
2020-04-29 00:00:00,5.47,0.367,5.103
2020-04-30 00:00:00,5.35,0.366,4.984
2020-05-04 00:00:00,5.32,0.361,4.9590000000000005
2020-05-05 00:00:00,5.28,0.375,4.905
2020-05-06 00:00:00,5.3,0.373,4.927
2020-05-07 00:00:00,5.02,0.305,4.715
2020-05-08 00:00:00,4.94,0.334,4.606000000000001
2020-05-11 00:00:00,5.03,0.35,4.680000000000001
2020-05-12 00:00:00,5.04,0.326,4.714
2020-05-13 00:00:00,5.08,0.319,4.761
2020-05-14 00:00:00,5.02,0.3,4.72
2020-05-15 00:00:00,5.12,0.311,4.809
2020-05-18 00:00:00,5.1,0.372,4.728
2020-05-19 00:00:00,5.14,0.335,4.805
2020-05-20 00:00:00,5.22,0.345,4.875
2020-05-21 00:00:00,5.29,0.345,4.945
2020-05-22 00:00:00,5.37,0.333,5.037
2020-05-25 00:00:00,5.35,0.337,5.013
2020-05-26 00:00:00,5.27,0.346,4.9239999999999995
2020-05-27 00:00:00,5.3,0.353,4.947
2020-05-28 00:00:00,5.31,0.34,4.97
2020-05-29 00:00:00,5.3,0.304,4.9959999999999996
2020-06-01 00:00:00,5.34,0.31,5.03
2020-06-02 00:00:00,5.34,0.321,5.019
2020-06-03 00:00:00,5.28,0.364,4.916
2020-06-04 00:00:00,5.32,0.408,4.912
2020-06-05 00:00:00,5.43,0.463,4.967
2020-06-08 00:00:00,5.4,0.45,4.95
2020-06-09 00:00:00,5.3,0.398,4.902
2020-06-10 00:00:00,5.18,0.324,4.856
2020-06-11 00:00:00,5.09,0.32,4.77
2020-06-12 00:00:00,5.08,0.333,4.747
2020-06-15 00:00:00,5.07,0.342,4.728000000000001
2020-06-16 00:00:00,5.13,0.336,4.794
2020-06-17 00:00:00,5.1,0.342,4.758
2020-06-18 00:00:00,5.06,0.333,4.726999999999999
2020-06-19 00:00:00,5.0,0.325,4.675
2020-06-22 00:00:00,4.97,0.339,4.630999999999999
2020-06-23 00:00:00,4.93,0.33,4.6
2020-06-24 00:00:00,4.95,0.319,4.631
2020-06-25 00:00:00,4.91,0.33,4.58
2020-06-26 00:00:00,4.84,0.3,4.54
2020-06-29 00:00:00,4.83,0.275,4.555
2020-06-30 00:00:00,4.77,0.288,4.481999999999999
2020-07-01 00:00:00,4.7,0.312,4.388
2020-07-02 00:00:00,4.72,0.294,4.426
2020-07-06 00:00:00,4.75,0.301,4.449
2020-07-07 00:00:00,4.79,0.286,4.5040000000000004
2020-07-08 00:00:00,4.87,0.302,4.5680000000000005
2020-07-09 00:00:00,4.9,0.283,4.617
2020-07-10 00:00:00,4.82,0.304,4.516
2020-07-13 00:00:00,4.79,0.287,4.503
2020-07-14 00:00:00,4.8,0.291,4.5089999999999995
2020-07-15 00:00:00,4.81,0.288,4.521999999999999
2020-07-16 00:00:00,4.86,0.277,4.583
2020-07-17 00:00:00,4.89,0.279,4.611
2020-07-20 00:00:00,4.93,0.28,4.6499999999999995
2020-07-21 00:00:00,4.87,0.269,4.601
2020-07-22 00:00:00,4.84,0.275,4.5649999999999995
2020-07-23 00:00:00,4.83,0.269,4.561
2020-07-24 00:00:00,4.83,0.274,4.556
2020-07-27 00:00:00,4.82,0.287,4.533
2020-07-28 00:00:00,4.81,0.266,4.544
2020-07-29 00:00:00,4.84,0.255,4.585
2020-07-30 00:00:00,4.83,0.23,4.6
2020-07-31 00:00:00,4.82,0.209,4.611000000000001
2020-08-03 00:00:00,4.85,0.22,4.63
2020-08-04 00:00:00,4.83,0.192,4.638
2020-08-05 00:00:00,4.8,0.223,4.577
2020-08-06 00:00:00,4.77,0.215,4.555
2020-08-07 00:00:00,4.78,0.229,4.551
2020-08-10 00:00:00,4.81,0.237,4.5729999999999995
2020-08-11 00:00:00,4.885,0.277,4.608
2020-08-12 00:00:00,4.88,0.299,4.5809999999999995
2020-08-13 00:00:00,4.84,0.32,4.52
2020-08-14 00:00:00,4.85,0.296,4.553999999999999
2020-08-17 00:00:00,4.865,0.291,4.574
2020-08-18 00:00:00,4.87,0.279,4.591
2020-08-19 00:00:00,4.86,0.29,4.57
2020-08-20 00:00:00,4.885,0.272,4.6129999999999995
2020-08-21 00:00:00,4.91,0.268,4.642
2020-08-24 00:00:00,4.955,0.282,4.673
2020-08-25 00:00:00,4.95,0.296,4.654
2020-08-26 00:00:00,4.97,0.288,4.6819999999999995
2020-08-27 00:00:00,4.94,0.313,4.627000000000001
2020-08-28 00:00:00,4.91,0.272,4.638
2020-08-31 00:00:00,4.9,0.269,4.631
2020-09-01 00:00:00,4.865,0.255,4.61
2020-09-02 00:00:00,4.84,0.252,4.588
2020-09-03 00:00:00,4.84,0.248,4.592
2020-09-04 00:00:00,4.85,0.301,4.5489999999999995
2020-09-07 00:00:00,4.84,0.293,4.547
2020-09-08 00:00:00,4.86,0.269,4.591
2020-09-09 00:00:00,4.85,0.278,4.571999999999999
2020-09-10 00:00:00,4.85,0.269,4.5809999999999995
2020-09-11 00:00:00,4.83,0.253,4.577
2020-09-14 00:00:00,4.79,0.264,4.526
2020-09-15 00:00:00,4.76,0.272,4.4879999999999995
2020-09-17 00:00:00,4.74,0.279,4.461
2020-09-18 00:00:00,4.74,0.283,4.457
2020-09-21 00:00:00,4.76,0.269,4.491
2020-09-22 00:00:00,4.8,0.266,4.534
2020-09-23 00:00:00,4.82,0.275,4.545
2020-09-24 00:00:00,4.79,0.277,4.513
2020-09-25 00:00:00,4.78,0.267,4.513
2020-09-28 00:00:00,4.81,0.263,4.547
2020-09-29 00:00:00,4.86,0.253,4.607
2020-09-30 00:00:00,4.87,0.278,4.5920000000000005
2020-10-01 00:00:00,4.87,0.275,4.595
2020-10-02 00:00:00,4.86,0.288,4.572
2020-10-05 00:00:00,4.85,0.332,4.518
2020-10-06 00:00:00,4.85,0.31,4.54
2020-10-07 00:00:00,4.83,0.339,4.491
2020-10-08 00:00:00,4.825,0.334,4.4910000000000005
2020-10-09 00:00:00,4.75,0.34,4.41
2020-10-12 00:00:00,4.75,0.331,4.419
2020-10-13 00:00:00,4.77,0.306,4.4639999999999995
2020-10-14 00:00:00,4.78,0.306,4.474
2020-10-15 00:00:00,4.81,0.317,4.492999999999999
2020-10-16 00:00:00,4.84,0.325,4.515
2020-10-19 00:00:00,4.865,0.336,4.529
2020-10-20 00:00:00,4.84,0.336,4.504
2020-10-21 00:00:00,4.845,0.355,4.49
2020-10-22 00:00:00,4.915,0.38,4.535
2020-10-23 00:00:00,4.91,0.373,4.537
2020-10-26 00:00:00,4.9,0.351,4.549
2020-10-27 00:00:00,4.88,0.332,4.548
2020-10-28 00:00:00,4.92,0.332,4.588
2020-10-29 00:00:00,4.91,0.375,4.535
2020-10-30 00:00:00,4.985,0.384,4.601
2020-11-03 00:00:00,5.01,0.394,4.616
2020-11-04 00:00:00,4.885,0.332,4.553
2020-11-05 00:00:00,4.76,0.329,4.431
2020-11-06 00:00:00,4.73,0.361,4.369000000000001
2020-11-09 00:00:00,4.74,0.428,4.312
2020-11-10 00:00:00,4.74,0.454,4.2860000000000005
2020-11-11 00:00:00,4.72,0.454,4.266
2020-11-12 00:00:00,4.7,0.393,4.307
2020-11-13 00:00:00,4.86,0.409,4.4510000000000005
2020-11-17 00:00:00,4.92,0.381,4.539
2020-11-18 00:00:00,4.86,0.395,4.465
2020-11-19 00:00:00,4.8,0.381,4.419
2020-11-20 00:00:00,4.77,0.373,4.396999999999999
2020-11-23 00:00:00,4.72,0.388,4.332
2020-11-24 00:00:00,4.68,0.4,4.279999999999999
2020-11-25 00:00:00,4.73,0.392,4.338
2020-11-26 00:00:00,4.74,0.38,4.36
2020-11-27 00:00:00,4.75,0.369,4.381
2020-11-30 00:00:00,4.71,0.364,4.346
2020-12-01 00:00:00,4.72,0.419,4.301
2020-12-02 00:00:00,4.69,0.416,4.274
2020-12-03 00:00:00,4.66,0.396,4.264
2020-12-04 00:00:00,4.65,0.423,4.227
2020-12-07 00:00:00,4.62,0.391,4.229
2020-12-08 00:00:00,4.56,0.394,4.1659999999999995
2020-12-09 00:00:00,4.53,0.407,4.123
2020-12-10 00:00:00,4.58,0.384,4.196
2020-12-11 00:00:00,4.59,0.364,4.226
2020-12-14 00:00:00,4.61,0.362,4.248
2020-12-15 00:00:00,4.6,0.367,4.233
2020-12-16 00:00:00,4.55,0.369,4.181
2020-12-17 00:00:00,4.52,0.378,4.1419999999999995
2020-12-18 00:00:00,4.44,0.381,4.059
2020-12-21 00:00:00,4.42,0.381,4.039
2020-12-22 00:00:00,4.42,0.365,4.055
2020-12-23 00:00:00,4.435,0.372,4.063
2020-12-24 00:00:00,4.45,0.364,4.086
2020-12-28 00:00:00,4.45,0.357,4.093
2020-12-29 00:00:00,4.46,0.381,4.079
2020-12-30 00:00:00,4.49,0.37,4.12
2020-12-31 00:00:00,4.5,0.361,4.139
2021-01-04 00:00:00,4.49,0.353,4.1370000000000005
2021-01-05 00:00:00,4.45,0.377,4.073
2021-01-06 00:00:00,4.44,0.427,4.013000000000001
2021-01-07 00:00:00,4.41,0.458,3.952
2021-01-08 00:00:00,4.41,0.486,3.9240000000000004
2021-01-11 00:00:00,4.42,0.506,3.9139999999999997
2021-01-12 00:00:00,4.43,0.498,3.9319999999999995
2021-01-13 00:00:00,4.47,0.475,3.9949999999999997
2021-01-14 00:00:00,4.49,0.484,4.006
2021-01-15 00:00:00,4.455,0.452,4.003
2021-01-18 00:00:00,4.445,0.46,3.9850000000000003
2021-01-19 00:00:00,4.455,0.447,4.008
2021-01-20 00:00:00,4.405,0.441,3.9640000000000004
2021-01-21 00:00:00,4.39,0.447,3.9429999999999996
2021-01-22 00:00:00,4.39,0.433,3.957
2021-01-25 00:00:00,4.38,0.405,3.9749999999999996
2021-01-26 00:00:00,4.34,0.409,3.931
2021-01-27 00:00:00,4.34,0.41,3.9299999999999997
2021-01-28 00:00:00,4.34,0.432,3.908
2021-01-29 00:00:00,4.34,0.426,3.9139999999999997
2021-02-02 00:00:00,4.3,0.438,3.8619999999999997
2021-02-03 00:00:00,4.32,0.464,3.8560000000000003
2021-02-04 00:00:00,4.34,0.458,3.8819999999999997
2021-02-05 00:00:00,4.35,0.466,3.8839999999999995
2021-02-08 00:00:00,4.42,0.482,3.9379999999999997
2021-02-09 00:00:00,4.42,0.475,3.945
2021-02-10 00:00:00,4.43,0.451,3.9789999999999996
2021-02-11 00:00:00,4.32,0.464,3.8560000000000003
2021-02-12 00:00:00,4.35,0.493,3.8569999999999998
2021-02-15 00:00:00,4.35,0.522,3.8279999999999994
2021-02-16 00:00:00,4.43,0.572,3.8579999999999997
2021-02-17 00:00:00,4.44,0.554,3.886
2021-02-18 00:00:00,4.5,0.554,3.9459999999999997
2021-02-19 00:00:00,4.53,0.577,3.9530000000000003
2021-02-22 00:00:00,4.61,0.6,4.010000000000001
2021-02-23 00:00:00,4.51,0.57,3.94
2021-02-24 00:00:00,4.55,0.602,3.948
2021-02-25 00:00:00,4.72,0.82,3.9
2021-02-26 00:00:00,4.69,0.73,3.9600000000000004
2021-03-01 00:00:00,4.62,0.698,3.922
2021-03-02 00:00:00,4.62,0.663,3.957
2021-03-03 00:00:00,4.69,0.732,3.958
2021-03-04 00:00:00,4.8,0.782,4.018
2021-03-05 00:00:00,4.88,0.803,4.077
2021-03-08 00:00:00,4.88,0.86,4.02
2021-03-09 00:00:00,4.91,0.808,4.102
2021-03-10 00:00:00,4.95,0.789,4.1610000000000005
2021-03-11 00:00:00,4.93,0.786,4.144
2021-03-12 00:00:00,5.0,0.842,4.158
2021-03-16 00:00:00,5.09,0.829,4.261
2021-03-17 00:00:00,5.03,0.802,4.228
2021-03-18 00:00:00,5.16,0.86,4.3
2021-03-19 00:00:00,5.22,0.887,4.333
2021-03-22 00:00:00,5.28,0.863,4.417
2021-03-23 00:00:00,5.37,0.816,4.554
2021-03-24 00:00:00,5.64,0.814,4.826
2021-03-25 00:00:00,5.505,0.835,4.67
2021-03-26 00:00:00,5.505,0.864,4.641
2021-03-29 00:00:00,5.625,0.892,4.733
2021-03-30 00:00:00,5.65,0.899,4.751
2021-03-31 00:00:00,5.59,0.938,4.652
2021-04-05 00:00:00,5.565,0.93,4.635000000000001
2021-04-06 00:00:00,5.389,0.87,4.519
2021-04-07 00:00:00,5.219,0.874,4.345000000000001
2021-04-08 00:00:00,5.18,0.838,4.342
2021-04-09 00:00:00,5.3,0.866,4.434
2021-04-12 00:00:00,5.365,0.885,4.48
2021-04-13 00:00:00,5.43,0.839,4.590999999999999
2021-04-14 00:00:00,5.35,0.86,4.489999999999999
2021-04-15 00:00:00,5.26,0.816,4.444
2021-04-16 00:00:00,5.31,0.837,4.473
2021-04-19 00:00:00,5.305,0.834,4.471
2021-04-20 00:00:00,5.4,0.798,4.602
2021-04-21 00:00:00,5.42,0.8,4.62
2021-04-22 00:00:00,5.51,0.794,4.715999999999999
2021-04-23 00:00:00,5.48,0.816,4.664000000000001
2021-04-26 00:00:00,5.44,0.831,4.609
2021-04-27 00:00:00,5.5,0.881,4.619
2021-04-28 00:00:00,5.5,0.852,4.648
2021-04-29 00:00:00,5.52,0.867,4.653
2021-04-30 00:00:00,5.565,0.849,4.716
2021-05-03 00:00:00,5.51,0.825,4.685
2021-05-04 00:00:00,5.515,0.819,4.696
2021-05-05 00:00:00,5.489,0.795,4.694
2021-05-06 00:00:00,5.429,0.803,4.626
2021-05-07 00:00:00,5.388,0.774,4.614
2021-05-10 00:00:00,5.439,0.785,4.654
2021-05-11 00:00:00,5.579,0.801,4.778
2021-05-12 00:00:00,5.769,0.864,4.905
2021-05-13 00:00:00,5.699,0.829,4.87
2021-05-14 00:00:00,5.659,0.818,4.841
2021-05-17 00:00:00,5.699,0.836,4.8629999999999995
2021-05-18 00:00:00,5.729,0.819,4.91
2021-05-19 00:00:00,5.829,0.86,4.968999999999999
2021-05-20 00:00:00,5.839,0.815,5.024000000000001
2021-05-21 00:00:00,5.805,0.821,4.984
2021-05-24 00:00:00,5.774,0.803,4.971
2021-05-25 00:00:00,5.734,0.774,4.96
2021-05-26 00:00:00,5.784,0.782,5.002
2021-05-27 00:00:00,5.764,0.814,4.95
2021-05-28 00:00:00,5.694,0.788,4.906
2021-05-31 00:00:00,5.614,0.808,4.806
2021-06-01 00:00:00,5.669,0.803,4.866
2021-06-02 00:00:00,5.654,0.795,4.859
2021-06-03 00:00:00,5.744,0.84,4.904
2021-06-04 00:00:00,5.655,0.78,4.875
2021-06-07 00:00:00,5.605,0.793,4.812
2021-06-08 00:00:00,5.554,0.776,4.7780000000000005
2021-06-09 00:00:00,5.644,0.75,4.894
2021-06-10 00:00:00,5.604,0.716,4.888
2021-06-11 00:00:00,5.664,0.744,4.92
2021-06-14 00:00:00,5.594,0.787,4.807
2021-06-15 00:00:00,5.585,0.779,4.806
2021-06-16 00:00:00,5.735,0.897,4.838
2021-06-17 00:00:00,5.775,0.881,4.894
2021-06-18 00:00:00,5.855,0.876,4.979
2021-06-21 00:00:00,5.925,0.888,5.037
2021-06-22 00:00:00,5.945,0.857,5.088
2021-06-23 00:00:00,5.965,0.88,5.085
2021-06-24 00:00:00,6.365,0.915,5.45
2021-06-25 00:00:00,6.315,0.925,5.390000000000001
2021-06-28 00:00:00,6.185,0.899,5.286
2021-06-29 00:00:00,6.115,0.891,5.224
2021-06-30 00:00:00,6.1,0.891,5.209
2021-07-01 00:00:00,6.15,0.893,5.257000000000001
2021-07-02 00:00:00,6.14,0.859,5.281
2021-07-05 00:00:00,6.145,0.861,5.284
2021-07-06 00:00:00,6.19,0.797,5.393000000000001
2021-07-07 00:00:00,6.26,0.785,5.475
2021-07-08 00:00:00,6.23,0.742,5.488
2021-07-09 00:00:00,6.15,0.787,5.363
2021-07-12 00:00:00,6.1,0.795,5.305
2021-07-13 00:00:00,6.16,0.846,5.314
2021-07-14 00:00:00,6.11,0.794,5.316000000000001
2021-07-15 00:00:00,6.125,0.78,5.345
2021-07-16 00:00:00,6.13,0.781,5.349
2021-07-19 00:00:00,6.13,0.707,5.423
2021-07-20 00:00:00,6.145,0.685,5.459999999999999
2021-07-21 00:00:00,6.175,0.738,5.436999999999999
2021-07-22 00:00:00,6.2,0.72,5.48
2021-07-23 00:00:00,6.24,0.713,5.527
2021-07-26 00:00:00,6.24,0.726,5.514
2021-07-27 00:00:00,6.22,0.702,5.518
2021-07-28 00:00:00,6.17,0.714,5.4559999999999995
2021-07-29 00:00:00,6.17,0.732,5.438
2021-07-30 00:00:00,6.109,0.693,5.416
2021-08-02 00:00:00,6.099,0.655,5.444
2021-08-03 00:00:00,6.109,0.647,5.462
2021-08-04 00:00:00,6.104,0.674,5.43
2021-08-05 00:00:00,6.123,0.726,5.397
2021-08-06 00:00:00,6.178,0.774,5.404
2021-08-09 00:00:00,6.138,0.798,5.34
2021-08-10 00:00:00,6.188,0.829,5.359
2021-08-11 00:00:00,6.178,0.807,5.3709999999999996
2021-08-12 00:00:00,6.108,0.828,5.279999999999999
2021-08-13 00:00:00,6.088,0.776,5.312
2021-08-16 00:00:00,6.168,0.762,5.406000000000001
2021-08-17 00:00:00,6.148,0.77,5.378
2021-08-18 00:00:00,6.138,0.768,5.37
2021-08-19 00:00:00,6.148,0.77,5.378
2021-08-20 00:00:00,6.118,0.783,5.335
2021-08-23 00:00:00,6.11,0.771,5.339
2021-08-24 00:00:00,6.12,0.798,5.322
2021-08-25 00:00:00,6.13,0.824,5.306
2021-08-26 00:00:00,6.108,0.851,5.257
2021-08-27 00:00:00,6.053,0.801,5.252
2021-08-30 00:00:00,6.053,0.767,5.286
2021-08-31 00:00:00,6.078,0.775,5.303
2021-09-01 00:00:00,6.108,0.776,5.332
2021-09-02 00:00:00,6.128,0.769,5.359
2021-09-03 00:00:00,6.178,0.785,5.393
2021-09-06 00:00:00,6.21,0.79,5.42
2021-09-07 00:00:00,6.208,0.824,5.384
2021-09-08 00:00:00,6.168,0.806,5.362
2021-09-09 00:00:00,6.15,0.789,5.361000000000001
2021-09-10 00:00:00,6.222,0.816,5.406000000000001
2021-09-13 00:00:00,6.222,0.806,5.416
2021-09-14 00:00:00,6.207,0.785,5.422
2021-09-15 00:00:00,6.207,0.8,5.407
2021-09-17 00:00:00,6.23,0.862,5.368
2021-09-20 00:00:00,6.27,0.826,5.444
2021-09-21 00:00:00,6.332,0.834,5.498
2021-09-22 00:00:00,6.376,0.854,5.522
2021-09-23 00:00:00,6.436,0.948,5.4879999999999995
2021-09-24 00:00:00,6.496,0.948,5.548
2021-09-27 00:00:00,6.526,0.988,5.538
2021-09-28 00:00:00,6.596,1.024,5.572
2021-09-29 00:00:00,6.556,0.995,5.561
2021-09-30 00:00:00,6.576,0.971,5.6049999999999995
2021-10-01 00:00:00,6.556,0.93,5.626
2021-10-04 00:00:00,6.626,0.946,5.680000000000001
2021-10-05 00:00:00,6.706,0.976,5.73
2021-10-06 00:00:00,6.716,0.988,5.728
2021-10-07 00:00:00,6.676,1.025,5.651
2021-10-08 00:00:00,6.676,1.056,5.62
2021-10-11 00:00:00,6.711,1.092,5.619
2021-10-12 00:00:00,6.706,1.071,5.635000000000001
2021-10-13 00:00:00,6.646,1.074,5.572
2021-10-14 00:00:00,6.645,1.053,5.592
2021-10-15 00:00:00,6.705,1.124,5.5809999999999995
2021-10-18 00:00:00,6.795,1.165,5.63
2021-10-19 00:00:00,6.805,1.165,5.64
2021-10-20 00:00:00,6.835,1.167,5.668
2021-10-21 00:00:00,6.905,1.235,5.67
2021-10-22 00:00:00,6.898,1.201,5.696999999999999
2021-10-25 00:00:00,7.031,1.171,5.859999999999999
2021-10-26 00:00:00,6.996,1.178,5.8180000000000005
2021-10-27 00:00:00,6.966,1.15,5.816000000000001
2021-10-28 00:00:00,7.046,1.183,5.863
2021-10-29 00:00:00,7.086,1.185,5.901
2021-11-01 00:00:00,7.161,1.181,5.9799999999999995
2021-11-03 00:00:00,7.191,1.19,6.0009999999999994
2021-11-04 00:00:00,7.056,1.114,5.942
2021-11-05 00:00:00,6.946,1.056,5.89
2021-11-08 00:00:00,7.006,1.122,5.884
2021-11-09 00:00:00,7.031,1.081,5.949999999999999
2021-11-10 00:00:00,7.116,1.226,5.89
2021-11-11 00:00:00,6.906,1.255,5.651
2021-11-12 00:00:00,6.986,1.228,5.758
2021-11-16 00:00:00,6.986,1.27,5.715999999999999
2021-11-17 00:00:00,7.03,1.229,5.801
2021-11-18 00:00:00,7.126,1.22,5.906000000000001
2021-11-19 00:00:00,7.116,1.223,5.893
2021-11-22 00:00:00,7.236,1.323,5.913
2021-11-23 00:00:00,7.596,1.344,6.252
2021-11-24 00:00:00,7.691,1.346,6.345
2021-11-25 00:00:00,7.596,1.3,6.296
2021-11-26 00:00:00,7.426,1.169,6.257
2021-11-29 00:00:00,7.436,1.158,6.2780000000000005
2021-11-30 00:00:00,7.286,1.168,6.117999999999999
2021-12-01 00:00:00,7.336,1.132,6.204000000000001
2021-12-02 00:00:00,7.296,1.202,6.094
2021-12-03 00:00:00,7.2,1.14,6.0600000000000005
2021-12-06 00:00:00,7.206,1.205,6.001
2021-12-07 00:00:00,7.19,1.26,5.930000000000001
2021-12-08 00:00:00,7.176,1.281,5.8950000000000005
2021-12-09 00:00:00,7.186,1.268,5.918
2021-12-10 00:00:00,7.186,1.247,5.939
2021-12-13 00:00:00,7.166,1.203,5.963
2021-12-14 00:00:00,7.196,1.234,5.962
2021-12-15 00:00:00,7.186,1.245,5.941
2021-12-16 00:00:00,7.266,1.175,6.091
2021-12-17 00:00:00,7.236,1.178,6.058
2021-12-20 00:00:00,7.256,1.172,6.0840000000000005
2021-12-21 00:00:00,7.336,1.22,6.1160000000000005
2021-12-22 00:00:00,7.346,1.216,6.13
2021-12-23 00:00:00,7.346,1.243,6.103
2021-12-27 00:00:00,7.416,1.25,6.166
2021-12-28 00:00:00,7.376,1.247,6.1290000000000004
2021-12-29 00:00:00,7.416,1.3,6.1160000000000005
2021-12-30 00:00:00,7.406,1.265,6.141
2021-12-31 00:00:00,7.416,1.263,6.1530000000000005
2022-01-03 00:00:00,7.536,1.36,6.175999999999999
2022-01-04 00:00:00,7.676,1.36,6.316
2022-01-05 00:00:00,7.71,1.426,6.284
2022-01-06 00:00:00,7.716,1.474,6.242
2022-01-07 00:00:00,8.024,1.504,6.52
2022-01-10 00:00:00,7.706,1.515,6.191000000000001
2022-01-11 00:00:00,7.696,1.507,6.189
2022-01-12 00:00:00,7.661,1.521,6.14
2022-01-13 00:00:00,7.706,1.471,6.235
2022-01-14 00:00:00,7.586,1.559,6.027
2022-01-17 00:00:00,7.626,1.593,6.033
2022-01-18 00:00:00,7.671,1.661,6.01
2022-01-19 00:00:00,7.61,1.64,5.970000000000001
2022-01-20 00:00:00,7.546,1.592,5.954000000000001
2022-01-21 00:00:00,7.486,1.572,5.914
2022-01-24 00:00:00,7.476,1.551,5.925
2022-01-25 00:00:00,7.486,1.564,5.922
2022-01-26 00:00:00,7.466,1.689,5.777
2022-01-27 00:00:00,7.616,1.662,5.954
2022-01-28 00:00:00,7.616,1.621,5.994999999999999
2022-01-31 00:00:00,7.536,1.614,5.922
2022-02-01 00:00:00,7.516,1.623,5.893
2022-02-02 00:00:00,7.496,1.603,5.893000000000001
2022-02-03 00:00:00,7.486,1.674,5.811999999999999
2022-02-04 00:00:00,7.54,1.773,5.767
2022-02-08 00:00:00,7.586,1.817,5.769
2022-02-09 00:00:00,7.606,1.822,5.784
2022-02-10 00:00:00,7.746,1.966,5.78
2022-02-11 00:00:00,7.756,1.832,5.924
2022-02-14 00:00:00,7.796,1.908,5.888
2022-02-15 00:00:00,7.786,1.937,5.848999999999999
2022-02-16 00:00:00,7.746,1.922,5.824000000000001
2022-02-17 00:00:00,7.736,1.847,5.888999999999999
2022-02-18 00:00:00,7.756,1.819,5.937
2022-02-21 00:00:00,7.756,1.767,5.989000000000001
2022-02-22 00:00:00,7.73,1.868,5.862
2022-02-23 00:00:00,7.77,1.91,5.859999999999999
2022-02-24 00:00:00,7.83,1.865,5.965
2022-02-25 00:00:00,7.82,1.87,5.95
2022-02-28 00:00:00,7.772,1.713,6.059
2022-03-01 00:00:00,7.792,1.57,6.2219999999999995
2022-03-02 00:00:00,7.85,1.757,6.093
2022-03-03 00:00:00,7.86,1.731,6.1290000000000004
2022-03-04 00:00:00,7.95,1.647,6.303
2022-03-07 00:00:00,8.14,1.702,6.438000000000001
2022-03-08 00:00:00,8.3,1.776,6.524000000000001
2022-03-09 00:00:00,8.245,1.88,6.364999999999999
2022-03-10 00:00:00,8.39,1.925,6.465000000000001
2022-03-11 00:00:00,8.45,1.95,6.499999999999999
2022-03-14 00:00:00,8.56,2.097,6.463000000000001
2022-03-15 00:00:00,8.56,2.107,6.453
2022-03-16 00:00:00,8.51,2.188,6.321999999999999
2022-03-17 00:00:00,8.42,2.142,6.2780000000000005
2022-03-18 00:00:00,8.3,2.146,6.154000000000001
2022-03-22 00:00:00,8.52,2.4,6.119999999999999
2022-03-23 00:00:00,8.565,2.315,6.25
2022-03-24 00:00:00,8.574,2.398,6.176
2022-03-25 00:00:00,8.745,2.561,6.183999999999999
2022-03-28 00:00:00,8.69,2.563,6.126999999999999
2022-03-29 00:00:00,8.55,2.502,6.048000000000001
2022-03-30 00:00:00,8.41,2.442,5.968
2022-03-31 00:00:00,8.4,2.465,5.9350000000000005
2022-04-01 00:00:00,8.43,2.565,5.865
2022-04-04 00:00:00,8.435,2.545,5.890000000000001
2022-04-05 00:00:00,8.446,2.704,5.741999999999999
2022-04-06 00:00:00,8.52,2.689,5.8309999999999995
2022-04-07 00:00:00,8.635,2.716,5.919
2022-04-08 00:00:00,8.634,2.756,5.878
2022-04-11 00:00:00,8.81,2.785,6.025
2022-04-12 00:00:00,8.77,2.696,6.074
2022-04-13 00:00:00,8.81,2.661,6.149000000000001
2022-04-14 00:00:00,9.108,2.786,6.322000000000001
2022-04-18 00:00:00,8.86,2.789,6.071
2022-04-19 00:00:00,8.92,2.918,6.002
2022-04-20 00:00:00,8.88,2.862,6.018000000000001
2022-04-21 00:00:00,8.865,2.964,5.901
2022-04-22 00:00:00,8.915,2.94,5.975
2022-04-25 00:00:00,8.92,2.859,6.061
2022-04-26 00:00:00,9.01,2.739,6.271
2022-04-27 00:00:00,9.02,2.825,6.194999999999999
2022-04-28 00:00:00,9.065,2.848,6.217
2022-04-29 00:00:00,9.059,2.962,6.0969999999999995
2022-05-02 00:00:00,9.13,3.003,6.127000000000001
2022-05-03 00:00:00,9.11,3.027,6.082999999999999
2022-05-04 00:00:00,9.093,2.926,6.167
2022-05-05 00:00:00,9.02,3.007,6.013
2022-05-06 00:00:00,9.041,3.079,5.962
2022-05-09 00:00:00,8.97,2.942,6.0280000000000005
2022-05-10 00:00:00,8.97,2.908,6.062000000000001
2022-05-11 00:00:00,8.825,2.898,5.927
2022-05-12 00:00:00,8.866,2.838,6.028
2022-05-13 00:00:00,8.983,2.874,6.109
2022-05-16 00:00:00,8.86,2.825,6.034999999999999
2022-05-17 00:00:00,8.99,2.967,6.023
2022-05-18 00:00:00,8.9,2.888,6.0120000000000005
2022-05-19 00:00:00,8.87,2.837,6.0329999999999995
2022-05-20 00:00:00,8.76,2.806,5.954
2022-05-23 00:00:00,8.73,2.876,5.854000000000001
2022-05-24 00:00:00,8.67,2.743,5.927
2022-05-25 00:00:00,8.6,2.726,5.874
2022-05-26 00:00:00,8.7,2.706,5.994
2022-05-27 00:00:00,8.7,2.724,5.975999999999999
2022-05-30 00:00:00,8.71,2.807,5.9030000000000005
2022-05-31 00:00:00,8.83,2.821,6.009
2022-06-01 00:00:00,8.89,2.916,5.974
2022-06-02 00:00:00,8.9,2.911,5.989000000000001
2022-06-03 00:00:00,8.95,2.937,6.013
2022-06-06 00:00:00,9.09,3.037,6.053
2022-06-07 00:00:00,9.07,2.991,6.079000000000001
2022-06-08 00:00:00,9.14,3.036,6.104000000000001
2022-06-09 00:00:00,9.118,3.07,6.048
2022-06-10 00:00:00,9.26,3.264,5.996
2022-06-13 00:00:00,9.42,3.482,5.938
2022-06-14 00:00:00,9.54,3.601,5.938999999999999
2022-06-15 00:00:00,9.457,3.373,6.0840000000000005
2022-06-16 00:00:00,9.403,3.286,6.117000000000001
2022-06-17 00:00:00,9.45,3.344,6.106
2022-06-20 00:00:00,9.42,3.389,6.031000000000001
2022-06-21 00:00:00,9.45,3.365,6.084999999999999
2022-06-22 00:00:00,9.34,3.234,6.106
2022-06-23 00:00:00,9.19,3.141,6.0489999999999995
2022-06-24 00:00:00,9.19,3.188,6.001999999999999
2022-06-27 00:00:00,9.2,3.26,5.9399999999999995
2022-06-28 00:00:00,9.22,3.235,5.985000000000001
2022-06-29 00:00:00,9.27,3.139,6.131
2022-06-30 00:00:00,9.24,3.043,6.197
2022-07-01 00:00:00,9.12,2.884,6.235999999999999
2022-07-04 00:00:00,9.16,2.916,6.244
2022-07-05 00:00:00,9.1,2.824,6.276
2022-07-06 00:00:00,9.19,2.98,6.209999999999999
2022-07-07 00:00:00,9.19,3.039,6.151
2022-07-08 00:00:00,9.16,3.122,6.038
2022-07-11 00:00:00,9.19,3.053,6.137
2022-07-12 00:00:00,9.23,3.02,6.210000000000001
2022-07-13 00:00:00,9.23,3.028,6.202
2022-07-14 00:00:00,9.3,3.063,6.237
2022-07-15 00:00:00,9.26,3.048,6.212
2022-07-18 00:00:00,9.31,3.104,6.206
2022-07-19 00:00:00,9.36,3.16,6.199999999999999
2022-07-20 00:00:00,9.32,3.167,6.1530000000000005
2022-07-21 00:00:00,9.24,2.989,6.251
2022-07-22 00:00:00,8.99,2.848,6.142
2022-07-25 00:00:00,8.92,2.888,6.032
2022-07-26 00:00:00,8.94,2.9,6.039999999999999
2022-07-27 00:00:00,8.92,2.836,6.084
2022-07-28 00:00:00,8.74,2.698,6.042
2022-07-29 00:00:00,8.61,2.681,5.928999999999999
2022-08-01 00:00:00,8.47,2.654,5.816000000000001
2022-08-02 00:00:00,8.59,2.858,5.731999999999999
2022-08-03 00:00:00,8.5,2.829,5.670999999999999
2022-08-04 00:00:00,8.47,2.797,5.673
2022-08-05 00:00:00,8.54,2.957,5.582999999999999
2022-08-08 00:00:00,8.473,2.906,5.567
2022-08-09 00:00:00,8.58,2.961,5.619
2022-08-10 00:00:00,8.49,2.927,5.563000000000001
2022-08-11 00:00:00,8.52,2.992,5.528
2022-08-12 00:00:00,8.56,2.965,5.595000000000001
2022-08-15 00:00:00,8.53,2.907,5.622999999999999
2022-08-16 00:00:00,8.52,2.961,5.558999999999999
2022-08-17 00:00:00,8.59,3.053,5.537
2022-08-18 00:00:00,8.71,3.032,5.678000000000001
2022-08-19 00:00:00,8.83,3.097,5.7330000000000005
2022-08-22 00:00:00,8.915,3.165,5.749999999999999
2022-08-23 00:00:00,8.89,3.179,5.711
2022-08-24 00:00:00,8.94,3.237,5.702999999999999
2022-08-25 00:00:00,8.89,3.159,5.731000000000001
2022-08-26 00:00:00,9.0,3.191,5.809
2022-08-29 00:00:00,9.08,3.261,5.819
2022-08-30 00:00:00,9.15,3.272,5.878
2022-08-31 00:00:00,9.11,3.353,5.757
2022-09-01 00:00:00,9.16,3.404,5.756
2022-09-02 00:00:00,9.04,3.298,5.741999999999999
2022-09-05 00:00:00,9.07,3.336,5.734
2022-09-06 00:00:00,9.17,3.454,5.715999999999999
2022-09-07 00:00:00,9.1,3.36,5.74
2022-09-08 00:00:00,9.07,3.428,5.642
2022-09-09 00:00:00,9.02,3.437,5.583
2022-09-12 00:00:00,9.02,3.453,5.567
2022-09-13 00:00:00,9.23,3.577,5.6530000000000005
2022-09-14 00:00:00,9.31,3.6,5.710000000000001
2022-09-15 00:00:00,9.41,3.662,5.748
2022-09-16 00:00:00,9.741,3.636,6.1049999999999995
2022-09-19 00:00:00,9.41,3.689,5.721
2022-09-20 00:00:00,9.48,3.752,5.728000000000001
2022-09-21 00:00:00,9.465,3.768,5.697
2022-09-22 00:00:00,9.55,3.929,5.621
2022-09-23 00:00:00,9.61,3.977,5.632999999999999
2022-09-26 00:00:00,9.91,4.199,5.711
2022-09-27 00:00:00,9.88,4.195,5.6850000000000005
2022-09-28 00:00:00,9.72,3.951,5.769
2022-09-29 00:00:00,9.77,4.017,5.752999999999999
2022-09-30 00:00:00,9.76,4.087,5.673
2022-10-03 00:00:00,9.65,3.882,5.768000000000001
2022-10-04 00:00:00,9.65,3.854,5.796
2022-10-05 00:00:00,9.67,3.964,5.7059999999999995
2022-10-06 00:00:00,9.69,4.072,5.617999999999999
2022-10-07 00:00:00,9.765,4.149,5.6160000000000005
2022-10-10 00:00:00,9.88,4.174,5.706
2022-10-11 00:00:00,9.89,4.172,5.718000000000001
2022-10-12 00:00:00,9.83,4.121,5.709
2022-10-13 00:00:00,9.895,4.207,5.688
2022-10-14 00:00:00,9.96,4.269,5.691000000000001
2022-10-17 00:00:00,9.95,4.232,5.717999999999999
2022-10-18 00:00:00,9.96,4.222,5.738
2022-10-19 00:00:00,10.03,4.359,5.670999999999999
2022-10-20 00:00:00,10.06,4.448,5.612
2022-10-21 00:00:00,9.99,4.348,5.642
2022-10-24 00:00:00,10.04,4.366,5.6739999999999995
2022-10-25 00:00:00,9.93,4.259,5.670999999999999
2022-10-26 00:00:00,9.84,4.188,5.652
2022-10-27 00:00:00,9.77,4.066,5.704
2022-10-28 00:00:00,9.77,4.181,5.5889999999999995
2022-10-31 00:00:00,9.86,4.23,5.629999999999999
2022-11-01 00:00:00,9.83,4.272,5.558
2022-11-02 00:00:00,10.212,4.304,5.9079999999999995
2022-11-03 00:00:00,9.86,4.366,5.494
2022-11-04 00:00:00,9.81,4.331,5.479
2022-11-07 00:00:00,9.81,4.395,5.415000000000001
2022-11-08 00:00:00,9.7,4.297,5.403
2022-11-09 00:00:00,9.59,4.244,5.346
2022-11-10 00:00:00,9.18,3.936,5.244
2022-11-14 00:00:00,9.19,3.995,5.194999999999999
2022-11-15 00:00:00,9.14,3.901,5.239000000000001
2022-11-16 00:00:00,9.12,3.854,5.265999999999999
2022-11-17 00:00:00,9.28,3.937,5.343
2022-11-18 00:00:00,9.25,4.009,5.241
2022-11-22 00:00:00,9.22,3.948,5.272
2022-11-23 00:00:00,9.2,3.877,5.3229999999999995
2022-11-24 00:00:00,9.2,3.842,5.357999999999999
2022-11-25 00:00:00,9.23,3.87,5.36
2022-11-28 00:00:00,9.36,3.873,5.486999999999999
2022-11-29 00:00:00,9.37,3.925,5.444999999999999
2022-11-30 00:00:00,9.29,3.752,5.537999999999999
2022-12-01 00:00:00,9.12,3.666,5.453999999999999
2022-12-02 00:00:00,9.06,3.659,5.401000000000001
2022-12-05 00:00:00,9.14,3.788,5.352
2022-12-06 00:00:00,9.14,3.75,5.390000000000001
2022-12-07 00:00:00,8.97,3.628,5.3420000000000005
2022-12-08 00:00:00,8.94,3.712,5.228
2022-12-09 00:00:00,8.875,3.772,5.103
2022-12-13 00:00:00,8.72,3.646,5.074000000000001
2022-12-14 00:00:00,8.7,3.616,5.084
2022-12-15 00:00:00,8.73,3.621,5.109
2022-12-16 00:00:00,8.79,3.622,5.167999999999999
2022-12-19 00:00:00,8.69,3.719,4.971
2022-12-20 00:00:00,8.94,3.794,5.145999999999999
2022-12-21 00:00:00,8.87,3.778,5.091999999999999
2022-12-22 00:00:00,8.91,3.806,5.104
2022-12-23 00:00:00,8.99,3.862,5.128
2022-12-26 00:00:00,8.99,3.857,5.133
2022-12-27 00:00:00,9.05,3.945,5.105
2022-12-28 00:00:00,9.07,3.973,5.097
2022-12-29 00:00:00,9.14,3.944,5.196000000000001
2022-12-30 00:00:00,9.19,4.0,5.1899999999999995
2023-01-02 00:00:00,9.14,3.999,5.141
2023-01-03 00:00:00,9.09,3.906,5.183999999999999
2023-01-04 00:00:00,8.98,3.845,5.135
2023-01-05 00:00:00,8.91,3.92,4.99
2023-01-06 00:00:00,8.66,3.705,4.955
2023-01-09 00:00:00,8.64,3.667,4.973000000000001
2023-01-10 00:00:00,8.69,3.724,4.965999999999999
2023-01-11 00:00:00,8.67,3.661,5.009
2023-01-12 00:00:00,8.56,3.537,5.023000000000001
2023-01-13 00:00:00,8.61,3.597,5.013
2023-01-16 00:00:00,8.65,3.619,5.031000000000001
2023-01-17 00:00:00,8.75,3.619,5.131
2023-01-18 00:00:00,8.71,3.438,5.272
2023-01-19 00:00:00,8.75,3.486,5.263999999999999
2023-01-20 00:00:00,8.84,3.565,5.275
2023-01-23 00:00:00,8.85,3.622,5.228
2023-01-24 00:00:00,8.91,3.575,5.335
2023-01-25 00:00:00,8.91,3.556,5.354
2023-01-26 00:00:00,8.91,3.602,5.308
2023-01-27 00:00:00,8.99,3.612,5.378
2023-01-30 00:00:00,9.01,3.665,5.345
2023-01-31 00:00:00,8.96,3.619,5.341000000000001
2023-02-01 00:00:00,8.88,3.502,5.378000000000001
2023-02-02 00:00:00,8.8,3.49,5.3100000000000005
2023-02-03 00:00:00,8.91,3.652,5.258
2023-02-07 00:00:00,9.031,3.839,5.192
2023-02-08 00:00:00,9.121,3.79,5.331
2023-02-09 00:00:00,9.371,3.86,5.511000000000001
2023-02-10 00:00:00,9.481,3.93,5.551
2023-02-13 00:00:00,9.601,3.912,5.689000000000001
2023-02-14 00:00:00,9.711,4.004,5.707000000000001
2023-02-15 00:00:00,9.611,4.035,5.5760000000000005
2023-02-16 00:00:00,9.601,4.075,5.526000000000001
2023-02-17 00:00:00,9.641,4.027,5.614
2023-02-20 00:00:00,9.741,4.072,5.669
2023-02-21 00:00:00,9.991,4.174,5.816999999999999
2023-02-22 00:00:00,10.001,4.164,5.837
2023-02-23 00:00:00,9.881,4.117,5.764
2023-02-24 00:00:00,9.971,4.212,5.759
2023-02-27 00:00:00,9.941,4.171,5.7700000000000005
2023-02-28 00:00:00,9.955,4.185,5.7700000000000005
2023-03-01 00:00:00,9.981,4.258,5.723
2023-03-02 00:00:00,9.98,4.314,5.666
2023-03-03 00:00:00,9.891,4.249,5.642
2023-03-06 00:00:00,9.84,4.255,5.585
2023-03-07 00:00:00,9.951,4.315,5.636
2023-03-08 00:00:00,10.02,4.345,5.675
2023-03-09 00:00:00,9.75,4.189,5.561
2023-03-10 00:00:00,9.551,3.97,5.5809999999999995
2023-03-13 00:00:00,9.53,3.682,5.847999999999999
2023-03-14 00:00:00,9.661,3.848,5.813
2023-03-15 00:00:00,9.521,3.563,5.958
2023-03-16 00:00:00,9.581,3.733,5.847999999999999
2023-03-17 00:00:00,9.401,3.507,5.894
2023-03-21 00:00:00,9.521,3.748,5.773000000000001
2023-03-22 00:00:00,9.331,3.534,5.797
2023-03-23 00:00:00,9.241,3.431,5.81
2023-03-24 00:00:00,9.211,3.408,5.803000000000001
2023-03-27 00:00:00,9.301,3.6,5.7010000000000005
2023-03-28 00:00:00,9.341,3.674,5.667
2023-03-29 00:00:00,9.291,3.682,5.609
2023-03-30 00:00:00,9.171,3.68,5.491
2023-03-31 00:00:00,9.091,3.584,5.507
2023-04-03 00:00:00,9.141,3.508,5.633
2023-04-04 00:00:00,9.081,3.388,5.693
2023-04-05 00:00:00,9.05,3.371,5.679
2023-04-06 00:00:00,9.396,3.374,6.022
2023-04-10 00:00:00,9.15,3.519,5.631
2023-04-11 00:00:00,9.16,3.535,5.625
2023-04-12 00:00:00,9.13,3.466,5.664000000000001
2023-04-13 00:00:00,9.17,3.5,5.67
2023-04-14 00:00:00,9.22,3.604,5.6160000000000005
2023-04-17 00:00:00,9.31,3.707,5.603000000000001
2023-04-18 00:00:00,9.28,3.68,5.6
2023-04-19 00:00:00,9.36,3.703,5.657
2023-04-20 00:00:00,9.31,3.63,5.680000000000001
2023-04-21 00:00:00,9.26,3.661,5.599
2023-04-24 00:00:00,9.17,3.576,5.593999999999999
2023-04-25 00:00:00,9.07,3.447,5.623
2023-04-26 00:00:00,9.05,3.494,5.556000000000001
2023-04-27 00:00:00,9.1,3.598,5.502
2023-04-28 00:00:00,9.07,3.498,5.572
2023-05-02 00:00:00,9.09,3.469,5.621
2023-05-03 00:00:00,9.08,3.346,5.734
2023-05-04 00:00:00,9.04,3.325,5.714999999999999
2023-05-05 00:00:00,9.08,3.41,5.67
2023-05-08 00:00:00,9.12,3.488,5.632
2023-05-09 00:00:00,9.1,3.498,5.601999999999999
2023-05-10 00:00:00,9.04,3.379,5.661
2023-05-11 00:00:00,9.04,3.355,5.684999999999999
2023-05-12 00:00:00,9.1,3.446,5.654
2023-05-15 00:00:00,9.03,3.47,5.559999999999999
2023-05-16 00:00:00,9.09,3.529,5.561
2023-05-17 00:00:00,9.09,3.588,5.502
2023-05-18 00:00:00,9.135,3.688,5.446999999999999
2023-05-19 00:00:00,9.215,3.739,5.476
2023-05-22 00:00:00,9.265,3.765,5.5
2023-05-23 00:00:00,9.285,3.743,5.542
2023-05-24 00:00:00,9.315,3.817,5.497999999999999
2023-05-25 00:00:00,9.395,3.918,5.476999999999999
2023-05-26 00:00:00,9.325,3.938,5.386999999999999
2023-05-29 00:00:00,9.285,3.917,5.368
2023-05-30 00:00:00,9.255,3.814,5.441000000000001
2023-05-31 00:00:00,9.236,3.758,5.478000000000001
2023-06-01 00:00:00,9.286,3.699,5.587
2023-06-02 00:00:00,9.376,3.851,5.5249999999999995
2023-06-05 00:00:00,9.356,3.825,5.531
2023-06-06 00:00:00,9.286,3.83,5.4559999999999995
2023-06-07 00:00:00,9.316,3.935,5.381
2023-06-08 00:00:00,9.206,3.858,5.347999999999999
2023-06-09 00:00:00,9.236,3.915,5.321000000000001
2023-06-12 00:00:00,9.226,3.902,5.324000000000001
2023-06-13 00:00:00,9.236,4.001,5.235
2023-06-14 00:00:00,9.246,3.994,5.252000000000001
2023-06-15 00:00:00,9.206,3.913,5.292999999999999
2023-06-16 00:00:00,9.216,3.986,5.229999999999999
2023-06-19 00:00:00,9.216,4.031,5.185
2023-06-20 00:00:00,9.166,3.944,5.222
2023-06-21 00:00:00,9.156,3.962,5.194000000000001
2023-06-22 00:00:00,9.066,4.044,5.022000000000001
2023-06-23 00:00:00,8.956,3.994,4.962
2023-06-26 00:00:00,8.896,3.97,4.926
2023-06-27 00:00:00,8.946,4.038,4.9079999999999995
2023-06-28 00:00:00,8.956,3.97,4.985999999999999
2023-06-29 00:00:00,9.066,4.131,4.9350000000000005
2023-06-30 00:00:00,9.116,4.157,4.959
2023-07-03 00:00:00,9.156,4.191,4.965000000000001
2023-07-04 00:00:00,9.206,4.161,5.045
2023-07-05 00:00:00,9.256,4.249,5.007000000000001
2023-07-06 00:00:00,9.305,4.35,4.955
2023-07-07 00:00:00,9.446,4.358,5.088
2023-07-10 00:00:00,9.486,4.239,5.247000000000001
2023-07-11 00:00:00,9.466,4.239,5.226999999999999
2023-07-12 00:00:00,9.246,4.075,5.171
2023-07-13 00:00:00,9.156,3.947,5.2090000000000005
2023-07-14 00:00:00,9.206,4.045,5.161
2023-07-17 00:00:00,9.186,4.017,5.169
2023-07-18 00:00:00,9.186,4.005,5.181
2023-07-19 00:00:00,9.276,3.982,5.294
2023-07-20 00:00:00,9.321,4.105,5.215999999999999
2023-07-21 00:00:00,9.28,4.095,5.185
2023-07-24 00:00:00,9.326,4.157,5.1690000000000005
2023-07-25 00:00:00,9.386,4.168,5.217999999999999
2023-07-26 00:00:00,9.386,4.116,5.27
2023-07-27 00:00:00,9.426,4.235,5.191
2023-07-28 00:00:00,9.416,4.183,5.2330000000000005
2023-07-31 00:00:00,9.336,4.184,5.152
2023-08-01 00:00:00,9.34,4.227,5.1129999999999995
2023-08-02 00:00:00,9.346,4.244,5.102
2023-08-03 00:00:00,9.386,4.292,5.093999999999999
2023-08-04 00:00:00,9.416,4.139,5.277
2023-08-07 00:00:00,9.476,4.17,5.306000000000001
2023-08-08 00:00:00,9.446,4.114,5.332
2023-08-09 00:00:00,9.366,4.139,5.226999999999999
2023-08-10 00:00:00,9.386,4.234,5.151999999999999
2023-08-11 00:00:00,9.466,4.303,5.162999999999999
2023-08-14 00:00:00,9.576,4.372,5.204000000000001
2023-08-15 00:00:00,9.59,4.378,5.212
2023-08-16 00:00:00,9.626,4.406,5.22
2023-08-17 00:00:00,9.726,4.414,5.312000000000001
2023-08-18 00:00:00,9.776,4.384,5.3919999999999995
2023-08-21 00:00:00,9.856,4.468,5.388
2023-08-22 00:00:00,9.836,4.493,5.343
2023-08-23 00:00:00,9.626,4.372,5.254
2023-08-24 00:00:00,9.666,4.415,5.251
2023-08-25 00:00:00,9.696,4.437,5.2589999999999995
2023-08-28 00:00:00,9.66,4.406,5.2540000000000004
2023-08-29 00:00:00,9.596,4.275,5.321
2023-08-30 00:00:00,9.716,4.266,5.449999999999999
2023-08-31 00:00:00,9.686,4.249,5.437
2023-09-01 00:00:00,9.716,4.296,5.419999999999999
2023-09-04 00:00:00,9.736,4.326,5.410000000000001
2023-09-05 00:00:00,9.836,4.377,5.4590000000000005
2023-09-06 00:00:00,9.926,4.44,5.486
2023-09-07 00:00:00,9.858,4.375,5.4830000000000005
2023-09-08 00:00:00,9.852,4.399,5.453
2023-09-11 00:00:00,10.096,4.415,5.681
2023-09-12 00:00:00,10.016,4.426,5.59
2023-09-13 00:00:00,9.876,4.385,5.491
2023-09-14 00:00:00,9.886,4.419,5.467
2023-09-15 00:00:00,9.896,4.465,5.431000000000001
2023-09-18 00:00:00,9.926,4.449,5.477
2023-09-19 00:00:00,10.036,4.513,5.523
2023-09-20 00:00:00,10.026,4.573,5.452999999999999
2023-09-21 00:00:00,10.096,4.619,5.477
2023-09-22 00:00:00,10.136,4.566,5.569999999999999
2023-09-25 00:00:00,10.256,4.612,5.644
2023-09-26 00:00:00,10.235,4.62,5.614999999999999
2023-09-27 00:00:00,10.526,4.685,5.841
2023-09-28 00:00:00,10.346,4.628,5.718
2023-09-29 00:00:00,10.306,4.616,5.6899999999999995
2023-10-02 00:00:00,10.316,4.714,5.602
2023-10-03 00:00:00,10.323,4.799,5.524
2023-10-04 00:00:00,10.246,4.726,5.5200000000000005
2023-10-05 00:00:00,10.246,4.689,5.557
2023-10-06 00:00:00,10.236,4.751,5.485
2023-10-09 00:00:00,10.196,4.573,5.622999999999999
2023-10-10 00:00:00,10.126,4.614,5.512
2023-10-11 00:00:00,10.156,4.575,5.581
2023-10-12 00:00:00,10.286,4.694,5.592
2023-10-13 00:00:00,10.276,4.644,5.632
2023-10-16 00:00:00,10.326,4.712,5.614000000000001
2023-10-17 00:00:00,10.386,4.87,5.515999999999999
2023-10-18 00:00:00,10.406,4.932,5.474
2023-10-19 00:00:00,10.366,4.954,5.412
2023-10-20 00:00:00,10.276,4.854,5.422
2023-10-23 00:00:00,10.296,4.795,5.5009999999999994
2023-10-24 00:00:00,10.346,4.815,5.531
2023-10-25 00:00:00,10.466,4.924,5.541999999999999
2023-10-26 00:00:00,10.31,4.8,5.510000000000001
2023-10-27 00:00:00,10.26,4.774,5.486
2023-10-30 00:00:00,10.356,4.818,5.538
2023-10-31 00:00:00,10.356,4.846,5.51
2023-11-01 00:00:00,10.26,4.654,5.606
2023-11-02 00:00:00,10.678,4.641,6.037000000000001
2023-11-03 00:00:00,9.996,4.507,5.489000000000001
2023-11-06 00:00:00,9.986,4.593,5.393000000000001
2023-11-07 00:00:00,10.026,4.535,5.491
2023-11-08 00:00:00,9.946,4.51,5.436
2023-11-09 00:00:00,9.866,4.647,5.218999999999999
2023-11-10 00:00:00,9.746,4.68,5.066000000000001
2023-11-13 00:00:00,9.776,4.661,5.115
2023-11-14 00:00:00,9.586,4.44,5.146
2023-11-15 00:00:00,9.596,4.524,5.072
2023-11-16 00:00:00,9.556,4.426,5.129999999999999
2023-11-17 00:00:00,9.656,4.446,5.210000000000001
2023-11-21 00:00:00,9.74,4.409,5.331
2023-11-22 00:00:00,9.82,4.433,5.3870000000000005
2023-11-23 00:00:00,9.785,4.477,5.308
2023-11-24 00:00:00,9.826,4.492,5.3340000000000005
2023-11-27 00:00:00,9.756,4.412,5.344
2023-11-28 00:00:00,9.576,4.282,5.2940000000000005
2023-11-29 00:00:00,9.476,4.214,5.2620000000000005
2023-11-30 00:00:00,9.646,4.273,5.373000000000001
2023-12-01 00:00:00,9.526,4.141,5.385
2023-12-04 00:00:00,9.556,4.212,5.343999999999999
2023-12-05 00:00:00,9.516,4.137,5.3790000000000004
2023-12-06 00:00:00,9.46,4.11,5.3500000000000005
2023-12-07 00:00:00,9.476,4.131,5.345000000000001
2023-12-08 00:00:00,9.546,4.243,5.302999999999999
2023-12-11 00:00:00,9.646,4.246,5.4
2023-12-12 00:00:00,10.023,4.227,5.795999999999999
2023-12-13 00:00:00,9.456,3.976,5.4799999999999995
2023-12-14 00:00:00,9.236,3.901,5.335000000000001
2023-12-15 00:00:00,9.406,3.914,5.492000000000001
2023-12-18 00:00:00,9.438,3.933,5.505000000000001
2023-12-19 00:00:00,9.476,3.938,5.538
2023-12-20 00:00:00,9.396,3.851,5.545000000000001
2023-12-21 00:00:00,9.436,3.88,5.556
2023-12-22 00:00:00,9.446,3.879,5.567
2023-12-26 00:00:00,9.456,3.891,5.5649999999999995
2023-12-27 00:00:00,9.366,3.789,5.577
2023-12-28 00:00:00,9.32,3.84,5.48
2023-12-29 00:00:00,9.275,3.84,5.4350000000000005
2024-01-02 00:00:00,9.466,3.922,5.543999999999999
2024-01-03 00:00:00,9.44,3.905,5.535
2024-01-04 00:00:00,9.52,3.98,5.539999999999999
2024-01-05 00:00:00,9.516,4.015,5.501
2024-01-08 00:00:00,9.446,3.986,5.459999999999999
2024-01-09 00:00:00,9.496,3.972,5.524000000000001
2024-01-10 00:00:00,9.456,3.974,5.481999999999999
2024-01-11 00:00:00,9.386,3.888,5.497999999999999
2024-01-12 00:00:00,9.256,3.832,5.424
2024-01-15 00:00:00,9.237,3.875,5.362
2024-01-16 00:00:00,9.245,3.934,5.310999999999999
2024-01-17 00:00:00,9.44,4.031,5.409
2024-01-18 00:00:00,9.445,4.045,5.4
2024-01-19 00:00:00,9.44,4.054,5.385999999999999
2024-01-22 00:00:00,9.435,4.03,5.405
2024-01-23 00:00:00,9.457,4.042,5.415000000000001
2024-01-24 00:00:00,9.476,4.092,5.384000000000001
2024-01-25 00:00:00,9.436,4.002,5.434
2024-01-26 00:00:00,9.456,4.038,5.417999999999999
2024-01-29 00:00:00,9.456,3.986,5.469999999999999
2024-01-30 00:00:00,9.526,3.974,5.552
2024-01-31 00:00:00,9.406,3.839,5.567
2024-02-01 00:00:00,9.31,3.818,5.492000000000001
2024-02-02 00:00:00,9.536,3.986,5.549999999999999
2024-02-06 00:00:00,9.636,4.036,5.6
2024-02-07 00:00:00,9.556,4.064,5.491999999999999
2024-02-08 00:00:00,9.466,4.119,5.3469999999999995
2024-02-09 00:00:00,9.406,4.142,5.264
2024-02-12 00:00:00,9.386,4.139,5.246999999999999
2024-02-13 00:00:00,9.576,4.33,5.246
2024-02-14 00:00:00,9.496,4.245,5.251
2024-02-15 00:00:00,9.456,4.218,5.2379999999999995
2024-02-16 00:00:00,9.566,4.276,5.290000000000001
2024-02-19 00:00:00,9.566,4.299,5.267
2024-02-20 00:00:00,9.556,4.254,5.302
2024-02-21 00:00:00,9.443,4.304,5.138999999999999
2024-02-22 00:00:00,9.386,4.333,5.052999999999999
2024-02-23 00:00:00,9.376,4.278,5.098
2024-02-26 00:00:00,9.376,4.296,5.079999999999999
2024-02-27 00:00:00,9.496,4.311,5.1850000000000005
2024-02-28 00:00:00,9.476,4.264,5.212000000000001
2024-02-29 00:00:00,9.45,4.252,5.1979999999999995
2024-03-01 00:00:00,9.476,4.162,5.314000000000001
2024-03-04 00:00:00,9.506,4.209,5.297000000000001
2024-03-05 00:00:00,9.456,4.148,5.308
2024-03-06 00:00:00,9.396,4.12,5.276000000000001
2024-03-07 00:00:00,9.496,4.075,5.421
2024-03-08 00:00:00,9.39,4.05,5.340000000000001
2024-03-11 00:00:00,9.456,4.088,5.367999999999999
2024-03-12 00:00:00,9.506,4.148,5.3580000000000005
2024-03-13 00:00:00,9.476,4.193,5.283000000000001
2024-03-14 00:00:00,9.536,4.292,5.244
2024-03-15 00:00:00,9.616,4.329,5.287
2024-03-19 00:00:00,9.616,4.299,5.316999999999999
2024-03-20 00:00:00,9.616,4.248,5.367999999999999
2024-03-21 00:00:00,9.396,4.256,5.140000000000001
2024-03-22 00:00:00,9.506,4.189,5.317
2024-03-25 00:00:00,9.536,4.233,5.303
2024-03-26 00:00:00,9.496,4.223,5.273000000000001
2024-03-27 00:00:00,9.436,4.183,5.253
2024-03-28 00:00:00,9.755,4.22,5.535000000000001
2024-04-01 00:00:00,9.566,4.327,5.239000000000001
2024-04-02 00:00:00,9.636,4.343,5.292999999999999
2024-04-03 00:00:00,9.676,4.331,5.345
2024-04-04 00:00:00,9.696,4.294,5.402
2024-04-05 00:00:00,9.836,4.391,5.445
2024-04-08 00:00:00,9.896,4.43,5.466000000000001
2024-04-09 00:00:00,9.826,4.375,5.4510000000000005
2024-04-10 00:00:00,10.126,4.608,5.518
2024-04-11 00:00:00,10.056,4.626,5.429999999999999
2024-04-12 00:00:00,10.026,4.553,5.473
2024-04-15 00:00:00,10.156,4.627,5.529000000000001
2024-04-16 00:00:00,10.326,4.698,5.628
2024-04-17 00:00:00,10.216,4.619,5.5969999999999995
2024-04-18 00:00:00,10.266,4.68,5.586
2024-04-19 00:00:00,9.986,4.672,5.314000000000001
2024-04-22 00:00:00,9.926,4.652,5.274
2024-04-23 00:00:00,9.906,4.633,5.273000000000001
2024-04-24 00:00:00,9.996,4.662,5.3340000000000005
2024-04-25 00:00:00,9.996,4.719,5.277
2024-04-26 00:00:00,10.066,4.687,5.3790000000000004
2024-04-29 00:00:00,10.066,4.643,5.423000000000001
2024-04-30 00:00:00,10.066,4.715,5.351000000000001
2024-05-01 00:00:00,10.48,4.66,5.82
2024-05-02 00:00:00,9.836,4.577,5.259
2024-05-03 00:00:00,9.676,4.482,5.194
2024-05-06 00:00:00,9.696,4.487,5.209
2024-05-07 00:00:00,9.716,4.473,5.242999999999999
2024-05-08 00:00:00,9.726,4.503,5.223000000000001
2024-05-09 00:00:00,9.706,4.472,5.233999999999999
2024-05-10 00:00:00,9.856,4.516,5.34
2024-05-13 00:00:00,9.856,4.509,5.3469999999999995
2024-05-14 00:00:00,9.796,4.46,5.335999999999999
2024-05-15 00:00:00,9.686,4.345,5.341
2024-05-16 00:00:00,9.736,4.401,5.335000000000001
2024-05-17 00:00:00,9.76,4.447,5.313
2024-05-20 00:00:00,9.766,4.47,5.296
2024-05-21 00:00:00,9.786,4.432,5.353999999999999
2024-05-22 00:00:00,9.816,4.468,5.348000000000001
2024-05-23 00:00:00,9.856,4.531,5.325
2024-05-24 00:00:00,9.826,4.528,5.298000000000001
2024-05-27 00:00:00,9.826,4.521,5.305000000000001
2024-05-28 00:00:00,9.876,4.592,5.284
2024-05-29 00:00:00,9.926,4.634,5.292
2024-05-30 00:00:00,9.916,4.569,5.347
2024-05-31 00:00:00,9.866,4.509,5.356999999999999
2024-06-03 00:00:00,10.006,4.41,5.596
2024-06-04 00:00:00,10.036,4.347,5.688999999999999
2024-06-05 00:00:00,9.916,4.294,5.622000000000001
2024-06-06 00:00:00,9.836,4.298,5.538
2024-06-07 00:00:00,10.246,4.461,5.785
2024-06-10 00:00:00,10.256,4.485,5.771
2024-06-11 00:00:00,10.466,4.417,6.0489999999999995
2024-06-12 00:00:00,10.466,4.32,6.145999999999999
2024-06-13 00:00:00,10.346,4.246,6.1
2024-06-14 00:00:00,10.22,4.24,5.98
2024-06-17 00:00:00,10.346,4.307,6.039
2024-06-18 00:00:00,10.176,4.243,5.933
2024-06-19 00:00:00,10.176,4.262,5.914000000000001
2024-06-20 00:00:00,10.096,4.275,5.821
2024-06-21 00:00:00,10.116,4.273,5.843
2024-06-24 00:00:00,10.036,4.255,5.781
2024-06-25 00:00:00,10.036,4.276,5.76
2024-06-26 00:00:00,10.066,4.346,5.720000000000001
2024-06-27 00:00:00,9.982,4.299,5.682999999999999
2024-06-28 00:00:00,9.875,4.369,5.506
2024-07-01 00:00:00,10.068,4.431,5.637
2024-07-02 00:00:00,10.05,4.398,5.652000000000001
2024-07-03 00:00:00,10.051,4.322,5.729
2024-07-04 00:00:00,9.96,4.336,5.6240000000000006
2024-07-05 00:00:00,10.05,4.227,5.823
2024-07-08 00:00:00,10.066,4.241,5.825000000000001
2024-07-09 00:00:00,10.07,4.245,5.825
2024-07-10 00:00:00,9.98,4.237,5.743
2024-07-11 00:00:00,9.783,4.144,5.638999999999999
2024-07-12 00:00:00,9.735,4.107,5.627999999999999
2024-07-15 00:00:00,9.75,4.135,5.615
2024-07-16 00:00:00,9.745,4.076,5.669
2024-07-17 00:00:00,9.738,4.081,5.656999999999999
2024-07-18 00:00:00,9.815,4.117,5.6979999999999995
2024-07-19 00:00:00,9.92,4.17,5.75
2024-07-22 00:00:00,10.025,4.175,5.8500000000000005
2024-07-23 00:00:00,9.968,4.166,5.802
2024-07-24 00:00:00,9.96,4.175,5.785000000000001
2024-07-25 00:00:00,9.907,4.134,5.773
2024-07-26 00:00:00,9.843,4.077,5.766
2024-07-29 00:00:00,9.817,4.073,5.744
2024-07-30 00:00:00,9.755,4.035,5.720000000000001
2024-07-31 00:00:00,9.713,3.917,5.795999999999999
2024-08-01 00:00:00,9.775,3.844,5.931000000000001
2024-08-02 00:00:00,9.605,3.615,5.99
2024-08-05 00:00:00,9.695,3.625,6.07
2024-08-06 00:00:00,9.677,3.743,5.933999999999999
2024-08-07 00:00:00,9.65,3.776,5.8740000000000006
2024-08-08 00:00:00,9.64,3.826,5.814
2024-08-09 00:00:00,9.34,3.796,5.5440000000000005
2024-08-12 00:00:00,9.421,3.749,5.671999999999999
2024-08-13 00:00:00,9.42,3.677,5.743
2024-08-14 00:00:00,9.373,3.682,5.690999999999999
2024-08-15 00:00:00,9.487,3.797,5.6899999999999995
2024-08-16 00:00:00,9.463,3.757,5.7059999999999995
2024-08-19 00:00:00,9.372,3.762,5.609999999999999
2024-08-20 00:00:00,9.465,3.693,5.772
2024-08-21 00:00:00,9.458,3.655,5.803000000000001
2024-08-22 00:00:00,9.57,3.725,5.845000000000001
2024-08-23 00:00:00,9.47,3.642,5.828000000000001
2024-08-26 00:00:00,9.44,3.669,5.770999999999999
2024-08-27 00:00:00,9.63,3.655,5.975000000000001
2024-08-28 00:00:00,9.583,3.664,5.9190000000000005
2024-08-29 00:00:00,9.66,3.668,5.992
2024-08-30 00:00:00,9.636,3.708,5.927999999999999
2024-09-02 00:00:00,9.577,3.724,5.853
2024-09-03 00:00:00,9.686,3.639,6.047000000000001
2024-09-04 00:00:00,9.546,3.556,5.989999999999999
2024-09-05 00:00:00,9.476,3.535,5.941000000000001
2024-09-06 00:00:00,9.416,3.496,5.92
2024-09-09 00:00:00,9.375,3.489,5.886
2024-09-10 00:00:00,9.446,3.423,6.023
2024-09-11 00:00:00,9.366,3.452,5.914
2024-09-12 00:00:00,9.366,3.471,5.895
2024-09-13 00:00:00,9.196,3.435,5.760999999999999
2024-09-17 00:00:00,9.136,3.443,5.693
2024-09-18 00:00:00,9.086,3.493,5.593
2024-09-19 00:00:00,9.06,3.486,5.574
2024-09-20 00:00:00,9.066,3.5,5.566000000000001
2024-09-23 00:00:00,9.046,3.506,5.539999999999999
2024-09-24 00:00:00,8.98,3.472,5.508000000000001
2024-09-25 00:00:00,9.08,3.529,5.551
2024-09-26 00:00:00,9.106,3.565,5.541
2024-09-27 00:00:00,9.12,3.503,5.616999999999999
2024-09-30 00:00:00,9.1,3.564,5.536
2024-10-02 00:00:00,9.186,3.552,5.634
2024-10-03 00:00:00,9.23,3.628,5.602
2024-10-04 00:00:00,9.406,3.804,5.602
2024-10-07 00:00:00,9.496,3.867,5.6290000000000004
2024-10-08 00:00:00,9.44,3.848,5.592
2024-10-09 00:00:00,9.516,3.917,5.599
2024-10-10 00:00:00,9.596,3.889,5.707000000000001
2024-10-11 00:00:00,9.526,3.898,5.628
2024-10-14 00:00:00,9.526,3.912,5.614
2024-10-15 00:00:00,9.596,3.854,5.742
2024-10-16 00:00:00,9.703,3.846,5.856999999999999
2024-10-17 00:00:00,9.735,3.904,5.8309999999999995
2024-10-18 00:00:00,9.766,3.88,5.886
2024-10-21 00:00:00,9.863,3.985,5.878
2024-10-22 00:00:00,9.966,4.006,5.959999999999999
2024-10-23 00:00:00,9.976,4.057,5.9190000000000005
2024-10-24 00:00:00,9.916,4.021,5.8950000000000005
2024-10-25 00:00:00,9.966,4.052,5.914
2024-10-28 00:00:00,9.966,4.108,5.858
2024-10-29 00:00:00,9.846,4.104,5.742
2024-10-30 00:00:00,9.81,4.156,5.654000000000001
2024-10-31 00:00:00,9.846,4.154,5.692
2024-11-01 00:00:00,9.983,4.226,5.757000000000001
2024-11-04 00:00:00,9.956,4.148,5.808
2024-11-05 00:00:00,9.876,4.156,5.72
2024-11-06 00:00:00,9.806,4.269,5.536999999999999
2024-11-07 00:00:00,9.726,4.169,5.557000000000001
2024-11-08 00:00:00,9.77,4.192,5.577999999999999
2024-11-12 00:00:00,9.9,4.314,5.586
2024-11-13 00:00:00,9.871,4.302,5.569000000000001
2024-11-14 00:00:00,9.81,4.334,5.476000000000001
2024-11-15 00:00:00,9.766,4.311,5.455
2024-11-19 00:00:00,9.64,4.26,5.380000000000001
2024-11-20 00:00:00,9.63,4.283,5.347
2024-11-21 00:00:00,9.756,4.299,5.457
2024-11-22 00:00:00,9.766,4.305,5.461
2024-11-25 00:00:00,9.706,4.175,5.531
2024-11-26 00:00:00,9.826,4.182,5.644
2024-11-27 00:00:00,9.725,4.133,5.592
2024-11-29 00:00:00,9.676,4.053,5.623
2024-12-02 00:00:00,9.72,4.091,5.6290000000000004
2024-12-03 00:00:00,9.696,4.112,5.584
2024-12-04 00:00:00,9.738,4.07,5.667999999999999
2024-12-05 00:00:00,9.756,4.074,5.682
2024-12-06 00:00:00,9.677,4.031,5.646
2024-12-09 00:00:00,9.79,4.075,5.714999999999999
2024-12-10 00:00:00,9.636,4.098,5.537999999999999
2024-12-11 00:00:00,9.575,4.138,5.436999999999999
2024-12-13 00:00:00,9.786,4.247,5.539
2024-12-16 00:00:00,9.71,4.258,5.452000000000001
2024-12-17 00:00:00,9.746,4.258,5.488
2024-12-18 00:00:00,9.736,4.405,5.331
2024-12-19 00:00:00,9.876,4.422,5.454
2024-12-20 00:00:00,9.956,4.384,5.571999999999999
2024-12-23 00:00:00,10.046,4.435,5.611
2024-12-24 00:00:00,9.996,4.437,5.559
2024-12-26 00:00:00,10.006,4.435,5.571000000000001
2024-12-27 00:00:00,10.036,4.463,5.5729999999999995
2024-12-30 00:00:00,10.006,4.36,5.646
2024-12-31 00:00:00,9.966,4.378,5.587999999999999
2025-01-02 00:00:00,9.936,4.371,5.5649999999999995
2025-01-03 00:00:00,9.996,4.415,5.581
2025-01-06 00:00:00,9.986,4.421,5.565
2025-01-07 00:00:00,9.916,4.463,5.453
2025-01-08 00:00:00,9.866,4.461,5.404999999999999
2025-01-09 00:00:00,9.78,4.454,5.326
2025-01-10 00:00:00,9.946,4.578,5.367999999999999
2025-01-13 00:00:00,10.026,4.609,5.417
2025-01-14 00:00:00,9.993,4.598,5.3950000000000005
2025-01-15 00:00:00,9.89,4.45,5.44
2025-01-16 00:00:00,9.855,4.395,5.460000000000001
2025-01-17 00:00:00,9.976,4.429,5.547000000000001
2025-01-21 00:00:00,9.786,4.391,5.395
2025-01-22 00:00:00,9.666,4.438,5.228000000000001
2025-01-23 00:00:00,9.68,4.451,5.229
2025-01-24 00:00:00,9.656,4.42,5.236000000000001
2025-01-27 00:00:00,9.686,4.333,5.353
2025-01-28 00:00:00,9.565,4.33,5.234999999999999
2025-01-29 00:00:00,9.615,4.337,5.2780000000000005
2025-01-30 00:00:00,9.61,4.323,5.286999999999999
2025-01-31 00:00:00,9.61,4.332,5.278
2025-02-04 00:00:00,9.616,4.318,5.298
2025-02-05 00:00:00,9.546,4.249,5.297
2025-02-06 00:00:00,9.43,4.274,5.156
2025-02-07 00:00:00,9.337,4.346,4.991
2025-02-10 00:00:00,9.383,4.341,5.041999999999999
2025-02-11 00:00:00,9.506,4.371,5.135
2025-02-13 00:00:00,9.526,4.39,5.136
2025-02-14 00:00:00,9.506,4.328,5.178
2025-02-18 00:00:00,9.476,4.401,5.075000000000001
2025-02-19 00:00:00,9.51,4.364,5.146
2025-02-20 00:00:00,9.397,4.346,5.051
2025-02-21 00:00:00,9.356,4.27,5.086
2025-02-24 00:00:00,9.36,4.234,5.1259999999999994
2025-02-26 00:00:00,9.23,4.083,5.147
2025-02-27 00:00:00,9.169,4.078,5.091
2025-02-28 00:00:00,9.18,4.01,5.17
2025-03-03 00:00:00,9.14,3.966,5.174
2025-03-04 00:00:00,9.2,4.041,5.158999999999999
2025-03-05 00:00:00,9.12,4.075,5.044999999999999
2025-03-06 00:00:00,9.11,4.058,5.052
2025-03-07 00:00:00,9.051,4.083,4.968
2025-03-10 00:00:00,9.12,3.974,5.145999999999999
2025-03-11 00:00:00,9.073,4.038,5.035
2025-03-12 00:00:00,9.18,4.073,5.106999999999999
2025-03-13 00:00:00,9.1,4.026,5.074
2025-03-14 00:00:00,9.09,4.092,4.998
2025-03-18 00:00:00,9.042,4.073,4.968999999999999
2025-03-20 00:00:00,8.97,4.015,4.955000000000001
2025-03-21 00:00:00,9.0,4.006,4.994
2025-03-24 00:00:00,9.03,4.097,4.932999999999999
2025-03-25 00:00:00,9.002,4.069,4.933000000000001
2025-03-26 00:00:00,8.99,4.097,4.893
2025-03-27 00:00:00,8.988,4.092,4.896
2025-03-28 00:00:00,8.91,3.98,4.93
2025-03-31 00:00:00,8.823,3.954,4.869
2025-04-01 00:00:00,8.83,3.914,4.916
2025-04-02 00:00:00,8.726,3.873,4.853000000000001
2025-04-03 00:00:00,8.52,3.736,4.783999999999999
2025-04-04 00:00:00,8.63,3.704,4.926
2025-04-07 00:00:00,8.68,3.885,4.795
2025-04-08 00:00:00,8.79,3.917,4.872999999999999
2025-04-09 00:00:00,8.79,4.046,4.743999999999999
2025-04-10 00:00:00,8.72,4.07,4.65
2025-04-11 00:00:00,8.87,4.168,4.701999999999999
2025-04-14 00:00:00,8.85,4.017,4.832999999999999
2025-04-15 00:00:00,8.76,3.987,4.773
2025-04-16 00:00:00,8.73,3.908,4.822000000000001
2025-04-21 00:00:00,8.79,3.979,4.810999999999999
2025-04-22 00:00:00,8.775,3.992,4.783
2025-04-23 00:00:00,8.8,4.017,4.783
2025-04-24 00:00:00,8.71,3.931,4.779000000000001
2025-04-25 00:00:00,8.7,3.876,4.824
2025-04-28 00:00:00,8.667,3.807,4.859999999999999
2025-04-29 00:00:00,8.712,3.768,4.944
2025-04-30 00:00:00,8.68,3.732,4.9479999999999995
2025-05-02 00:00:00,8.725,3.916,4.808999999999999
2025-05-05 00:00:00,8.71,3.944,4.766000000000001
2025-05-06 00:00:00,8.64,3.891,4.7490000000000006
2025-05-07 00:00:00,8.6,3.864,4.736
2025-05-08 00:00:00,8.66,3.987,4.673
2025-05-09 00:00:00,8.69,4.0,4.6899999999999995
2025-05-12 00:00:00,8.735,4.109,4.6259999999999994
2025-05-13 00:00:00,8.79,4.098,4.691999999999999
2025-05-14 00:00:00,8.798,4.171,4.627
2025-05-15 00:00:00,8.894,4.048,4.846
2025-05-16 00:00:00,8.71,4.069,4.641000000000001
2025-05-19 00:00:00,8.91,4.06,4.8500000000000005
2025-05-20 00:00:00,8.752,4.069,4.683000000000001
2025-05-21 00:00:00,8.8,4.158,4.642
2025-05-22 00:00:00,8.77,4.09,4.68
2025-05-23 00:00:00,8.762,4.077,4.6850000000000005
2025-05-26 00:00:00,8.79,4.081,4.708999999999999
2025-05-27 00:00:00,8.79,4.032,4.757999999999999
2025-05-28 00:00:00,8.77,4.061,4.709
2025-05-29 00:00:00,8.712,3.999,4.712999999999999
2025-05-30 00:00:00,8.68,3.959,4.721
2025-06-02 00:00:00,8.677,4.003,4.6739999999999995
2025-06-03 00:00:00,8.645,4.025,4.619999999999999
2025-06-04 00:00:00,8.53,3.924,4.606
2025-06-05 00:00:00,8.514,3.989,4.5249999999999995
2025-06-06 00:00:00,8.512,4.118,4.394
2025-06-09 00:00:00,8.568,4.08,4.4879999999999995
2025-06-10 00:00:00,8.58,4.088,4.492
2025-06-11 00:00:00,8.65,4.018,4.632000000000001
2025-06-12 00:00:00,8.644,3.971,4.673
2025-06-13 00:00:00,8.755,4.005,4.750000000000001
2025-06-16 00:00:00,8.677,4.034,4.643
2025-06-17 00:00:00,8.663,3.985,4.678000000000001
2025-06-18 00:00:00,8.62,3.985,4.635
2025-06-19 00:00:00,8.615,3.971,4.644
2025-06-20 00:00:00,8.63,3.959,4.671000000000001
2025-06-23 00:00:00,8.656,3.909,4.747000000000001
2025-06-24 00:00:00,8.8,3.86,4.940000000000001
2025-06-25 00:00:00,8.565,3.848,4.717
2025-06-26 00:00:00,8.571,3.795,4.776
2025-06-27 00:00:00,8.56,3.826,4.734
2025-06-30 00:00:00,8.582,3.8,4.782000000000001
2025-07-01 00:00:00,8.543,3.832,4.710999999999999
2025-07-02 00:00:00,8.526,3.867,4.659
2025-07-03 00:00:00,8.538,3.938,4.6
2025-07-08 00:00:00,8.804,3.987,4.817
2025-07-09 00:00:00,8.667,3.92,4.747
2025-07-10 00:00:00,8.564,3.931,4.633
2025-07-11 00:00:00,8.556,3.992,4.563999999999999
2025-07-15 00:00:00,8.804,4.052,4.752000000000001
2025-07-23 00:00:00,8.804,3.936,4.868
2025-07-29 00:00:00,8.804,3.906,4.898
2025-08-01 00:00:00,8.524,3.771,4.752999999999999
2025-08-05 00:00:00,8.454,3.762,4.692
2025-08-08 00:00:00,8.374,3.828,4.546000000000001
2025-08-12 00:00:00,8.404,3.822,4.582
2025-08-13 00:00:00,8.314,3.772,4.542
2025-08-15 00:00:00,8.384,3.845,4.539
2025-08-19 00:00:00,8.374,3.822,4.5520000000000005
2025-08-22 00:00:00,8.284,3.757,4.527000000000001
2025-08-28 00:00:00,8.254,3.696,4.558
2025-09-02 00:00:00,8.224,3.743,4.481
2025-09-03 00:00:00,8.244,3.685,4.558999999999999
2025-09-05 00:00:00,8.144,3.583,4.561
2025-09-08 00:00:00,8.134,3.57,4.564
2025-09-10 00:00:00,8.164,3.582,4.582
2025-09-12 00:00:00,8.064,3.625,4.439
2025-09-18 00:00:00,8.114,3.663,4.4510000000000005
2025-09-22 00:00:00,8.004,3.696,4.308
2025-09-23 00:00:00,8.0,3.677,4.323
2025-09-24 00:00:00,8.0,3.71,4.29
2025-09-25 00:00:00,8.0,3.769,4.231
2025-09-26 00:00:00,8.01,3.77,4.24
2025-09-29 00:00:00,8.08,3.741,4.339
2025-09-30 00:00:00,8.064,3.734,4.33
2025-10-01 00:00:00,8.06,3.68,4.380000000000001
2025-10-02 00:00:00,8.044,3.675,4.369000000000001
2025-10-03 00:00:00,8.04,3.708,4.331999999999999
2025-10-06 00:00:00,8.034,3.745,4.289000000000001
2025-10-07 00:00:00,8.064,3.706,4.3580000000000005
2025-10-08 00:00:00,8.05,3.722,4.328000000000001
2025-10-09 00:00:00,8.06,3.741,4.319000000000001
2025-10-10 00:00:00,8.0,3.647,4.353
2025-10-13 00:00:00,7.944,3.633,4.311
2025-10-14 00:00:00,7.964,3.602,4.362
2025-10-15 00:00:00,7.96,3.63,4.33
2025-10-16 00:00:00,7.9,3.55,4.3500000000000005
2025-10-17 00:00:00,7.87,3.592,4.2780000000000005
2025-10-20 00:00:00,7.89,3.579,4.311
2025-10-21 00:00:00,7.89,3.56,4.33
2025-10-22 00:00:00,7.844,3.553,4.291
2025-10-23 00:00:00,7.84,3.597,4.243
2025-10-24 00:00:00,7.884,3.602,4.282
2025-10-27 00:00:00,7.88,3.616,4.263999999999999
2025-10-28 00:00:00,7.86,3.613,4.247
2025-10-29 00:00:00,7.86,3.699,4.1610000000000005
2025-10-30 00:00:00,7.91,3.72,4.1899999999999995
2025-10-31 00:00:00,7.89,3.717,4.173
2025-11-03 00:00:00,7.9,3.715,4.1850000000000005
2025-11-04 00:00:00,7.94,3.701,4.239000000000001
2025-11-05 00:00:00,7.96,3.765,4.195
2025-11-06 00:00:00,7.97,3.689,4.281
2025-11-07 00:00:00,8.0,3.68,4.32
2025-11-10 00:00:00,8.06,3.71,4.3500000000000005
2025-11-11 00:00:00,8.06,3.659,4.401000000000001
2025-11-12 00:00:00,8.09,3.668,4.422
2025-11-13 00:00:00,8.06,3.703,4.357000000000001
2025-11-14 00:00:00,8.06,3.734,4.3260000000000005
2025-11-17 00:00:00,8.07,3.721,4.349
2025-11-18 00:00:00,8.07,3.694,4.376
2025-11-19 00:00:00,8.05,3.708,4.3420000000000005
2025-11-20 00:00:00,8.05,3.673,4.377000000000001
2025-11-21 00:00:00,8.08,3.618,4.462
2025-11-24 00:00:00,8.11,3.605,4.504999999999999
2025-11-25 00:00:00,8.08,3.565,4.515000000000001
2025-11-26 00:00:00,8.08,3.574,4.506
2025-11-27 00:00:00,8.004,3.583,4.420999999999999
2025-11-28 00:00:00,8.0,3.598,4.402
2025-12-01 00:00:00,8.01,3.673,4.337
2025-12-02 00:00:00,8.01,3.659,4.351
2025-12-03 00:00:00,8.0,3.624,4.3759999999999994
2025-12-04 00:00:00,7.98,3.683,4.297000000000001
2025-12-05 00:00:00,8.03,3.715,4.3149999999999995
2025-12-08 00:00:00,8.17,3.752,4.418
2025-12-09 00:00:00,8.15,3.78,4.370000000000001
2025-12-10 00:00:00,8.334,3.755,4.579
2025-12-11 00:00:00,8.364,3.715,4.649000000000001
2025-12-12 00:00:00,8.36,3.75,4.609999999999999
2025-12-15 00:00:00,8.374,3.733,4.641
2025-12-16 00:00:00,8.37,3.693,4.677
2025-12-17 00:00:00,8.28,3.695,4.584999999999999
2025-12-18 00:00:00,8.22,3.66,4.5600000000000005
2025-12-19 00:00:00,8.18,3.695,4.484999999999999
2025-12-22 00:00:00,8.4,3.718,4.682
2025-12-23 00:00:00,8.26,3.742,4.518
2025-12-24 00:00:00,8.24,3.715,4.525
2025-12-26 00:00:00,8.24,3.696,4.5440000000000005
2025-12-29 00:00:00,8.24,3.675,4.565
2025-12-30 00:00:00,8.23,3.682,4.548
2025-12-31 00:00:00,8.2,3.711,4.488999999999999
2026-01-01 00:00:00,8.2,3.722,4.478
2026-01-02 00:00:00,8.16,3.739,4.421
2026-01-05 00:00:00,8.16,3.71,4.45
2026-01-06 00:00:00,8.024,3.72,4.3039999999999985
2026-01-07 00:00:00,8.02,3.694,4.326
2026-01-08 00:00:00,8.064,3.736,4.327999999999999
2026-01-09 00:00:00,8.41,3.757,4.6530000000000005
2026-01-12 00:00:00,8.444,3.767,4.677000000000001
2026-01-13 00:00:00,8.44,3.743,4.696999999999999
2026-01-14 00:00:00,8.46,3.715,4.745000000000001
2026-01-15 00:00:00,8.41,3.762,4.648
2026-01-16 00:00:00,8.514,3.828,4.686
2026-01-19 00:00:00,8.51,3.835,4.675
2026-01-20 00:00:00,8.55,3.858,4.692
2026-01-21 00:00:00,8.63,3.831,4.799000000000001
2026-01-22 00:00:00,8.53,3.849,4.680999999999999
2026-01-23 00:00:00,8.464,3.837,4.627000000000001
2026-01-26 00:00:00,8.46,3.818,4.642000000000001
2026-01-27 00:00:00,8.404,3.814,4.59
2026-01-28 00:00:00,8.4,3.842,4.558
2026-01-29 00:00:00,8.36,3.805,4.555
2026-01-30 00:00:00,8.28,3.797,4.482999999999999
2026-02-02 00:00:00,8.33,3.835,4.495
2026-02-03 00:00:00,8.32,3.837,4.4830000000000005
2026-02-04 00:00:00,8.34,3.833,4.507
2026-02-05 00:00:00,8.38,3.752,4.628000000000001
2026-02-06 00:00:00,8.274,3.755,4.518999999999999
2026-02-09 00:00:00,8.27,3.743,4.526999999999999
2026-02-10 00:00:00,8.25,3.699,4.551
2026-02-11 00:00:00,8.2,3.741,4.459
2026-02-12 00:00:00,8.124,3.668,4.456
2026-02-13 00:00:00,8.12,3.609,4.510999999999999
2026-02-16 00:00:00,8.144,3.604,4.54
2026-02-17 00:00:00,8.18,3.621,4.558999999999999
2026-02-18 00:00:00,8.16,3.647,4.513
2026-02-19 00:00:00,8.15,3.647,4.503
2026-02-20 00:00:00,8.174,3.648,4.526
2026-02-23 00:00:00,8.174,3.581,4.593
2026-02-24 00:00:00,8.124,3.596,4.5280000000000005
2026-02-25 00:00:00,8.054,3.619,4.4350000000000005
2026-02-26 00:00:00,8.05,3.583,4.4670000000000005
2026-02-27 00:00:00,8.044,3.514,4.530000000000001
2026-03-02 00:00:00,8.134,3.622,4.5120000000000005
2026-03-03 00:00:00,8.13,3.631,4.4990000000000006
2026-03-04 00:00:00,8.214,3.669,4.545
2026-03-05 00:00:00,8.21,3.742,4.468000000000001
2026-03-06 00:00:00,8.41,3.717,4.693
2026-03-09 00:00:00,8.45,3.736,4.713999999999999
2026-03-10 00:00:00,8.53,3.715,4.8149999999999995
2026-03-11 00:00:00,8.42,3.782,4.638
2026-03-12 00:00:00,8.704,3.884,4.82
2026-03-13 00:00:00,8.874,3.874,5.0
2026-03-16 00:00:00,8.96,3.802,5.158000000000001
2026-03-17 00:00:00,8.96,3.786,5.174000000000001
2026-03-18 00:00:00,8.83,3.86,4.970000000000001
2026-03-19 00:00:00,8.93,3.92,5.01
2026-03-20 00:00:00,8.93,4.013,4.917
