Date,Close,Apertura,Máximo,Mínimo,Vol.,% var.
11.12.2025,579.74,562.0,584.31,559.01,337.24K,3.58%
10.12.2025,559.68,559.99,565.0,554.0,245.92K,0.44%
09.12.2025,557.21,558.0,561.99,553.13,328.29K,0.02%
08.12.2025,557.09,549.0,562.47,548.0,253.22K,1.57%
05.12.2025,548.5,555.35,556.26,545.5,319.37K,-0.74%
04.12.2025,552.59,546.5,558.72,546.5,246.11K,1.18%
03.12.2025,546.16,556.31,556.9,545.1,525.79K,-1.34%
02.12.2025,553.55,554.1,558.46,551.01,223.45K,0.24%
01.12.2025,552.21,555.95,558.01,547.01,442.20K,-0.25%
28.11.2025,553.6,549.85,558.0,549.01,316.00K,0.16%
27.11.2025,552.72,553.0,554.61,547.3,83.51K,0.12%
26.11.2025,552.05,550.0,552.91,540.5,500.11K,-1.94%
25.11.2025,562.96,559.25,565.21,556.06,744.84K,0.99%
24.11.2025,557.42,553.04,560.0,551.07,894.77K,1.30%
21.11.2025,550.29,546.35,557.47,545.83,264.68K,1.08%
20.11.2025,544.42,554.8,558.22,543.14,324.53K,-0.87%
19.11.2025,549.19,551.97,551.97,543.0,166.64K,0.50%
18.11.2025,546.45,549.99,556.89,544.89,465.36K,-0.38%
14.11.2025,548.52,555.48,559.98,547.46,294.19K,-1.63%
13.11.2025,557.61,555.95,562.99,551.59,320.42K,1.10%
12.11.2025,551.53,564.54,565.35,551.0,276.82K,-2.31%
11.11.2025,564.59,559.0,567.5,557.11,242.90K,1.32%
10.11.2025,557.26,572.0,572.0,555.02,174.75K,-2.29%
07.11.2025,570.33,572.0,582.97,568.24,227.21K,-0.70%
06.11.2025,574.36,580.25,583.27,573.06,178.39K,-0.52%
05.11.2025,577.37,563.95,581.0,559.11,772.00K,2.23%
04.11.2025,564.75,556.99,570.78,553.7,219.22K,0.99%
03.11.2025,559.22,563.0,566.21,551.57,154.14K,-0.49%
31.10.2025,561.99,580.0,580.0,560.58,597.73K,-0.99%
30.10.2025,567.63,571.54,581.46,565.91,436.02K,-1.11%
29.10.2025,574.0,565.77,576.78,565.05,176.87K,1.14%
28.10.2025,567.52,565.25,570.0,560.75,648.74K,0.90%
27.10.2025,562.44,565.14,567.52,555.91,385.90K,0.01%
24.10.2025,562.38,563.34,567.11,557.61,319.65K,-0.06%
23.10.2025,562.69,560.54,564.48,546.74,349.44K,-0.62%
22.10.2025,566.2,555.52,567.46,549.7,543.10K,2.43%
21.10.2025,552.76,558.0,559.97,550.5,434.00K,-1.02%
20.10.2025,558.46,562.0,569.04,554.07,335.35K,-0.14%
17.10.2025,559.24,562.35,566.33,549.7,1.71M,-0.26%
16.10.2025,560.72,569.33,573.71,557.96,228.09K,-1.58%
15.10.2025,569.71,570.2,576.48,565.38,2.22M,0.41%
14.10.2025,567.36,575.0,577.5,560.55,398.02K,-1.55%
13.10.2025,576.29,582.78,585.64,574.19,182.99K,-0.62%
10.10.2025,579.89,583.1,583.1,572.42,463.72K,0.45%
09.10.2025,577.32,588.82,591.47,575.22,330.84K,-1.95%
08.10.2025,588.82,580.14,590.0,578.26,426.86K,1.50%
07.10.2025,580.14,580.0,587.96,575.01,215.37K,-0.44%
06.10.2025,582.69,583.35,586.19,572.24,312.24K,0.39%
03.10.2025,580.42,584.8,592.52,577.06,139.97K,-1.25%
02.10.2025,587.78,578.35,592.19,578.35,474.05K,1.63%
01.10.2025,578.35,594.44,597.77,576.51,336.42K,-2.21%
30.09.2025,591.41,599.29,605.81,589.07,736.32K,-0.92%
29.09.2025,596.88,622.39,622.39,596.17,304.07K,-4.11%
26.09.2025,622.46,625.05,630.0,615.43,251.36K,-0.33%
25.09.2025,624.54,618.06,632.28,611.99,422.29K,1.51%
24.09.2025,615.22,634.27,634.49,612.0,281.55K,-2.52%
23.09.2025,631.12,626.62,631.8,620.37,129.39K,0.72%
22.09.2025,626.62,622.81,628.18,617.6,186.29K,1.11%
19.09.2025,619.72,625.9,628.79,617.6,890.67K,-0.17%
18.09.2025,620.78,616.7,625.92,612.01,277.72K,1.09%
17.09.2025,614.09,624.01,631.36,610.6,385.16K,-2.04%
15.09.2025,626.91,637.51,639.95,624.94,180.56K,-2.16%
12.09.2025,640.72,641.55,646.5,636.02,326.43K,-0.21%
11.09.2025,642.09,625.7,647.19,625.64,269.72K,2.99%
10.09.2025,623.44,637.53,642.93,622.64,345.48K,-1.93%
09.09.2025,635.73,631.37,641.36,626.91,376.72K,0.42%
08.09.2025,633.04,625.55,636.02,625.55,147.13K,-0.47%
05.09.2025,636.05,628.99,642.54,621.04,415.21K,1.29%
04.09.2025,627.95,622.45,629.0,613.03,245.66K,1.23%
03.09.2025,620.29,620.0,623.03,614.0,314.51K,0.34%
02.09.2025,618.21,611.0,620.0,605.02,332.61K,1.25%
01.09.2025,610.55,607.95,619.03,602.78,75.24K,0.25%
29.08.2025,609.01,613.23,613.92,606.21,501.80K,-0.24%
28.08.2025,610.48,613.45,620.0,604.16,262.38K,-0.35%
27.08.2025,612.61,619.0,619.0,600.66,210.67K,0.99%
26.08.2025,606.63,602.52,610.94,597.83,1.06M,0.54%
25.08.2025,603.38,614.56,614.56,602.35,202.97K,-1.47%
22.08.2025,612.41,619.29,619.3,603.01,299.80K,-0.76%
21.08.2025,617.13,606.11,618.26,602.07,156.79K,2.33%
20.08.2025,603.1,610.0,618.94,601.83,385.04K,-1.87%
19.08.2025,614.58,615.0,619.63,609.66,163.71K,-0.02%
18.08.2025,614.72,613.02,619.0,601.53,155.71K,0.32%
15.08.2025,612.74,603.21,614.9,600.0,212.42K,2.09%
14.08.2025,600.21,603.94,608.82,597.18,383.72K,-0.29%
13.08.2025,601.93,602.78,614.04,596.65,349.66K,-0.14%
12.08.2025,602.75,585.93,614.81,583.02,350.24K,2.98%
11.08.2025,585.3,583.13,586.75,579.24,134.55K,0.83%
08.08.2025,580.5,579.0,583.27,573.5,154.93K,-0.42%
07.08.2025,582.96,583.5,588.61,581.15,267.92K,0.21%
06.08.2025,581.75,577.29,589.87,574.79,351.44K,1.21%
05.08.2025,574.82,570.0,582.75,570.0,226.63K,0.83%
04.08.2025,570.09,575.29,577.62,566.41,204.58K,-0.90%
01.08.2025,575.28,573.66,578.99,562.75,415.97K,0.60%
31.07.2025,571.84,573.09,575.41,562.3,952.50K,0.84%
30.07.2025,567.05,569.99,576.05,561.01,278.61K,-0.24%
29.07.2025,568.4,565.16,572.45,556.86,257.68K,0.36%
28.07.2025,566.36,566.98,572.98,558.08,290.64K,-0.07%
25.07.2025,566.77,570.04,574.68,556.85,418.00K,-0.38%
24.07.2025,568.96,567.24,574.89,565.0,292.47K,-0.48%
23.07.2025,571.71,565.25,575.44,545.01,367.31K,1.14%
22.07.2025,565.24,578.89,583.49,556.83,290.68K,-1.89%
21.07.2025,576.13,583.8,586.07,570.02,241.99K,-1.16%
18.07.2025,582.88,591.0,593.42,576.68,153.52K,-1.24%
17.07.2025,590.22,584.04,594.45,582.01,222.88K,1.33%
16.07.2025,582.47,588.0,588.0,570.01,248.13K,1.46%
15.07.2025,574.06,575.53,578.88,568.52,163.05K,0.11%
14.07.2025,573.43,576.0,578.02,570.01,260.84K,-0.17%
11.07.2025,574.38,585.48,586.49,568.5,151.53K,-1.57%
10.07.2025,583.56,564.88,585.0,562.99,381.27K,3.31%
09.07.2025,564.89,569.76,577.66,561.59,220.00K,-0.94%
08.07.2025,570.27,590.0,591.3,565.5,1.08M,-3.36%
07.07.2025,590.11,598.94,604.48,588.21,214.58K,-1.97%
04.07.2025,601.95,594.99,603.63,592.04,36.81K,1.84%
03.07.2025,591.07,602.77,608.48,589.0,181.11K,-1.93%
02.07.2025,602.73,601.48,603.57,595.51,311.35K,0.92%
01.07.2025,597.24,600.0,601.46,591.6,268.75K,-0.30%
30.06.2025,599.05,592.25,600.0,587.0,521.02K,1.58%
27.06.2025,589.74,595.0,602.4,587.83,234.93K,-0.16%
26.06.2025,590.71,591.04,592.47,580.96,392.42K,0.44%
25.06.2025,588.11,582.86,591.99,574.21,264.73K,1.24%
24.06.2025,580.93,577.76,585.07,574.47,412.38K,0.91%
23.06.2025,575.71,584.77,586.52,572.41,326.99K,-0.32%
20.06.2025,577.58,579.0,581.32,573.0,2.93M,1.07%
19.06.2025,571.46,584.53,585.73,569.0,85.82K,-1.76%
18.06.2025,581.7,584.5,593.7,578.0,348.90K,-1.04%
17.06.2025,587.83,591.44,593.97,584.1,290.21K,-0.59%
16.06.2025,591.34,596.57,599.02,590.0,222.86K,-0.38%
13.06.2025,593.59,601.0,601.06,591.99,273.89K,-1.18%
12.06.2025,600.68,607.21,607.39,595.11,415.21K,-0.90%
11.06.2025,606.14,611.81,621.49,604.07,288.39K,-0.90%
10.06.2025,611.63,604.01,616.73,604.01,314.16K,0.81%
09.06.2025,606.74,622.39,622.49,605.0,365.29K,-1.85%
06.06.2025,618.2,624.62,624.84,604.08,285.22K,-0.54%
05.06.2025,621.57,619.84,626.67,615.79,217.13K,0.82%
04.06.2025,616.53,623.5,629.98,615.19,292.14K,-1.20%
03.06.2025,624.03,629.93,635.0,620.57,291.70K,-0.15%
02.06.2025,624.94,622.42,631.0,610.1,569.82K,0.40%
30.05.2025,622.45,615.0,624.58,610.1,1.33M,1.18%
29.05.2025,615.19,625.28,630.64,613.87,362.24K,-1.12%
28.05.2025,622.17,620.0,632.45,616.43,383.42K,-6.57%
27.05.2025,665.92,680.57,690.99,660.29,536.13K,-1.66%
26.05.2025,677.19,662.97,683.3,662.97,71.87K,1.64%
23.05.2025,666.26,656.17,668.2,640.0,331.02K,1.04%
22.05.2025,659.4,671.75,671.75,656.02,245.80K,-1.36%
21.05.2025,668.46,659.76,671.74,656.92,487.76K,1.83%
20.05.2025,656.47,669.44,676.8,654.0,293.64K,-1.94%
19.05.2025,669.44,677.0,677.0,664.28,226.95K,-0.72%
16.05.2025,674.3,685.0,685.0,670.0,201.90K,0.19%
15.05.2025,673.03,674.85,680.05,655.5,217.83K,0.59%
14.05.2025,669.1,654.5,670.78,648.58,328.95K,1.72%
13.05.2025,657.8,644.49,663.93,635.89,302.26K,2.57%
12.05.2025,641.29,633.05,644.07,628.73,480.11K,1.81%
09.05.2025,629.89,635.0,650.0,625.15,404.06K,-1.26%
08.05.2025,637.96,654.32,661.49,635.27,493.11K,-2.01%
07.05.2025,651.07,631.4,653.78,629.69,526.21K,2.48%
06.05.2025,635.31,638.0,638.0,626.71,461.15K,0.22%
05.05.2025,633.9,616.78,635.05,610.07,301.77K,3.28%
02.05.2025,613.77,627.9,641.19,612.0,624.10K,-1.20%
30.04.2025,621.21,609.0,623.98,600.12,652.83K,2.00%
29.04.2025,609.05,619.55,619.55,605.85,630.52K,-1.23%
28.04.2025,616.65,627.52,629.97,612.33,294.35K,-1.77%
25.04.2025,627.75,614.04,630.0,603.95,469.04K,2.38%
24.04.2025,613.18,596.82,619.89,593.03,777.35K,2.03%
23.04.2025,600.99,572.85,605.63,565.04,721.92K,5.97%
22.04.2025,567.11,568.11,584.72,565.72,359.94K,-0.68%
21.04.2025,570.97,554.01,573.14,554.01,307.76K,0.27%
16.04.2025,569.41,555.5,574.0,555.45,296.91K,2.25%
15.04.2025,556.87,568.94,571.99,554.4,492.05K,-2.51%
14.04.2025,571.22,555.78,573.49,555.73,282.60K,2.77%
11.04.2025,555.82,545.07,560.98,542.82,436.60K,2.03%
10.04.2025,544.76,547.0,553.66,540.24,648.34K,-0.48%
09.04.2025,547.39,523.03,553.54,520.09,853.29K,4.13%
08.04.2025,525.69,546.17,558.48,523.07,1.23M,-1.73%
07.04.2025,534.94,551.91,558.99,528.84,860.50K,-3.56%
04.04.2025,554.69,572.01,572.01,543.08,851.29K,-3.02%
03.04.2025,571.96,577.77,589.81,557.62,528.46K,-1.37%
02.04.2025,579.89,566.5,581.31,565.02,382.88K,1.85%
01.04.2025,569.35,561.95,572.13,557.62,328.54K,1.63%
31.03.2025,560.23,565.71,565.72,550.14,628.58K,-0.47%
28.03.2025,562.9,571.98,572.52,561.03,296.04K,-1.20%
27.03.2025,569.73,565.99,572.31,556.0,507.94K,0.60%
26.03.2025,566.33,573.34,575.12,562.58,408.84K,-1.36%
25.03.2025,574.15,570.0,579.99,568.9,236.33K,0.48%
24.03.2025,571.39,570.2,574.22,565.11,237.37K,0.49%
21.03.2025,568.58,579.01,579.01,562.82,1.68M,-2.29%
20.03.2025,581.92,577.45,583.48,571.57,314.96K,0.71%
19.03.2025,577.84,570.72,580.48,568.74,438.38K,1.28%
18.03.2025,570.52,576.3,581.0,550.0,569.52K,-0.30%
14.03.2025,572.22,533.0,574.89,525.0,546.97K,10.43%
13.03.2025,518.17,523.02,524.83,516.0,259.35K,-0.44%
12.03.2025,520.47,520.84,523.12,513.01,720.71K,0.43%
11.03.2025,518.25,521.91,523.94,515.63,310.25K,-0.54%
10.03.2025,521.04,533.01,538.21,515.49,224.95K,-3.00%
07.03.2025,537.17,546.57,550.08,527.98,377.36K,-1.23%
06.03.2025,543.86,544.68,549.48,538.96,407.32K,-0.60%
05.03.2025,547.12,547.05,549.82,541.48,531.51K,-0.03%
04.03.2025,547.26,546.07,552.48,533.5,655.31K,0.23%
03.03.2025,546.03,558.36,559.14,545.14,395.68K,-1.72%
28.02.2025,555.59,540.0,557.99,539.66,1.65M,2.18%
27.02.2025,543.71,557.23,557.23,534.08,1.24M,-2.44%
26.02.2025,557.28,552.77,566.19,540.0,1.27M,1.32%
25.02.2025,550.02,550.03,552.35,539.34,620.50K,-0.31%
24.02.2025,551.74,562.58,562.58,548.55,281.93K,-1.44%
21.02.2025,559.79,581.54,585.43,556.75,383.35K,-3.74%
20.02.2025,581.53,577.29,588.9,577.18,457.12K,0.24%
19.02.2025,580.16,579.99,585.79,574.13,352.54K,0.31%
18.02.2025,578.39,581.66,581.71,567.01,412.09K,-0.74%
17.02.2025,582.7,577.71,586.9,565.0,123.79K,1.04%
14.02.2025,576.69,584.67,594.28,572.23,2.73M,-1.86%
13.02.2025,587.61,590.0,590.0,581.12,287.19K,-0.54%
12.02.2025,590.82,568.01,593.45,568.01,302.06K,3.07%
11.02.2025,573.22,557.95,579.45,555.02,450.18K,2.24%
10.02.2025,560.68,558.6,570.48,557.07,290.67K,0.44%
07.02.2025,558.25,571.22,574.96,553.86,480.80K,-2.27%
06.02.2025,571.22,548.0,575.0,547.28,459.63K,4.15%
05.02.2025,548.47,557.55,572.15,546.03,695.32K,-2.11%
04.02.2025,560.31,570.7,572.32,547.51,506.12K,-0.49%
31.01.2025,563.08,590.0,590.0,560.07,365.57K,-3.97%
30.01.2025,586.36,569.12,589.98,565.47,260.10K,2.66%
29.01.2025,571.16,573.37,578.49,558.37,303.20K,-0.68%
28.01.2025,575.09,562.3,578.12,559.16,651.51K,1.72%
27.01.2025,565.37,555.0,572.99,554.99,239.93K,0.74%
24.01.2025,561.2,555.29,564.13,550.07,468.61K,0.56%
23.01.2025,558.09,560.26,567.42,555.1,440.42K,-0.32%
22.01.2025,559.87,557.11,566.4,555.27,329.65K,0.07%
21.01.2025,559.48,550.06,572.24,547.07,150.09K,0.58%
20.01.2025,556.26,565.0,565.02,551.04,109.80K,-1.61%
17.01.2025,565.39,557.98,573.47,553.37,203.11K,1.82%
16.01.2025,555.26,554.54,559.53,551.73,340.69K,0.65%
15.01.2025,551.69,541.08,554.15,539.85,348.44K,2.14%
14.01.2025,540.12,532.71,546.5,532.71,461.31K,0.89%
13.01.2025,535.34,533.36,540.85,530.7,408.99K,0.71%
10.01.2025,531.54,530.53,541.46,528.62,327.85K,0.26%
09.01.2025,530.15,537.18,550.54,518.1,157.63K,-0.82%
08.01.2025,534.56,537.97,544.4,532.13,288.43K,-1.13%
07.01.2025,540.69,533.01,543.41,529.78,436.07K,1.43%
06.01.2025,533.06,527.26,540.49,524.0,485.06K,1.60%
03.01.2025,524.64,536.93,538.17,518.69,301.43K,-1.80%
02.01.2025,534.25,537.42,545.48,526.26,283.75K,-0.08%
31.12.2024,534.68,530.34,541.31,530.34,513.35K,0.32%
30.12.2024,532.96,533.08,534.99,525.26,344.58K,0.15%
27.12.2024,532.17,536.06,548.0,530.67,230.66K,-0.56%
26.12.2024,535.15,537.69,537.69,531.02,92.54K,0.01%
24.12.2024,535.07,533.95,538.4,527.36,102.56K,0.67%
23.12.2024,531.5,525.0,533.11,520.69,427.41K,0.76%
20.12.2024,527.5,536.31,536.82,525.16,2.45M,-1.32%
19.12.2024,534.56,545.49,557.62,530.15,301.17K,-2.68%
18.12.2024,549.26,559.01,559.07,545.56,651.99K,-1.26%
17.12.2024,556.28,556.57,567.48,552.88,820.39K,-0.54%
16.12.2024,559.32,546.54,560.52,542.23,613.49K,2.34%
13.12.2024,546.53,531.19,548.57,520.0,967.15K,2.11%
11.12.2024,535.26,529.75,537.67,525.51,406.10K,0.23%
10.12.2024,534.02,536.22,539.43,530.01,297.44K,-0.74%
09.12.2024,537.99,545.0,545.0,535.09,401.34K,0.41%
06.12.2024,535.8,538.59,541.74,534.56,238.53K,-0.33%
05.12.2024,537.59,531.62,547.24,525.8,303.09K,1.62%
04.12.2024,529.03,525.56,535.94,522.15,456.82K,0.93%
03.12.2024,524.17,522.85,526.99,516.32,313.65K,0.69%
02.12.2024,520.59,521.68,529.99,517.7,271.22K,0.29%
29.11.2024,519.09,530.0,531.47,507.5,723.44K,-2.45%
28.11.2024,532.15,536.79,536.9,530.02,70.89K,-1.21%
27.11.2024,538.66,533.82,539.48,529.0,371.41K,1.10%
26.11.2024,532.82,536.71,539.98,525.12,330.92K,-0.81%
25.11.2024,537.19,535.99,550.72,535.99,939.17K,-0.26%
22.11.2024,538.61,549.76,560.48,536.27,317.12K,-0.46%
21.11.2024,541.11,539.95,548.1,535.98,1.51M,-0.29%
20.11.2024,542.7,544.25,558.65,537.65,1.12M,-0.73%
19.11.2024,546.7,528.49,552.48,528.09,446.69K,2.93%
15.11.2024,531.15,536.0,540.31,528.99,263.11K,-1.24%
14.11.2024,537.83,533.52,540.46,530.52,305.30K,1.29%
13.11.2024,530.97,540.9,540.9,529.94,327.58K,-0.76%
12.11.2024,535.01,537.44,542.48,534.05,344.88K,0.04%
11.11.2024,534.77,528.82,539.03,528.02,423.02K,0.39%
08.11.2024,532.69,531.11,539.0,523.16,146.33K,0.43%
07.11.2024,530.41,534.0,536.48,527.5,314.72K,-0.40%
06.11.2024,532.55,534.84,540.48,508.29,411.37K,0.26%
05.11.2024,531.18,525.0,534.74,525.0,360.12K,0.23%
04.11.2024,529.98,525.0,532.44,523.61,481.98K,0.79%
01.11.2024,525.81,535.16,540.92,523.03,202.88K,-1.75%
31.10.2024,535.17,537.49,545.34,530.96,550.04K,-0.43%
30.10.2024,537.49,547.1,551.88,535.09,447.23K,-2.76%
29.10.2024,552.74,554.17,558.48,536.0,354.54K,-0.76%
28.10.2024,556.96,535.97,559.19,535.97,342.47K,4.52%
25.10.2024,532.86,530.29,539.73,530.24,203.09K,0.48%
24.10.2024,530.3,532.06,542.47,529.32,448.89K,0.17%
23.10.2024,529.41,552.14,561.57,526.07,351.11K,-3.64%
22.10.2024,549.38,542.48,556.5,542.48,428.56K,-1.29%
21.10.2024,556.54,557.68,560.88,551.97,312.12K,0.28%
18.10.2024,554.96,555.01,557.05,548.07,196.95K,0.45%
17.10.2024,552.46,557.0,559.23,545.07,209.46K,-0.75%
16.10.2024,556.66,547.54,558.48,547.54,250.88K,1.16%
15.10.2024,550.25,544.34,553.32,541.03,348.98K,1.08%
14.10.2024,544.35,544.04,550.84,535.09,212.19K,0.47%
11.10.2024,541.8,540.98,546.96,536.61,128.57K,0.32%
10.10.2024,540.08,530.96,546.51,527.54,276.95K,1.08%
09.10.2024,534.31,526.1,537.48,526.1,468.01K,1.56%
08.10.2024,526.1,532.98,539.89,521.24,368.90K,-1.82%
07.10.2024,535.83,537.09,542.44,530.65,266.04K,0.39%
04.10.2024,533.74,528.01,539.99,527.06,259.01K,1.61%
03.10.2024,525.28,535.62,541.36,521.43,286.18K,-1.48%
02.10.2024,533.16,560.15,560.15,525.21,400.74K,-4.34%
30.09.2024,557.37,561.01,565.42,555.17,358.52K,-0.37%
27.09.2024,559.44,556.97,577.88,556.03,258.56K,-0.84%
26.09.2024,564.17,560.0,579.99,557.44,371.41K,0.64%
25.09.2024,560.56,565.88,566.49,555.09,514.12K,-0.94%
24.09.2024,565.88,568.0,579.99,564.54,245.76K,-1.01%
23.09.2024,571.65,557.76,576.18,554.37,406.86K,1.98%
20.09.2024,560.57,562.77,564.47,551.1,1.07M,0.28%
19.09.2024,558.99,564.28,564.97,554.02,183.97K,-0.05%
18.09.2024,559.29,549.47,564.53,549.47,224.12K,1.19%
17.09.2024,552.69,545.0,559.09,542.37,677.18K,1.89%
13.09.2024,542.42,544.69,544.93,537.08,168.23K,-0.10%
12.09.2024,542.95,528.27,544.96,528.27,211.37K,2.26%
11.09.2024,530.93,524.32,533.16,521.03,294.43K,0.75%
10.09.2024,526.96,519.83,529.06,519.83,542.40K,1.56%
09.09.2024,518.89,514.63,528.45,514.63,322.07K,0.84%
06.09.2024,514.58,527.63,531.5,513.12,147.48K,-2.41%
05.09.2024,527.3,526.38,537.18,524.39,338.93K,-0.19%
04.09.2024,528.3,523.01,537.16,522.29,402.16K,0.52%
03.09.2024,525.58,530.2,537.79,523.85,295.52K,-1.15%
02.09.2024,531.72,530.59,545.05,525.98,222.03K,0.71%
30.08.2024,527.96,535.55,536.55,526.08,801.59K,-0.83%
29.08.2024,532.38,520.68,537.89,520.68,378.84K,-0.18%
28.08.2024,533.33,523.0,543.0,522.0,372.49K,2.11%
27.08.2024,522.29,529.79,535.97,521.45,330.06K,-1.71%
26.08.2024,531.37,534.35,536.99,522.32,357.98K,1.06%
23.08.2024,525.81,526.95,527.29,521.5,144.45K,-0.09%
22.08.2024,526.26,525.0,533.58,525.0,314.79K,-0.73%
21.08.2024,530.14,530.5,533.76,520.91,532.37K,-0.28%
20.08.2024,531.61,524.22,537.18,524.22,222.84K,0.11%
19.08.2024,531.03,529.3,532.94,527.01,502.51K,0.78%
16.08.2024,526.93,526.78,528.63,523.04,191.41K,0.52%
15.08.2024,524.22,524.38,529.35,521.11,191.87K,-0.38%
14.08.2024,526.2,519.65,527.1,517.75,289.21K,0.76%
13.08.2024,522.22,513.0,522.96,513.0,195.75K,1.88%
12.08.2024,512.6,513.85,519.36,505.94,361.81K,0.24%
09.08.2024,511.35,525.58,525.58,510.75,190.36K,-2.50%
08.08.2024,524.48,524.65,529.48,521.06,205.40K,0.75%
07.08.2024,520.56,533.05,533.65,519.54,316.64K,-2.00%
06.08.2024,531.17,526.72,534.6,524.07,360.97K,0.68%
05.08.2024,527.58,529.82,537.83,524.45,425.58K,-1.40%
02.08.2024,535.05,547.5,547.5,528.07,208.65K,-2.83%
01.08.2024,550.65,560.0,564.56,548.01,161.46K,-1.98%
31.07.2024,561.8,565.0,573.47,553.02,73.71K,1.22%
30.07.2024,555.04,548.96,561.51,548.96,306.63K,0.84%
29.07.2024,550.44,557.43,566.07,548.89,463.38K,-1.75%
26.07.2024,560.24,564.35,566.71,553.01,199.83K,-0.24%
25.07.2024,561.6,573.48,573.48,556.54,402.95K,-1.58%
24.07.2024,570.61,568.13,579.99,566.29,286.87K,0.31%
23.07.2024,568.82,552.68,576.73,552.68,257.00K,0.44%
22.07.2024,566.35,558.0,568.0,551.32,230.77K,1.43%
19.07.2024,558.35,549.0,560.0,540.19,197.65K,0.66%
18.07.2024,554.68,554.0,561.7,545.83,226.85K,0.09%
17.07.2024,554.16,554.24,558.47,550.01,371.52K,-0.56%
16.07.2024,557.3,555.34,558.25,545.69,293.01K,0.85%
15.07.2024,552.58,560.0,560.02,547.86,196.38K,-0.82%
12.07.2024,557.15,551.26,561.48,550.04,262.56K,1.11%
11.07.2024,551.06,557.39,558.3,546.81,156.21K,-1.01%
10.07.2024,556.66,542.92,557.84,539.0,258.49K,2.18%
09.07.2024,544.76,544.27,548.46,538.92,220.20K,0.58%
08.07.2024,541.62,522.0,544.86,522.0,262.67K,1.36%
05.07.2024,534.36,544.07,544.97,532.08,186.37K,-1.66%
04.07.2024,543.4,542.0,547.88,536.07,31.60K,-0.28%
03.07.2024,544.92,539.0,552.47,528.8,215.70K,1.24%
02.07.2024,538.25,548.25,554.98,530.44,363.30K,-3.17%
01.07.2024,555.88,556.15,559.12,543.49,598.03K,0.92%
28.06.2024,550.8,547.18,553.47,538.91,669.07K,0.80%
27.06.2024,546.44,551.83,552.46,538.9,286.84K,-0.11%
26.06.2024,547.03,551.24,560.38,545.56,463.35K,-1.29%
25.06.2024,554.16,573.0,573.0,550.2,391.50K,-3.87%
24.06.2024,576.44,575.15,581.5,568.23,419.10K,0.59%
21.06.2024,573.04,574.43,581.55,559.16,2.48M,-0.50%
20.06.2024,575.91,563.42,577.19,563.42,260.11K,2.12%
19.06.2024,563.94,572.0,572.96,560.01,126.55K,-2.46%
18.06.2024,578.16,561.03,580.0,561.03,235.55K,2.38%
17.06.2024,564.72,566.0,568.88,563.0,143.54K,-0.10%
14.06.2024,565.31,564.39,569.56,557.91,265.00K,0.04%
13.06.2024,565.11,568.84,572.87,559.52,333.36K,-0.44%
12.06.2024,567.63,577.74,582.19,559.33,384.70K,-0.38%
11.06.2024,569.78,569.16,582.17,565.05,386.07K,0.50%
10.06.2024,566.97,562.21,578.54,558.7,261.12K,0.55%
07.06.2024,563.85,577.88,580.8,562.12,699.10K,-2.60%
06.06.2024,578.92,575.34,589.85,572.89,865.09K,0.90%
05.06.2024,573.76,551.5,576.23,549.07,649.87K,3.46%
04.06.2024,554.56,536.4,564.84,536.4,920.09K,3.78%
03.06.2024,534.36,570.0,570.0,526.78,695.56K,-6.34%
31.05.2024,570.56,568.99,575.85,563.44,1.44M,-0.03%
30.05.2024,570.74,563.58,574.91,553.36,527.55K,1.78%
29.05.2024,560.78,540.0,563.06,540.0,438.16K,3.19%
28.05.2024,543.44,567.0,567.0,538.76,398.25K,-4.30%
27.05.2024,567.84,560.95,578.16,560.6,79.17K,1.90%
24.05.2024,557.24,580.56,585.11,555.17,528.13K,-4.03%
23.05.2024,580.61,585.3,589.04,573.03,258.38K,-0.15%
22.05.2024,581.49,575.81,587.4,572.55,242.49K,0.99%
21.05.2024,575.8,588.97,588.97,575.0,216.73K,-2.11%
20.05.2024,588.23,590.05,592.53,584.95,158.49K,0.05%
17.05.2024,587.96,594.29,594.99,586.56,128.86K,-0.76%
16.05.2024,592.44,583.08,594.72,581.17,208.97K,2.07%
15.05.2024,580.43,599.49,599.49,578.3,270.35K,-1.83%
14.05.2024,591.22,592.99,599.48,590.16,413.03K,0.35%
13.05.2024,589.15,589.77,592.97,583.74,524.19K,0.69%
10.05.2024,585.11,583.99,594.84,576.65,257.61K,0.60%
09.05.2024,581.64,581.21,583.93,570.0,170.96K,0.42%
08.05.2024,579.19,572.0,582.29,565.33,260.66K,2.40%
07.05.2024,565.62,579.7,579.7,563.13,299.14K,-2.50%
06.05.2024,580.11,574.17,588.23,572.19,225.03K,0.53%
03.05.2024,577.06,572.98,579.95,571.76,361.31K,0.94%
02.05.2024,571.67,588.45,600.23,566.33,564.55K,-2.85%
30.04.2024,588.45,601.0,609.22,587.24,541.36K,-2.83%
29.04.2024,605.56,602.69,615.92,600.0,299.67K,-0.77%
26.04.2024,610.26,599.63,611.7,565.02,384.44K,2.27%
25.04.2024,596.7,587.0,598.38,571.0,406.03K,2.94%
24.04.2024,579.67,574.18,589.87,565.01,471.96K,0.40%
23.04.2024,577.36,542.51,581.23,542.4,629.66K,6.98%
22.04.2024,539.7,526.53,540.64,526.53,275.30K,2.50%
19.04.2024,526.54,525.05,530.17,522.99,636.67K,0.12%
18.04.2024,525.9,512.82,526.79,512.82,381.83K,2.06%
17.04.2024,515.3,521.26,533.22,513.74,245.20K,-1.94%
16.04.2024,525.5,526.3,528.49,521.1,225.73K,0.36%
15.04.2024,523.64,526.91,530.28,521.27,351.99K,-0.87%
12.04.2024,528.22,530.04,552.45,523.11,337.03K,-0.01%
11.04.2024,528.29,531.8,534.5,525.39,159.37K,-0.55%
10.04.2024,531.22,535.17,535.93,527.12,687.83K,-0.74%
09.04.2024,535.17,537.81,545.09,530.74,323.47K,-0.53%
08.04.2024,538.0,545.5,545.75,535.35,511.24K,-0.93%
05.04.2024,543.03,544.48,546.0,534.98,293.22K,-0.57%
04.04.2024,546.13,535.75,549.0,534.5,339.82K,2.17%
03.04.2024,534.54,532.0,539.5,525.81,524.24K,-0.31%
02.04.2024,536.21,529.17,539.38,523.58,493.71K,1.33%
01.04.2024,529.17,530.0,530.65,521.88,400.22K,0.92%
27.03.2024,524.36,526.88,530.02,523.94,367.07K,0.18%
26.03.2024,523.42,517.68,528.55,517.68,274.48K,1.00%
25.03.2024,518.23,519.03,525.41,516.56,321.93K,-0.11%
22.03.2024,518.8,509.0,521.84,508.72,346.33K,1.88%
21.03.2024,509.25,512.0,516.73,506.68,230.87K,-0.01%
20.03.2024,509.28,517.58,517.58,505.06,531.03K,0.38%
19.03.2024,507.33,510.8,515.76,505.67,414.93K,-1.02%
15.03.2024,512.57,513.34,519.5,507.16,1.38M,-0.13%
14.03.2024,513.24,508.21,518.55,507.38,306.03K,1.11%
13.03.2024,507.61,498.88,513.79,496.03,327.27K,2.06%
12.03.2024,497.37,491.48,501.31,491.48,388.14K,0.57%
11.03.2024,494.56,489.55,499.84,489.55,212.33K,-0.29%
08.03.2024,495.98,490.3,499.8,490.3,275.39K,1.02%
07.03.2024,490.95,495.81,499.99,490.24,535.97K,-1.25%
06.03.2024,497.18,493.66,501.62,491.01,483.15K,1.08%
05.03.2024,491.87,485.96,493.75,482.98,334.55K,1.22%
04.03.2024,485.92,486.57,492.37,483.77,362.67K,-0.63%
01.03.2024,489.02,500.09,504.08,487.33,294.68K,-2.21%
29.02.2024,500.09,478.71,502.05,478.71,2.55M,4.37%
28.02.2024,479.17,494.0,494.0,475.0,416.46K,-3.24%
27.02.2024,495.2,504.13,505.55,489.07,311.25K,-2.75%
26.02.2024,509.21,508.0,510.69,504.12,244.86K,-0.19%
23.02.2024,510.18,514.94,515.99,503.28,197.66K,-0.57%
22.02.2024,513.1,506.55,514.19,502.13,243.81K,1.62%
21.02.2024,504.9,514.39,514.44,502.06,344.26K,-1.28%
20.02.2024,511.43,511.0,517.69,501.02,708.79K,-1.98%
19.02.2024,521.74,515.99,524.17,515.99,52.50K,0.96%
16.02.2024,516.79,511.0,522.7,511.0,317.40K,1.22%
15.02.2024,510.56,503.27,516.07,503.27,264.57K,0.38%
14.02.2024,508.61,504.5,512.64,503.26,326.28K,0.63%
13.02.2024,505.41,512.77,512.77,504.0,369.05K,-1.03%
12.02.2024,510.69,524.18,524.18,508.18,272.08K,-2.21%
09.02.2024,522.22,534.3,534.9,521.03,387.68K,-2.26%
08.02.2024,534.31,534.7,539.99,531.01,779.51K,-0.67%
07.02.2024,537.89,525.64,541.08,525.64,427.40K,0.97%
06.02.2024,532.7,519.0,537.99,517.88,614.73K,2.55%
02.02.2024,519.46,505.86,521.87,503.7,751.13K,2.15%
01.02.2024,508.53,507.0,510.02,500.0,1.16M,1.36%
31.01.2024,501.73,501.28,509.07,495.16,433.98K,-0.19%
30.01.2024,502.7,505.0,514.51,497.7,723.58K,-0.46%
29.01.2024,505.01,502.0,515.0,497.28,873.87K,0.73%
26.01.2024,501.36,491.98,509.0,485.07,699.82K,1.97%
25.01.2024,491.67,478.0,510.0,471.05,901.91K,3.42%
24.01.2024,475.4,474.2,481.45,471.97,748.32K,0.20%
23.01.2024,474.43,471.0,475.39,465.57,368.48K,1.48%
22.01.2024,467.49,478.18,478.78,464.21,398.74K,-2.23%
19.01.2024,478.17,475.97,478.87,455.12,473.63K,1.54%
18.01.2024,470.9,472.09,473.09,460.56,595.84K,0.30%
17.01.2024,469.49,464.0,471.72,451.39,1.10M,1.18%
16.01.2024,464.03,473.85,474.99,456.5,409.39K,-1.40%
15.01.2024,470.62,473.94,474.32,466.61,24.49K,-0.40%
12.01.2024,472.53,479.81,481.82,471.69,365.29K,-1.62%
11.01.2024,480.32,479.51,484.94,478.24,389.27K,0.34%
10.01.2024,478.69,483.62,483.62,475.23,472.70K,0.73%
09.01.2024,475.2,484.15,484.4,474.48,405.18K,-1.84%
08.01.2024,484.1,481.97,487.58,477.08,199.29K,0.35%
05.01.2024,482.42,477.21,494.95,474.68,532.67K,1.62%
04.01.2024,474.75,477.71,484.37,473.61,449.42K,-1.04%
03.01.2024,479.72,486.09,494.53,478.65,285.71K,-1.69%
02.01.2024,487.96,496.95,502.37,480.18,334.31K,-1.91%
29.12.2023,497.46,496.28,499.44,492.99,127.90K,0.23%
28.12.2023,496.33,499.65,507.84,490.94,198.05K,-0.88%
27.12.2023,500.75,508.22,508.59,499.7,288.03K,-1.45%
26.12.2023,508.12,496.89,510.24,496.89,100.25K,0.41%
22.12.2023,506.07,506.11,510.63,503.27,159.43K,-0.29%
21.12.2023,507.55,503.85,510.96,501.21,274.84K,0.71%
20.12.2023,503.99,510.0,511.17,502.22,1.10M,-0.67%
19.12.2023,507.41,505.82,511.01,497.07,1.09M,-0.18%
18.12.2023,508.33,506.46,510.07,489.19,763.68K,0.43%
15.12.2023,506.14,494.89,512.09,478.25,1.77M,2.27%
14.12.2023,494.89,409.98,504.98,409.88,2.27M,25.41%
13.12.2023,394.62,398.65,403.66,390.62,559.30K,-1.51%
11.12.2023,400.66,403.78,404.62,398.12,443.88K,-0.56%
08.12.2023,402.9,410.95,411.67,402.0,316.62K,-2.21%
07.12.2023,412.02,406.25,418.82,406.25,336.13K,-1.10%
06.12.2023,416.61,408.42,422.09,404.99,546.57K,2.01%
05.12.2023,408.4,401.78,410.78,394.16,280.38K,1.02%
04.12.2023,404.29,403.49,411.92,403.49,287.12K,0.20%
01.12.2023,403.48,410.03,410.21,401.7,295.80K,-1.61%
30.11.2023,410.07,393.0,410.93,390.01,1.10M,4.71%
29.11.2023,391.62,399.15,399.15,385.1,509.49K,-0.74%
28.11.2023,394.52,396.7,400.02,390.0,546.64K,-0.74%
27.11.2023,397.47,400.0,400.49,392.59,342.98K,-1.64%
24.11.2023,404.11,405.5,407.0,402.67,156.17K,0.23%
23.11.2023,403.19,400.28,405.44,398.0,61.25K,-0.34%
22.11.2023,404.55,399.2,407.31,396.85,302.02K,2.29%
21.11.2023,395.5,394.95,397.23,381.11,493.65K,-0.44%
17.11.2023,397.24,390.02,398.17,388.82,477.99K,1.59%
16.11.2023,391.04,395.98,395.98,387.15,317.56K,-0.01%
15.11.2023,391.06,384.0,398.87,384.0,385.30K,0.83%
14.11.2023,387.86,380.0,394.94,380.0,314.99K,0.50%
13.11.2023,385.94,384.58,392.97,382.88,343.23K,0.36%
10.11.2023,384.57,384.56,387.61,381.35,319.01K,0.78%
09.11.2023,381.58,395.95,395.95,380.72,763.68K,-3.71%
08.11.2023,396.29,394.12,408.91,394.12,830.96K,-1.96%
07.11.2023,404.22,410.29,411.64,401.0,458.49K,-1.76%
06.11.2023,411.46,401.08,415.97,401.08,467.22K,3.16%
03.11.2023,398.86,400.99,416.08,396.02,774.22K,0.98%
01.11.2023,394.97,389.35,397.28,385.67,712.31K,1.65%
31.10.2023,388.55,391.62,391.62,384.34,1.09M,-0.86%
30.10.2023,391.92,379.81,394.14,374.44,855.37K,3.17%
27.10.2023,379.86,383.76,383.76,370.54,1.74M,-0.73%
26.10.2023,382.64,385.37,386.39,375.79,745.56K,-0.66%
25.10.2023,385.19,375.28,390.95,374.27,666.02K,2.71%
24.10.2023,375.04,386.79,389.98,374.3,396.85K,-2.67%
23.10.2023,385.33,383.0,389.07,377.27,357.63K,0.85%
20.10.2023,382.09,382.0,385.97,375.8,476.64K,0.11%
19.10.2023,381.67,383.0,387.46,376.01,507.13K,-1.96%
18.10.2023,389.29,383.41,393.33,383.41,472.70K,-0.59%
17.10.2023,391.62,384.6,394.61,384.6,804.08K,0.68%
16.10.2023,388.99,389.97,393.78,383.79,336.12K,0.54%
13.10.2023,386.91,391.95,394.67,384.14,553.96K,-1.45%
12.10.2023,392.61,392.08,396.75,385.21,654.20K,-1.19%
11.10.2023,397.32,401.9,407.99,389.49,1.11M,0.10%
10.10.2023,396.91,377.69,399.23,377.69,1.52M,5.61%
09.10.2023,375.82,383.95,383.95,365.55,640.42K,-1.99%
06.10.2023,383.45,372.81,389.98,344.01,1.68M,5.85%
05.10.2023,362.25,410.0,410.0,302.13,4.01M,-16.70%
04.10.2023,434.87,438.36,438.36,423.28,317.24K,2.19%
03.10.2023,425.55,431.41,435.02,423.28,946.96K,-1.90%
02.10.2023,433.79,427.03,436.47,417.66,598.19K,1.69%
29.09.2023,426.56,451.15,452.49,424.0,773.23K,-5.21%
28.09.2023,450.0,434.65,452.27,434.65,283.65K,1.77%
27.09.2023,442.19,441.03,446.4,440.51,324.89K,0.47%
26.09.2023,440.11,436.29,445.77,436.22,448.26K,0.09%
25.09.2023,439.72,439.75,443.28,437.3,438.83K,-0.30%
22.09.2023,441.05,441.02,444.35,435.82,815.63K,-0.70%
21.09.2023,444.16,437.61,446.18,434.43,481.25K,1.56%
20.09.2023,437.35,435.6,448.08,435.22,523.14K,-0.01%
19.09.2023,437.38,438.68,440.71,432.87,313.13K,-0.30%
18.09.2023,438.68,442.15,442.15,426.38,375.14K,-0.28%
15.09.2023,439.91,445.62,445.62,438.12,1.52M,-1.36%
14.09.2023,445.99,438.31,449.51,438.31,807.18K,1.04%
13.09.2023,441.42,442.07,444.17,435.5,656.79K,-0.16%
12.09.2023,442.11,441.09,446.67,440.2,713.96K,0.24%
11.09.2023,441.04,453.0,453.11,439.44,416.23K,-1.33%
08.09.2023,446.99,447.96,450.55,441.02,922.33K,-0.23%
07.09.2023,448.01,454.2,454.97,446.43,448.55K,-0.88%
06.09.2023,451.97,470.0,470.0,451.03,257.08K,-2.23%
05.09.2023,462.26,462.02,464.33,459.35,323.75K,0.36%
04.09.2023,460.59,461.62,466.05,459.06,29.85K,-0.22%
01.09.2023,461.62,468.97,471.11,459.07,361.29K,-0.64%
31.08.2023,464.58,481.6,485.57,463.46,2.28M,-3.91%
30.08.2023,483.46,467.44,487.2,467.44,685.68K,3.37%
29.08.2023,467.71,456.58,469.39,456.58,344.02K,2.35%
28.08.2023,456.97,462.01,463.24,455.56,431.84K,-1.05%
25.08.2023,461.8,458.7,464.07,457.01,367.50K,1.49%
24.08.2023,455.03,454.3,460.29,452.23,298.97K,0.30%
23.08.2023,453.67,450.58,457.42,449.4,277.07K,0.65%
22.08.2023,450.75,453.95,455.62,448.77,262.62K,-0.70%
21.08.2023,453.95,457.34,458.99,452.48,280.24K,-0.70%
18.08.2023,457.15,457.0,460.44,453.28,237.64K,-0.18%
17.08.2023,457.97,470.79,471.38,456.52,700.58K,-2.85%
16.08.2023,471.42,473.13,474.49,468.27,333.99K,0.32%
15.08.2023,469.91,462.57,471.7,462.01,192.16K,1.39%
14.08.2023,463.47,466.68,467.28,459.16,384.84K,-0.93%
11.08.2023,467.8,467.28,473.46,464.32,461.79K,-0.17%
10.08.2023,468.59,467.63,472.35,463.85,328.67K,0.21%
09.08.2023,467.63,468.33,474.34,467.08,459.43K,-0.15%
08.08.2023,468.33,469.05,473.02,467.52,289.23K,0.00%
07.08.2023,468.32,469.78,475.23,467.12,358.41K,0.24%
04.08.2023,467.2,467.48,468.98,462.88,336.03K,0.79%
03.08.2023,463.53,462.98,472.2,461.91,516.09K,0.13%
02.08.2023,462.95,466.88,467.51,459.37,523.58K,-1.10%
01.08.2023,468.11,473.73,479.84,466.43,416.16K,-1.17%
31.07.2023,473.64,472.03,476.09,469.3,477.92K,-0.31%
28.07.2023,475.12,476.01,479.98,471.11,372.09K,-0.50%
27.07.2023,477.53,458.55,478.44,456.21,919.07K,4.26%
26.07.2023,458.04,440.02,461.59,440.02,730.97K,4.28%
25.07.2023,439.22,453.95,460.48,436.01,455.59K,-3.24%
24.07.2023,453.92,472.3,472.99,452.03,581.04K,-3.21%
21.07.2023,468.99,473.09,473.09,463.26,194.19K,-0.47%
20.07.2023,471.2,478.96,481.05,470.41,267.60K,-1.34%
19.07.2023,477.6,491.12,491.12,472.02,589.64K,-2.48%
18.07.2023,489.74,483.99,496.39,480.11,356.71K,1.14%
17.07.2023,484.22,481.88,486.95,478.9,181.15K,0.49%
14.07.2023,481.88,489.09,489.13,480.07,264.78K,-1.47%
13.07.2023,489.09,479.85,497.08,479.85,322.86K,1.67%
12.07.2023,481.06,485.0,487.94,479.85,273.75K,-0.44%
11.07.2023,483.17,486.59,487.91,473.09,480.54K,-0.70%
10.07.2023,486.59,490.29,490.7,485.68,206.14K,-0.32%
07.07.2023,488.16,486.42,489.22,477.55,322.05K,1.29%
06.07.2023,481.94,483.68,489.48,475.17,289.19K,-0.26%
05.07.2023,483.18,483.42,485.96,475.73,485.79K,-0.04%
04.07.2023,483.38,493.18,494.39,482.52,33.34K,-1.97%
03.07.2023,493.09,477.21,494.4,475.22,222.71K,3.33%
30.06.2023,477.21,474.82,479.71,471.51,327.67K,0.49%
29.06.2023,474.86,477.0,477.0,471.5,176.55K,-0.35%
28.06.2023,476.54,482.61,483.34,474.96,292.81K,-1.14%
27.06.2023,482.03,479.95,484.39,471.82,459.59K,0.36%
26.06.2023,480.32,478.86,484.18,478.09,442.04K,-0.09%
23.06.2023,480.73,500.59,500.59,477.99,164.62K,-1.05%
22.06.2023,485.81,488.51,489.93,483.07,250.23K,-0.60%
21.06.2023,488.74,497.95,497.95,487.21,176.45K,-1.87%
20.06.2023,498.07,510.0,510.0,487.03,395.56K,-1.84%
19.06.2023,507.43,507.87,511.39,504.37,35.78K,-0.09%
16.06.2023,507.87,512.19,513.14,504.4,962.63K,-0.68%
15.06.2023,511.35,507.8,513.99,503.29,208.59K,0.49%
14.06.2023,508.84,505.69,510.7,502.78,307.73K,0.92%
13.06.2023,504.21,503.0,506.69,494.14,385.52K,0.65%
12.06.2023,500.97,492.21,503.44,491.09,246.13K,1.79%
09.06.2023,492.16,494.67,501.73,491.04,237.35K,-0.68%
08.06.2023,495.53,501.01,501.81,490.3,418.97K,-0.41%
07.06.2023,497.59,500.62,509.97,495.2,490.79K,-0.61%
06.06.2023,500.62,486.0,501.55,485.95,808.06K,2.97%
05.06.2023,486.17,492.71,492.84,484.52,340.41K,-1.24%
02.06.2023,492.25,492.0,494.85,488.32,560.78K,0.20%
01.06.2023,491.26,494.42,497.08,490.8,409.45K,-0.84%
31.05.2023,495.44,486.0,500.87,486.0,2.61M,0.12%
30.05.2023,494.85,506.23,506.23,492.1,463.19K,-2.09%
29.05.2023,505.41,500.9,508.99,495.02,109.63K,-0.39%
26.05.2023,507.4,500.11,509.42,500.1,344.00K,1.57%
25.05.2023,499.57,501.48,503.0,496.14,733.93K,-0.73%
24.05.2023,503.26,499.0,504.39,490.11,718.02K,0.87%
23.05.2023,498.9,504.0,508.12,496.69,569.42K,-1.00%
22.05.2023,503.93,504.0,523.02,502.65,649.75K,-0.13%
19.05.2023,504.59,517.0,519.56,502.86,419.52K,-2.02%
18.05.2023,515.01,515.37,521.01,510.5,250.57K,0.06%
17.05.2023,514.72,515.95,516.57,512.01,385.85K,0.53%
16.05.2023,512.0,507.5,517.47,507.5,540.78K,0.74%
15.05.2023,508.24,505.0,509.02,500.15,596.38K,0.65%
12.05.2023,504.97,503.2,510.57,502.09,178.76K,0.48%
11.05.2023,502.58,508.3,509.0,498.33,190.88K,-1.11%
10.05.2023,508.22,510.28,510.36,501.64,319.70K,0.14%
09.05.2023,507.49,498.86,508.93,498.02,405.35K,1.31%
08.05.2023,500.95,500.2,508.07,495.49,286.29K,-0.01%
05.05.2023,501.01,498.05,505.19,498.05,469.66K,0.51%
04.05.2023,498.46,510.09,515.9,497.06,419.60K,-2.28%
03.05.2023,510.09,518.6,518.6,508.66,304.24K,-1.64%
02.05.2023,518.6,517.59,520.35,506.06,354.32K,0.49%
28.04.2023,516.05,513.32,517.65,508.37,624.28K,0.52%
27.04.2023,513.37,497.71,515.35,497.71,467.74K,3.32%
26.04.2023,496.89,503.52,508.98,495.51,664.06K,-2.23%
25.04.2023,508.21,512.14,514.53,501.56,493.34K,-0.77%
24.04.2023,512.14,510.12,516.47,503.15,939.95K,0.34%
21.04.2023,510.4,533.96,533.97,507.06,727.39K,-4.33%
20.04.2023,533.52,544.0,544.0,531.94,344.63K,-1.49%
19.04.2023,541.59,536.44,545.6,533.8,392.82K,0.97%
18.04.2023,536.41,550.21,553.05,530.91,495.20K,-2.31%
17.04.2023,549.11,544.95,556.56,544.95,480.30K,0.26%
14.04.2023,547.69,547.31,550.03,529.45,300.22K,0.07%
13.04.2023,547.29,556.13,556.13,544.85,389.82K,-0.75%
12.04.2023,551.4,563.11,564.57,547.84,436.91K,-1.28%
11.04.2023,558.55,563.1,573.08,555.01,602.69K,-1.29%
10.04.2023,565.87,555.0,576.89,549.8,291.19K,2.10%
05.04.2023,554.21,564.57,565.26,551.75,253.33K,-0.93%
04.04.2023,559.4,556.77,566.51,552.6,281.61K,1.52%
03.04.2023,551.0,550.1,552.16,544.38,277.34K,-0.04%
31.03.2023,551.22,562.0,566.82,541.22,1.16M,-1.92%
30.03.2023,562.0,568.0,568.85,554.57,470.62K,-0.86%
29.03.2023,566.88,558.11,568.73,555.88,580.03K,1.40%
28.03.2023,559.06,561.99,563.55,552.0,501.51K,0.88%
27.03.2023,554.17,546.52,557.33,544.15,673.54K,1.84%
24.03.2023,544.15,538.63,545.45,531.87,688.38K,0.53%
23.03.2023,541.29,538.0,551.28,537.33,540.81K,0.76%
22.03.2023,537.23,538.35,543.03,528.58,659.57K,1.22%
21.03.2023,530.75,543.81,543.81,529.68,618.67K,-1.44%
17.03.2023,538.52,546.05,562.09,531.25,1.55M,-1.17%
16.03.2023,544.89,545.51,552.33,538.7,675.39K,-0.11%
15.03.2023,545.51,549.48,554.21,538.85,533.48K,-0.42%
14.03.2023,547.81,545.55,562.08,543.57,838.87K,0.52%
13.03.2023,544.97,555.0,555.0,532.3,587.02K,-0.25%
10.03.2023,546.32,549.66,555.02,544.62,1.03M,-0.66%
09.03.2023,549.93,542.0,552.98,537.98,424.48K,1.32%
08.03.2023,542.74,536.53,545.82,534.02,474.12K,0.25%
07.03.2023,541.37,543.5,545.5,539.27,651.08K,-0.04%
06.03.2023,541.59,540.58,550.01,540.58,593.39K,0.19%
03.03.2023,540.57,527.85,541.39,520.01,765.45K,2.15%
02.03.2023,529.21,525.0,531.34,521.22,865.40K,0.71%
01.03.2023,525.47,524.82,538.69,516.93,403.39K,0.12%
28.02.2023,524.82,520.98,527.68,511.78,821.24K,0.93%
27.02.2023,519.97,521.19,525.78,517.76,653.59K,0.25%
24.02.2023,518.68,520.73,520.73,509.66,330.14K,0.29%
23.02.2023,517.16,512.99,519.22,511.91,527.57K,0.91%
22.02.2023,512.51,514.93,517.06,507.33,631.09K,-0.76%
21.02.2023,516.43,508.97,517.0,508.58,908.49K,1.48%
20.02.2023,508.92,515.62,519.15,500.02,29.75K,-1.46%
17.02.2023,516.46,515.0,519.79,511.26,1.22M,0.51%
16.02.2023,513.82,507.96,514.85,507.69,215.30K,0.00%
15.02.2023,513.8,508.2,514.99,500.68,354.86K,1.02%
14.02.2023,508.62,516.95,520.63,505.19,588.54K,-1.58%
13.02.2023,516.8,493.01,521.73,493.01,576.30K,2.93%
10.02.2023,502.09,510.9,510.9,492.86,337.09K,-0.92%
09.02.2023,506.74,502.83,511.07,502.83,293.06K,-0.07%
08.02.2023,507.07,509.19,514.58,499.05,281.74K,0.08%
07.02.2023,506.66,513.95,513.95,499.5,861.03K,-1.82%
03.02.2023,516.06,511.36,517.62,508.26,313.09K,1.00%
02.02.2023,510.95,519.1,519.94,508.91,297.78K,-0.92%
01.02.2023,515.72,511.45,520.98,509.68,862.83K,0.83%
31.01.2023,511.45,518.0,518.0,504.32,765.25K,-0.59%
30.01.2023,514.49,527.0,529.2,511.31,319.63K,-2.69%
27.01.2023,528.72,545.51,547.33,527.01,376.40K,-2.82%
26.01.2023,544.06,548.07,551.28,540.08,370.57K,0.28%
25.01.2023,542.53,552.87,552.9,540.58,330.68K,-1.39%
24.01.2023,550.17,549.61,553.82,540.25,681.74K,1.40%
23.01.2023,542.59,540.66,548.46,539.53,341.79K,0.76%
20.01.2023,538.49,530.0,542.14,529.01,311.58K,2.26%
19.01.2023,526.59,518.66,529.47,518.66,369.32K,1.78%
18.01.2023,517.36,513.87,520.0,507.24,179.63K,1.07%
17.01.2023,511.86,519.65,523.99,510.0,618.60K,-2.58%
16.01.2023,525.43,513.54,530.67,510.21,107.80K,3.01%
13.01.2023,510.1,506.21,514.73,505.21,610.17K,0.97%
12.01.2023,505.19,499.0,512.03,496.06,534.00K,1.24%
11.01.2023,498.98,495.59,502.06,492.83,452.05K,0.31%
10.01.2023,497.44,500.0,502.52,491.56,461.28K,0.32%
09.01.2023,495.87,492.95,501.87,492.95,329.55K,0.54%
06.01.2023,493.2,487.7,498.62,486.95,312.82K,2.01%
05.01.2023,483.48,473.65,488.22,466.27,413.33K,2.08%
04.01.2023,473.62,469.21,479.45,464.61,319.27K,0.07%
03.01.2023,473.31,466.53,475.13,455.01,402.42K,0.07%
02.01.2023,472.99,455.19,480.33,454.7,74.62K,4.03%
30.12.2022,454.66,467.95,472.46,452.01,308.44K,-3.28%
29.12.2022,470.09,476.0,478.42,468.16,176.92K,-0.77%
28.12.2022,473.72,490.0,491.97,472.28,302.15K,-2.91%
27.12.2022,487.94,481.02,492.87,481.02,97.29K,1.78%
26.12.2022,479.43,486.35,487.05,477.51,19.14K,-2.11%
23.12.2022,489.74,489.99,492.35,481.01,228.00K,0.60%
22.12.2022,486.84,486.02,488.25,482.86,293.63K,0.37%
21.12.2022,485.05,475.3,487.48,474.26,339.98K,2.03%
20.12.2022,475.39,473.45,480.42,471.8,461.31K,0.78%
19.12.2022,471.71,468.11,473.0,462.31,245.34K,0.83%
16.12.2022,467.81,472.64,472.64,457.47,876.05K,-1.02%
15.12.2022,472.64,485.24,486.51,469.4,857.23K,-2.80%
14.12.2022,486.24,497.39,497.42,482.6,647.04K,-0.91%
13.12.2022,490.72,487.01,500.42,482.21,898.64K,0.95%
09.12.2022,486.12,494.1,498.62,484.16,324.93K,-1.38%
08.12.2022,492.94,495.95,496.85,486.72,522.14K,0.04%
07.12.2022,492.74,488.45,498.29,486.31,536.90K,-0.09%
06.12.2022,493.16,475.0,495.06,471.57,594.78K,3.82%
05.12.2022,475.0,477.05,480.64,472.35,200.49K,-0.72%
02.12.2022,478.46,475.88,479.34,473.19,398.57K,0.25%
01.12.2022,477.26,477.8,480.27,469.52,518.90K,-0.01%
30.11.2022,477.33,448.75,479.85,448.75,1.29M,4.24%
29.11.2022,457.9,463.95,465.7,453.37,415.34K,-0.88%
28.11.2022,461.96,467.13,474.89,459.94,335.36K,-2.45%
25.11.2022,473.56,472.26,475.0,463.21,191.55K,0.25%
24.11.2022,472.39,466.6,478.99,466.57,60.69K,0.85%
23.11.2022,468.41,460.89,478.96,460.89,563.62K,2.04%
22.11.2022,459.06,457.89,472.6,457.29,563.17K,-2.52%
18.11.2022,470.93,472.37,478.64,463.95,281.53K,0.82%
17.11.2022,467.12,469.4,475.04,464.28,371.09K,-1.61%
16.11.2022,474.77,474.56,482.15,469.88,480.94K,-0.22%
15.11.2022,475.8,475.98,487.0,472.58,613.01K,0.70%
14.11.2022,472.47,470.01,474.87,463.32,273.00K,-0.03%
11.11.2022,472.62,460.0,475.29,453.62,294.70K,2.76%
10.11.2022,459.93,456.66,463.16,448.81,368.64K,2.16%
09.11.2022,450.22,446.8,457.68,445.75,423.79K,0.59%
08.11.2022,447.56,443.49,449.95,433.42,429.78K,1.44%
07.11.2022,441.21,447.86,452.24,436.43,280.16K,-1.44%
04.11.2022,447.64,440.0,450.32,439.36,498.81K,2.39%
03.11.2022,437.19,461.3,461.3,436.28,704.43K,-5.69%
01.11.2022,463.56,463.7,468.77,459.81,426.35K,-0.03%
31.10.2022,463.7,447.8,465.21,447.8,402.36K,3.89%
28.10.2022,446.35,442.87,448.05,435.67,262.67K,0.69%
27.10.2022,443.28,445.0,455.77,440.2,365.34K,-0.52%
26.10.2022,445.59,441.7,452.54,440.94,206.52K,1.30%
25.10.2022,439.85,450.49,455.53,437.72,535.54K,-2.35%
24.10.2022,450.42,442.95,452.57,437.92,295.27K,2.26%
21.10.2022,440.45,431.81,444.69,431.52,202.75K,2.00%
20.10.2022,431.81,431.45,435.52,425.6,408.01K,0.25%
19.10.2022,430.75,437.25,437.28,428.91,204.74K,-1.48%
18.10.2022,437.2,437.0,438.86,431.01,495.21K,0.67%
17.10.2022,434.29,427.83,438.51,425.86,284.72K,2.01%
14.10.2022,425.74,426.26,429.1,422.53,406.66K,0.59%
13.10.2022,423.26,410.42,426.26,406.01,441.03K,2.40%
12.10.2022,413.32,408.55,416.21,405.82,230.37K,0.92%
11.10.2022,409.56,414.14,415.79,405.01,545.26K,-1.25%
10.10.2022,414.75,417.71,425.55,412.98,548.28K,-0.71%
07.10.2022,417.71,416.35,422.28,413.1,322.97K,-0.66%
06.10.2022,420.48,416.07,429.01,414.72,306.18K,1.45%
05.10.2022,414.47,414.82,419.13,410.37,346.70K,-0.57%
04.10.2022,416.86,406.9,422.37,406.9,561.61K,2.09%
03.10.2022,408.34,399.4,410.97,396.91,223.73K,2.94%
30.09.2022,396.67,398.19,406.05,394.94,942.98K,-1.04%
29.09.2022,400.83,405.72,410.45,399.05,1.34M,-1.21%
28.09.2022,405.72,407.5,410.93,402.4,413.10K,-0.58%
27.09.2022,408.08,398.87,412.35,395.47,340.83K,3.37%
26.09.2022,394.76,406.38,409.63,390.27,331.55K,-2.71%
23.09.2022,405.75,419.01,419.01,402.48,366.56K,-3.37%
22.09.2022,419.92,422.28,423.16,416.91,227.88K,-1.58%
21.09.2022,426.65,433.06,433.06,424.42,198.69K,-1.16%
20.09.2022,431.66,435.85,437.2,425.06,400.55K,-0.34%
19.09.2022,433.14,430.47,435.1,407.4,660.34K,0.37%
15.09.2022,431.54,433.78,443.82,429.67,1.27M,-0.74%
14.09.2022,434.75,436.36,445.61,434.09,367.47K,-0.38%
13.09.2022,436.41,439.98,446.82,435.3,411.62K,-1.32%
12.09.2022,442.24,440.67,447.54,435.28,267.42K,0.53%
09.09.2022,439.9,431.81,442.29,429.16,317.13K,2.08%
08.09.2022,430.92,430.26,433.8,427.19,246.87K,0.33%
07.09.2022,429.52,422.73,431.23,418.48,303.74K,1.12%
06.09.2022,424.76,428.08,433.31,422.31,314.52K,-1.97%
05.09.2022,433.31,419.98,435.11,415.17,46.37K,1.55%
02.09.2022,426.7,431.0,434.03,423.8,537.95K,0.69%
01.09.2022,423.76,425.46,427.3,414.4,701.50K,-0.69%
31.08.2022,426.71,431.03,433.48,424.13,950.81K,-0.43%
30.08.2022,428.54,434.18,438.38,423.48,394.17K,-1.59%
29.08.2022,435.47,445.37,453.0,433.33,646.84K,-1.76%
26.08.2022,443.29,437.8,448.98,436.95,275.88K,0.87%
25.08.2022,439.46,431.11,441.01,431.11,196.83K,2.19%
24.08.2022,430.03,428.81,438.35,428.15,313.15K,-0.96%
23.08.2022,434.19,431.7,440.15,428.87,450.27K,0.42%
22.08.2022,432.36,444.0,444.0,429.51,380.58K,-1.91%
19.08.2022,440.76,445.17,449.31,437.82,1.15M,-1.87%
18.08.2022,449.15,446.65,452.01,441.22,615.06K,0.73%
17.08.2022,445.89,437.87,446.65,435.68,224.20K,1.12%
16.08.2022,440.96,434.76,441.41,432.27,403.28K,0.96%
15.08.2022,436.77,428.43,438.99,426.19,258.54K,2.18%
12.08.2022,427.47,428.81,430.08,424.25,504.00K,-0.25%
11.08.2022,428.54,417.9,430.5,416.64,482.58K,2.62%
10.08.2022,417.58,414.08,421.67,407.09,660.97K,0.79%
09.08.2022,414.31,413.0,415.85,406.98,375.61K,0.27%
08.08.2022,413.18,407.81,416.41,406.2,299.97K,1.57%
05.08.2022,406.81,400.93,407.0,400.1,231.24K,1.35%
04.08.2022,401.4,395.24,404.11,394.86,475.38K,1.26%
03.08.2022,396.4,395.51,399.5,392.12,332.93K,0.17%
02.08.2022,395.72,384.17,396.34,384.06,347.09K,2.17%
01.08.2022,387.3,385.5,391.22,381.56,243.65K,0.86%
29.07.2022,384.0,385.0,386.15,379.79,533.39K,-0.20%
28.07.2022,384.77,380.46,385.63,378.66,477.26K,1.13%
27.07.2022,380.46,386.0,386.0,374.1,474.86K,0.18%
26.07.2022,379.76,384.0,393.77,378.8,331.96K,-0.78%
25.07.2022,382.74,380.94,385.91,377.5,248.33K,0.32%
22.07.2022,381.52,387.01,387.01,374.4,432.54K,-0.77%
21.07.2022,384.49,388.71,388.71,377.27,269.24K,-0.59%
20.07.2022,386.77,387.46,392.0,384.01,251.94K,-1.19%
19.07.2022,391.44,391.72,395.0,387.9,166.18K,0.96%
18.07.2022,387.71,384.39,392.79,382.22,494.74K,0.86%
15.07.2022,384.39,388.16,389.36,378.88,285.17K,-0.08%
14.07.2022,384.71,384.5,387.51,378.0,356.96K,0.06%
13.07.2022,384.48,382.58,385.81,377.71,469.40K,-0.23%
12.07.2022,385.35,389.74,396.24,384.67,667.20K,-1.44%
11.07.2022,390.97,395.1,398.07,389.49,245.09K,-1.05%
08.07.2022,395.1,394.26,397.71,385.95,526.14K,-0.09%
07.07.2022,395.46,404.86,406.81,393.98,316.07K,-1.73%
06.07.2022,402.42,395.41,404.98,389.76,621.84K,2.18%
05.07.2022,393.84,399.67,400.14,385.9,567.51K,-1.38%
04.07.2022,399.34,398.38,403.45,393.94,78.22K,0.12%
01.07.2022,398.86,396.08,400.34,389.96,330.45K,0.92%
30.06.2022,395.23,409.73,415.99,393.06,840.54K,-3.72%
29.06.2022,410.52,418.0,419.11,409.12,1.05M,-1.77%
28.06.2022,417.91,420.0,425.47,417.0,565.63K,-0.31%
27.06.2022,419.19,419.95,426.57,417.43,454.31K,-0.48%
24.06.2022,421.2,412.84,427.4,412.0,300.49K,2.20%
23.06.2022,412.13,407.74,413.94,407.74,567.73K,1.19%
22.06.2022,407.28,413.65,415.0,403.24,1.06M,-2.00%
21.06.2022,415.58,415.04,424.0,414.53,290.48K,-0.42%
20.06.2022,417.32,416.2,422.98,414.66,68.65K,0.27%
17.06.2022,416.2,415.16,423.65,413.65,1.43M,0.31%
16.06.2022,414.93,428.67,430.33,413.01,813.29K,-3.70%
15.06.2022,430.86,426.58,439.55,422.57,303.06K,2.25%
14.06.2022,421.39,417.54,424.99,416.41,417.61K,1.25%
13.06.2022,416.19,413.06,420.69,410.11,1.33M,0.33%
10.06.2022,414.82,418.76,420.47,412.05,683.25K,-1.52%
09.06.2022,421.23,417.11,424.04,412.34,502.91K,0.46%
08.06.2022,419.32,420.13,426.98,417.86,643.71K,-0.66%
07.06.2022,422.1,420.6,424.92,411.76,2.30M,-0.52%
06.06.2022,424.32,426.95,430.83,422.32,276.46K,-0.73%
03.06.2022,427.46,429.65,431.84,423.03,491.06K,-0.88%
02.06.2022,431.24,429.11,433.5,421.94,352.15K,0.50%
01.06.2022,429.11,428.58,431.05,424.42,423.21K,-0.20%
31.05.2022,429.95,435.0,435.01,420.45,3.63M,-0.82%
30.05.2022,433.51,436.99,445.0,429.87,195.38K,-3.28%
27.05.2022,448.22,430.0,449.0,426.02,535.20K,3.58%
26.05.2022,432.72,424.8,440.49,428.98,468.11K,2.21%
25.05.2022,423.38,419.3,429.33,416.01,788.55K,0.62%
24.05.2022,420.76,425.0,428.62,419.9,983.29K,-1.67%
23.05.2022,427.92,428.75,433.53,423.39,501.24K,0.28%
20.05.2022,426.72,434.16,438.89,420.03,845.84K,-1.00%
19.05.2022,431.03,424.71,434.93,418.44,728.19K,0.63%
18.05.2022,428.35,447.58,447.58,426.28,470.45K,-4.54%
17.05.2022,448.7,436.87,450.6,432.97,723.34K,3.49%
16.05.2022,433.56,420.0,434.99,420.0,407.53K,3.04%
13.05.2022,420.78,422.52,426.0,418.3,581.18K,0.17%
12.05.2022,420.05,411.0,429.99,407.13,757.60K,1.22%
11.05.2022,415.0,414.23,418.88,407.1,853.48K,-0.07%
10.05.2022,415.3,420.59,421.0,412.71,479.46K,0.07%
09.05.2022,415.0,417.47,421.61,412.88,973.98K,-0.95%
06.05.2022,419.0,422.0,426.62,415.25,499.58K,-1.24%
05.05.2022,424.25,430.41,435.01,421.1,572.03K,-1.80%
04.05.2022,432.02,430.0,439.93,426.0,739.71K,0.01%
03.05.2022,431.97,442.24,443.97,429.45,384.86K,-2.27%
02.05.2022,442.0,445.7,451.0,433.33,390.67K,-0.76%
29.04.2022,445.37,445.7,454.98,443.5,614.77K,-1.07%
28.04.2022,450.2,443.48,453.5,427.59,1.08M,3.61%
27.04.2022,434.5,427.67,437.98,421.5,446.52K,1.83%
26.04.2022,426.68,414.6,429.54,412.52,509.53K,4.09%
25.04.2022,409.91,414.98,418.26,408.45,403.15K,-1.42%
22.04.2022,415.83,415.5,420.55,413.33,650.40K,0.12%
21.04.2022,415.35,418.99,418.99,412.82,708.75K,0.51%
20.04.2022,413.26,417.08,419.12,411.05,402.71K,-0.89%
19.04.2022,416.99,411.16,418.68,411.16,371.23K,1.34%
18.04.2022,411.49,415.02,417.5,410.01,334.98K,-0.85%
13.04.2022,415.02,408.78,417.0,408.78,224.02K,1.53%
12.04.2022,408.75,407.16,413.02,406.16,202.49K,0.88%
11.04.2022,405.19,406.1,411.18,400.0,227.99K,-0.25%
08.04.2022,406.22,413.1,414.53,404.0,427.39K,-2.35%
07.04.2022,416.01,423.32,424.72,410.36,363.87K,-1.30%
06.04.2022,421.5,433.15,433.15,417.3,370.71K,-3.00%
05.04.2022,434.54,441.0,441.0,427.7,165.23K,-1.71%
04.04.2022,442.09,449.22,451.97,437.06,157.66K,-1.77%
01.04.2022,450.05,444.0,459.68,443.42,440.79K,1.38%
31.03.2022,443.93,428.75,445.72,425.61,379.00K,3.38%
30.03.2022,429.4,432.96,439.61,424.33,298.57K,-0.81%
29.03.2022,432.89,434.86,437.01,430.23,662.41K,-1.02%
28.03.2022,437.34,437.06,443.0,434.15,203.91K,0.88%
25.03.2022,433.51,432.0,435.78,423.21,187.09K,0.32%
24.03.2022,432.14,426.39,433.97,420.03,275.45K,1.48%
23.03.2022,425.83,430.54,433.99,421.69,171.54K,-1.24%
22.03.2022,431.17,423.14,433.44,418.7,382.89K,1.90%
18.03.2022,423.15,408.99,428.53,405.0,1.56M,3.31%
17.03.2022,409.58,414.0,414.0,400.04,365.41K,0.01%
16.03.2022,409.55,410.5,420.0,401.04,417.33K,0.14%
15.03.2022,408.98,405.0,413.76,400.69,802.26K,1.81%
14.03.2022,401.72,401.34,404.71,396.18,565.04K,0.26%
11.03.2022,400.68,403.59,406.43,398.14,252.10K,0.48%
10.03.2022,398.76,403.79,410.49,397.98,291.83K,-1.29%
09.03.2022,403.97,401.01,406.63,395.15,244.75K,2.24%
08.03.2022,395.1,401.21,404.26,386.79,415.04K,-1.10%
07.03.2022,399.51,423.61,427.02,396.31,333.21K,-5.61%
04.03.2022,423.25,434.16,436.31,420.88,333.36K,-2.84%
03.03.2022,435.63,443.71,448.73,434.19,479.37K,-1.81%
02.03.2022,443.65,435.2,449.57,433.7,415.51K,2.94%
01.03.2022,430.97,442.9,447.82,429.99,451.88K,-2.70%
28.02.2022,442.91,429.38,446.0,428.14,1.81M,2.21%
25.02.2022,433.32,426.0,440.23,425.95,465.18K,1.89%
24.02.2022,425.28,422.86,427.66,412.97,380.03K,-1.12%
23.02.2022,430.11,444.59,453.39,427.64,306.07K,-3.50%
22.02.2022,445.73,460.9,460.9,434.6,317.74K,-0.86%
21.02.2022,449.59,454.98,469.0,429.01,121.67K,0.71%
18.02.2022,446.43,451.5,455.49,444.21,375.50K,-1.12%
17.02.2022,451.5,451.1,458.21,447.76,820.72K,-0.49%
16.02.2022,453.71,452.36,457.11,446.45,272.41K,0.38%
15.02.2022,451.97,453.91,456.9,443.56,293.35K,0.67%
14.02.2022,448.94,448.88,452.55,441.01,397.83K,-0.28%
11.02.2022,450.21,454.65,465.49,446.99,379.39K,-0.72%
10.02.2022,453.48,447.4,460.42,445.74,233.14K,0.60%
09.02.2022,450.77,443.0,452.74,440.42,637.13K,2.14%
08.02.2022,441.33,434.0,442.99,427.25,440.34K,3.81%
04.02.2022,425.13,426.39,430.63,423.44,229.72K,0.40%
03.02.2022,423.43,421.8,428.94,420.73,325.49K,-0.72%
02.02.2022,426.49,422.56,433.23,421.58,502.48K,1.46%
01.02.2022,420.35,417.36,421.6,411.06,269.14K,0.64%
31.01.2022,417.67,410.27,419.58,406.97,480.75K,2.09%
28.01.2022,409.11,401.58,410.4,397.09,1.26M,2.29%
27.01.2022,399.94,406.98,410.45,395.67,471.44K,-0.67%
26.01.2022,402.65,405.24,415.44,400.41,1.09M,0.19%
25.01.2022,401.88,396.73,406.94,386.97,380.37K,0.65%
24.01.2022,399.27,402.54,408.09,389.92,398.37K,-1.33%
21.01.2022,404.67,407.03,408.24,394.84,421.03K,-0.81%
20.01.2022,407.96,407.68,417.9,400.4,518.91K,0.08%
19.01.2022,407.63,416.25,423.16,403.99,446.03K,-4.13%
18.01.2022,425.18,430.38,433.94,421.85,342.21K,-0.51%
17.01.2022,427.34,438.68,439.98,425.42,81.85K,-2.39%
14.01.2022,437.79,430.5,438.86,426.94,536.17K,2.00%
13.01.2022,429.19,426.11,438.21,426.06,443.09K,0.61%
12.01.2022,426.57,430.93,431.77,421.41,423.18K,0.53%
11.01.2022,424.32,426.02,433.65,422.04,353.01K,-2.07%
10.01.2022,433.27,428.97,440.04,424.73,279.80K,0.77%
07.01.2022,429.95,432.14,437.41,425.0,169.59K,-1.06%
06.01.2022,434.54,424.37,436.3,421.39,294.90K,1.84%
05.01.2022,426.69,424.81,431.0,420.81,195.72K,0.69%
04.01.2022,423.78,427.93,427.93,421.01,427.28K,0.39%
03.01.2022,422.14,426.52,428.87,418.1,63.16K,-0.15%
31.12.2021,422.76,418.9,432.0,418.65,213.46K,0.55%
30.12.2021,420.43,417.3,423.08,415.19,121.84K,1.01%
29.12.2021,416.22,416.22,421.69,415.09,126.52K,-0.47%
28.12.2021,418.18,418.32,424.93,414.86,147.58K,-0.37%
27.12.2021,419.74,408.1,422.8,408.1,86.45K,2.64%
24.12.2021,408.95,408.51,410.22,407.03,5.60K,-0.55%
23.12.2021,411.2,407.69,416.89,405.76,131.42K,0.53%
22.12.2021,409.05,405.61,411.99,399.84,123.83K,0.97%
21.12.2021,405.12,400.08,406.74,396.01,184.30K,1.69%
20.12.2021,398.4,407.0,407.0,395.61,195.18K,-2.32%
17.12.2021,407.85,401.49,412.38,399.14,1.03M,1.38%
16.12.2021,402.31,408.12,412.95,396.03,1.05M,-1.46%
15.12.2021,408.27,420.6,420.6,399.72,1.28M,-0.15%
14.12.2021,408.88,404.15,409.92,395.88,725.34K,0.45%
13.12.2021,407.03,420.0,420.0,405.35,852.63K,-1.83%
10.12.2021,414.61,417.35,423.15,409.37,438.13K,-0.79%
09.12.2021,417.93,418.8,422.56,415.7,377.66K,0.22%
08.12.2021,417.03,415.6,419.99,411.93,334.59K,-0.45%
07.12.2021,418.9,422.75,424.27,416.29,901.68K,0.36%
06.12.2021,417.38,418.82,418.87,408.01,576.46K,0.11%
03.12.2021,416.94,419.0,425.8,413.73,811.65K,1.37%
02.12.2021,411.3,410.26,419.99,406.13,421.10K,1.07%
01.12.2021,406.96,394.88,410.33,394.01,552.98K,3.60%
30.11.2021,392.83,388.21,395.44,380.06,1.00M,0.17%
29.11.2021,392.15,394.8,396.12,384.07,578.31K,0.18%
26.11.2021,391.46,408.0,408.0,390.83,573.14K,-4.78%
25.11.2021,411.1,411.63,415.0,410.0,64.77K,-0.13%
24.11.2021,411.63,412.0,415.99,408.02,234.75K,0.19%
23.11.2021,410.83,416.29,418.79,409.27,361.83K,-0.33%
22.11.2021,412.17,413.58,416.65,407.48,544.30K,0.19%
19.11.2021,411.38,405.4,412.65,400.01,389.35K,0.97%
18.11.2021,407.44,417.49,419.07,400.42,521.05K,-1.51%
17.11.2021,413.68,413.75,417.35,408.4,259.52K,0.05%
16.11.2021,413.46,423.36,428.28,411.48,518.15K,-2.45%
12.11.2021,423.84,427.93,431.38,420.23,401.63K,-0.64%
11.11.2021,426.59,426.14,428.05,420.01,442.10K,-0.22%
10.11.2021,427.54,428.0,431.45,424.93,191.60K,0.12%
09.11.2021,427.04,422.88,430.04,421.77,600.84K,1.13%
08.11.2021,422.27,428.83,432.65,420.05,575.54K,-0.71%
05.11.2021,425.28,423.1,426.74,413.15,587.04K,0.69%
04.11.2021,422.36,424.64,424.64,417.11,311.96K,-0.09%
03.11.2021,422.75,417.0,425.07,411.03,673.48K,1.62%
01.11.2021,416.03,419.79,419.79,410.46,226.72K,0.20%
29.10.2021,415.19,404.16,418.5,404.16,416.03K,2.39%
28.10.2021,405.49,401.25,408.05,393.83,391.32K,1.40%
27.10.2021,399.9,393.92,401.51,391.31,305.50K,1.67%
26.10.2021,393.32,399.51,400.89,388.97,851.17K,-1.05%
25.10.2021,397.48,408.29,408.29,395.42,428.79K,-2.02%
22.10.2021,405.69,410.49,413.98,402.07,631.49K,-1.63%
21.10.2021,412.43,409.01,415.13,400.05,419.74K,0.89%
20.10.2021,408.79,408.24,409.89,401.44,523.26K,0.47%
19.10.2021,406.89,405.78,412.09,400.58,284.05K,0.27%
18.10.2021,405.78,406.4,407.99,399.64,242.14K,0.43%
15.10.2021,404.03,402.54,405.99,399.02,771.84K,0.97%
14.10.2021,400.16,394.67,403.61,394.6,598.96K,2.10%
13.10.2021,391.94,401.28,403.11,390.13,753.72K,-2.08%
12.10.2021,400.27,396.0,403.99,396.0,394.39K,-0.16%
11.10.2021,400.9,396.9,404.99,395.27,111.67K,0.68%
08.10.2021,398.19,386.12,402.12,386.12,417.25K,2.12%
07.10.2021,389.92,392.43,396.0,387.77,258.05K,-0.30%
06.10.2021,391.1,384.23,395.34,384.23,229.91K,-0.18%
05.10.2021,391.79,384.42,393.56,381.29,310.51K,1.59%
04.10.2021,385.66,386.0,387.04,379.35,159.57K,0.07%
01.10.2021,385.4,383.0,389.8,380.45,233.25K,-0.10%
30.09.2021,385.77,376.37,388.99,372.16,416.82K,2.94%
29.09.2021,374.76,372.76,379.4,366.73,348.14K,-1.31%
28.09.2021,379.75,384.15,385.22,372.02,763.36K,-0.99%
27.09.2021,383.53,381.99,386.84,380.29,551.19K,0.39%
24.09.2021,382.04,375.64,383.0,370.04,299.78K,1.62%
23.09.2021,375.95,368.71,377.78,364.83,291.46K,2.79%
22.09.2021,365.75,365.98,367.0,362.47,141.17K,1.23%
21.09.2021,361.31,367.05,368.07,357.5,236.96K,1.07%
20.09.2021,357.47,366.84,374.44,356.17,328.89K,-3.32%
17.09.2021,369.73,365.99,371.9,356.01,932.37K,3.01%
15.09.2021,358.94,361.48,363.78,357.02,217.09K,-0.67%
14.09.2021,361.36,360.0,366.52,355.77,324.00K,-0.12%
13.09.2021,361.78,368.17,368.64,356.65,319.77K,-0.83%
10.09.2021,364.82,368.56,369.96,361.52,285.44K,0.40%
09.09.2021,363.36,369.52,375.42,361.05,322.67K,-1.88%
08.09.2021,370.34,374.19,378.0,368.06,298.71K,-1.40%
07.09.2021,375.61,367.0,378.22,363.01,271.02K,2.59%
06.09.2021,366.12,363.64,372.5,360.12,75.39K,0.22%
03.09.2021,365.31,364.87,370.97,361.55,341.12K,-0.28%
02.09.2021,366.35,366.5,372.58,364.36,510.59K,-0.02%
01.09.2021,366.43,362.7,367.58,354.38,394.48K,1.66%
31.08.2021,360.43,358.0,362.83,356.03,619.60K,0.23%
30.08.2021,359.61,361.0,367.11,358.33,187.66K,-0.40%
27.08.2021,361.07,353.83,362.0,353.83,129.37K,1.15%
26.08.2021,356.96,357.57,360.19,351.02,241.24K,-0.09%
25.08.2021,357.29,360.61,360.84,354.43,161.37K,-0.46%
24.08.2021,358.95,350.3,360.79,349.4,333.48K,2.93%
23.08.2021,348.72,345.02,349.94,337.01,3.29M,1.83%
20.08.2021,342.45,344.37,345.83,338.39,257.51K,0.32%
19.08.2021,341.35,342.0,343.74,334.0,807.52K,-0.47%
18.08.2021,342.96,342.57,345.0,341.03,288.56K,0.29%
17.08.2021,341.98,348.99,351.44,340.0,1.33M,-1.75%
16.08.2021,348.07,346.6,353.99,342.5,377.65K,-0.10%
13.08.2021,348.43,355.0,355.0,346.06,528.78K,-0.33%
12.08.2021,349.59,350.73,355.5,348.18,615.71K,-0.53%
11.08.2021,351.44,356.0,358.0,350.53,313.00K,-1.34%
10.08.2021,356.22,353.16,357.89,350.41,169.27K,1.59%
09.08.2021,350.64,355.76,356.33,349.25,94.99K,-1.44%
06.08.2021,355.78,356.24,360.45,353.62,159.16K,-0.12%
05.08.2021,356.2,357.79,358.75,353.13,299.98K,-0.13%
04.08.2021,356.65,360.0,362.42,352.16,152.03K,-1.00%
03.08.2021,360.25,359.6,362.94,359.19,584.15K,-0.31%
02.08.2021,361.37,360.18,363.63,359.6,448.89K,-0.07%
30.07.2021,361.61,363.0,363.0,359.59,683.11K,-0.20%
29.07.2021,362.32,365.25,365.59,358.7,533.65K,0.29%
28.07.2021,361.29,354.21,363.78,354.21,1.34M,2.33%
27.07.2021,353.05,361.93,363.99,350.33,791.70K,-2.43%
26.07.2021,361.86,361.08,363.58,358.39,584.15K,0.16%
23.07.2021,361.29,362.7,368.5,358.94,475.67K,0.14%
22.07.2021,360.77,359.5,363.69,355.75,293.35K,0.33%
21.07.2021,359.6,358.87,362.99,356.97,763.36K,1.22%
20.07.2021,355.26,353.61,359.74,353.6,305.32K,0.52%
19.07.2021,353.43,361.0,361.0,347.14,451.42K,-2.63%
16.07.2021,362.98,363.4,366.27,358.01,442.56K,0.06%
15.07.2021,362.77,364.07,365.0,360.0,556.93K,0.10%
14.07.2021,362.42,363.93,364.08,355.05,1.09M,0.16%
13.07.2021,361.83,372.18,372.54,360.15,370.52K,-2.33%
12.07.2021,370.45,371.0,374.05,368.0,1.41M,-0.66%
09.07.2021,372.92,374.0,375.0,370.51,322.71K,-0.22%
08.07.2021,373.75,373.1,379.48,372.44,389.98K,-0.84%
07.07.2021,376.93,370.84,379.12,366.0,656.38K,1.93%
06.07.2021,369.78,368.9,372.0,364.01,399.49K,0.48%
05.07.2021,368.03,372.23,372.23,364.09,51.74K,-1.13%
02.07.2021,372.25,373.63,373.63,367.58,245.15K,0.65%
01.07.2021,369.84,370.44,371.25,365.84,171.27K,0.53%
30.06.2021,367.89,369.0,371.91,361.85,656.14K,0.70%
29.06.2021,365.34,368.65,370.99,364.39,242.81K,-1.37%
28.06.2021,370.42,379.48,379.48,368.34,246.14K,-1.68%
25.06.2021,376.74,375.88,377.91,371.29,462.06K,0.08%
24.06.2021,376.45,370.78,378.13,366.3,445.28K,1.43%
23.06.2021,371.13,363.97,374.35,363.52,700.51K,2.29%
22.06.2021,362.82,379.12,382.3,360.93,464.39K,-4.50%
21.06.2021,379.91,374.13,383.09,371.79,458.59K,1.17%
18.06.2021,375.53,374.03,378.99,372.06,880.67K,-0.27%
17.06.2021,376.53,377.75,385.58,368.9,537.82K,-0.39%
16.06.2021,378.0,383.42,386.0,375.73,603.50K,-1.35%
15.06.2021,383.18,379.35,385.0,376.78,1.35M,1.91%
14.06.2021,375.99,380.41,382.09,372.21,181.15K,-0.68%
11.06.2021,378.56,368.01,382.49,367.36,511.07K,3.30%
10.06.2021,366.46,361.05,371.84,359.23,448.68K,1.46%
09.06.2021,361.17,348.95,364.1,347.51,909.27K,3.82%
08.06.2021,347.88,352.5,352.5,344.51,901.22K,-1.13%
07.06.2021,351.86,346.6,359.85,346.6,418.31K,0.26%
04.06.2021,350.94,351.6,351.69,345.01,418.58K,0.26%
03.06.2021,350.02,358.0,359.57,346.47,2.51M,-2.46%
02.06.2021,358.85,362.0,365.7,355.8,595.05K,-0.80%
01.06.2021,361.75,365.29,365.29,354.41,317.08K,-0.42%
31.05.2021,363.28,351.0,367.79,351.0,121.64K,3.63%
28.05.2021,350.55,352.98,353.63,343.26,536.62K,-0.12%
27.05.2021,350.97,360.76,366.15,349.85,2.36M,-2.56%
26.05.2021,360.2,356.25,362.16,354.71,263.56K,1.52%
25.05.2021,354.81,372.0,373.1,353.74,370.27K,-4.22%
24.05.2021,370.45,372.0,372.04,363.81,227.30K,-0.23%
21.05.2021,371.31,371.87,373.5,367.5,385.90K,0.14%
20.05.2021,370.79,367.49,372.28,359.81,758.27K,1.78%
19.05.2021,364.32,363.76,366.49,353.91,256.77K,-0.35%
18.05.2021,365.6,369.16,373.24,362.13,153.35K,-0.44%
17.05.2021,367.2,371.41,373.0,363.49,193.00K,-1.17%
14.05.2021,371.53,358.81,373.71,358.81,222.68K,3.42%
13.05.2021,359.26,364.73,365.94,358.01,315.49K,-0.90%
12.05.2021,362.53,367.2,367.67,360.45,235.68K,-1.27%
11.05.2021,367.2,363.94,369.08,360.98,283.05K,-0.51%
10.05.2021,369.09,360.08,369.98,357.13,226.17K,2.41%
07.05.2021,360.42,352.61,363.5,352.61,326.37K,0.80%
06.05.2021,357.57,360.0,360.0,354.12,233.11K,-0.26%
05.05.2021,358.5,355.91,359.4,352.43,249.24K,1.09%
04.05.2021,354.63,350.23,357.86,348.5,340.11K,1.19%
03.05.2021,350.45,344.42,350.78,343.0,276.36K,2.29%
30.04.2021,342.61,344.0,348.16,339.66,284.98K,0.55%
29.04.2021,340.72,349.37,352.11,338.9,283.32K,-1.35%
28.04.2021,345.37,347.77,348.92,343.4,282.95K,-0.33%
27.04.2021,346.52,348.64,350.0,345.64,974.92K,0.37%
26.04.2021,345.23,357.15,357.15,343.1,241.92K,-3.09%
23.04.2021,356.25,357.0,358.92,345.07,406.94K,-0.33%
22.04.2021,357.44,358.25,359.48,354.48,214.52K,0.35%
21.04.2021,356.18,348.63,358.19,347.04,347.10K,2.17%
20.04.2021,348.63,351.02,352.03,343.13,313.67K,-0.71%
19.04.2021,351.14,360.32,360.32,350.4,272.48K,-2.66%
16.04.2021,360.73,359.75,363.89,353.96,449.48K,0.07%
15.04.2021,360.49,363.16,367.45,359.59,345.80K,-0.98%
14.04.2021,364.07,371.91,371.91,360.41,419.57K,-0.54%
13.04.2021,366.06,357.0,366.97,356.98,467.07K,2.92%
12.04.2021,355.68,365.54,365.55,353.81,202.23K,-3.84%
09.04.2021,369.9,380.01,380.01,366.0,340.95K,-2.31%
08.04.2021,378.65,374.11,383.19,373.52,544.48K,1.52%
07.04.2021,372.99,368.01,377.85,368.01,438.15K,0.44%
06.04.2021,371.34,372.01,375.52,366.2,448.71K,0.26%
05.04.2021,370.36,364.99,373.04,360.41,291.16K,2.02%
31.03.2021,363.03,355.01,364.02,351.82,534.33K,1.37%
30.03.2021,358.11,359.5,359.99,349.21,340.36K,0.08%
29.03.2021,357.81,352.48,359.42,344.64,558.21K,2.21%
26.03.2021,350.06,348.51,352.24,340.8,429.95K,1.55%
25.03.2021,344.71,357.59,357.59,340.51,497.87K,-3.60%
24.03.2021,357.59,357.27,363.43,355.28,842.47K,0.17%
23.03.2021,356.97,369.59,369.59,354.27,294.19K,-3.08%
22.03.2021,368.33,373.69,376.51,366.0,376.13K,0.54%
19.03.2021,366.35,389.84,390.01,360.17,3.76M,-6.15%
18.03.2021,390.36,383.2,397.05,383.19,842.81K,2.38%
17.03.2021,381.27,377.33,390.84,377.28,650.16K,1.66%
16.03.2021,375.06,365.7,376.22,365.7,725.18K,2.85%
12.03.2021,364.68,355.97,366.98,355.05,547.48K,2.80%
11.03.2021,354.75,352.44,358.52,350.05,459.08K,0.20%
10.03.2021,354.05,352.32,354.53,348.5,489.69K,-0.52%
09.03.2021,355.9,359.5,367.34,352.8,414.44K,-0.26%
08.03.2021,356.84,363.13,368.01,355.12,528.11K,-1.94%
05.03.2021,363.89,372.32,379.94,359.85,466.12K,-1.38%
04.03.2021,368.99,384.59,386.55,367.81,356.77K,-3.81%
03.03.2021,383.61,385.03,389.32,382.08,437.91K,-0.37%
02.03.2021,385.03,381.09,391.4,378.45,571.33K,0.76%
01.03.2021,382.13,392.97,392.97,381.26,1.02M,-2.38%
26.02.2021,391.43,385.1,393.0,384.16,736.59K,1.35%
25.02.2021,386.21,380.0,389.23,371.94,708.81K,1.73%
24.02.2021,379.64,370.88,384.36,366.57,337.60K,2.79%
23.02.2021,369.35,350.27,370.7,350.27,457.32K,4.66%
22.02.2021,352.91,357.78,357.86,351.66,383.23K,-0.55%
19.02.2021,354.86,356.51,357.0,353.38,579.29K,0.43%
18.02.2021,353.35,361.86,361.86,349.32,335.16K,-2.19%
17.02.2021,361.25,347.95,364.23,345.9,432.21K,3.84%
16.02.2021,347.9,347.0,352.35,343.31,306.86K,1.23%
15.02.2021,343.66,350.0,350.0,338.01,55.01K,1.24%
12.02.2021,339.45,337.0,341.45,334.58,215.95K,0.58%
11.02.2021,337.5,344.91,347.43,335.01,328.35K,-1.72%
10.02.2021,343.42,350.0,350.0,341.53,463.54K,-1.43%
09.02.2021,348.39,348.28,356.15,346.23,355.03K,-0.16%
08.02.2021,348.95,344.45,354.37,342.0,646.07K,1.81%
05.02.2021,342.74,336.0,344.53,330.81,289.54K,2.06%
04.02.2021,335.81,337.15,338.81,330.78,434.69K,0.10%
03.02.2021,335.46,337.42,339.0,330.1,536.91K,-0.25%
02.02.2021,336.29,325.0,340.09,325.0,387.03K,4.27%
29.01.2021,322.53,319.42,327.38,311.86,621.07K,-0.74%
28.01.2021,324.95,329.4,335.28,317.18,244.48K,-1.08%
27.01.2021,328.5,320.36,330.79,316.1,400.04K,-0.20%
26.01.2021,329.17,321.0,330.89,319.93,549.45K,2.24%
25.01.2021,321.96,322.07,325.01,310.58,331.00K,0.87%
22.01.2021,319.17,319.49,320.85,311.81,480.16K,-0.01%
21.01.2021,319.21,323.38,328.0,317.8,271.17K,-0.12%
20.01.2021,319.59,327.59,327.59,317.81,226.74K,-1.72%
19.01.2021,325.19,330.0,330.04,321.54,311.99K,-0.69%
18.01.2021,327.45,324.3,330.17,323.79,45.99K,0.97%
15.01.2021,324.3,331.7,336.49,322.29,301.03K,-2.24%
14.01.2021,331.72,336.99,337.98,330.96,253.48K,-0.53%
13.01.2021,333.49,336.47,336.99,330.16,485.21K,-0.39%
12.01.2021,334.8,346.44,350.59,330.78,525.88K,-3.12%
11.01.2021,345.58,348.83,348.83,342.28,185.79K,-0.68%
08.01.2021,347.93,345.92,352.75,345.55,293.19K,0.61%
07.01.2021,345.83,357.02,361.45,345.01,528.39K,-1.63%
06.01.2021,351.57,337.13,356.95,333.43,539.39K,5.99%
05.01.2021,331.71,330.17,332.29,327.71,393.34K,0.70%
04.01.2021,329.4,331.54,331.54,324.81,195.88K,0.05%
