"Fecha","Cierre","Apertura","Máximo","Mínimo","Vol.","% var."
"30.12.2025","503.71","500.98","505.11","500.33","2.90M","0.53%"
"29.12.2025","501.05","499.20","501.50","497.21","3.06M","0.55%"
"26.12.2025","498.30","500.45","501.56","496.83","2.25M","-0.61%"
"24.12.2025","501.34","500.29","501.51","499.25","2.00M","0.17%"
"23.12.2025","500.51","500.48","502.33","498.15","3.68M","0.11%"
"22.12.2025","499.95","496.34","500.31","495.55","4.07M","1.10%"
"19.12.2025","494.53","503.05","503.82","494.53","14.65M","-1.76%"
"18.12.2025","503.39","502.23","505.43","501.01","3.65M","-0.17%"
"17.12.2025","504.27","499.90","505.19","499.50","4.13M","0.89%"
"16.12.2025","499.84","507.05","508.10","499.45","4.38M","-1.29%"
"15.12.2025","506.38","500.42","506.62","500.27","5.17M","1.37%"
"12.12.2025","499.52","496.71","500.00","494.50","4.11M","0.74%"
"11.12.2025","495.85","491.83","498.14","491.83","4.49M","1.11%"
"10.12.2025","490.43","490.86","495.88","488.92","4.56M","-0.20%"
"09.12.2025","491.43","497.63","499.21","490.83","4.57M","-1.17%"
"08.12.2025","497.23","502.10","502.97","490.62","7.03M","-1.41%"
"05.12.2025","504.34","503.86","505.76","500.54","3.46M","0.22%"
"04.12.2025","503.23","504.38","506.50","500.70","3.57M","-0.07%"
"03.12.2025","503.60","507.52","509.60","503.60","3.80M","-0.60%"
"02.12.2025","506.65","507.59","508.11","503.11","3.38M","-0.37%"
"01.12.2025","508.55","513.65","514.49","508.18","4.00M","-1.02%"
"28.11.2025","513.81","511.89","516.85","511.56","2.31M","0.50%"
"26.11.2025","511.23","509.25","512.70","507.65","3.69M","0.52%"
"25.11.2025","508.57","508.93","512.35","506.86","4.06M","0.15%"
"24.11.2025","507.81","501.89","509.20","497.17","13.40M","0.75%"
"21.11.2025","504.04","503.27","507.84","502.49","6.06M","0.58%"
"20.11.2025","501.12","501.11","506.45","500.81","5.49M","-0.03%"
"19.11.2025","501.26","503.68","504.25","495.55","4.69M","-0.62%"
"18.11.2025","504.37","503.39","506.64","500.60","5.46M","0.22%"
"17.11.2025","503.26","510.73","511.26","502.84","5.37M","-1.12%"
"14.11.2025","508.94","514.70","516.55","506.35","5.46M","-0.81%"
"13.11.2025","513.11","504.82","514.26","504.82","7.34M","2.13%"
"12.11.2025","502.40","497.16","504.45","496.99","5.46M","1.07%"
"11.11.2025","497.07","498.59","499.69","494.20","2.96M","0.02%"
"10.11.2025","496.98","497.08","501.28","495.13","5.08M","-0.42%"
"07.11.2025","499.06","494.93","500.16","493.35","6.38M","1.20%"
"06.11.2025","493.15","490.00","494.03","486.75","4.96M","0.90%"
"05.11.2025","488.77","487.33","493.89","487.33","6.55M","0.23%"
"04.11.2025","487.66","475.50","488.79","475.50","7.80M","2.52%"
"03.11.2025","475.68","479.51","479.99","473.15","5.87M","-0.39%"
"31.10.2025","477.54","476.80","478.71","475.31","7.15M","-0.20%"
"30.10.2025","478.52","474.84","480.91","474.84","4.79M","0.58%"
"29.10.2025","475.76","477.32","478.80","473.72","6.20M","-1.18%"
"28.10.2025","481.44","484.96","485.67","481.11","5.03M","-1.36%"
"27.10.2025","488.07","491.92","492.30","484.55","6.45M","-0.82%"
"24.10.2025","492.10","490.91","492.98","489.40","3.17M","0.40%"
"23.10.2025","490.16","492.19","492.45","488.11","3.06M","-0.34%"
"22.10.2025","491.81","491.73","492.98","488.19","3.38M","0.11%"
"21.10.2025","491.29","493.70","495.70","491.25","2.71M","-0.56%"
"20.10.2025","494.08","492.36","494.42","490.32","4.61M","0.34%"
"17.10.2025","492.42","490.00","493.45","489.25","3.79M","0.74%"
"16.10.2025","488.81","495.60","496.00","485.80","4.25M","-1.53%"
"15.10.2025","496.39","493.90","496.73","490.35","3.57M","0.08%"
"14.10.2025","495.97","490.00","497.06","489.95","3.06M","0.82%"
"13.10.2025","491.93","488.15","493.80","487.82","3.18M","0.57%"
"10.10.2025","489.13","497.25","497.99","489.06","4.76M","-1.53%"
"09.10.2025","496.74","499.98","501.22","494.51","3.17M","-0.62%"
"08.10.2025","499.84","502.71","503.50","498.56","2.94M","-0.49%"
"07.10.2025","502.30","500.16","504.46","498.61","3.06M","0.46%"
"06.10.2025","500.02","499.50","504.97","498.02","3.52M","0.25%"
"03.10.2025","498.75","495.90","502.55","495.05","4.68M","0.57%"
"02.10.2025","495.92","496.96","499.61","493.22","3.46M","-0.46%"
"01.10.2025","498.20","502.50","502.87","495.90","4.48M","-0.90%"
"30.09.2025","502.74","497.64","503.78","497.00","3.87M","0.70%"
"29.09.2025","499.25","500.00","500.25","495.02","5.16M","-0.16%"
"26.09.2025","500.03","496.94","502.10","496.65","3.71M","1.02%"
"25.09.2025","494.96","496.15","499.00","494.73","4.06M","-0.43%"
"24.09.2025","497.09","493.30","497.16","493.11","2.81M","0.61%"
"23.09.2025","494.10","493.77","499.28","493.52","3.93M","0.08%"
"22.09.2025","493.71","490.57","494.71","489.23","3.58M","0.17%"
"19.09.2025","492.85","491.87","494.50","488.88","7.36M","0.48%"
"18.09.2025","490.50","489.64","494.88","488.00","4.06M","-0.37%"
"17.09.2025","492.33","490.93","495.99","490.30","5.06M","0.27%"
"16.09.2025","490.99","491.27","491.92","487.20","4.07M","-0.11%"
"15.09.2025","491.54","493.60","495.27","489.50","3.63M","-0.45%"
"12.09.2025","493.74","495.74","497.63","493.34","2.95M","-0.64%"
"11.09.2025","496.91","489.33","497.24","489.03","3.67M","1.39%"
"10.09.2025","490.08","490.00","491.70","486.27","5.56M","-0.54%"
"09.09.2025","492.72","492.45","496.85","491.72","3.75M","-0.21%"
"08.09.2025","493.78","499.00","499.65","493.46","5.15M","-1.20%"
"05.09.2025","499.77","506.00","507.66","497.75","4.22M","-1.41%"
"04.09.2025","506.91","502.90","507.38","501.26","2.98M","1.08%"
"03.09.2025","501.49","499.55","502.11","496.59","3.21M","0.07%"
"02.09.2025","501.14","504.24","505.90","497.62","4.98M","-0.37%"
"29.08.2025","502.98","500.85","506.72","500.85","4.66M","0.62%"
"28.08.2025","499.86","498.03","500.14","496.07","4.53M","0.84%"
"27.08.2025","495.72","491.08","497.21","490.60","4.39M","0.71%"
"26.08.2025","492.21","485.02","492.79","484.53","8.22M","1.24%"
"25.08.2025","486.18","489.01","489.02","481.83","3.94M","-0.58%"
"22.08.2025","489.00","491.50","493.14","486.57","4.21M","0.08%"
"21.08.2025","488.59","487.24","489.05","483.68","3.08M","-0.02%"
"20.08.2025","488.68","487.00","492.22","485.83","4.78M","0.69%"
"19.08.2025","485.31","479.77","485.90","479.77","4.73M","1.42%"
"18.08.2025","478.52","477.97","479.00","474.66","3.91M","0.28%"
"15.08.2025","477.20","482.35","482.48","476.29","5.23M","-0.42%"
"14.08.2025","479.22","478.35","479.22","474.42","4.19M","0.40%"
"13.08.2025","477.31","471.70","479.60","471.50","4.63M","1.47%"
"12.08.2025","470.39","465.53","472.47","465.06","3.77M","1.22%"
"11.08.2025","464.73","466.46","468.49","463.50","3.71M","-0.14%"
"08.08.2025","465.40","462.94","465.83","462.55","3.33M","0.85%"
"07.08.2025","461.47","469.20","472.70","461.37","5.76M","-1.59%"
"06.08.2025","468.91","465.00","469.55","463.00","4.56M","1.02%"
"05.08.2025","464.19","460.60","467.58","460.38","6.78M","1.11%"
"04.08.2025","459.11","468.05","468.87","455.18","10.87M","-2.90%"
"01.08.2025","472.84","473.47","475.96","470.62","5.29M","0.20%"
"31.07.2025","471.88","472.61","477.70","471.88","6.32M","-0.87%"
"30.07.2025","476.00","475.13","479.41","473.88","3.80M","-0.12%"
"29.07.2025","476.56","482.57","485.00","476.28","4.19M","-1.07%"
"28.07.2025","481.70","484.35","486.90","481.10","3.63M","-0.49%"
"25.07.2025","484.07","481.67","484.93","479.66","4.22M","0.72%"
"24.07.2025","480.60","482.67","486.17","480.60","5.04M","-0.42%"
"23.07.2025","482.63","480.25","484.45","479.20","4.39M","0.94%"
"22.07.2025","478.13","475.50","483.14","475.00","4.52M","0.78%"
"21.07.2025","474.41","473.04","478.35","472.00","3.79M","0.13%"
"18.07.2025","473.80","474.00","478.64","473.50","4.02M","0.08%"
"17.07.2025","473.40","470.07","474.15","467.65","4.04M","0.44%"
"16.07.2025","471.31","471.20","472.92","468.88","3.80M","0.25%"
"15.07.2025","470.13","475.30","475.72","470.00","4.48M","-1.30%"
"14.07.2025","476.31","474.32","478.13","473.46","4.29M","0.09%"
"11.07.2025","475.86","476.25","476.85","471.40","4.42M","-0.50%"
"10.07.2025","478.27","477.87","478.55","475.50","4.58M","-0.13%"
"09.07.2025","478.91","477.00","479.49","475.83","3.37M","0.30%"
"08.07.2025","477.47","477.35","480.00","473.58","4.12M","-0.12%"
"07.07.2025","478.03","484.42","486.08","476.80","4.67M","-1.44%"
"03.07.2025","485.00","480.89","486.55","480.36","3.44M","0.94%"
"02.07.2025","480.48","489.43","489.93","478.62","6.71M","-1.86%"
"01.07.2025","489.61","485.78","491.09","483.80","4.78M","0.79%"
"30.06.2025","485.77","485.90","487.65","483.44","6.38M","0.02%"
"27.06.2025","485.68","485.77","489.68","484.40","6.13M","0.13%"
"26.06.2025","485.05","486.54","487.98","484.25","4.21M","-0.24%"
"25.06.2025","486.21","494.50","496.00","486.14","4.26M","-1.47%"
"24.06.2025","493.48","489.43","497.74","488.89","5.11M","1.17%"
"23.06.2025","487.77","485.42","488.50","481.72","4.14M","0.60%"
"20.06.2025","484.85","484.95","486.68","483.43","7.62M","-0.06%"
"18.06.2025","485.14","484.10","486.70","482.75","4.89M","0.34%"
"17.06.2025","483.48","489.11","489.40","483.25","3.96M","-1.38%"
"16.06.2025","490.23","489.73","491.85","488.54","3.94M","0.55%"
"13.06.2025","487.54","486.27","491.08","485.85","4.00M","-0.57%"
"12.06.2025","490.34","486.23","490.44","483.78","3.54M","0.45%"
"11.06.2025","488.14","491.05","492.25","486.67","4.60M","-0.61%"
"10.06.2025","491.13","492.65","492.90","489.50","3.95M","-0.45%"
"09.06.2025","493.33","493.70","494.53","488.88","3.99M","-0.04%"
"06.06.2025","493.53","491.63","496.10","491.63","3.95M","0.98%"
"05.06.2025","488.74","490.75","491.00","485.60","5.17M","-0.46%"
"04.06.2025","491.00","496.94","496.99","490.88","5.30M","-1.37%"
"03.06.2025","497.83","501.00","502.79","493.51","5.92M","-0.99%"
"02.06.2025","502.81","501.70","503.23","499.47","4.91M","-0.23%"
"30.05.2025","503.96","505.18","505.72","500.18","9.15M","-0.44%"
"29.05.2025","506.18","504.00","506.55","501.20","3.66M","0.61%"
"28.05.2025","503.11","508.39","509.10","502.83","3.61M","-1.19%"
"27.05.2025","509.16","506.42","509.75","505.01","4.93M","1.13%"
"23.05.2025","503.46","501.01","505.50","500.25","3.17M","-0.02%"
"22.05.2025","503.57","505.10","507.40","502.64","3.24M","-0.68%"
"21.05.2025","507.03","507.41","510.00","505.40","3.82M","-0.34%"
"20.05.2025","508.74","511.11","512.08","506.55","3.74M","-0.71%"
"19.05.2025","512.39","513.61","513.79","510.10","3.44M","-0.37%"
"16.05.2025","514.31","509.63","514.33","506.80","5.00M","1.38%"
"15.05.2025","507.33","502.38","509.78","501.62","5.04M","0.78%"
"14.05.2025","503.40","511.85","511.85","502.80","6.38M","-1.66%"
"13.05.2025","511.88","515.64","515.75","511.80","4.50M","-0.47%"
"12.05.2025","514.30","520.30","520.30","510.25","6.37M","0.11%"
"09.05.2025","513.74","514.25","515.91","510.25","3.62M","0.10%"
"08.05.2025","513.25","520.98","521.26","513.04","5.02M","-0.96%"
"07.05.2025","518.22","515.02","520.25","513.00","5.58M","1.15%"
"06.05.2025","512.33","509.57","515.75","507.99","6.09M","0.04%"
"05.05.2025","512.15","520.08","521.18","502.80","16.38M","-5.12%"
"02.05.2025","539.80","536.75","542.07","535.26","4.95M","1.80%"
"01.05.2025","530.23","531.00","533.27","528.30","4.69M","-0.57%"
"30.04.2025","533.25","531.51","535.72","524.00","5.25M","-0.25%"
"29.04.2025","534.57","531.00","535.34","528.29","3.18M","0.68%"
"28.04.2025","530.94","533.63","536.82","526.58","4.24M","0.00%"
"25.04.2025","530.96","531.75","532.44","526.79","2.74M","-0.13%"
"24.04.2025","531.64","526.81","533.13","523.16","3.17M","0.92%"
"23.04.2025","526.81","527.50","532.27","523.89","4.29M","1.16%"
"22.04.2025","520.79","514.23","522.22","511.65","4.77M","2.74%"
"21.04.2025","506.92","517.53","518.67","498.08","4.91M","-2.18%"
"17.04.2025","518.21","518.90","523.88","514.57","5.32M","0.34%"
"16.04.2025","516.45","529.30","530.13","512.89","5.89M","-2.22%"
"15.04.2025","528.17","532.62","535.92","527.36","4.33M","-0.25%"
"14.04.2025","529.52","531.00","536.52","526.98","5.51M","1.03%"
"11.04.2025","524.11","515.00","526.58","510.77","6.23M","1.61%"
"10.04.2025","515.81","518.30","521.41","498.61","7.48M","-1.07%"
"09.04.2025","521.41","490.00","523.93","485.56","10.15M","5.84%"
"08.04.2025","492.64","509.02","516.00","484.19","9.47M","0.46%"
"07.04.2025","490.38","467.42","505.85","462.10","12.75M","-0.64%"
"04.04.2025","493.54","519.00","521.00","492.98","12.61M","-6.91%"
"03.04.2025","530.16","527.62","538.80","525.14","6.41M","-1.41%"
"02.04.2025","537.72","532.13","539.00","530.82","4.08M","0.89%"
"01.04.2025","532.99","531.88","536.41","527.50","4.13M","0.08%"
"31.03.2025","532.58","521.40","536.52","519.00","7.14M","1.19%"
"28.03.2025","526.31","535.35","536.00","524.68","5.32M","-1.54%"
"27.03.2025","534.52","533.25","537.38","529.35","5.15M","0.25%"
"26.03.2025","533.21","531.00","537.63","530.98","5.01M","0.82%"
"25.03.2025","528.87","527.18","533.29","525.88","3.96M","0.57%"
"24.03.2025","525.85","523.10","527.30","521.48","4.86M","0.75%"
"21.03.2025","521.91","528.31","528.96","520.73","8.55M","-1.29%"
"20.03.2025","528.73","524.00","530.61","522.67","4.07M","0.66%"
"19.03.2025","525.27","525.69","526.71","520.66","3.80M","0.41%"
"18.03.2025","523.14","525.45","528.38","521.42","4.86M","0.02%"
"17.03.2025","523.01","514.62","524.71","513.21","5.34M","1.63%"
"14.03.2025","514.60","506.95","515.84","502.92","5.78M","2.05%"
"13.03.2025","504.25","496.46","507.40","494.75","5.10M","1.68%"
"12.03.2025","495.94","497.60","498.32","488.75","3.87M","-0.06%"
"11.03.2025","496.25","496.00","499.15","491.31","5.36M","-0.17%"
"10.03.2025","497.10","490.00","500.45","490.00","6.26M","0.30%"
"07.03.2025","495.62","496.29","498.27","490.11","3.84M","-0.45%"
"06.03.2025","497.84","496.83","499.10","491.63","3.99M","-0.13%"
"05.03.2025","498.50","496.00","500.93","492.32","4.72M","0.53%"
"04.03.2025","495.86","507.27","508.73","493.61","6.13M","-2.79%"
"03.03.2025","510.08","516.22","518.77","506.48","5.11M","-0.73%"
"28.02.2025","513.83","507.46","515.37","504.33","6.85M","2.27%"
"27.02.2025","502.41","496.45","504.95","495.61","4.51M","1.68%"
"26.02.2025","494.10","499.11","499.90","493.05","3.54M","-1.14%"
"25.02.2025","499.82","503.15","507.00","491.90","6.76M","0.28%"
"24.02.2025","498.42","483.50","503.96","483.24","9.86M","4.11%"
"21.02.2025","478.74","480.95","483.64","477.74","4.09M","-0.64%"
"20.02.2025","481.80","484.13","484.20","478.14","2.65M","-0.41%"
"19.02.2025","483.77","482.82","484.72","480.68","2.44M","0.20%"
"18.02.2025","482.82","480.40","484.06","477.63","3.35M","0.67%"
"14.02.2025","479.59","481.47","484.55","479.45","2.83M","-0.19%"
"13.02.2025","480.49","471.55","481.19","471.20","3.27M","1.86%"
"12.02.2025","471.73","470.44","472.15","468.09","3.30M","-0.19%"
"11.02.2025","472.61","470.05","473.05","466.71","2.32M","0.52%"
"10.02.2025","470.17","473.96","474.20","469.37","2.91M","-0.54%"
"07.02.2025","472.74","477.41","478.25","472.34","3.21M","-0.94%"
"06.02.2025","477.22","475.46","478.00","473.28","3.83M","0.74%"
"05.02.2025","473.73","469.81","474.24","468.89","3.78M","1.33%"
"04.02.2025","467.49","464.94","467.91","462.70","3.24M","0.62%"
"03.02.2025","464.61","461.30","466.74","454.60","4.23M","-0.87%"
"31.01.2025","468.67","471.84","472.55","467.01","5.44M","-0.78%"
"30.01.2025","472.35","472.20","474.06","469.15","2.55M","0.66%"
"29.01.2025","469.26","469.88","473.92","468.00","2.52M","-0.15%"
"28.01.2025","469.97","473.93","473.93","469.30","3.26M","-1.00%"
"27.01.2025","474.70","464.30","474.93","464.30","4.54M","2.48%"
"24.01.2025","463.19","459.20","463.81","457.08","3.07M","0.73%"
"23.01.2025","459.83","461.68","464.76","458.00","4.42M","-0.15%"
"22.01.2025","460.51","468.59","468.89","455.28","5.84M","-1.72%"
"21.01.2025","468.57","471.00","473.17","467.72","4.91M","0.13%"
"17.01.2025","467.95","464.71","470.18","462.45","6.47M","1.11%"
"16.01.2025","462.81","458.93","462.96","458.30","3.48M","0.94%"
"15.01.2025","458.51","455.55","459.09","453.27","4.72M","1.88%"
"14.01.2025","450.03","445.50","450.30","443.92","4.06M","1.38%"
"13.01.2025","443.91","442.04","445.00","441.15","3.64M","0.28%"
"10.01.2025","442.66","452.66","453.00","440.10","5.47M","-2.03%"
"08.01.2025","451.84","453.63","454.00","449.63","3.93M","-0.24%"
"07.01.2025","452.92","452.80","456.52","451.10","3.51M","0.33%"
"06.01.2025","451.41","453.85","456.24","450.57","4.07M","-0.47%"
"03.01.2025","453.56","452.53","454.53","450.12","2.89M","0.55%"
"02.01.2025","451.10","455.96","456.89","450.03","3.75M","-0.48%"
"31.12.2024","453.28","452.20","454.33","451.11","3.38M","0.25%"
"30.12.2024","452.16","454.24","454.69","449.18","2.83M","-0.95%"
"27.12.2024","456.51","457.30","461.13","454.48","3.24M","-0.56%"
"26.12.2024","459.08","457.27","459.48","455.80","2.16M","0.09%"
"24.12.2024","458.66","455.41","458.99","454.07","1.76M","0.95%"
"23.12.2024","454.35","453.19","454.55","449.82","3.84M","0.25%"
"20.12.2024","453.20","449.11","458.65","447.19","12.94M","0.86%"
"19.12.2024","449.34","451.73","453.80","448.89","4.65M","0.62%"
"18.12.2024","446.59","457.06","458.73","446.09","4.36M","-1.99%"
"17.12.2024","455.66","454.70","456.62","452.06","5.06M","0.10%"
"16.12.2024","455.20","459.17","460.42","454.58","4.51M","-0.59%"
"13.12.2024","457.90","460.51","460.51","457.01","3.47M","-0.16%"
"12.12.2024","458.63","462.16","463.57","458.08","2.57M","-0.60%"
"11.12.2024","461.39","463.33","465.48","458.77","3.88M","-0.24%"
"10.12.2024","462.49","464.42","464.99","459.50","3.65M","-0.30%"
"09.12.2024","463.87","470.60","471.70","463.42","3.75M","-1.41%"
"06.12.2024","470.50","470.58","472.08","467.82","3.27M","-0.01%"
"05.12.2024","470.57","468.78","472.74","468.72","3.32M","0.48%"
"04.12.2024","468.32","471.09","471.34","466.50","3.94M","-0.40%"
"03.12.2024","470.19","478.16","478.30","468.80","4.93M","-1.50%"
"02.12.2024","477.33","484.80","485.09","474.75","5.03M","-1.18%"
"29.11.2024","483.02","485.37","486.01","482.05","2.97M","-0.01%"
"27.11.2024","483.08","481.00","491.67","480.87","5.36M","0.94%"
"26.11.2024","478.56","478.20","479.40","472.85","3.33M","0.24%"
"25.11.2024","477.43","479.13","482.50","476.79","5.25M","0.18%"
"22.11.2024","476.57","472.27","477.44","471.61","3.89M","0.96%"
"21.11.2024","472.06","469.45","474.66","467.00","4.12M","0.69%"
"20.11.2024","468.83","470.00","470.61","466.11","3.02M","-0.01%"
"19.11.2024","468.86","470.77","470.77","465.01","3.66M","-0.71%"
"18.11.2024","472.20","470.98","472.67","468.36","3.36M","0.41%"
"15.11.2024","470.28","466.74","472.26","465.19","5.82M","0.55%"
"14.11.2024","467.70","468.81","469.45","466.00","3.78M","-0.09%"
"13.11.2024","468.10","466.41","468.40","464.00","2.86M","0.39%"
"12.11.2024","466.29","467.69","468.42","465.15","4.40M","-0.23%"
"11.11.2024","467.36","466.01","470.51","464.00","4.12M","0.85%"
"08.11.2024","463.41","461.98","466.35","459.50","3.54M","0.71%"
"07.11.2024","460.13","468.27","468.46","460.10","4.24M","-1.87%"
"06.11.2024","468.90","461.00","469.26","459.48","6.91M","5.36%"
"05.11.2024","445.06","442.29","445.23","441.10","3.15M","0.63%"
"04.11.2024","442.29","450.37","450.70","437.90","5.73M","-2.18%"
"01.11.2024","452.14","451.49","455.12","450.70","2.97M","0.27%"
"31.10.2024","450.92","455.19","456.84","450.57","3.66M","-0.89%"
"30.10.2024","454.96","454.67","457.67","453.82","2.69M","0.07%"
"29.10.2024","454.62","458.60","458.92","454.39","3.99M","-0.84%"
"28.10.2024","458.49","455.59","459.24","455.00","4.10M","0.99%"
"25.10.2024","454.01","458.60","459.45","453.03","2.84M","-0.82%"
"24.10.2024","457.77","460.90","461.05","453.96","3.79M","-0.62%"
"23.10.2024","460.61","460.15","463.26","458.74","3.66M","-0.18%"
"22.10.2024","461.45","464.11","465.15","457.60","3.32M","-0.58%"
"21.10.2024","464.16","464.53","465.79","461.68","3.13M","-0.14%"
"18.10.2024","464.80","467.00","467.00","463.25","5.64M","-0.23%"
"17.10.2024","465.85","466.10","467.84","464.27","2.52M","0.03%"
"16.10.2024","465.69","463.25","466.00","462.20","3.17M","0.65%"
"15.10.2024","462.68","460.99","466.66","460.51","3.93M","0.59%"
"14.10.2024","459.98","461.92","462.00","458.10","2.97M","-0.05%"
"11.10.2024","460.21","455.90","463.45","455.90","3.24M","1.16%"
"10.10.2024","454.93","457.50","457.51","452.72","2.38M","-0.21%"
"09.10.2024","455.90","452.75","457.88","452.36","2.21M","0.46%"
"08.10.2024","453.80","455.96","457.56","452.85","2.23M","0.07%"
"07.10.2024","453.50","462.34","462.34","452.41","3.22M","-1.83%"
"04.10.2024","461.97","455.01","462.18","453.81","3.09M","1.99%"
"03.10.2024","452.96","455.47","455.97","450.92","2.56M","-0.81%"
"02.10.2024","456.67","458.70","458.70","454.19","2.80M","-0.16%"
"01.10.2024","457.41","459.11","459.79","454.82","3.04M","-0.62%"
"30.09.2024","460.26","458.40","460.63","454.55","3.64M","0.61%"
"27.09.2024","457.47","456.04","458.27","455.04","2.73M","0.72%"
"26.09.2024","454.18","452.74","457.00","451.34","3.26M","0.40%"
"25.09.2024","452.36","454.90","455.81","451.21","2.84M","-0.48%"
"24.09.2024","454.56","454.33","455.60","451.77","3.01M","-0.09%"
"23.09.2024","454.98","457.31","459.65","453.42","3.49M","-0.07%"
"20.09.2024","455.31","457.76","457.95","454.05","8.47M","-0.96%"
"19.09.2024","459.71","462.00","462.19","457.25","3.89M","0.68%"
"18.09.2024","456.60","458.08","459.84","454.88","3.07M","-0.02%"
"17.09.2024","456.68","453.50","461.10","453.29","3.82M","1.08%"
"16.09.2024","451.78","448.80","452.99","448.34","3.26M","0.93%"
"13.09.2024","447.61","451.58","452.43","447.21","3.88M","-0.72%"
"12.09.2024","450.87","454.84","455.00","449.27","3.86M","-0.49%"
"11.09.2024","453.10","457.62","457.62","445.25","5.77M","-1.27%"
"10.09.2024","458.92","461.82","464.32","456.21","3.54M","-0.15%"
"09.09.2024","459.61","463.97","466.00","459.26","4.57M","0.04%"
"06.09.2024","459.42","463.82","468.17","458.55","4.40M","-1.18%"
"05.09.2024","464.92","479.43","479.43","462.88","6.21M","-2.85%"
"04.09.2024","478.57","478.68","484.82","474.22","5.32M","0.36%"
"03.09.2024","476.83","475.00","482.89","473.72","7.51M","0.19%"
"30.08.2024","475.92","470.52","476.95","470.00","7.47M","1.61%"
"29.08.2024","468.37","467.11","469.85","463.00","4.46M","0.81%"
"28.08.2024","464.59","461.17","466.60","460.78","4.84M","0.86%"
"27.08.2024","460.63","455.94","462.10","454.62","3.76M","1.35%"
"26.08.2024","454.49","455.30","459.27","453.34","3.58M","0.24%"
"23.08.2024","453.38","450.00","453.72","448.81","2.81M","0.97%"
"22.08.2024","449.03","446.30","449.60","444.65","3.50M","0.54%"
"21.08.2024","446.60","449.84","451.28","443.84","3.03M","-0.39%"
"20.08.2024","448.36","449.30","450.50","446.38","2.91M","-0.09%"
"19.08.2024","448.77","446.01","450.45","445.73","3.39M","0.96%"
"16.08.2024","444.51","441.55","445.20","440.45","3.34M","0.83%"
"15.08.2024","440.84","441.80","442.59","438.72","3.23M","0.54%"
"14.08.2024","438.47","433.00","438.98","431.71","2.86M","1.40%"
"13.08.2024","432.41","431.83","432.81","425.90","3.47M","0.47%"
"12.08.2024","430.39","434.16","434.16","429.01","2.38M","-0.30%"
"09.08.2024","431.67","431.92","434.75","430.21","2.60M","0.03%"
"08.08.2024","431.54","429.24","432.26","427.60","3.15M","1.06%"
"07.08.2024","427.02","426.07","433.17","425.60","4.75M","1.16%"
"06.08.2024","422.14","416.41","427.46","415.10","5.14M","2.04%"
"05.08.2024","413.72","413.43","417.82","406.11","7.70M","-3.42%"
"02.08.2024","428.36","429.77","436.25","423.49","4.25M","-0.80%"
"01.08.2024","431.81","439.67","440.61","430.95","3.89M","-1.53%"
"31.07.2024","438.50","439.85","440.85","437.74","3.80M","-0.63%"
"30.07.2024","441.26","439.51","443.89","439.14","3.74M","0.67%"
"29.07.2024","438.31","438.01","439.44","435.49","2.62M","0.15%"
"26.07.2024","437.66","435.66","439.00","434.10","2.72M","1.01%"
"25.07.2024","433.29","431.60","439.63","431.60","3.33M","0.11%"
"24.07.2024","432.80","433.99","435.41","430.73","3.14M","-0.28%"
"23.07.2024","434.01","437.34","437.92","433.47","2.39M","-0.45%"
"22.07.2024","435.98","435.05","438.11","432.12","3.00M","0.35%"
"19.07.2024","434.47","442.67","442.80","433.35","4.16M","-1.66%"
"18.07.2024","441.82","445.62","449.25","439.57","4.64M","-0.85%"
"17.07.2024","445.61","437.85","446.15","437.84","4.78M","1.53%"
"16.07.2024","438.90","437.40","439.05","434.02","4.29M","1.03%"
"15.07.2024","434.42","425.59","434.71","425.30","4.59M","2.35%"
"12.07.2024","424.44","420.23","427.45","419.70","4.83M","1.35%"
"11.07.2024","418.78","413.99","419.20","412.00","4.07M","1.21%"
"10.07.2024","413.79","410.81","413.96","409.40","3.79M","0.80%"
"09.07.2024","410.52","409.42","413.71","408.64","2.99M","0.35%"
"08.07.2024","409.08","411.27","413.79","408.00","3.56M","-0.51%"
"05.07.2024","411.17","406.24","411.40","405.03","5.15M","1.33%"
"03.07.2024","405.77","407.16","407.16","404.22","1.97M","-0.33%"
"02.07.2024","407.10","404.02","407.39","403.92","3.22M","0.47%"
"01.07.2024","405.19","408.09","409.67","403.82","2.98M","-0.40%"
"28.06.2024","406.80","408.25","410.05","405.79","6.82M","-0.28%"
"27.06.2024","407.95","410.26","410.26","406.34","3.22M","-0.56%"
"26.06.2024","410.26","410.02","410.68","407.25","3.34M","-0.17%"
"25.06.2024","410.97","414.00","414.25","409.62","3.88M","-0.73%"
"24.06.2024","413.98","410.70","417.00","410.00","4.94M","1.06%"
"21.06.2024","409.62","409.82","410.47","407.68","9.01M","0.11%"
"20.06.2024","409.15","407.25","411.00","404.05","4.85M","0.29%"
"18.06.2024","407.95","406.74","408.50","405.28","4.01M","0.15%"
"17.06.2024","407.32","405.18","407.82","403.55","3.41M","0.44%"
"14.06.2024","405.54","404.90","406.34","403.33","2.77M","-0.09%"
"13.06.2024","405.92","407.63","408.00","403.57","4.57M","-0.70%"
"12.06.2024","408.77","411.09","411.89","407.16","3.55M","0.07%"
"11.06.2024","408.50","408.88","408.91","406.11","3.61M","-0.56%"
"10.06.2024","410.81","413.34","413.94","409.27","2.67M","-0.70%"
"07.06.2024","413.72","411.28","415.88","409.85","2.94M","0.64%"
"06.06.2024","411.08","410.42","411.24","407.38","3.45M","0.30%"
"05.06.2024","409.85","410.10","410.27","405.77","2.64M","0.08%"
"04.06.2024","409.53","414.85","415.89","406.44","4.16M","-1.27%"
"03.06.2024","414.79","414.89","416.72","408.78","4.91M","0.09%"
"31.05.2024","414.40","408.09","415.40","406.88","5.20M","1.42%"
"30.05.2024","408.61","403.77","409.04","402.77","2.91M","1.12%"
"29.05.2024","404.09","403.00","405.87","401.58","3.43M","0.05%"
"28.05.2024","403.90","408.24","408.24","401.87","3.32M","-0.86%"
"24.05.2024","407.41","406.90","407.96","405.50","2.07M","0.38%"
"23.05.2024","405.88","413.25","413.25","404.87","3.40M","-1.96%"
"22.05.2024","413.99","414.95","417.26","412.96","2.67M","-0.09%"
"21.05.2024","414.37","413.59","415.70","412.56","2.74M","0.33%"
"20.05.2024","413.00","417.04","417.28","412.61","3.29M","-0.94%"
"17.05.2024","416.94","413.98","417.33","413.70","2.99M","0.92%"
"16.05.2024","413.12","413.80","416.34","412.91","3.55M","0.09%"
"15.05.2024","412.76","410.51","413.40","410.10","2.86M","0.61%"
"14.05.2024","410.24","410.45","411.56","408.17","2.67M","-0.24%"
"13.05.2024","411.22","414.06","414.30","410.19","2.71M","-0.20%"
"10.05.2024","412.05","409.85","412.38","409.20","3.09M","0.79%"
"09.05.2024","408.82","406.25","408.87","405.46","2.36M","0.60%"
"08.05.2024","406.37","406.47","407.23","403.75","2.40M","0.06%"
"07.05.2024","406.14","406.93","407.26","403.61","3.09M","0.30%"
"06.05.2024","404.92","403.96","405.15","399.26","3.92M","1.01%"
"03.05.2024","400.87","404.50","404.50","399.21","4.13M","0.07%"
"02.05.2024","400.60","401.00","401.56","397.88","2.68M","0.51%"
"01.05.2024","398.58","396.61","402.32","396.35","2.61M","0.47%"
"30.04.2024","396.73","400.58","400.60","396.37","3.07M","-1.05%"
"29.04.2024","400.96","402.66","404.87","400.08","2.37M","-0.28%"
"26.04.2024","402.10","403.92","404.75","401.41","3.03M","-0.69%"
"25.04.2024","404.91","404.85","406.14","400.35","2.68M","-0.26%"
"24.04.2024","405.95","407.10","407.62","403.88","2.51M","-0.68%"
"23.04.2024","408.74","410.25","410.72","405.64","2.29M","-0.01%"
"22.04.2024","408.78","406.84","411.35","406.25","2.98M","0.91%"
"19.04.2024","405.08","401.04","405.57","400.17","4.00M","1.30%"
"18.04.2024","399.89","399.70","402.99","399.10","2.67M","0.54%"
"17.04.2024","397.74","398.94","399.28","395.66","2.47M","0.21%"
"16.04.2024","396.92","400.97","401.25","396.50","3.44M","-0.83%"
"15.04.2024","400.26","406.99","409.06","399.86","3.00M","-0.74%"
"12.04.2024","403.26","405.00","407.21","401.44","3.47M","-1.07%"
"11.04.2024","407.61","408.40","411.15","404.05","2.89M","-0.37%"
"10.04.2024","409.11","412.74","413.56","407.53","3.13M","-1.35%"
"09.04.2024","414.69","416.58","417.32","412.12","2.23M","-0.31%"
"08.04.2024","415.97","418.32","418.57","415.63","2.49M","-0.63%"
"05.04.2024","418.62","416.56","419.27","415.41","2.74M","0.79%"
"04.04.2024","415.32","423.84","424.52","414.55","3.80M","-1.17%"
"03.04.2024","420.24","419.00","421.91","418.52","2.74M","0.32%"
"02.04.2024","418.92","419.75","421.01","418.08","3.18M","-0.30%"
"01.04.2024","420.20","421.49","421.66","417.81","2.72M","-0.08%"
"28.03.2024","420.52","417.80","421.44","415.85","4.38M","0.86%"
"27.03.2024","416.93","413.65","417.21","413.40","2.93M","1.30%"
"26.03.2024","411.57","410.00","412.66","408.60","2.94M","0.40%"
"25.03.2024","409.92","410.67","411.07","408.92","2.81M","-0.41%"
"22.03.2024","411.60","413.00","414.35","411.40","3.00M","-0.53%"
"21.03.2024","413.78","416.70","417.83","413.51","3.40M","-0.56%"
"20.03.2024","416.11","412.02","416.31","411.55","2.94M","1.06%"
"19.03.2024","411.76","409.08","412.19","408.09","2.80M","0.82%"
"18.03.2024","408.41","408.70","410.60","406.00","3.78M","0.07%"
"15.03.2024","408.13","404.27","408.46","402.50","7.56M","0.34%"
"14.03.2024","406.73","409.08","409.08","403.34","3.74M","-0.34%"
"13.03.2024","408.13","405.30","409.00","404.15","3.59M","0.78%"
"12.03.2024","404.98","406.78","407.20","404.10","2.62M","0.05%"
"11.03.2024","404.76","403.30","405.01","402.74","2.44M","0.40%"
"08.03.2024","403.15","401.08","403.36","400.01","3.42M","0.19%"
"07.03.2024","402.39","406.11","406.40","399.57","4.19M","-0.39%"
"06.03.2024","403.96","402.18","407.44","401.70","3.84M","0.80%"
"05.03.2024","400.74","402.55","403.33","398.78","4.71M","-0.66%"
"04.03.2024","403.39","405.00","405.95","401.43","4.18M","-0.91%"
"01.03.2024","407.11","409.48","410.39","405.45","3.28M","-0.56%"
"29.02.2024","409.40","413.10","413.79","408.38","4.85M","-0.66%"
"28.02.2024","412.14","408.50","414.67","407.71","4.07M","0.79%"
"27.02.2024","408.91","409.21","409.96","401.71","4.61M","-0.06%"
"26.02.2024","409.14","422.00","430.00","408.85","7.45M","-1.94%"
"23.02.2024","417.22","417.68","420.56","416.52","4.03M","0.50%"
"22.02.2024","415.16","411.30","416.26","411.00","3.70M","1.44%"
"21.02.2024","409.25","408.26","409.48","406.70","2.72M","0.52%"
"20.02.2024","407.15","406.47","411.11","406.06","3.53M","0.29%"
"16.02.2024","405.99","404.44","406.74","402.59","3.53M","0.63%"
"15.02.2024","403.45","399.14","404.27","398.30","3.08M","1.20%"
"14.02.2024","398.68","395.15","398.86","393.55","2.67M","0.98%"
"13.02.2024","394.80","397.18","399.70","392.10","3.46M","-0.73%"
"12.02.2024","397.71","398.65","399.48","396.19","2.82M","-0.16%"
"09.02.2024","398.36","397.31","398.36","395.82","2.51M","0.22%"
"08.02.2024","397.49","397.22","398.65","394.85","3.36M","-0.04%"
"07.02.2024","397.66","394.60","399.15","394.36","3.43M","1.00%"
"06.02.2024","393.74","390.29","393.93","390.00","2.57M","0.76%"
"05.02.2024","390.76","389.95","393.37","389.29","3.65M","0.00%"
"02.02.2024","390.75","386.68","392.07","386.44","3.81M","1.12%"
"01.02.2024","386.44","384.00","386.55","381.48","2.95M","0.70%"
"31.01.2024","383.74","386.53","387.92","383.55","3.86M","-0.88%"
"30.01.2024","387.15","383.24","387.64","380.08","3.09M","1.04%"
"29.01.2024","383.18","385.49","385.70","379.17","3.80M","-0.58%"
"26.01.2024","385.40","381.05","385.73","380.00","3.62M","1.19%"
"25.01.2024","380.85","379.24","380.99","377.89","4.06M","1.13%"
"24.01.2024","376.59","372.53","377.79","372.03","4.59M","1.20%"
"23.01.2024","372.14","368.02","372.42","367.70","2.90M","1.11%"
"22.01.2024","368.06","368.05","369.27","366.53","3.56M","0.29%"
"19.01.2024","366.99","362.25","368.31","361.02","4.09M","1.27%"
"18.01.2024","362.38","359.25","362.64","358.30","3.01M","0.86%"
"17.01.2024","359.29","359.01","362.53","357.98","2.55M","-0.50%"
"16.01.2024","361.10","362.94","363.60","359.89","3.05M","-0.69%"
"12.01.2024","363.62","366.51","366.85","362.57","2.62M","0.08%"
"11.01.2024","363.34","367.81","367.89","362.13","3.58M","-1.24%"
"10.01.2024","367.92","366.26","368.83","365.75","2.45M","0.28%"
"09.01.2024","366.90","368.00","368.00","364.77","3.00M","-0.35%"
"08.01.2024","368.18","366.01","368.30","364.20","3.45M","0.71%"
"05.01.2024","365.59","364.83","366.30","364.19","2.97M","0.53%"
"04.01.2024","363.68","367.41","369.37","363.41","4.14M","-0.84%"
"03.01.2024","366.75","362.08","367.85","361.07","4.32M","1.18%"
"02.01.2024","362.46","356.32","362.57","355.94","4.74M","1.63%"
"29.12.2023","356.66","357.56","357.86","355.31","3.27M","-0.25%"
"28.12.2023","357.57","357.48","358.68","356.73","2.74M","0.17%"
"27.12.2023","356.95","355.93","357.08","355.50","2.48M","0.03%"
"26.12.2023","356.83","356.90","357.77","356.08","1.97M","0.10%"
"22.12.2023","356.47","356.50","358.26","355.41","2.33M","0.09%"
"21.12.2023","356.14","356.02","357.20","353.63","2.85M","0.22%"
"20.12.2023","355.35","361.52","361.66","355.12","3.93M","-1.78%"
"19.12.2023","361.80","360.15","362.55","359.09","3.09M","0.60%"
"18.12.2023","359.65","357.42","361.14","357.00","4.53M","0.88%"
"15.12.2023","356.50","357.63","358.00","354.20","8.58M","-0.45%"
"14.12.2023","358.12","364.05","364.05","356.38","5.52M","-1.08%"
"13.12.2023","362.03","360.19","362.15","359.04","3.16M","0.56%"
"12.12.2023","360.02","357.90","360.40","356.76","3.19M","0.83%"
"11.12.2023","357.06","355.00","357.49","354.21","3.11M","1.13%"
"08.12.2023","353.08","353.00","353.67","351.02","3.29M","0.11%"
"07.12.2023","352.70","352.00","353.02","350.85","2.83M","0.09%"
"06.12.2023","352.38","356.15","357.45","351.89","3.04M","-0.75%"
"05.12.2023","355.03","355.23","356.60","352.29","3.28M","-0.46%"
"04.12.2023","356.66","355.91","357.83","353.79","3.05M","-0.11%"
"01.12.2023","357.07","359.94","360.24","355.30","4.71M","-0.81%"
"30.11.2023","360.00","359.45","360.43","358.42","4.61M","0.37%"
"29.11.2023","358.69","360.95","361.52","358.30","3.14M","-0.38%"
"28.11.2023","360.05","361.55","362.12","359.21","2.96M","-0.36%"
"27.11.2023","361.34","362.64","362.64","359.58","2.58M","-0.37%"
"24.11.2023","362.68","362.51","363.19","361.24","1.28M","0.24%"
"22.11.2023","361.80","361.76","362.46","360.05","2.11M","0.22%"
"21.11.2023","361.00","360.58","363.03","360.25","2.92M","-0.09%"
"20.11.2023","361.33","359.35","362.61","358.18","3.22M","0.67%"
"17.11.2023","358.93","360.47","360.56","358.07","3.26M","-0.26%"
"16.11.2023","359.86","357.79","360.00","357.23","2.83M","0.86%"
"15.11.2023","356.79","355.02","357.31","354.48","3.58M","0.72%"
"14.11.2023","354.25","352.52","355.95","351.25","3.39M","1.21%"
"13.11.2023","350.01","350.09","350.65","348.81","2.20M","-0.16%"
"10.11.2023","350.56","349.60","351.20","348.60","3.70M","0.68%"
"09.11.2023","348.18","347.64","350.11","346.88","3.05M","0.54%"
"08.11.2023","346.30","346.85","348.00","344.69","2.60M","0.04%"
"07.11.2023","346.17","346.81","346.95","344.30","3.06M","-0.13%"
"06.11.2023","346.63","354.03","354.03","344.06","5.49M","-1.47%"
"03.11.2023","351.81","350.17","354.35","349.79","4.41M","0.80%"
"02.11.2023","349.02","346.39","349.39","344.50","3.44M","1.53%"
"01.11.2023","343.75","341.21","345.33","340.58","2.79M","0.71%"
"31.10.2023","341.33","337.95","341.49","337.50","3.07M","1.16%"
"30.10.2023","337.41","332.96","338.36","332.17","2.64M","1.72%"
"27.10.2023","331.71","336.12","336.19","330.58","3.61M","-1.32%"
"26.10.2023","336.16","337.07","338.32","335.46","2.69M","-0.22%"
"25.10.2023","336.90","338.59","339.62","336.55","2.62M","-0.51%"
"24.10.2023","338.63","338.18","339.85","337.77","2.36M","0.53%"
"23.10.2023","336.84","334.07","338.88","333.49","2.80M","0.29%"
"20.10.2023","335.86","338.15","340.00","334.35","3.47M","-0.83%"
"19.10.2023","338.66","340.31","342.69","338.45","2.75M","-0.65%"
"18.10.2023","340.89","344.72","344.83","339.96","2.98M","-1.30%"
"17.10.2023","345.39","346.18","348.41","344.15","3.00M","-0.24%"
"16.10.2023","346.23","348.00","349.94","345.83","3.12M","0.33%"
"13.10.2023","345.09","346.00","348.44","343.88","2.81M","-0.16%"
"12.10.2023","345.66","348.21","348.66","343.02","2.68M","-0.79%"
"11.10.2023","348.43","349.38","349.60","344.92","2.62M","-0.04%"
"10.10.2023","348.56","347.00","349.51","345.50","2.86M","0.90%"
"09.10.2023","345.45","344.24","345.90","342.83","2.76M","-0.26%"
"06.10.2023","346.34","344.10","348.76","341.86","3.18M","0.37%"
"05.10.2023","345.06","343.70","345.94","342.37","3.03M","0.40%"
"04.10.2023","343.69","342.92","344.01","339.51","3.25M","0.19%"
"03.10.2023","343.04","347.39","348.24","342.13","3.15M","-1.45%"
"02.10.2023","348.08","349.64","350.00","345.41","3.53M","-0.63%"
"29.09.2023","350.30","357.30","357.50","348.55","4.94M","-1.89%"
"28.09.2023","357.06","357.80","359.47","356.67","2.73M","-0.20%"
"27.09.2023","357.78","360.01","360.52","354.27","3.54M","-0.46%"
"26.09.2023","359.42","359.80","360.79","357.95","3.07M","-0.63%"
"25.09.2023","361.71","359.01","361.89","357.27","2.56M","0.43%"
"22.09.2023","360.16","362.78","363.42","359.76","3.97M","-0.86%"
"21.09.2023","363.28","366.56","367.20","362.94","3.18M","-0.97%"
"20.09.2023","366.82","371.33","371.34","366.73","2.27M","-0.99%"
"19.09.2023","370.48","371.64","373.34","368.46","2.61M","0.01%"
"18.09.2023","370.43","369.33","371.33","367.79","3.13M","0.70%"
"15.09.2023","367.86","368.52","370.20","367.52","11.62M","-0.44%"
"14.09.2023","369.50","370.10","370.22","368.26","3.68M","0.46%"
"13.09.2023","367.82","369.33","370.84","365.97","3.27M","0.01%"
"12.09.2023","367.78","365.65","370.43","365.47","2.90M","0.62%"
"11.09.2023","365.52","364.87","366.61","364.51","2.93M","0.65%"
"08.09.2023","363.15","362.52","364.83","361.77","3.02M","0.37%"
"07.09.2023","361.80","360.96","363.30","360.87","3.26M","0.04%"
"06.09.2023","361.67","360.02","362.80","359.26","2.66M","0.33%"
"05.09.2023","360.47","363.88","366.47","360.00","2.98M","-0.55%"
"01.09.2023","362.46","362.00","363.39","360.60","2.64M","0.63%"
"31.08.2023","360.20","362.18","362.47","359.25","2.85M","-0.24%"
"30.08.2023","361.06","358.63","362.68","358.60","3.06M","0.77%"
"29.08.2023","358.29","355.04","358.59","354.01","2.29M","0.77%"
"28.08.2023","355.55","357.89","358.41","354.53","1.73M","-0.11%"
"25.08.2023","355.93","354.99","357.35","352.92","2.14M","0.46%"
"24.08.2023","354.30","354.35","357.23","354.13","2.53M","0.01%"
"23.08.2023","354.26","351.63","354.32","351.54","2.24M","1.05%"
"22.08.2023","350.57","353.01","353.50","349.66","2.37M","-0.43%"
"21.08.2023","352.09","354.09","354.18","349.61","2.54M","-0.13%"
"18.08.2023","352.56","351.47","354.30","351.25","2.87M","-0.18%"
"17.08.2023","353.19","354.01","356.30","351.88","2.85M","-0.26%"
"16.08.2023","354.11","354.60","358.72","353.38","2.20M","-0.11%"
"15.08.2023","354.50","357.00","357.92","353.67","2.87M","-1.11%"
"14.08.2023","358.48","358.25","358.95","356.81","1.99M","0.04%"
"11.08.2023","358.35","356.26","359.25","353.20","2.48M","0.38%"
"10.08.2023","356.98","359.36","362.35","355.92","3.10M","-0.29%"
"09.08.2023","358.02","364.20","364.43","356.06","4.43M","-1.57%"
"08.08.2023","363.73","359.42","364.25","358.85","3.43M","0.32%"
"07.08.2023","362.58","355.73","364.63","355.15","5.39M","3.60%"
"04.08.2023","349.99","353.99","355.11","349.39","2.84M","-1.08%"
"03.08.2023","353.81","350.29","354.47","349.42","2.94M","0.75%"
"02.08.2023","351.19","351.45","352.89","349.69","3.09M","-0.30%"
"01.08.2023","352.26","352.03","353.42","351.25","2.30M","0.09%"
"31.07.2023","351.96","350.73","352.33","350.21","2.62M","0.61%"
"28.07.2023","349.81","349.93","351.00","348.32","2.47M","0.14%"
"27.07.2023","349.31","350.69","351.27","348.60","2.71M","-0.14%"
"26.07.2023","349.80","347.56","351.09","347.52","2.68M","0.64%"
"25.07.2023","347.58","349.32","349.66","345.54","3.02M","-0.59%"
"24.07.2023","349.63","346.77","351.19","346.28","3.27M","1.12%"
"21.07.2023","345.76","346.76","347.62","345.10","3.30M","-0.25%"
"20.07.2023","346.61","343.09","346.79","342.85","3.15M","1.22%"
"19.07.2023","342.43","344.21","345.38","341.99","3.04M","-0.84%"
"18.07.2023","345.34","344.05","347.25","343.54","2.57M","0.32%"
"17.07.2023","344.25","341.09","345.72","341.09","2.36M","0.93%"
"14.07.2023","341.09","344.99","345.00","340.51","2.68M","-0.71%"
"13.07.2023","343.54","345.60","346.20","343.45","2.83M","-0.52%"
"12.07.2023","345.35","345.29","346.44","344.31","2.90M","0.58%"
"11.07.2023","343.37","341.23","343.84","340.92","2.76M","0.66%"
"10.07.2023","341.13","340.48","343.48","339.86","2.97M","0.07%"
"07.07.2023","340.90","340.52","344.07","340.39","2.94M","-0.16%"
"06.07.2023","341.46","339.75","341.80","338.91","2.55M","-0.03%"
"05.07.2023","341.56","340.05","341.89","338.70","2.88M","-0.13%"
"03.07.2023","342.00","340.75","342.08","338.41","2.05M","0.29%"
"30.06.2023","341.00","338.78","342.50","338.40","4.52M","1.21%"
"29.06.2023","336.91","334.26","337.01","334.14","2.50M","0.83%"
"28.06.2023","334.15","336.05","336.40","332.61","3.22M","-0.35%"
"27.06.2023","335.34","334.39","336.73","334.37","2.63M","0.37%"
"26.06.2023","334.12","335.17","335.83","331.84","3.22M","-0.34%"
"23.06.2023","335.25","335.10","337.47","334.19","4.45M","-0.51%"
"22.06.2023","336.96","338.84","338.85","335.66","3.30M","-0.49%"
"21.06.2023","338.61","337.30","341.35","336.37","4.51M","-0.02%"
"20.06.2023","338.67","338.15","339.28","336.62","3.75M","0.11%"
"16.06.2023","338.31","341.02","341.30","337.66","8.49M","-0.44%"
"15.06.2023","339.82","335.97","341.68","335.54","4.12M","1.17%"
"14.06.2023","335.90","337.22","340.38","334.09","5.17M","-0.15%"
"13.06.2023","336.39","333.22","336.62","332.20","2.95M","0.84%"
"12.06.2023","333.60","335.16","335.35","332.22","2.87M","-0.50%"
"09.06.2023","335.29","335.76","337.59","334.92","2.62M","-0.20%"
"08.06.2023","335.95","335.49","336.32","334.10","2.76M","0.16%"
"07.06.2023","335.42","334.01","335.82","331.43","3.73M","0.60%"
"06.06.2023","333.41","329.04","334.16","328.68","3.18M","1.47%"
"05.06.2023","328.58","330.89","330.89","327.57","3.37M","-0.27%"
"02.06.2023","329.48","325.16","330.67","324.42","3.96M","1.97%"
"01.06.2023","323.12","321.42","323.22","319.53","3.38M","0.64%"
"31.05.2023","321.08","321.12","322.41","319.39","6.18M","-0.34%"
"30.05.2023","322.19","321.86","322.47","319.00","3.23M","0.50%"
"26.05.2023","320.60","320.44","322.63","319.67","3.23M","0.50%"
"25.05.2023","319.02","320.56","320.56","317.71","4.25M","-0.37%"
"24.05.2023","320.20","322.71","323.00","319.56","3.08M","-0.90%"
"23.05.2023","323.11","328.19","329.27","322.97","4.03M","-1.83%"
"22.05.2023","329.13","330.75","331.49","328.35","2.76M","-0.38%"
"19.05.2023","330.39","331.00","333.94","329.12","4.32M","0.19%"
"18.05.2023","329.76","326.87","329.98","325.85","2.81M","0.72%"
"17.05.2023","327.39","325.02","328.26","324.82","3.05M","1.12%"
"16.05.2023","323.75","322.46","324.69","322.36","2.14M","0.07%"
"15.05.2023","323.53","322.89","323.83","320.13","2.19M","0.32%"
"12.05.2023","322.49","323.82","324.24","320.54","1.94M","-0.05%"
"11.05.2023","322.64","320.99","322.96","319.80","2.55M","-0.11%"
"10.05.2023","322.99","326.08","326.16","320.15","2.64M","-0.58%"
"09.05.2023","324.87","324.87","326.88","323.48","2.29M","-0.39%"
"08.05.2023","326.14","328.26","330.69","325.79","3.30M","0.70%"
"05.05.2023","323.88","323.36","325.16","322.62","3.88M","1.21%"
"04.05.2023","320.00","323.44","325.99","317.41","3.19M","-1.00%"
"03.05.2023","323.22","327.13","328.07","323.06","2.66M","-0.81%"
"02.05.2023","325.86","330.15","330.25","322.76","3.37M","-1.31%"
"01.05.2023","330.17","329.16","331.84","328.57","2.47M","0.49%"
"28.04.2023","328.55","325.44","328.81","325.19","2.91M","0.71%"
"27.04.2023","326.23","322.86","326.91","322.11","2.95M","1.78%"
"26.04.2023","320.53","323.31","323.74","319.00","2.72M","-1.17%"
"25.04.2023","324.34","325.99","327.10","324.11","2.55M","-0.52%"
"24.04.2023","326.05","324.43","326.39","324.30","2.26M","0.53%"
"21.04.2023","324.33","322.36","324.85","321.61","2.41M","0.16%"
"20.04.2023","323.82","322.20","324.37","321.32","2.43M","0.23%"
"19.04.2023","323.09","323.85","324.55","322.76","2.41M","-0.47%"
"18.04.2023","324.63","324.95","325.72","322.49","3.58M","0.26%"
"17.04.2023","323.79","320.20","323.98","319.00","3.43M","1.27%"
"14.04.2023","319.74","318.89","321.88","318.12","2.98M","0.53%"
"13.04.2023","318.05","315.27","318.81","313.26","3.33M","1.11%"
"12.04.2023","314.55","315.97","316.92","313.72","2.66M","0.27%"
"11.04.2023","313.70","312.56","315.94","311.77","3.11M","0.35%"
"10.04.2023","312.62","311.41","313.70","310.33","2.33M","0.04%"
"06.04.2023","312.51","309.82","313.22","309.05","3.13M","0.68%"
"05.04.2023","310.39","307.85","311.07","307.85","2.31M","0.43%"
"04.04.2023","309.07","310.76","311.00","307.07","2.74M","-0.40%"
"03.04.2023","310.31","309.25","311.50","308.24","4.86M","0.50%"
"31.03.2023","308.77","305.90","308.81","304.99","5.02M","1.21%"
"30.03.2023","305.08","307.09","307.47","302.58","2.69M","-0.07%"
"29.03.2023","305.30","304.80","305.38","303.36","2.65M","0.99%"
"28.03.2023","302.32","301.93","302.72","300.59","2.44M","0.06%"
"27.03.2023","302.14","300.88","303.21","298.97","3.84M","1.08%"
"24.03.2023","298.92","294.68","299.50","293.39","3.91M","0.18%"
"23.03.2023","298.37","301.39","302.08","296.30","4.02M","-0.45%"
"22.03.2023","299.73","303.72","307.05","299.65","3.09M","-1.36%"
"21.03.2023","303.85","304.56","305.63","302.25","4.73M","0.93%"
"20.03.2023","301.06","295.57","301.51","295.06","6.06M","2.57%"
"17.03.2023","293.51","301.30","301.30","292.42","15.61M","-2.81%"
"16.03.2023","302.01","296.37","304.43","295.36","6.33M","1.39%"
"15.03.2023","297.88","300.02","300.55","294.90","7.17M","-2.44%"
"14.03.2023","305.33","306.92","307.55","301.68","5.26M","0.81%"
"13.03.2023","302.88","301.75","306.59","300.76","4.99M","-0.25%"
"10.03.2023","303.63","302.95","306.72","301.92","5.30M","-0.39%"
"09.03.2023","304.82","311.00","313.18","303.94","3.93M","-2.10%"
"08.03.2023","311.37","310.72","312.67","309.25","2.71M","0.08%"
"07.03.2023","311.12","316.39","316.50","310.23","3.61M","-1.85%"
"06.03.2023","316.97","312.82","317.29","312.43","4.89M","1.45%"
"03.03.2023","312.45","309.56","312.66","308.50","4.49M","1.53%"
"02.03.2023","307.75","303.66","308.10","301.45","3.15M","1.03%"
"01.03.2023","304.62","304.02","305.62","302.08","3.40M","-0.18%"
"28.02.2023","305.18","304.89","306.15","303.41","4.74M","0.17%"
"27.02.2023","304.66","304.37","305.78","302.01","3.65M","0.21%"
"24.02.2023","304.02","300.40","305.62","300.01","3.66M","0.31%"
"23.02.2023","303.07","305.01","305.56","300.25","2.74M","-0.03%"
"22.02.2023","303.16","303.20","305.27","301.77","2.90M","0.15%"
"21.02.2023","302.72","306.17","307.30","300.50","4.13M","-1.79%"
"17.02.2023","308.24","307.15","308.41","305.48","2.72M","0.02%"
"16.02.2023","308.18","307.58","310.20","306.87","2.80M","-0.47%"
"15.02.2023","309.63","309.98","310.37","308.28","2.41M","-0.37%"
"14.02.2023","310.79","313.78","314.10","309.04","2.91M","-0.94%"
"13.02.2023","313.74","310.30","313.74","309.62","3.26M","1.24%"
"10.02.2023","309.89","307.08","309.98","305.28","2.81M","0.87%"
"09.02.2023","307.21","310.17","311.42","306.99","3.46M","-0.41%"
"08.02.2023","308.48","311.12","313.41","308.01","3.37M","-1.43%"
"07.02.2023","312.97","307.30","314.15","306.63","3.79M","1.47%"
"06.02.2023","308.43","308.25","308.80","305.60","2.98M","-0.03%"
"03.02.2023","308.51","311.00","311.55","305.92","5.39M","-1.07%"
"02.02.2023","311.86","312.35","312.60","308.30","4.43M","0.42%"
"01.02.2023","310.57","309.63","312.67","306.38","3.52M","-0.30%"
"31.01.2023","311.52","307.74","311.86","305.79","3.66M","1.36%"
"30.01.2023","307.33","307.60","309.51","306.81","3.48M","-0.60%"
"27.01.2023","309.17","309.79","311.73","308.34","3.03M","-0.57%"
"26.01.2023","310.95","312.99","313.68","309.58","2.86M","-0.30%"
"25.01.2023","311.90","308.33","312.55","307.71","2.30M","0.19%"
"24.01.2023","311.30","309.30","312.83","307.50","2.23M","0.28%"
"23.01.2023","310.42","309.63","312.73","306.85","3.09M","0.18%"
"20.01.2023","309.87","305.21","310.01","304.36","3.77M","1.52%"
"19.01.2023","305.23","306.12","307.23","303.86","3.62M","-1.00%"
"18.01.2023","308.30","315.00","315.54","307.75","3.41M","-2.08%"
"17.01.2023","314.86","318.40","318.52","314.25","3.48M","-0.88%"
"13.01.2023","317.64","317.49","318.42","315.79","2.77M","-0.40%"
"12.01.2023","318.93","321.15","321.32","317.72","3.08M","-0.45%"
"11.01.2023","320.37","318.52","320.57","316.60","3.00M","1.27%"
"10.01.2023","316.35","315.00","316.80","313.34","3.05M","0.26%"
"09.01.2023","315.53","319.02","320.50","314.75","4.40M","-0.99%"
"06.01.2023","318.69","315.00","320.16","313.38","3.65M","1.85%"
"05.01.2023","312.90","313.57","314.23","310.00","3.42M","-0.52%"
"04.01.2023","314.55","312.00","316.89","311.25","5.12M","1.50%"
"03.01.2023","309.91","310.07","312.39","307.38","3.55M","0.33%"
"30.12.2022","308.90","306.95","309.04","305.62","3.30M","-0.05%"
"29.12.2022","309.06","305.94","309.38","305.23","2.85M","1.86%"
"28.12.2022","303.43","304.77","307.46","303.26","2.63M","-0.69%"
"27.12.2022","305.55","306.45","308.58","304.65","2.73M","-0.31%"
"23.12.2022","306.49","302.88","306.57","300.92","2.46M","1.26%"
"22.12.2022","302.69","306.10","306.50","297.64","3.56M","-1.67%"
"21.12.2022","307.82","304.38","308.54","304.16","3.27M","1.93%"
"20.12.2022","302.00","300.09","304.19","297.00","3.09M","0.66%"
"19.12.2022","300.03","300.51","301.48","297.15","3.84M","0.01%"
"16.12.2022","300.00","299.05","302.47","297.76","8.31M","-0.63%"
"15.12.2022","301.91","306.43","306.96","299.45","5.11M","-2.39%"
"14.12.2022","309.29","312.74","316.36","308.40","4.06M","-0.97%"
"13.12.2022","312.33","318.40","318.91","310.82","5.04M","0.28%"
"12.12.2022","311.45","307.55","311.91","305.46","4.37M","1.65%"
"09.12.2022","306.39","305.32","308.34","304.71","3.33M","0.13%"
"08.12.2022","305.99","306.00","307.49","305.09","2.35M","0.06%"
"07.12.2022","305.82","307.07","309.38","304.92","4.13M","-0.64%"
"06.12.2022","307.78","309.95","310.29","306.35","3.88M","-0.90%"
"05.12.2022","310.57","315.22","315.66","308.73","3.84M","-1.76%"
"02.12.2022","316.15","313.49","316.38","312.75","3.03M","0.10%"
"01.12.2022","315.84","319.00","319.56","313.30","4.35M","-0.87%"
"30.11.2022","318.60","315.13","318.60","308.70","7.92M","1.10%"
"29.11.2022","315.13","311.89","315.29","311.35","3.74M","0.59%"
"28.11.2022","313.27","316.25","317.64","312.33","4.23M","-1.31%"
"25.11.2022","317.43","317.52","319.12","316.18","1.84M","0.40%"
"23.11.2022","316.18","315.39","316.43","314.07","2.69M","0.13%"
"22.11.2022","315.76","313.00","316.55","312.05","3.17M","1.47%"
"21.11.2022","311.20","310.81","312.90","308.58","2.86M","0.14%"
"18.11.2022","310.76","310.55","311.20","308.61","3.40M","1.08%"
"17.11.2022","307.44","305.70","307.62","304.15","3.06M","-0.43%"
"16.11.2022","308.76","310.93","311.55","306.74","2.97M","-0.39%"
"15.11.2022","309.98","313.67","313.89","307.18","4.37M","0.35%"
"14.11.2022","308.91","310.00","311.84","308.84","4.64M","-0.26%"
"11.11.2022","309.72","305.56","311.33","302.60","6.57M","2.15%"
"10.11.2022","303.20","297.11","303.50","294.54","5.70M","5.04%"
"09.11.2022","288.65","291.98","292.40","288.06","2.76M","-1.35%"
"08.11.2022","292.61","291.11","294.74","289.01","3.56M","0.83%"
"07.11.2022","290.19","290.92","292.10","288.65","3.52M","0.95%"
"04.11.2022","287.47","286.77","289.20","282.38","3.71M","1.28%"
"03.11.2022","283.85","286.02","287.47","283.46","3.13M","-1.94%"
"02.11.2022","289.46","293.04","298.26","289.42","4.27M","-1.59%"
"01.11.2022","294.13","298.45","298.87","293.04","3.84M","-0.33%"
"31.10.2022","295.09","297.98","298.89","294.85","4.63M","-1.52%"
"28.10.2022","299.63","292.77","299.98","291.48","4.63M","3.36%"
"27.10.2022","289.88","290.31","294.00","288.85","4.28M","0.47%"
"26.10.2022","288.52","289.75","291.80","287.68","3.30M","-0.25%"
"25.10.2022","289.24","288.77","289.87","286.88","3.18M","0.61%"
"24.10.2022","287.48","284.10","289.34","283.99","3.86M","1.76%"
"21.10.2022","282.51","273.76","282.92","271.46","5.00M","3.28%"
"20.10.2022","273.53","278.07","279.44","273.00","3.92M","-1.73%"
"19.10.2022","278.34","280.33","282.38","276.97","3.22M","-1.18%"
"18.10.2022","281.67","282.74","283.36","279.25","4.29M","1.68%"
"17.10.2022","277.02","276.48","278.59","275.30","4.46M","1.60%"
"14.10.2022","272.67","277.59","279.22","271.97","4.29M","-1.13%"
"13.10.2022","275.78","260.58","276.78","259.85","5.49M","4.46%"
"12.10.2022","264.00","267.31","267.52","263.96","3.35M","-1.24%"
"11.10.2022","267.31","266.10","270.97","265.61","3.44M","0.14%"
"10.10.2022","266.93","269.89","270.21","265.86","3.11M","-0.78%"
"07.10.2022","269.04","274.44","274.49","267.48","4.27M","-2.63%"
"06.10.2022","276.31","278.20","279.85","275.90","3.40M","-1.09%"
"05.10.2022","279.36","276.87","280.88","275.84","3.35M","-0.40%"
"04.10.2022","280.49","277.42","281.30","276.60","4.64M","2.82%"
"03.10.2022","272.80","269.52","274.57","267.16","4.90M","2.16%"
"30.09.2022","267.02","269.21","272.94","266.60","6.06M","-0.95%"
"29.09.2022","269.58","269.89","272.17","265.59","5.21M","-0.81%"
"28.09.2022","271.78","265.65","273.60","264.91","5.94M","2.38%"
"27.09.2022","265.47","266.99","267.93","261.55","5.77M","0.44%"
"26.09.2022","264.32","265.82","267.84","263.37","4.93M","-1.29%"
"23.09.2022","267.77","266.01","268.14","264.24","5.18M","-0.28%"
"22.09.2022","268.51","271.03","271.50","268.27","4.12M","-0.82%"
"21.09.2022","270.74","278.90","278.92","270.72","3.96M","-2.31%"
"20.09.2022","277.13","277.17","278.04","274.61","3.28M","-0.65%"
"19.09.2022","278.95","272.79","279.13","272.72","3.29M","1.51%"
"16.09.2022","274.81","275.35","276.38","273.26","7.29M","-0.68%"
"15.09.2022","276.70","278.69","281.27","276.36","3.28M","-0.62%"
"14.09.2022","278.42","279.00","280.20","275.64","3.72M","0.05%"
"13.09.2022","278.29","283.99","285.14","277.50","4.59M","-3.54%"
"12.09.2022","288.51","286.70","289.24","286.03","3.41M","0.96%"
"09.09.2022","285.77","284.54","287.02","284.13","3.13M","0.86%"
"08.09.2022","283.34","278.58","283.40","277.29","3.54M","0.82%"
"07.09.2022","281.04","275.74","281.74","275.42","3.51M","1.61%"
"06.09.2022","276.59","278.01","279.49","275.36","4.36M","-0.39%"
"02.09.2022","277.67","284.84","285.42","276.36","3.80M","-1.69%"
"01.09.2022","282.43","279.95","282.68","277.31","3.77M","0.58%"
"31.08.2022","280.80","287.25","288.01","280.44","5.01M","-1.62%"
"30.08.2022","285.42","288.72","289.32","284.77","3.23M","-0.71%"
"29.08.2022","287.45","288.40","289.83","285.75","3.10M","-0.87%"
"26.08.2022","289.96","299.41","299.63","289.65","5.28M","-2.74%"
"25.08.2022","298.13","293.71","298.48","292.83","3.47M","1.57%"
"24.08.2022","293.52","290.00","294.00","289.46","3.27M","1.34%"
"23.08.2022","289.65","288.85","291.64","288.15","2.60M","0.33%"
"22.08.2022","288.69","294.00","294.47","287.86","4.72M","-2.89%"
"19.08.2022","297.28","302.95","303.22","296.81","4.62M","-2.30%"
"18.08.2022","304.27","304.44","304.57","301.55","2.78M","0.00%"
"17.08.2022","304.26","305.22","306.89","302.74","2.96M","-0.78%"
"16.08.2022","306.65","304.99","308.15","303.76","3.34M","1.26%"
"15.08.2022","302.82","298.64","303.76","297.40","2.93M","0.42%"
"12.08.2022","301.55","297.90","301.69","297.00","3.23M","1.71%"
"11.08.2022","296.47","298.00","299.06","296.12","3.15M","0.46%"
"10.08.2022","295.11","296.48","296.93","294.10","3.71M","0.80%"
"09.08.2022","292.77","293.35","297.57","291.93","3.87M","0.15%"
"08.08.2022","292.34","294.87","299.33","292.27","3.97M","0.09%"
"05.08.2022","292.07","291.87","294.10","290.42","3.40M","-0.29%"
"04.08.2022","292.91","294.73","295.98","292.62","3.95M","-0.70%"
"03.08.2022","294.96","295.05","295.88","291.10","4.06M","0.95%"
"02.08.2022","292.17","294.87","295.53","291.92","3.17M","-1.25%"
"01.08.2022","295.86","299.70","299.70","294.83","4.20M","-1.58%"
"29.07.2022","300.60","297.42","302.40","295.43","6.98M","2.28%"
"28.07.2022","293.90","291.18","294.03","286.77","3.99M","1.24%"
"27.07.2022","290.30","287.67","291.56","285.70","3.62M","1.75%"
"26.07.2022","285.31","287.79","288.71","284.65","2.51M","-0.93%"
"25.07.2022","287.99","287.21","289.07","285.15","3.14M","0.72%"
"22.07.2022","285.93","288.10","289.40","283.61","2.88M","-0.32%"
"21.07.2022","286.85","287.00","287.24","282.09","3.70M","0.28%"
"20.07.2022","286.04","284.64","286.44","283.90","3.88M","0.88%"
"19.07.2022","283.55","279.00","284.08","278.17","3.59M","2.64%"
"18.07.2022","276.26","281.50","281.50","275.21","3.27M","-0.80%"
"15.07.2022","278.48","277.53","280.00","276.06","4.55M","1.48%"
"14.07.2022","274.41","273.00","275.35","271.20","3.89M","-1.10%"
"13.07.2022","277.47","275.37","280.09","274.45","4.20M","0.07%"
"12.07.2022","277.28","277.57","282.18","276.65","3.03M","-0.44%"
"11.07.2022","278.51","279.38","281.46","277.87","2.87M","-0.83%"
"08.07.2022","280.83","279.79","282.61","279.25","2.99M","0.55%"
"07.07.2022","279.28","277.50","279.59","277.10","3.95M","1.32%"
"06.07.2022","275.65","274.84","277.51","272.87","3.03M","-0.01%"
"05.07.2022","275.69","274.20","275.86","271.39","3.68M","-0.65%"
"01.07.2022","277.50","272.50","278.40","271.63","3.67M","1.64%"
"30.06.2022","273.02","270.51","274.92","268.68","4.63M","-0.17%"
"29.06.2022","273.49","274.95","275.94","272.97","3.01M","-0.14%"
"28.06.2022","273.86","280.51","282.45","273.68","4.02M","-1.63%"
"27.06.2022","278.40","280.53","282.03","277.61","4.14M","0.04%"
"24.06.2022","278.28","268.97","279.67","268.57","6.45M","4.02%"
"23.06.2022","267.52","269.85","270.71","263.68","4.73M","-0.84%"
"22.06.2022","269.79","267.38","273.39","267.38","4.23M","-0.73%"
"21.06.2022","271.77","273.85","273.98","270.34","4.91M","1.38%"
"17.06.2022","268.08","268.39","270.50","265.68","11.62M","-0.18%"
"16.06.2022","268.56","273.39","273.40","266.88","7.21M","-3.72%"
"15.06.2022","278.93","281.16","282.50","273.87","5.83M","0.46%"
"14.06.2022","277.64","282.09","283.96","276.10","5.85M","-1.39%"
"13.06.2022","281.56","285.43","287.43","280.10","7.12M","-3.48%"
"10.06.2022","291.71","296.08","298.00","291.61","5.88M","-3.02%"
"09.06.2022","300.80","308.10","308.38","300.57","3.22M","-2.57%"
"08.06.2022","308.74","312.16","312.80","307.93","2.88M","-1.57%"
"07.06.2022","313.65","310.58","313.79","309.39","2.55M","0.48%"
"06.06.2022","312.15","313.38","315.78","311.48","2.98M","0.39%"
"03.06.2022","310.94","312.50","313.80","310.40","2.59M","-1.27%"
"02.06.2022","314.95","312.65","315.09","308.61","3.12M","0.88%"
"01.06.2022","312.21","316.00","316.79","309.61","3.80M","-1.19%"
"31.05.2022","315.98","318.98","318.98","314.80","5.70M","-0.98%"
"27.05.2022","319.11","314.73","319.24","314.15","4.28M","2.12%"
"26.05.2022","312.50","311.27","314.39","310.98","4.47M","1.25%"
"25.05.2022","308.64","308.59","310.99","305.92","3.71M","-0.17%"
"24.05.2022","309.17","309.39","310.31","303.75","3.66M","-0.33%"
"23.05.2022","310.20","307.38","312.44","306.62","4.15M","2.02%"
"20.05.2022","304.05","307.05","307.46","298.11","5.52M","-0.03%"
"19.05.2022","304.15","303.93","306.31","301.21","4.74M","-0.81%"
"18.05.2022","306.64","312.94","314.17","305.57","4.43M","-2.53%"
"17.05.2022","314.60","315.21","315.44","312.10","4.16M","1.72%"
"16.05.2022","309.29","310.28","311.95","307.13","3.70M","-0.34%"
"13.05.2022","310.36","311.25","312.47","307.90","3.77M","0.75%"
"12.05.2022","308.06","307.95","309.07","302.55","5.68M","-1.12%"
"11.05.2022","311.54","313.17","317.55","311.01","4.26M","-0.32%"
"10.05.2022","312.53","315.96","318.11","310.24","4.80M","-0.14%"
"09.05.2022","312.96","315.35","316.92","311.56","4.88M","-1.86%"
"06.05.2022","318.88","317.99","320.37","314.19","4.20M","0.06%"
"05.05.2022","318.68","325.85","325.85","315.16","5.27M","-2.48%"
"04.05.2022","326.80","319.10","327.28","318.00","4.27M","2.45%"
"03.05.2022","318.99","319.42","323.58","317.67","3.88M","0.25%"
"02.05.2022","318.19","324.11","324.37","311.74","6.80M","-1.44%"
"29.04.2022","322.83","330.19","330.64","320.50","5.69M","-2.55%"
"28.04.2022","331.27","331.53","332.06","327.83","3.85M","0.51%"
"27.04.2022","329.58","330.60","333.14","328.43","3.73M","-0.32%"
"26.04.2022","330.65","333.53","337.39","330.36","4.60M","-1.87%"
"25.04.2022","336.95","332.30","337.85","328.53","5.98M","0.41%"
"22.04.2022","335.56","342.94","343.21","335.11","4.97M","-2.34%"
"21.04.2022","343.60","350.86","350.86","342.96","4.03M","-1.50%"
"20.04.2022","348.82","350.00","350.59","347.70","3.71M","0.09%"
"19.04.2022","348.50","347.00","349.13","345.85","3.39M","0.53%"
"18.04.2022","346.65","344.45","347.19","343.58","2.52M","0.67%"
"14.04.2022","344.33","346.16","347.56","344.14","3.29M","-0.55%"
"13.04.2022","346.22","349.46","350.72","345.24","3.44M","-1.01%"
"12.04.2022","349.74","352.26","354.00","348.39","3.55M","-0.65%"
"11.04.2022","352.02","352.98","354.33","349.34","3.13M","-0.31%"
"08.04.2022","353.10","348.93","353.85","347.73","4.50M","1.90%"
"07.04.2022","346.51","346.22","347.67","342.40","3.82M","0.52%"
"06.04.2022","344.71","341.17","346.97","340.55","4.55M","-0.03%"
"05.04.2022","344.80","345.77","349.44","344.28","4.25M","-0.18%"
"04.04.2022","345.43","352.00","352.23","344.31","5.11M","-1.83%"
"01.04.2022","351.88","353.65","354.58","349.02","4.13M","-0.29%"
"31.03.2022","352.91","359.00","360.00","352.32","6.07M","-1.31%"
"30.03.2022","357.61","354.66","357.85","351.84","3.91M","0.70%"
"29.03.2022","355.12","361.39","362.10","352.55","5.01M","-1.24%"
"28.03.2022","359.57","360.59","361.38","355.53","4.18M","0.23%"
"25.03.2022","358.76","353.90","359.01","353.60","4.59M","1.81%"
"24.03.2022","352.37","351.50","352.57","349.13","3.95M","1.21%"
"23.03.2022","348.16","349.13","350.79","346.25","5.64M","-0.51%"
"22.03.2022","349.93","351.01","354.95","348.90","5.77M","0.08%"
"21.03.2022","349.66","344.99","351.21","344.30","6.31M","2.12%"
"18.03.2022","342.41","344.12","346.87","339.27","8.90M","-0.74%"
"17.03.2022","344.97","337.00","345.13","336.20","7.23M","2.64%"
"16.03.2022","336.11","335.11","337.34","331.71","5.93M","1.07%"
"15.03.2022","332.55","332.70","334.58","329.38","6.93M","0.78%"
"14.03.2022","329.98","328.65","333.48","327.65","5.97M","1.03%"
"11.03.2022","326.60","326.53","331.49","326.23","5.14M","0.40%"
"10.03.2022","325.30","322.49","325.70","321.58","3.85M","-0.03%"
"09.03.2022","325.40","326.59","327.47","322.58","5.88M","2.16%"
"08.03.2022","318.52","325.30","327.29","318.03","7.91M","-1.30%"
"07.03.2022","322.72","325.68","326.44","320.35","5.88M","-0.81%"
"04.03.2022","325.34","322.66","325.61","320.12","4.91M","-0.73%"
"03.03.2022","327.74","326.63","329.47","323.89","4.60M","1.27%"
"02.03.2022","323.64","319.48","325.75","318.12","4.51M","2.15%"
"01.03.2022","316.84","320.26","321.20","313.59","6.44M","-1.43%"
"28.02.2022","321.45","317.35","322.00","315.19","7.99M","0.69%"
"25.02.2022","319.24","311.16","321.43","310.78","7.49M","3.56%"
"24.02.2022","308.28","301.78","308.81","299.51","8.84M","-0.55%"
"23.02.2022","309.99","316.08","316.80","309.38","5.03M","-1.33%"
"22.02.2022","314.16","313.44","315.43","310.55","5.11M","-0.20%"
"18.02.2022","314.80","313.83","315.68","313.08","4.23M","0.40%"
"17.02.2022","313.55","314.98","315.44","312.30","3.63M","-0.67%"
"16.02.2022","315.65","315.00","316.90","314.28","3.98M","-0.17%"
"15.02.2022","316.20","316.64","317.94","314.69","3.68M","0.61%"
"14.02.2022","314.28","319.61","320.43","312.17","8.13M","-1.52%"
"11.02.2022","319.14","320.01","323.12","317.74","7.50M","-0.22%"
"10.02.2022","319.85","320.99","322.46","318.48","7.08M","-0.78%"
"09.02.2022","322.38","323.80","325.63","321.54","4.00M","0.29%"
"08.02.2022","321.44","318.27","322.65","316.00","6.24M","1.56%"
"07.02.2022","316.51","314.91","318.22","312.06","3.13M","0.48%"
"04.02.2022","314.99","315.87","317.84","312.70","3.66M","-0.08%"
"03.02.2022","315.23","319.33","319.65","314.61","4.15M","-1.37%"
"02.02.2022","319.60","313.57","320.16","313.00","4.63M","1.80%"
"01.02.2022","313.96","312.64","314.60","310.31","4.35M","0.30%"
"31.01.2022","313.02","312.00","313.30","307.84","5.24M","0.04%"
"28.01.2022","312.90","307.68","313.29","304.07","5.24M","1.70%"
"27.01.2022","307.67","311.70","315.92","305.31","5.06M","-0.51%"
"26.01.2022","309.26","310.40","313.33","306.57","6.13M","0.67%"
"25.01.2022","307.19","301.87","309.13","294.81","6.44M","1.14%"
"24.01.2022","303.73","299.70","304.73","296.08","8.53M","-0.49%"
"21.01.2022","305.22","309.99","311.02","304.14","6.54M","-1.86%"
"20.01.2022","311.01","315.58","317.18","310.68","4.41M","-1.19%"
"19.01.2022","314.75","321.35","321.35","314.58","6.09M","-1.73%"
"18.01.2022","320.29","322.22","323.29","318.07","5.77M","-1.18%"
"14.01.2022","324.13","318.87","324.40","316.50","4.92M","0.89%"
"13.01.2022","321.26","321.00","323.47","320.10","4.28M","0.27%"
"12.01.2022","320.39","320.62","321.05","317.26","3.58M","0.18%"
"11.01.2022","319.80","318.61","320.00","315.04","4.25M","0.27%"
"10.01.2022","318.93","321.40","322.10","315.12","5.81M","-0.27%"
"07.01.2022","319.78","315.56","320.20","314.14","5.62M","2.09%"
"06.01.2022","313.22","312.98","314.11","310.22","5.14M","1.06%"
"05.01.2022","309.92","309.87","314.48","309.50","6.89M","0.45%"
"04.01.2022","308.53","301.65","309.21","301.65","6.01M","2.57%"
"03.01.2022","300.79","300.10","301.30","299.20","3.57M","0.60%"
"31.12.2021","299.00","299.94","300.69","298.84","2.93M","-0.33%"
"30.12.2021","299.98","300.88","301.65","299.74","2.30M","0.17%"
"29.12.2021","299.46","299.23","300.65","298.86","2.69M","0.39%"
"28.12.2021","298.29","296.96","299.79","296.80","2.58M","0.55%"
"27.12.2021","296.67","295.25","296.69","294.46","2.81M","0.74%"
"23.12.2021","294.49","295.22","296.78","294.21","2.90M","0.03%"
"22.12.2021","294.41","292.86","294.57","291.74","2.45M","0.40%"
"21.12.2021","293.24","292.14","295.41","291.50","3.93M","1.25%"
"20.12.2021","289.61","290.77","291.58","287.59","5.46M","-1.38%"
"17.12.2021","293.66","297.85","298.00","292.35","12.77M","-2.17%"
"16.12.2021","300.17","296.88","301.58","295.10","6.54M","1.90%"
"15.12.2021","294.58","295.82","296.50","292.81","5.60M","-0.15%"
"14.12.2021","295.03","289.67","296.41","289.67","5.99M","1.73%"
"13.12.2021","290.01","288.50","291.58","285.84","4.89M","0.62%"
"10.12.2021","288.23","285.49","288.50","284.23","4.11M","1.30%"
"09.12.2021","284.52","283.77","284.95","281.78","3.45M","0.28%"
"08.12.2021","283.72","284.97","285.97","282.28","3.26M","-0.44%"
"07.12.2021","284.97","282.42","285.41","282.12","5.77M","1.28%"
"06.12.2021","281.38","278.73","283.17","278.73","5.53M","1.42%"
"03.12.2021","277.43","278.71","279.97","275.27","5.93M","-0.59%"
"02.12.2021","279.09","276.68","280.37","275.29","4.93M","1.49%"
"01.12.2021","275.00","279.54","281.72","274.79","5.17M","-0.61%"
"30.11.2021","276.69","279.94","280.20","275.89","9.93M","-1.92%"
"29.11.2021","282.12","284.00","284.98","281.42","5.39M","-0.34%"
"26.11.2021","283.09","280.28","284.71","279.76","4.44M","-1.46%"
"24.11.2021","287.28","287.44","288.32","286.09","4.92M","-0.44%"
"23.11.2021","288.56","285.15","288.73","285.05","4.49M","1.26%"
"22.11.2021","284.97","280.73","286.44","280.01","5.04M","1.78%"
"19.11.2021","279.99","280.96","280.97","278.01","4.54M","-0.23%"
"18.11.2021","280.63","281.10","281.75","279.25","3.34M","-0.34%"
"17.11.2021","281.59","283.12","283.12","280.90","3.74M","-0.62%"
"16.11.2021","283.36","284.47","285.16","283.12","4.26M","-0.46%"
"15.11.2021","284.67","286.60","286.99","284.24","3.22M","-0.46%"
"12.11.2021","285.99","284.88","286.10","283.80","2.92M","0.47%"
"11.11.2021","284.65","286.50","287.07","284.24","2.86M","-0.23%"
"10.11.2021","285.32","286.49","287.24","284.52","3.42M","-0.36%"
"09.11.2021","286.35","288.79","288.99","285.30","3.59M","-0.85%"
"08.11.2021","288.80","290.00","295.65","288.61","4.72M","0.32%"
"05.11.2021","287.88","288.83","290.70","286.82","3.58M","0.07%"
"04.11.2021","287.69","289.13","289.13","285.25","3.43M","-0.36%"
"03.11.2021","288.72","287.21","288.88","286.13","2.78M","0.27%"
"02.11.2021","287.93","286.61","288.50","285.22","3.84M","0.59%"
"01.11.2021","286.24","288.05","288.42","285.62","2.89M","-0.27%"
"29.10.2021","287.01","288.81","290.00","286.74","4.42M","-0.94%"
"28.10.2021","289.72","288.21","289.86","287.20","3.31M","0.67%"
"27.10.2021","287.78","290.85","290.95","287.64","3.69M","-1.06%"
"26.10.2021","290.85","290.65","292.22","290.30","3.88M","0.20%"
"25.10.2021","290.26","289.70","290.47","287.60","3.14M","0.35%"
"22.10.2021","289.24","287.66","289.80","286.24","3.41M","0.84%"
"21.10.2021","286.82","286.99","287.28","285.25","2.49M","-0.23%"
"20.10.2021","287.49","284.34","287.70","284.32","3.15M","0.93%"
"19.10.2021","284.83","283.60","285.15","283.05","2.69M","0.79%"
"18.10.2021","282.59","282.83","283.51","281.57","3.55M","-0.57%"
"15.10.2021","284.21","283.94","284.97","282.27","4.32M","0.91%"
"14.10.2021","281.64","280.81","282.38","279.30","3.65M","1.35%"
"13.10.2021","277.90","278.47","279.41","275.55","3.31M","-0.26%"
"12.10.2021","278.62","281.46","281.52","278.21","3.77M","-0.82%"
"11.10.2021","280.93","284.43","285.61","280.80","2.91M","-1.13%"
"08.10.2021","284.14","282.59","284.72","281.71","2.30M","0.42%"
"07.10.2021","282.95","282.14","284.99","282.14","3.80M","0.97%"
"06.10.2021","280.22","276.28","280.39","274.61","3.87M","0.78%"
"05.10.2021","278.05","273.86","279.67","273.20","5.07M","1.61%"
"04.10.2021","273.64","274.68","276.96","273.05","4.31M","-0.75%"
"01.10.2021","275.71","273.02","277.51","272.22","3.95M","1.01%"
"30.09.2021","272.94","278.37","278.37","272.84","5.19M","-1.57%"
"29.09.2021","277.29","277.03","278.78","275.95","2.95M","0.18%"
"28.09.2021","276.79","279.14","281.38","275.82","4.96M","-1.05%"
"27.09.2021","279.72","279.77","280.63","278.12","3.36M","0.67%"
"24.09.2021","277.87","278.30","279.13","277.41","3.11M","-0.09%"
"23.09.2021","278.12","275.15","279.70","275.01","4.73M","1.48%"
"22.09.2021","274.07","276.28","276.61","273.67","5.02M","0.33%"
"21.09.2021","273.18","276.03","276.22","272.59","4.65M","-0.37%"
"20.09.2021","274.20","273.05","274.91","271.36","7.65M","-0.92%"
"17.09.2021","276.76","277.64","281.00","275.42","15.86M","-0.27%"
"16.09.2021","277.51","278.96","279.21","276.21","4.21M","-0.24%"
"15.09.2021","278.18","277.60","279.06","276.67","3.88M","0.35%"
"14.09.2021","277.20","280.54","280.78","276.36","5.28M","-0.97%"
"13.09.2021","279.92","278.36","280.84","277.82","4.60M","0.84%"
"10.09.2021","277.60","279.97","279.97","277.49","4.55M","-0.36%"
"09.09.2021","278.61","278.91","280.11","278.37","3.68M","-0.26%"
"08.09.2021","279.34","278.18","279.95","277.59","4.65M","0.16%"
"07.09.2021","278.90","281.91","281.91","278.73","4.87M","-1.06%"
"03.09.2021","281.89","284.30","284.82","281.71","4.50M","-1.11%"
"02.09.2021","285.05","285.35","286.44","284.21","3.97M","-0.07%"
"01.09.2021","285.26","286.59","287.14","284.85","3.33M","-0.18%"
"31.08.2021","285.77","285.28","286.33","284.76","6.50M","0.04%"
"30.08.2021","285.66","286.30","287.04","285.02","3.51M","-0.33%"
"27.08.2021","286.60","285.62","286.71","285.12","3.49M","0.47%"
"26.08.2021","285.27","288.16","288.17","284.98","3.34M","-0.71%"
"25.08.2021","287.30","286.20","288.56","285.22","2.98M","0.45%"
"24.08.2021","286.02","286.01","286.58","284.18","3.19M","0.14%"
"23.08.2021","285.62","287.38","287.38","285.39","2.96M","0.12%"
"20.08.2021","285.27","284.96","285.92","283.95","2.85M","0.05%"
"19.08.2021","285.13","284.96","287.15","283.98","3.39M","-0.43%"
"18.08.2021","286.36","289.00","290.07","285.95","3.88M","-0.95%"
"17.08.2021","289.10","288.53","290.77","287.60","3.63M","-0.12%"
"16.08.2021","289.45","287.00","289.49","285.21","3.56M","0.54%"
"13.08.2021","287.89","290.61","291.05","287.12","3.12M","-0.81%"
"12.08.2021","290.24","291.81","291.81","288.93","3.17M","-0.36%"
"11.08.2021","291.28","289.45","291.82","288.83","3.48M","0.81%"
"10.08.2021","288.94","287.01","289.06","286.00","3.13M","0.60%"
"09.08.2021","287.23","287.86","288.73","286.06","3.68M","0.56%"
"06.08.2021","285.63","281.82","285.83","281.50","4.84M","1.93%"
"05.08.2021","280.21","280.16","282.00","278.33","3.59M","0.51%"
"04.08.2021","278.78","280.17","280.92","278.64","3.03M","-1.07%"
"03.08.2021","281.80","279.05","282.51","276.77","3.63M","1.32%"
"02.08.2021","278.14","279.31","281.98","277.73","3.10M","-0.05%"
"30.07.2021","278.29","280.01","281.08","277.60","3.61M","-0.53%"
"29.07.2021","279.76","279.29","281.24","279.08","3.55M","0.60%"
"28.07.2021","278.10","280.80","280.98","277.60","3.80M","-0.95%"
"27.07.2021","280.78","278.07","281.09","276.91","3.39M","0.71%"
"26.07.2021","278.80","277.78","280.25","277.78","2.42M","0.11%"
"23.07.2021","278.49","279.05","279.92","277.74","3.22M","0.28%"
"22.07.2021","277.70","278.59","279.27","277.42","2.57M","-0.78%"
"21.07.2021","279.88","277.64","280.92","277.63","3.44M","1.08%"
"20.07.2021","276.89","272.66","277.80","272.00","4.74M","1.55%"
"19.07.2021","272.66","274.21","275.50","270.73","5.24M","-1.89%"
"16.07.2021","277.90","280.93","280.93","277.22","3.44M","-0.65%"
"15.07.2021","279.72","277.13","280.64","277.09","3.28M","0.51%"
"14.07.2021","278.31","279.07","280.76","277.77","4.11M","-0.32%"
"13.07.2021","279.21","280.11","280.41","278.36","3.14M","-0.32%"
"12.07.2021","280.11","279.05","282.22","278.27","4.28M","-0.14%"
"09.07.2021","280.49","276.03","280.88","275.74","4.90M","2.33%"
"08.07.2021","274.10","276.99","277.74","273.16","5.37M","-1.84%"
"07.07.2021","279.24","275.99","279.69","275.80","4.41M","0.69%"
"06.07.2021","277.32","278.28","278.28","275.10","4.40M","-0.64%"
"02.07.2021","279.12","281.41","281.41","278.57","3.68M","-0.37%"
"01.07.2021","280.17","278.20","280.30","277.55","3.65M","0.81%"
"30.06.2021","277.92","275.89","278.44","275.66","4.48M","0.62%"
"29.06.2021","276.21","276.69","277.98","275.24","4.47M","-0.14%"
"28.06.2021","276.61","278.82","279.06","275.60","4.03M","-0.64%"
"25.06.2021","278.38","276.37","279.31","275.35","5.58M","1.05%"
"24.06.2021","275.49","275.00","276.58","274.05","5.46M","0.30%"
"23.06.2021","274.66","276.89","277.00","274.55","4.54M","-0.82%"
"22.06.2021","276.92","277.57","277.71","275.93","5.23M","-0.06%"
"21.06.2021","277.10","275.62","278.85","275.43","5.49M","1.12%"
"18.06.2021","274.04","276.50","276.98","272.45","12.57M","-1.67%"
"17.06.2021","278.69","284.29","284.50","277.56","7.14M","-1.56%"
"16.06.2021","283.11","283.73","284.80","281.08","5.63M","-0.29%"
"15.06.2021","283.94","284.46","284.96","282.65","3.76M","0.14%"
"14.06.2021","283.53","286.66","286.85","281.52","6.10M","-1.15%"
"11.06.2021","286.82","285.45","287.36","285.02","3.52M","0.67%"
"10.06.2021","284.91","289.88","290.81","284.68","4.04M","-1.27%"
"09.06.2021","288.58","288.88","289.09","287.05","3.50M","-0.21%"
"08.06.2021","289.19","289.18","289.90","285.70","5.04M","-0.09%"
"07.06.2021","289.46","292.56","292.58","288.84","4.44M","-1.05%"
"04.06.2021","292.52","292.91","293.08","291.45","3.27M","0.19%"
"03.06.2021","291.97","288.36","293.27","288.28","4.10M","0.67%"
"02.06.2021","290.02","290.85","290.90","289.22","3.52M","0.06%"
"01.06.2021","289.84","291.52","292.07","288.81","3.34M","0.14%"
"28.05.2021","289.44","289.68","290.46","288.23","4.52M","0.05%"
"27.05.2021","289.30","288.57","289.99","286.57","6.61M","0.69%"
"26.05.2021","287.33","289.64","289.64","285.75","4.76M","0.05%"
"25.05.2021","287.20","290.19","291.60","287.11","4.75M","-0.87%"
"24.05.2021","289.73","289.11","290.41","287.91","3.95M","0.69%"
"21.05.2021","287.74","287.12","289.35","286.75","4.23M","0.35%"
"20.05.2021","286.73","288.41","289.14","285.90","4.14M","0.18%"
"19.05.2021","286.22","284.11","286.56","282.57","5.27M","-0.48%"
"18.05.2021","287.59","290.20","290.31","287.24","4.36M","-0.56%"
"17.05.2021","289.22","289.99","290.47","288.07","3.89M","-0.50%"
"14.05.2021","290.68","288.67","291.38","288.67","4.26M","1.32%"
"13.05.2021","286.90","282.91","288.37","282.85","5.25M","1.41%"
"12.05.2021","282.91","285.46","286.12","282.55","5.31M","-0.95%"
"11.05.2021","285.63","289.84","290.51","284.29","6.81M","-2.29%"
"10.05.2021","292.33","292.35","295.08","292.07","4.54M","0.48%"
"07.05.2021","290.93","289.97","291.07","287.77","6.10M","0.42%"
"06.05.2021","289.71","284.69","290.00","284.05","5.97M","2.46%"
"05.05.2021","282.76","282.52","284.24","282.12","4.35M","0.89%"
"04.05.2021","280.26","278.54","280.80","276.78","4.47M","0.39%"
"03.05.2021","279.18","278.55","281.12","277.67","5.19M","1.54%"
"30.04.2021","274.95","276.29","277.41","274.21","5.21M","-0.95%"
"29.04.2021","277.60","274.47","277.79","274.35","4.54M","1.70%"
"28.04.2021","272.95","273.54","273.96","272.13","3.18M","-0.26%"
"27.04.2021","273.65","271.07","274.16","270.05","3.18M","1.03%"
"26.04.2021","270.86","272.28","273.98","270.63","3.58M","-0.41%"
"23.04.2021","271.98","269.86","272.69","269.56","3.68M","0.92%"
"22.04.2021","269.51","272.04","272.08","268.78","3.73M","-0.99%"
"21.04.2021","272.21","267.80","272.46","267.75","3.90M","1.61%"
"20.04.2021","267.89","268.53","269.31","266.80","3.74M","-0.88%"
"19.04.2021","270.28","272.30","272.92","268.85","4.24M","-0.67%"
"16.04.2021","272.11","270.47","272.97","270.11","4.71M","1.10%"
"15.04.2021","269.14","268.06","269.28","266.39","3.92M","0.60%"
"14.04.2021","267.53","267.31","268.44","267.15","3.12M","0.16%"
"13.04.2021","267.10","267.42","268.20","266.05","3.56M","-0.31%"
"12.04.2021","267.93","266.53","268.34","266.53","4.29M","0.72%"
"09.04.2021","266.01","264.22","266.24","263.35","6.05M","0.95%"
"08.04.2021","263.51","262.72","263.93","261.91","3.11M","-0.04%"
"07.04.2021","263.62","262.99","264.34","262.40","3.59M","0.21%"
"06.04.2021","263.06","262.86","263.34","261.94","3.07M","0.15%"
"05.04.2021","262.66","260.02","263.35","260.00","5.05M","1.73%"
"01.04.2021","258.20","255.74","258.47","254.80","5.57M","1.07%"
"31.03.2021","255.47","256.86","257.68","255.17","6.58M","-1.05%"
"30.03.2021","258.19","259.94","261.00","257.24","3.88M","-0.24%"
"29.03.2021","258.82","253.93","260.05","253.30","6.64M","0.80%"
"26.03.2021","256.77","252.75","257.39","252.42","5.80M","2.40%"
"25.03.2021","250.75","249.38","251.53","246.79","5.51M","0.45%"
"24.03.2021","249.63","249.55","251.89","248.50","4.17M","0.53%"
"23.03.2021","248.31","250.20","251.17","247.71","4.62M","-0.82%"
"22.03.2021","250.36","250.60","251.67","248.86","5.37M","-0.25%"
"19.03.2021","250.99","252.31","252.50","248.52","16.65M","-0.58%"
"18.03.2021","252.46","253.76","255.64","251.38","5.56M","0.18%"
"17.03.2021","252.00","252.02","254.28","250.66","6.78M","0.20%"
"16.03.2021","251.50","254.53","254.53","249.82","6.72M","-1.22%"
"15.03.2021","254.61","260.31","260.44","253.52","6.98M","-2.08%"
"12.03.2021","260.02","262.40","264.65","259.67","4.50M","-0.34%"
"11.03.2021","260.91","264.22","264.80","260.42","5.92M","-1.17%"
"10.03.2021","263.99","260.30","267.50","259.64","8.95M","1.92%"
"09.03.2021","259.02","258.55","262.94","255.61","8.28M","0.55%"
"08.03.2021","257.61","255.60","260.23","253.73","7.14M","1.76%"
"05.03.2021","253.15","248.89","253.45","247.32","6.40M","3.12%"
"04.03.2021","245.48","251.08","252.55","243.23","7.84M","-2.41%"
"03.03.2021","251.55","249.73","254.81","249.29","6.09M","0.93%"
"02.03.2021","249.22","249.12","251.34","248.37","4.69M","0.00%"
"01.03.2021","249.21","246.86","250.55","246.09","6.33M","3.62%"
"26.02.2021","240.51","245.15","245.15","240.25","8.09M","-1.30%"
"25.02.2021","243.69","248.07","250.56","242.93","6.46M","-1.92%"
"24.02.2021","248.45","245.15","249.55","245.15","5.11M","1.19%"
"23.02.2021","245.53","245.56","246.57","243.29","5.46M","0.23%"
"22.02.2021","244.97","240.89","245.98","240.80","4.01M","1.29%"
"19.02.2021","241.85","244.20","244.95","241.36","4.25M","-0.68%"
"18.02.2021","243.50","244.73","245.49","241.67","4.05M","-0.71%"
"17.02.2021","245.25","244.14","246.19","244.00","4.32M","-0.01%"
"16.02.2021","245.28","244.14","247.26","242.82","4.73M","1.16%"
"12.02.2021","242.46","238.07","242.76","238.03","3.42M","1.13%"
"11.02.2021","239.76","239.36","240.44","238.88","2.91M","-0.07%"
"10.02.2021","239.92","241.43","241.52","239.04","3.83M","0.00%"
"09.02.2021","239.91","237.07","240.78","235.66","4.77M","1.05%"
"08.02.2021","237.42","236.00","237.56","235.35","3.33M","0.96%"
"05.02.2021","235.16","236.98","236.98","234.83","3.81M","-0.26%"
"04.02.2021","235.77","232.84","235.90","232.41","4.45M","1.33%"
"03.02.2021","232.68","232.40","233.16","231.28","3.81M","0.19%"
"02.02.2021","232.24","231.21","233.43","230.66","5.30M","1.27%"
"01.02.2021","229.32","229.97","230.50","228.04","4.07M","0.64%"
"29.01.2021","227.87","229.45","229.97","227.21","6.39M","-1.33%"
"28.01.2021","230.95","229.76","233.51","228.16","5.94M","1.58%"
"27.01.2021","227.36","230.00","230.00","226.10","8.23M","-1.82%"
"26.01.2021","231.57","233.00","233.50","231.33","3.95M","-0.62%"
"25.01.2021","233.01","231.67","233.52","230.45","5.10M","0.04%"
"22.01.2021","232.92","232.50","233.83","232.21","4.47M","-0.53%"
"21.01.2021","234.16","235.22","236.20","234.08","4.32M","-0.26%"
"20.01.2021","234.76","234.00","235.20","233.24","4.88M","0.09%"
"19.01.2021","234.55","234.64","236.24","231.70","5.50M","0.45%"
"15.01.2021","233.49","234.10","234.59","231.91","5.23M","-0.65%"
"14.01.2021","235.02","234.79","235.70","233.84","4.53M","0.22%"
"13.01.2021","234.51","232.00","234.95","231.71","3.83M","0.64%"
"12.01.2021","233.03","233.31","233.98","231.70","5.62M","-0.17%"
"11.01.2021","233.43","231.22","233.92","231.02","3.88M","-0.26%"
"08.01.2021","234.03","233.54","234.60","231.72","4.85M","0.49%"
"07.01.2021","232.88","232.78","233.96","231.33","4.69M","1.13%"
"06.01.2021","230.27","229.49","232.68","227.55","9.01M","1.23%"
"05.01.2021","227.47","228.21","230.10","226.85","5.53M","-0.43%"
"04.01.2021","228.45","231.73","231.87","226.85","7.41M","-1.47%"