Date,Close,Apertura,Máximo,Mínimo,Vol.,% var.
31.12.2015,70.98,72.25,73.24,67.1,661.91K,-0.20%
30.12.2015,71.12,73.29,73.3,70,285.99K,-1.84%
29.12.2015,72.45,72.09,73.16,72.07,140.56K,0.35%
28.12.2015,72.2,73.18,73.18,71.57,404.46K,-1.34%
24.12.2015,73.18,72.4,73.71,72.4,100.59K,1.33%
23.12.2015,72.22,72.24,72.43,71.03,288.26K,1.11%
22.12.2015,71.43,72.99,72.99,70.84,445.11K,-0.81%
21.12.2015,72.01,71.1,72.39,70.55,219.17K,1.44%
18.12.2015,70.99,72.09,72.09,70.5,830.78K,-1.55%
17.12.2015,72.11,72.98,73.09,71.66,459.66K,0.63%
16.12.2015,71.66,71.93,72.89,70.71,532.49K,0.62%
15.12.2015,71.22,71.9,73.9,71.01,574.26K,-0.27%
14.12.2015,71.41,69.75,71.94,69.71,353.28K,0.75%
11.12.2015,70.88,71.51,73.47,70.51,297.41K,-2.98%
10.12.2015,73.06,71.11,73.54,71.11,382.71K,2.76%
09.12.2015,71.1,71.29,72.47,69.63,656.20K,-0.29%
08.12.2015,71.31,71.81,72.79,71.01,548.85K,-1.67%
07.12.2015,72.52,72.82,73.32,71.6,354.86K,-0.68%
04.12.2015,73.02,73.93,74.79,72.8,289.91K,0.12%
03.12.2015,72.93,73.15,73.66,72.67,420.19K,-1.83%
02.12.2015,74.29,74.01,74.54,72.72,283.67K,1.09%
01.12.2015,73.49,73.03,74.85,72.5,511.41K,0.11%
30.11.2015,73.41,74.51,75,73.18,2.32M,-1.48%
27.11.2015,74.51,75,75.24,73.93,342.76K,0.42%
26.11.2015,74.2,75.34,75.34,74.1,130.53K,-1.37%
25.11.2015,75.23,75.53,76.5,74.3,203.95K,-0.42%
24.11.2015,75.55,74.51,75.8,74.25,282.29K,0.87%
23.11.2015,74.9,75.42,77,74.5,389.68K,-1.20%
20.11.2015,75.81,74.01,76.06,74.01,231.23K,2.43%
19.11.2015,74.01,75.74,75.99,73.52,364.22K,-2.03%
18.11.2015,75.54,73.55,75.74,73.55,373.44K,2.58%
17.11.2015,73.64,73.52,74.8,73.03,404.79K,0.18%
13.11.2015,73.51,73.06,74.1,72.17,365.57K,-0.03%
12.11.2015,73.53,73.87,74.38,72.88,162.61K,-0.64%
11.11.2015,74,75.29,75.29,73.83,247.56K,-0.67%
10.11.2015,74.5,73.84,75.4,73.84,259.85K,-0.07%
09.11.2015,74.55,75.8,76.29,74.1,235.48K,-2.84%
06.11.2015,76.73,77.5,77.5,74,255.63K,-0.85%
05.11.2015,77.39,75.7,77.49,75.7,179.04K,1.88%
04.11.2015,75.96,76.26,76.4,75.55,241.83K,-0.04%
03.11.2015,75.99,73.7,76.29,73.62,581.50K,3.19%
30.10.2015,73.64,73.4,74.7,73.04,610.87K,-0.50%
29.10.2015,74.01,76.41,76.5,73.13,474.54K,-1.53%
28.10.2015,75.16,76.92,77.3,74.01,387.54K,-2.33%
27.10.2015,76.95,76.4,78.19,75.9,275.92K,-1.95%
26.10.2015,78.48,76,79.6,75.88,350.00K,4.03%
23.10.2015,75.44,77,77.7,75,346.17K,-1.98%
22.10.2015,76.96,74.31,77.7,74.3,648.18K,2.01%
21.10.2015,75.44,78.14,78.14,73,320.97K,-2.73%
20.10.2015,77.56,77.64,78.73,75.6,395.12K,-1.25%
19.10.2015,78.54,77.8,78.75,77,172.80K,0.78%
16.10.2015,77.93,78.78,78.8,75.39,281.91K,0.61%
15.10.2015,77.46,80.69,80.72,77.21,302.11K,-3.54%
14.10.2015,80.3,78.03,80.48,78.01,304.99K,2.50%
13.10.2015,78.34,77.23,79.65,77.22,383.34K,-0.67%
12.10.2015,78.87,80.79,80.79,77.17,278.47K,-1.28%
09.10.2015,79.89,79,80.75,77.54,236.56K,-0.06%
08.10.2015,79.94,80.41,81,79.48,424.51K,-0.57%
07.10.2015,80.4,77.7,81,75.56,499.08K,4.08%
06.10.2015,77.25,75.3,77.67,75.09,296.67K,1.56%
05.10.2015,76.06,77.47,78.23,74.69,393.29K,0.05%
02.10.2015,76.02,76.39,76.39,74.71,320.44K,-0.43%
01.10.2015,76.35,75.8,76.5,74.41,359.59K,0.78%
30.09.2015,75.76,73.11,76.2,73.11,752.52K,1.72%
29.09.2015,74.48,72.04,74.95,72.01,381.78K,2.67%
28.09.2015,72.54,71.63,73.01,71.63,394.46K,1.23%
25.09.2015,71.66,73.79,73.99,71,243.90K,-2.14%
24.09.2015,73.23,72.02,73.69,70.9,401.63K,0.95%
23.09.2015,72.54,75.38,75.5,72.24,397.41K,-3.42%
22.09.2015,75.11,72.51,75.41,72.51,175.89K,0.47%
21.09.2015,74.76,73,75.19,73,297.47K,1.49%
18.09.2015,73.66,73.33,73.97,72.5,767.35K,0.45%
17.09.2015,73.33,75.25,75.49,72.4,768.14K,-2.19%
15.09.2015,74.97,75,75.21,74.39,613.42K,0.87%
14.09.2015,74.32,74.26,75.5,73.26,436.03K,0.24%
11.09.2015,74.14,71.61,74.74,71.61,313.72K,1.17%
10.09.2015,73.28,71.7,73.5,71.15,518.22K,2.20%
09.09.2015,71.7,73.25,74.49,71.42,369.70K,-1.55%
08.09.2015,72.83,73,73.05,72.01,388.59K,0.39%
07.09.2015,72.55,72.01,73.25,72,73.32K,0.67%
04.09.2015,72.07,74.32,74.34,70.5,488.17K,-2.05%
03.09.2015,73.58,73,76.29,73,396.18K,-0.12%
02.09.2015,73.67,73.4,74.09,72.74,425.48K,3.05%
01.09.2015,71.49,76.11,76.3,71.08,745.39K,-6.06%
31.08.2015,76.1,72.9,77,71.24,1.74M,5.86%
28.08.2015,71.89,71.85,73,70,482.88K,0.14%
27.08.2015,71.79,68.4,73.17,67.54,524.29K,6.31%
26.08.2015,67.53,68.41,68.41,66.18,316.53K,-0.54%
25.08.2015,67.9,66.65,68.4,66.17,475.54K,3.16%
24.08.2015,65.82,66.52,68.19,64.21,602.23K,-3.45%
21.08.2015,68.17,68,69,67.11,353.77K,-0.47%
20.08.2015,68.49,69.06,69.67,68,202.75K,-1.45%
19.08.2015,69.5,69.25,69.96,68.6,329.74K,-0.70%
18.08.2015,69.99,70.27,70.76,69.15,397.74K,-1.48%
17.08.2015,71.04,70.27,71.25,70.27,311.40K,0.69%
14.08.2015,70.55,70.3,71.5,70.21,302.70K,-0.40%
13.08.2015,70.83,71.51,72.89,70.45,329.66K,-1.73%
12.08.2015,72.08,73.18,73.9,71.2,456.57K,-1.50%
11.08.2015,73.18,73.1,74.47,72.6,343.76K,-1.73%
10.08.2015,74.47,72.92,74.93,72.63,205.50K,2.48%
07.08.2015,72.67,72.81,73.38,72.46,202.88K,-0.75%
06.08.2015,73.22,74.29,74.29,73.01,139.27K,-1.48%
05.08.2015,74.32,72.81,75,72.81,272.86K,-0.48%
04.08.2015,74.68,73,75.5,73,279.39K,-0.41%
03.08.2015,74.99,72.9,75,70.68,373.74K,2.52%
31.07.2015,73.15,70.72,73.6,70.28,773.53K,3.99%
30.07.2015,70.34,68.24,70.85,68.24,212.81K,3.08%
29.07.2015,68.24,69.68,71.26,68.02,622.51K,-2.05%
28.07.2015,69.67,72.06,72.5,69.45,394.94K,-3.29%
27.07.2015,72.04,72,72.72,71.36,237.22K,-1.45%
24.07.2015,73.1,73.81,74.13,72.3,345.76K,-1.46%
23.07.2015,74.18,72,74.82,72,395.55K,2.91%
22.07.2015,72.08,73.45,74,71,495.05K,-3.55%
21.07.2015,74.73,74.5,75,72.51,385.19K,1.49%
20.07.2015,73.63,72.76,74.16,72.63,206.50K,1.03%
17.07.2015,72.88,73,73,72.51,174.16K,-0.16%
16.07.2015,73,72.94,73,72.19,277.72K,0.79%
15.07.2015,72.43,72.95,72.95,72,265.73K,-0.63%
14.07.2015,72.89,73.49,73.49,72.64,410.14K,1.00%
13.07.2015,72.17,73,75.08,71.61,295.19K,-1.22%
10.07.2015,73.06,71,73.5,71,543.44K,3.65%
09.07.2015,70.49,71.15,71.59,69.44,487.94K,-0.41%
08.07.2015,70.78,70.8,71.58,70.39,455.01K,-1.21%
07.07.2015,71.65,68.8,72.45,68,563.13K,3.62%
06.07.2015,69.15,69.05,69.52,66.8,626.48K,0.12%
03.07.2015,69.07,67.2,69.99,67.13,237.80K,2.02%
02.07.2015,67.7,66.35,67.96,66.11,975.07K,2.44%
01.07.2015,66.09,65.4,67.5,65.37,723.67K,0.90%
30.06.2015,65.5,64.3,65.59,64.21,1.25M,1.36%
29.06.2015,64.62,65.5,65.5,64.45,553.34K,-1.34%
26.06.2015,65.5,65.2,65.59,65,439.56K,0.58%
25.06.2015,65.12,65.02,65.36,64.8,481.87K,0.05%
24.06.2015,65.09,65.5,65.95,64.53,605.46K,-0.70%
23.06.2015,65.55,65.5,65.77,65.2,498.61K,0.40%
22.06.2015,65.29,65.44,65.86,64.92,558.17K,-0.26%
19.06.2015,65.46,65.59,65.71,65.05,1.35M,-0.26%
18.06.2015,65.63,65.01,65.76,65.01,1.05M,0.20%
17.06.2015,65.5,65.37,65.65,64.21,643.71K,0.20%
16.06.2015,65.37,64.7,65.55,64.15,422.32K,0.21%
15.06.2015,65.23,64.2,65.66,63.9,430.87K,0.65%
12.06.2015,64.81,65.76,65.76,64.05,446.18K,-0.93%
11.06.2015,65.42,64.5,65.78,64.14,364.72K,0.58%
10.06.2015,65.04,65.95,65.95,64.9,1.56M,-1.26%
09.06.2015,65.87,65.6,66.84,64.2,1.02M,0.80%
08.06.2015,65.35,63.07,65.5,62.9,825.54K,3.09%
05.06.2015,63.39,62.9,63.52,62.64,658.44K,0.86%
04.06.2015,62.85,64,64.55,62.5,616.32K,-1.83%
03.06.2015,64.02,63.47,65.01,63.47,505.79K,0.87%
02.06.2015,63.47,64.11,64.86,63.11,869.29K,-1.89%
01.06.2015,64.69,64.01,64.91,64,379.63K,-0.63%
29.05.2015,65.1,63.33,65.43,63.02,2.15M,2.83%
28.05.2015,63.31,63.19,64.39,62.75,481.62K,0.05%
27.05.2015,63.28,63.9,64.26,63.2,529.57K,-1.20%
26.05.2015,64.05,65.02,65.87,63.8,787.62K,-2.73%
25.05.2015,65.85,65.5,66.14,65.01,281.84K,0.53%
22.05.2015,65.5,65.15,65.55,65,649.09K,-0.05%
21.05.2015,65.53,65.25,65.78,65.25,337.66K,0.40%
20.05.2015,65.27,66,66,65,400.77K,-0.78%
19.05.2015,65.78,65.42,66.1,65.41,574.31K,0.40%
18.05.2015,65.52,65.45,66.31,65.45,402.72K,-0.58%
15.05.2015,65.9,65.81,66.1,65.07,215.52K,-0.03%
14.05.2015,65.92,65.05,66,64.09,445.66K,1.82%
13.05.2015,64.74,63.68,65.08,63.68,326.62K,0.39%
12.05.2015,64.49,64.1,65,63.6,479.39K,-0.91%
11.05.2015,65.08,64.11,65.35,64.1,343.42K,-0.20%
08.05.2015,65.21,65.9,65.9,64.64,607.48K,0.22%
07.05.2015,65.07,65.84,65.84,64.45,482.00K,-1.20%
06.05.2015,65.86,65.7,66.22,64.1,433.51K,1.57%
05.05.2015,64.84,63.85,65.4,63.35,675.95K,1.81%
04.05.2015,63.69,63.13,64.77,62.51,551.76K,0.71%
30.04.2015,63.24,64.21,64.21,62.37,750.64K,-0.97%
29.04.2015,63.86,64.44,64.89,63.76,470.29K,-0.93%
28.04.2015,64.46,64.85,65.39,63.9,412.76K,1.02%
27.04.2015,63.81,65.96,65.96,63.51,512.32K,-2.27%
24.04.2015,65.29,63.02,65.97,63.01,550.09K,2.21%
23.04.2015,63.88,62.66,64.27,61.54,513.70K,2.70%
22.04.2015,62.2,63.45,63.45,62.01,677.42K,-1.13%
21.04.2015,62.91,62.7,63.25,62.14,486.53K,0.40%
20.04.2015,62.66,63.4,63.68,61.43,509.76K,-1.65%
17.04.2015,63.71,63.75,64.2,63.5,389.31K,-0.50%
16.04.2015,64.03,65.67,65.67,63.9,537.88K,-1.57%
15.04.2015,65.05,64.72,65.65,64.72,334.23K,0.51%
14.04.2015,64.72,65.99,66.21,63.8,423.45K,0.48%
13.04.2015,64.41,65.9,65.99,64.15,265.94K,-2.26%
10.04.2015,65.9,66.08,66.21,65.3,273.93K,-0.18%
09.04.2015,66.02,66.25,66.36,65.8,176.75K,-0.20%
08.04.2015,66.15,65.03,66.36,65.03,469.62K,1.04%
07.04.2015,65.47,65.75,66,65.13,614.29K,0.02%
06.04.2015,65.46,64.55,65.99,64.55,544.54K,1.41%
01.04.2015,64.55,63.98,64.75,62.85,206.51K,1.83%
31.03.2015,63.39,64.48,64.99,62.55,1.19M,-1.20%
30.03.2015,64.16,65.01,65.38,63.51,383.09K,-1.16%
27.03.2015,64.91,62.88,65.44,62.43,602.06K,3.23%
26.03.2015,62.88,64.03,65.19,62.08,705.45K,-2.44%
25.03.2015,64.45,66.5,66.5,64.04,697.99K,-1.26%
24.03.2015,65.27,66.15,67.07,64.99,582.95K,-2.99%
23.03.2015,67.28,66.13,67.45,65.71,647.14K,-0.09%
20.03.2015,67.34,67.4,67.99,66.7,858.19K,-0.19%
19.03.2015,67.47,66.91,68,65.08,817.96K,0.88%
18.03.2015,66.88,64.25,67,63.71,832.33K,4.52%
17.03.2015,63.99,63.25,64.29,63.24,582.65K,0.42%
13.03.2015,63.72,63.39,63.94,62.3,311.02K,1.26%
12.03.2015,62.93,62.1,63.47,62.08,328.45K,1.47%
11.03.2015,62.02,61.62,63.39,61.31,608.01K,-0.24%
10.03.2015,62.17,61.51,63.18,61.27,494.95K,-0.62%
09.03.2015,62.56,62.1,62.89,61.5,256.11K,1.00%
06.03.2015,61.94,62.1,63.43,61.51,447.40K,-0.21%
05.03.2015,62.07,61.38,62.9,61.3,483.41K,1.47%
04.03.2015,61.17,64.79,65.06,61.04,370.73K,-5.83%
03.03.2015,64.96,66.49,66.49,64.75,337.43K,-2.37%
02.03.2015,66.54,67.11,67.37,64.8,523.18K,-1.39%
27.02.2015,67.48,65.62,68.13,64.64,1.14M,3.51%
26.02.2015,65.19,67.56,67.56,64.77,424.96K,-2.53%
25.02.2015,66.88,66.4,67.55,65.12,470.36K,1.35%
24.02.2015,65.99,64.75,66.2,63.8,431.54K,3.17%
23.02.2015,63.96,65.78,65.78,63.79,254.88K,-1.22%
20.02.2015,64.75,64.7,65.37,64.64,225.40K,0.08%
19.02.2015,64.7,65.55,66.17,64.47,296.57K,-2.57%
18.02.2015,66.41,65.9,67.25,64.12,479.39K,1.37%
17.02.2015,65.51,64.09,65.69,63.81,184.83K,2.18%
16.02.2015,64.11,64.78,64.78,63.76,60.52K,-1.06%
13.02.2015,64.8,64.55,65.23,63.35,424.25K,1.71%
12.02.2015,63.71,64.6,64.6,63.41,543.67K,-0.62%
11.02.2015,64.11,65.03,65.96,62,811.63K,-2.33%
10.02.2015,65.64,66.35,66.7,65.22,832.33K,-1.10%
09.02.2015,66.37,66.38,66.64,65.4,302.83K,0.48%
06.02.2015,66.05,65.45,66.9,64.78,489.57K,1.30%
05.02.2015,65.2,64.9,65.61,64,701.88K,0.43%
04.02.2015,64.92,64.5,65,63.62,497.04K,1.90%
03.02.2015,63.71,66.6,68,62.78,748.06K,-2.84%
30.01.2015,65.57,67.76,67.76,64.81,960.55K,-2.76%
29.01.2015,67.43,69.06,69.06,67.25,636.16K,-2.39%
28.01.2015,69.08,69.23,71.3,68.04,430.17K,-0.22%
27.01.2015,69.23,66.9,69.95,66.75,904.12K,2.56%
26.01.2015,67.5,67.27,68.95,67,380.12K,0.37%
23.01.2015,67.25,68.38,69,67.01,250.79K,-1.65%
22.01.2015,68.38,68.62,69.99,68.05,504.13K,-0.38%
21.01.2015,68.64,68.25,69.03,67.23,435.35K,0.07%
20.01.2015,68.59,66.09,68.9,65.2,508.12K,3.28%
19.01.2015,66.41,67.2,67.21,66.07,285.75K,0.03%
16.01.2015,66.39,67.2,67.2,65.5,772.71K,-0.23%
15.01.2015,66.54,68.52,69.79,66,770.01K,-3.54%
14.01.2015,68.98,68.98,69.73,68.74,450.45K,-0.01%
13.01.2015,68.99,70.44,71,68.74,488.02K,-0.09%
12.01.2015,69.05,70.6,70.6,69,263.76K,-2.17%
09.01.2015,70.58,69.5,70.95,69.02,259.15K,1.57%
08.01.2015,69.49,68.99,70.95,68.73,382.86K,1.14%
07.01.2015,68.71,68.49,69,67.72,358.91K,2.26%
06.01.2015,67.19,68.76,69,66.56,329.57K,0.21%
05.01.2015,67.05,68.18,69.87,66.5,565.00K,-4.08%
02.01.2015,69.9,72.6,74.3,68.1,403.98K,-3.71%
31.12.2014,72.59,73.48,73.48,72.21,293.58K,-1.21%
30.12.2014,73.48,73.51,74.4,72.73,353.42K,-1.91%
29.12.2014,74.91,74.14,75.99,73.78,114.08K,0.51%
26.12.2014,74.53,73.99,75.21,73.81,110.21K,1.46%
24.12.2014,73.46,73.6,74.18,72.91,35.89K,0.30%
23.12.2014,73.24,72.83,74.9,71.94,196.15K,0.56%
22.12.2014,72.83,71.58,73.11,70.81,221.25K,2.23%
19.12.2014,71.24,71,71.89,70.06,812.18K,0.41%
18.12.2014,70.95,68.23,71,68.23,890.77K,4.49%
17.12.2014,67.9,70.06,71.1,67.06,795.98K,-0.92%
16.12.2014,68.53,70.51,70.51,67,623.52K,-2.81%
15.12.2014,70.51,74,75,69,699.17K,-4.93%
11.12.2014,74.17,71.16,74.96,70.25,425.39K,3.71%
10.12.2014,71.52,72.36,73.59,70.51,859.18K,-0.46%
09.12.2014,71.85,72.27,72.28,70.46,458.11K,-1.49%
08.12.2014,72.94,75.14,75.14,72.6,408.24K,-2.45%
05.12.2014,74.77,73.75,75.06,73.04,268.48K,1.87%
04.12.2014,73.4,74.14,74.81,73.01,580.09K,-1.94%
03.12.2014,74.85,75.29,76.48,71.43,523.05K,-0.58%
02.12.2014,75.29,76.68,79.66,74.52,396.32K,-1.83%
01.12.2014,76.69,78,79.9,76.36,762.10K,-1.94%
28.11.2014,78.21,78.41,80.49,78.02,258.94K,-1.31%
27.11.2014,79.25,79,80.04,79,46.33K,-0.64%
26.11.2014,79.76,80.98,80.98,78.6,306.59K,-1.02%
25.11.2014,80.58,77.9,82,77.24,1.90M,3.51%
24.11.2014,77.85,77.02,78,77.02,504.48K,1.95%
21.11.2014,76.36,80.4,80.4,76,1.12M,-4.59%
20.11.2014,80.03,78.7,80.79,77.29,520.25K,0.78%
19.11.2014,79.41,76.63,79.89,75.21,330.89K,3.95%
18.11.2014,76.39,75.51,76.75,75.51,210.97K,1.23%
14.11.2014,75.46,77.11,78.5,75.21,302.07K,-2.03%
13.11.2014,77.02,76.38,77.49,75.8,658.83K,0.67%
12.11.2014,76.51,76.73,76.73,76.4,849.43K,-0.84%
11.11.2014,77.16,77.37,77.79,76.31,190.86K,-0.64%
10.11.2014,77.66,77.03,78.35,76.1,292.68K,0.80%
07.11.2014,77.04,77.44,77.86,76.52,208.90K,-0.52%
06.11.2014,77.44,77.5,78.54,77.01,132.21K,-1.06%
05.11.2014,78.27,76.78,78.5,76.67,669.24K,2.22%
04.11.2014,76.57,77.4,77.88,76.5,204.83K,-1.05%
03.11.2014,77.38,75.91,77.5,75.91,522.04K,0.57%
31.10.2014,76.94,77.5,79.25,76.54,972.57K,-0.03%
30.10.2014,76.96,76.18,77.6,76.18,225.88K,0.14%
29.10.2014,76.85,77,77.34,76.04,226.28K,0.33%
28.10.2014,76.6,76.43,77.79,75.76,348.14K,0.46%
27.10.2014,76.25,75.5,77.29,75.5,204.30K,-2.78%
24.10.2014,78.43,78.88,78.88,77.21,137.86K,-0.87%
23.10.2014,79.12,78.19,79.5,77.16,135.14K,2.00%
22.10.2014,77.57,77.4,78.77,76.91,265.84K,0.58%
21.10.2014,77.12,74.78,78.39,74.69,435.72K,3.64%
20.10.2014,74.41,76,77.03,74,828.64K,-1.64%
17.10.2014,75.65,76.34,77,75.5,479.67K,0.13%
16.10.2014,75.55,75.65,76.69,75.5,425.84K,-0.64%
15.10.2014,76.04,77.29,77.29,75.6,565.65K,-0.58%
14.10.2014,76.48,76.54,77.3,76,272.75K,-0.08%
13.10.2014,76.54,75.18,76.8,75.17,367.40K,1.58%
10.10.2014,75.35,76.71,77.73,75.14,407.38K,-3.16%
09.10.2014,77.81,77.45,78.65,76.7,437.12K,1.41%
08.10.2014,76.73,78.04,79.15,76.5,562.06K,-2.01%
07.10.2014,78.3,78,79.19,77.71,418.24K,-0.45%
06.10.2014,78.65,80.38,80.99,78.2,228.30K,-0.47%
03.10.2014,79.02,78.15,79.32,77.24,246.90K,0.78%
02.10.2014,78.41,77.9,79.22,77.54,413.42K,0.71%
01.10.2014,77.86,78.9,78.9,77.33,609.40K,-0.83%
30.09.2014,78.51,79,79.21,77.8,629.36K,-0.10%
29.09.2014,78.59,77.8,78.9,77.01,411.05K,0.06%
26.09.2014,78.54,78.2,78.93,77.91,269.81K,0.67%
25.09.2014,78.02,76.36,78.2,76.36,299.89K,2.42%
24.09.2014,76.18,77.11,77.8,76.01,976.13K,-1.33%
23.09.2014,77.21,78.52,79.65,77.1,456.04K,-2.22%
22.09.2014,78.96,81.37,81.6,78.01,385.06K,-2.48%
19.09.2014,80.97,81.5,81.5,80.43,736.57K,0.24%
18.09.2014,80.78,81.3,81.39,79.92,297.94K,-0.44%
17.09.2014,81.14,78.66,81.31,78.16,678.42K,3.32%
15.09.2014,78.53,78.85,80.7,78.12,590.93K,-1.11%
12.09.2014,79.41,80.24,80.25,79,390.36K,-0.63%
11.09.2014,79.91,80.9,80.9,79.8,726.41K,-0.49%
10.09.2014,80.3,80.2,80.65,79.98,460.48K,-0.46%
09.09.2014,80.67,80.33,81,79.95,518.99K,0.02%
08.09.2014,80.65,80.13,81.22,80.13,303.97K,0.39%
05.09.2014,80.34,81.2,81.48,80.07,331.49K,-0.90%
04.09.2014,81.07,81.49,81.5,80.8,583.26K,0.09%
03.09.2014,81,81.5,81.5,78.41,1.05M,-0.16%
02.09.2014,81.13,81.01,81.49,80.58,725.94K,0.22%
01.09.2014,80.95,79.46,81.88,79.01,739.01K,1.31%
29.08.2014,79.9,82.6,82.98,79.36,9.04M,-2.70%
28.08.2014,82.12,82.67,82.67,81.19,974.45K,1.33%
27.08.2014,81.04,80.84,81.41,80.84,576.19K,0.05%
26.08.2014,81,81.36,81.5,80.7,574.41K,0.72%
25.08.2014,80.42,81.13,81.21,80.3,431.58K,0.11%
22.08.2014,80.33,80.88,81.3,80.06,492.69K,-0.20%
21.08.2014,80.49,82.4,83,79.83,1.11M,-2.32%
20.08.2014,82.4,83.4,84,81.8,1.39M,1.78%
19.08.2014,80.96,80.64,81.3,80.41,344.26K,1.19%
18.08.2014,80.01,79.02,80.3,79.02,262.22K,0.64%
15.08.2014,79.5,79.01,79.95,79.01,160.79K,-0.28%
14.08.2014,79.72,77.97,80.09,76.86,755.20K,2.88%
13.08.2014,77.49,77.78,77.78,76.83,493.86K,1.18%
12.08.2014,76.59,76.11,77.01,76.11,363.26K,0.37%
11.08.2014,76.31,75.85,76.6,75.8,448.20K,1.26%
08.08.2014,75.36,75.84,75.84,73.97,425.10K,-0.51%
07.08.2014,75.75,75.48,76.13,75.3,549.40K,0.34%
06.08.2014,75.49,75.87,76.36,75.01,451.04K,-0.50%
05.08.2014,75.87,75.46,76.09,75,309.06K,0.65%
04.08.2014,75.38,74.58,75.64,73.89,768.97K,0.96%
01.08.2014,74.66,74.74,74.9,74.03,188.05K,-0.11%
31.07.2014,74.74,75.5,75.5,73.52,728.95K,0.16%
30.07.2014,74.62,75.9,75.9,74.11,419.77K,-0.77%
29.07.2014,75.2,75.06,76.43,75.04,591.15K,0.16%
28.07.2014,75.08,74.82,75.9,74.8,506.26K,0.31%
25.07.2014,74.85,74.04,75.5,74.01,551.80K,1.03%
24.07.2014,74.09,74.74,74.75,73.61,412.69K,-0.80%
23.07.2014,74.69,75.6,75.71,74.27,283.57K,-0.68%
22.07.2014,75.2,74.74,75.47,73.51,465.44K,2.13%
21.07.2014,73.63,73.45,75.96,73.21,604.86K,0.57%
18.07.2014,73.21,73,74,72.53,445.57K,0.54%
17.07.2014,72.82,73.75,73.98,72.18,684.09K,-0.90%
16.07.2014,73.48,72.88,73.75,71.64,653.60K,0.55%
15.07.2014,73.08,72.8,73.5,72.56,635.19K,0.52%
14.07.2014,72.7,73.61,73.99,72.61,606.06K,-1.09%
11.07.2014,73.5,72.29,73.95,72.04,629.63K,2.24%
10.07.2014,71.89,72.09,72.09,71.3,760.11K,-0.57%
09.07.2014,72.3,70.41,72.51,70.16,534.68K,2.68%
08.07.2014,70.41,69.09,70.69,68.82,794.09K,2.55%
07.07.2014,68.66,69.3,69.49,68.38,297.02K,-0.82%
04.07.2014,69.23,69.19,69.3,68.37,94.55K,0.33%
03.07.2014,69,68.81,69.65,68.8,410.87K,0.15%
02.07.2014,68.9,69.3,69.59,68.16,1.03M,-0.33%
01.07.2014,69.13,68.4,69.49,67.26,994.41K,2.45%
30.06.2014,67.48,68,68.15,67,524.35K,-1.13%
27.06.2014,68.25,68.77,69.3,68.06,352.37K,-0.41%
26.06.2014,68.53,68.99,69.33,68.39,391.63K,-0.45%
25.06.2014,68.84,68.81,69.66,68.55,309.90K,-0.81%
24.06.2014,69.4,69.39,69.5,68.27,323.78K,0.55%
23.06.2014,69.02,69.67,69.67,68.53,230.62K,-0.93%
20.06.2014,69.67,68.94,69.8,68.31,629.77K,2.05%
19.06.2014,68.27,69.4,69.4,68,211.41K,-1.07%
18.06.2014,69.01,68.2,69.56,66.87,836.03K,2.18%
17.06.2014,67.54,68.57,68.57,67,430.43K,-1.03%
16.06.2014,68.24,67.5,68.5,67.48,267.32K,2.48%
13.06.2014,66.59,69.55,69.75,66.01,1.37M,-3.91%
12.06.2014,69.3,69.21,69.8,68.25,268.01K,0.29%
11.06.2014,69.1,69,69.9,67.76,414.87K,0.26%
10.06.2014,68.92,68.35,69.5,67.31,902.92K,0.95%
09.06.2014,68.27,68.2,68.47,67.88,151.47K,0.50%
06.06.2014,67.93,67.45,68.2,67.05,559.61K,1.30%
05.06.2014,67.06,66.99,67.5,66.6,343.90K,0.34%
04.06.2014,66.83,67,67,66.28,228.30K,-0.31%
03.06.2014,67.04,67.15,67.5,66.89,560.30K,-0.19%
02.06.2014,67.17,67.3,67.39,66.49,474.46K,0.66%
30.05.2014,66.73,67,67.34,66.11,1.67M,-1.02%
29.05.2014,67.42,67.22,67.77,67,232.40K,-0.24%
28.05.2014,67.58,67.99,67.99,67.3,185.40K,-0.24%
27.05.2014,67.74,68.45,68.45,67.22,391.55K,-0.86%
26.05.2014,68.33,67.84,68.49,67.84,95.33K,0.72%
23.05.2014,67.84,68.1,68.24,67.07,540.92K,0.10%
22.05.2014,67.77,68.48,68.5,67.5,561.54K,-0.67%
21.05.2014,68.23,68.49,68.49,67.36,105.85K,0.38%
20.05.2014,67.97,67.75,68.43,67.13,558.09K,0.56%
19.05.2014,67.59,68.04,69.4,67.21,817.29K,-1.54%
16.05.2014,68.65,68.53,68.8,67.1,431.25K,1.27%
15.05.2014,67.79,69.75,69.75,67.51,302.70K,-2.81%
14.05.2014,69.75,69.77,70,68.5,355.59K,-0.03%
13.05.2014,69.77,69.98,69.98,69.37,352.56K,0.16%
12.05.2014,69.66,69.4,70,68.81,641.15K,1.74%
09.05.2014,68.47,69.52,69.57,68.45,163.30K,-0.91%
08.05.2014,69.1,68.84,69.75,68.84,296.72K,0.93%
07.05.2014,68.46,68.89,68.97,67.85,79.18K,-0.60%
06.05.2014,68.87,68.36,69,67.35,107.08K,1.52%
05.05.2014,67.84,67.81,68.5,66,109.80K,0.07%
02.05.2014,67.79,65.7,68.2,65.7,234.23K,1.94%
30.04.2014,66.5,67.98,67.98,66.31,748.80K,-2.18%
29.04.2014,67.98,66.81,68.5,66.01,395.47K,2.52%
28.04.2014,66.31,66.43,66.58,65.5,288.35K,-0.17%
25.04.2014,66.42,67.27,67.5,65,318.03K,-1.26%
24.04.2014,67.27,66.2,67.46,65.85,224.31K,1.31%
23.04.2014,66.4,67.16,67.61,65.3,327.11K,-0.75%
22.04.2014,66.9,68.86,69.55,66.8,339.16K,-2.58%
21.04.2014,68.67,69.39,70,68.37,153.63K,-1.65%
16.04.2014,69.82,68.13,70,68.1,484.51K,0.39%
15.04.2014,69.55,69.5,69.9,69.01,296.46K,-0.03%
14.04.2014,69.57,67.9,69.94,67.9,196.83K,2.04%
11.04.2014,68.18,68.52,68.52,66.55,583.56K,-0.50%
10.04.2014,68.52,69.1,69.1,68,430.27K,0.69%
09.04.2014,68.05,69.87,69.94,67.83,491.66K,-1.65%
08.04.2014,69.19,69.46,69.94,68.56,659.38K,-0.89%
07.04.2014,69.81,68.95,70,68.81,403.07K,1.76%
04.04.2014,68.6,69.4,70,68.4,455.62K,0.31%
03.04.2014,68.39,68.7,69.28,67.3,453.05K,-0.07%
02.04.2014,68.44,69,70.07,67.76,1.14M,-0.41%
01.04.2014,68.72,66.5,69.53,66.5,332.16K,0.04%
31.03.2014,68.69,69.38,69.38,68.1,551.64K,-0.09%
28.03.2014,68.75,68.99,70,68.06,544.22K,0.26%
27.03.2014,68.57,68.61,69.5,68.25,564.12K,-0.06%
26.03.2014,68.61,69.42,69.6,67.9,342.11K,-0.46%
25.03.2014,68.93,68.5,69.9,68.5,338.65K,1.95%
24.03.2014,67.61,68.49,69.61,66.79,331.68K,-1.40%
21.03.2014,68.57,68.47,69.14,67.24,622.28K,0.15%
20.03.2014,68.47,66,68.68,66,719.52K,1.29%
19.03.2014,67.6,66.5,68.57,65.51,330.37K,1.46%
18.03.2014,66.63,62.73,67.5,62.73,599.76K,5.64%
14.03.2014,63.07,62.13,63.5,61.51,376.70K,1.51%
13.03.2014,62.13,64.5,64.5,60.36,843.33K,-3.31%
12.03.2014,64.26,64.85,65.27,63.03,558.72K,-0.85%
11.03.2014,64.81,65.47,66.1,64.51,217.93K,-1.01%
10.03.2014,65.47,65.26,66.25,65,307.35K,-0.14%
07.03.2014,65.56,65.8,66.59,65.52,157.24K,-0.91%
06.03.2014,66.16,65.6,66.83,65.21,525.79K,0.85%
05.03.2014,65.6,65.97,66.06,65.22,518.89K,-1.34%
04.03.2014,66.49,66.7,67.7,65.6,381.43K,0.26%
03.03.2014,66.32,69.07,69.07,65.51,658.52K,-3.98%
28.02.2014,69.07,68.28,69.8,67.29,580.33K,1.42%
27.02.2014,68.1,67.5,68.84,65.86,343.89K,1.38%
26.02.2014,67.17,67.36,68,66.16,278.12K,-0.27%
25.02.2014,67.35,70.19,70.19,67.25,324.80K,-3.37%
24.02.2014,69.7,69.98,70.23,68.5,214.03K,0.74%
21.02.2014,69.19,67.61,69.8,67.6,372.91K,2.35%
20.02.2014,67.6,66.3,68,65.7,611.91K,1.02%
19.02.2014,66.92,69.65,69.65,65.61,460.43K,-2.45%
18.02.2014,68.6,68.5,69.41,67.36,455.01K,-0.31%
17.02.2014,68.81,69.5,69.88,68.6,28.34K,-0.92%
14.02.2014,69.45,69.4,70.49,68.23,400.76K,1.40%
13.02.2014,68.49,70.3,70.85,68,291.38K,-2.57%
12.02.2014,70.3,70.7,71.4,69.99,367.55K,0.54%
11.02.2014,69.92,68.84,71.4,68.15,440.25K,1.57%
10.02.2014,68.84,70,70,68.1,161.35K,-1.56%
07.02.2014,69.93,69.2,70.1,67.49,494.96K,3.28%
06.02.2014,67.71,68.4,69.19,67.22,433.59K,-0.51%
05.02.2014,68.06,68.62,69.57,67.29,419.84K,-0.40%
04.02.2014,68.33,69.08,69.59,68,183.58K,-2.18%
31.01.2014,69.85,67.08,70.13,67.08,1.33M,1.53%
30.01.2014,68.8,66,69.96,66,509.79K,3.57%
29.01.2014,66.43,64.98,68,64.98,476.28K,2.22%
28.01.2014,64.99,65.89,65.89,64.21,476.40K,-1.38%
27.01.2014,65.9,66.31,66.31,65.1,474.66K,-0.62%
24.01.2014,66.31,66.5,67.8,65.68,589.26K,-0.87%
23.01.2014,66.89,66.32,68.3,66.13,487.56K,-1.66%
22.01.2014,68.02,67.61,68.88,65.02,347.57K,3.12%
21.01.2014,65.96,67.73,67.73,65.72,370.19K,-2.05%
20.01.2014,67.34,67.97,67.97,67.3,24.46K,-1.42%
17.01.2014,68.31,67.8,69.04,67.8,393.03K,0.74%
16.01.2014,67.81,67.89,68.5,67.29,258.09K,0.59%
15.01.2014,67.41,66.65,67.9,66.65,359.40K,-0.03%
14.01.2014,67.43,66.51,67.7,66.51,327.46K,1.17%
13.01.2014,66.65,68,68,66.45,108.35K,-1.87%
10.01.2014,67.92,65.04,68.3,65.04,498.04K,4.19%
09.01.2014,65.19,66.27,67.11,65,497.63K,-1.63%
08.01.2014,66.27,67,67.49,66,221.12K,-0.75%
07.01.2014,66.77,67.55,67.55,66.6,233.17K,-0.77%
06.01.2014,67.29,69.47,69.47,66.8,314.53K,-3.14%
03.01.2014,69.47,69.65,69.65,67.59,240.90K,0.55%
02.01.2014,69.09,69.74,69.74,68.25,242.30K,-0.52%
31.12.2013,69.45,69.67,69.7,68.52,201.70K,-0.07%
30.12.2013,69.5,69.49,69.8,69,1.31M,0.13%
27.12.2013,69.41,68.48,69.79,68.16,338.42K,1.82%
26.12.2013,68.17,69.58,69.58,67.66,196.99K,-0.64%
24.12.2013,68.61,69.99,70,68.3,71.72K,-0.29%
23.12.2013,68.81,67.5,69.99,67.5,419.24K,1.00%
20.12.2013,68.13,70,70,67.91,734.13K,-2.49%
19.12.2013,69.87,69.5,70,68.92,261.17K,1.57%
18.12.2013,68.79,67.64,70,67.63,633.54K,1.75%
17.12.2013,67.61,68.8,69.5,66.68,387.91K,-1.60%
16.12.2013,68.71,71.44,71.44,68.49,728.59K,-3.82%
13.12.2013,71.44,70.24,71.96,69.51,374.30K,0.28%
11.12.2013,71.24,71.25,72.16,70.32,423.67K,-0.07%
10.12.2013,71.29,71.5,72.38,71.1,561.14K,-0.35%
09.12.2013,71.54,70,72.1,70,649.05K,2.46%
06.12.2013,69.82,70,70.99,69.64,684.47K,-0.11%
05.12.2013,69.9,67.98,69.99,67.98,1.04M,2.82%
04.12.2013,67.98,68.24,68.81,67.6,564.43K,-2.37%
03.12.2013,69.63,69.71,69.85,68.27,301.74K,-0.04%
02.12.2013,69.66,69.91,69.98,67.57,421.97K,-0.36%
29.11.2013,69.91,68.78,70,67.11,1.10M,1.64%
28.11.2013,68.78,68.42,68.95,67.01,102.05K,0.53%
27.11.2013,68.42,67.44,68.8,66.56,701.50K,0.16%
26.11.2013,68.31,66.66,68.7,65.01,2.80M,2.35%
25.11.2013,66.74,67.39,67.4,65.91,326.39K,0.50%
22.11.2013,66.41,68,68.29,65.77,207.95K,-0.84%
21.11.2013,66.97,69.5,69.5,66.53,182.02K,-2.65%
20.11.2013,68.79,68.54,69.2,67.76,648.07K,0.61%
19.11.2013,68.37,66.84,68.65,66.83,344.69K,2.20%
15.11.2013,66.9,65.11,67.38,65.06,607.42K,2.06%
14.11.2013,65.55,63.03,65.73,62.88,427.29K,4.00%
13.11.2013,63.03,61.41,63.98,60.6,827.69K,1.96%
12.11.2013,61.82,63.6,63.81,61.8,1.28M,-3.12%
11.11.2013,63.81,65.2,65.59,62.8,746.06K,-1.57%
08.11.2013,64.83,67.57,67.57,64.51,1.07M,-4.06%
07.11.2013,67.57,69.56,69.56,67.5,249.75K,-2.55%
06.11.2013,69.34,68.99,69.9,68.81,693.41K,0.23%
05.11.2013,69.18,68.82,69.49,68.82,585.28K,-1.30%
04.11.2013,70.09,69.76,70.2,69.27,130.94K,0.46%
01.11.2013,69.77,70,70.52,68.5,294.31K,-0.60%
31.10.2013,70.19,69.2,71.09,67.55,3.23M,1.68%
30.10.2013,69.03,70,70,68.21,902.33K,-4.38%
29.10.2013,72.19,71.26,72.48,70.52,622.85K,1.79%
28.10.2013,70.92,69.5,71.04,69.09,530.38K,1.68%
25.10.2013,69.75,70.29,70.29,69,450.20K,0.85%
24.10.2013,69.16,69.97,70.73,68.6,599.45K,-1.16%
23.10.2013,69.97,70.5,70.5,69.6,581.32K,0.07%
22.10.2013,69.92,70.02,71.27,69.51,1.01M,1.91%
21.10.2013,68.61,70.89,71.4,68.5,802.72K,-2.57%
18.10.2013,70.42,67.95,70.83,67.09,596.31K,3.64%
17.10.2013,67.95,67.06,68.16,67.05,292.97K,0.00%
16.10.2013,67.95,70.69,70.69,67.26,428.24K,-2.82%
15.10.2013,69.92,69.98,70.17,68.01,266.15K,-0.37%
14.10.2013,70.18,70.14,71.14,68.97,272.17K,0.20%
11.10.2013,70.04,68.1,70.3,67.98,227.43K,2.86%
10.10.2013,68.09,67.41,68.99,67.28,366.32K,1.02%
09.10.2013,67.4,67.5,68.37,67.25,229.31K,-0.04%
08.10.2013,67.43,68.81,69.44,67.01,368.97K,-4.06%
07.10.2013,70.28,68.43,70.46,68.41,114.68K,1.91%
04.10.2013,68.96,71.83,71.83,68.52,166.37K,-3.51%
03.10.2013,71.47,71,71.7,70,145.83K,0.85%
02.10.2013,70.87,70.43,70.99,67.46,412.43K,0.91%
01.10.2013,70.23,70.25,72,69.21,447.05K,0.44%
30.09.2013,69.92,69.48,70.49,67.1,612.02K,2.76%
27.09.2013,68.04,70.19,70.19,68,646.15K,-2.52%
26.09.2013,69.8,69.9,70.25,69.39,747.60K,0.00%
25.09.2013,69.8,69.91,70,69.01,687.66K,0.68%
24.09.2013,69.33,70.49,70.49,68.37,624.85K,-1.84%
23.09.2013,70.63,68.12,71.2,68.12,878.93K,3.68%
20.09.2013,68.12,70.25,70.25,67.6,625.28K,-2.82%
19.09.2013,70.1,70.4,70.4,69.89,995.02K,0.01%
18.09.2013,70.09,69.74,70.31,68.37,480.90K,0.36%
17.09.2013,69.84,69.99,70.46,68.33,453.82K,1.26%
13.09.2013,68.97,69.85,69.87,68.69,363.93K,0.01%
12.09.2013,68.96,69,70,68.41,176.72K,-1.49%
11.09.2013,70,70.8,70.8,67.92,820.30K,-0.65%
10.09.2013,70.46,68.8,70.65,68.79,1.13M,1.95%
09.09.2013,69.11,67.02,69.8,66.67,711.71K,3.15%
06.09.2013,67,66.99,67.2,66.77,428.03K,0.57%
05.09.2013,66.62,64.6,66.99,64.6,130.41K,0.33%
04.09.2013,66.4,65.26,67,64.61,349.13K,0.61%
03.09.2013,66,67.91,68.24,66,176.32K,-1.96%
02.09.2013,67.32,65,68.02,65,65.09K,2.03%
30.08.2013,65.98,64.5,67.45,64.08,1.55M,2.77%
29.08.2013,64.2,64.45,64.5,62.56,506.24K,0.06%
28.08.2013,64.16,63.5,65,63.5,2.12M,-1.52%
27.08.2013,65.15,66.2,66.91,64.64,314.74K,-1.56%
26.08.2013,66.18,68.75,68.75,65.7,250.47K,-3.34%
23.08.2013,68.47,68.32,68.51,67.93,108.08K,0.22%
22.08.2013,68.32,67.58,68.8,67.3,403.03K,1.01%
21.08.2013,67.64,69.09,69.09,67.3,175.92K,-1.96%
20.08.2013,68.99,68.37,69.45,67,373.93K,1.05%
19.08.2013,68.27,66.01,68.4,66.01,360.62K,0.77%
16.08.2013,67.75,67.5,67.89,67.26,307.64K,0.43%
15.08.2013,67.46,68.79,68.79,67.24,95.45K,-2.05%
14.08.2013,68.87,68.29,70.5,68,740.45K,1.34%
13.08.2013,67.96,65.8,68,65.8,472.35K,1.66%
12.08.2013,66.85,66.81,68.4,66.19,400.26K,1.44%
09.08.2013,65.9,66.77,66.8,65.49,204.39K,-1.08%
08.08.2013,66.62,64.2,67,64.2,794.22K,4.39%
07.08.2013,63.82,64,64.14,63.48,404.15K,0.30%
06.08.2013,63.63,64.14,64.89,63,208.34K,-1.73%
05.08.2013,64.75,65.06,65.06,64.24,187.55K,-1.24%
02.08.2013,65.56,64.24,66.05,63.32,559.66K,2.45%
01.08.2013,63.99,63.8,64.9,63.5,561.95K,0.63%
31.07.2013,63.59,61.59,64,61.57,599.88K,3.31%
30.07.2013,61.55,61.3,62.08,60.38,197.50K,0.29%
29.07.2013,61.37,62.49,63,60.85,200.05K,-2.77%
26.07.2013,63.12,63.7,63.7,62.1,207.68K,-0.65%
25.07.2013,63.53,64,64,62.62,255.60K,-0.84%
24.07.2013,64.07,63.7,64.45,62.84,303.34K,0.80%
23.07.2013,63.56,61.68,63.77,61.4,455.26K,3.05%
22.07.2013,61.68,61.78,63.24,60.75,336.12K,-0.58%
19.07.2013,62.04,63.16,63.27,61,164.12K,-1.79%
18.07.2013,63.17,61.77,63.23,61.77,462.24K,2.40%
17.07.2013,61.69,59.01,62,59.01,293.67K,2.05%
16.07.2013,60.45,62.19,62.19,58.5,332.19K,-2.42%
15.07.2013,61.95,61.04,62.2,60.74,417.04K,0.72%
12.07.2013,61.51,61.7,61.95,60.53,580.08K,-0.76%
11.07.2013,61.98,61.34,62,61.1,284.76K,1.69%
10.07.2013,60.95,59.61,61.34,58,619.36K,2.54%
09.07.2013,59.44,61,61,58.82,456.02K,-2.75%
08.07.2013,61.12,60.74,62.3,60.25,503.15K,1.33%
05.07.2013,60.32,61.6,61.99,59.6,262.04K,-2.20%
04.07.2013,61.68,61.99,62,61.45,172.78K,-0.02%
03.07.2013,61.69,61.72,62,61.5,397.60K,-0.03%
02.07.2013,61.71,61.55,62.3,60.15,1.21M,-2.39%
01.07.2013,63.22,59,63.63,59,516.85K,3.49%
28.06.2013,61.09,57.41,61.99,57.41,2.04M,6.15%
27.06.2013,57.55,57,58.2,56.99,1.34M,1.50%
26.06.2013,56.7,56.18,57.1,55.7,1.73M,1.12%
25.06.2013,56.07,56.69,57.6,55,1.80M,-0.67%
24.06.2013,56.45,56.86,58.35,56.05,2.13M,-5.19%
21.06.2013,59.54,57.57,59.99,55.71,4.09M,3.15%
20.06.2013,57.72,58.95,58.95,57.5,976.86K,-2.00%
19.06.2013,58.9,61.78,62.91,58.3,4.03M,-5.28%
18.06.2013,62.18,63.2,64.42,61.51,3.45M,-0.72%
17.06.2013,62.63,62.82,63.9,61.85,2.82M,0.22%
14.06.2013,62.49,64.7,64.7,61.76,272.64K,-1.31%
13.06.2013,63.32,63.11,64.1,62.8,445.06K,-0.33%
12.06.2013,63.53,63.51,64.46,62.51,428.21K,-2.14%
11.06.2013,64.92,63.22,65.5,63.22,633.47K,-0.05%
10.06.2013,64.95,63.7,65.5,63.7,529.83K,3.13%
07.06.2013,62.98,64.52,67.47,62.83,993.94K,-2.37%
06.06.2013,64.51,65.14,65.14,64.08,500.73K,-1.09%
05.06.2013,65.22,65,66.49,65,318.30K,-2.01%
04.06.2013,66.56,67,68.66,66.06,282.02K,-0.63%
03.06.2013,66.98,67.5,68,66.2,399.25K,-0.22%
31.05.2013,67.13,69.9,69.9,66.6,3.45M,-3.74%
30.05.2013,69.74,68.41,69.88,68.31,418.59K,1.91%
29.05.2013,68.43,69,69.69,66.22,382.42K,-0.77%
28.05.2013,68.96,67.22,69.55,67.2,115.40K,4.00%
27.05.2013,66.31,66.22,66.8,66.1,25.30K,-1.34%
24.05.2013,67.21,68.6,68.7,66,631.81K,-2.17%
23.05.2013,68.7,65.68,69.47,65.1,232.91K,4.38%
22.05.2013,65.82,67,67.24,65.75,387.35K,-0.63%
21.05.2013,66.24,66.2,67.78,65.03,479.48K,-0.88%
20.05.2013,66.83,71,71,65.91,425.50K,-4.32%
17.05.2013,69.85,68.21,70.45,68.21,655.79K,1.19%
16.05.2013,69.03,70.79,70.79,68.16,207.51K,-1.55%
15.05.2013,70.12,70.85,70.9,68.38,761.56K,-0.47%
14.05.2013,70.45,70.71,70.8,70.18,155.10K,0.51%
13.05.2013,70.09,70,70.28,69.85,321.29K,0.86%
10.05.2013,69.49,71.09,71.09,68.7,261.74K,-2.04%
09.05.2013,70.94,71.01,72.99,70,1.39M,0.14%
08.05.2013,70.84,74,74.4,70.06,519.86K,-3.66%
07.05.2013,73.53,72.2,74.1,71.68,590.48K,2.21%
06.05.2013,71.94,72.69,72.82,71.24,551.91K,-1.32%
03.05.2013,72.9,71.3,72.99,71.18,526.49K,2.29%
02.05.2013,71.27,71.5,71.9,68.36,449.34K,2.83%
30.04.2013,69.31,72.1,72.1,69.02,760.33K,-3.55%
29.04.2013,71.86,71.8,72.5,71.52,112.92K,1.13%
26.04.2013,71.06,71.91,75,70.31,536.15K,-1.18%
25.04.2013,71.91,68.36,73,68.2,571.75K,5.15%
24.04.2013,68.39,69.02,69.28,67.66,142.47K,-0.88%
23.04.2013,69,69.48,70.5,67.73,636.19K,-0.69%
22.04.2013,69.48,69.45,70.5,68.22,313.56K,-0.01%
19.04.2013,69.49,67.21,70.86,67.21,369.90K,0.52%
18.04.2013,69.13,68.59,69.42,66.51,415.69K,0.82%
17.04.2013,68.57,67.1,69,66.6,783.91K,0.04%
16.04.2013,68.54,68.22,68.77,67.29,107.38K,0.47%
15.04.2013,68.22,69.09,69.09,67.3,158.49K,-0.96%
12.04.2013,68.88,69.9,69.9,67.33,206.03K,-1.32%
11.04.2013,69.8,70,70.45,68.52,341.41K,-0.89%
10.04.2013,70.43,69,70.64,68.6,721.65K,2.65%
09.04.2013,68.61,66.47,69.03,66.35,686.29K,2.13%
08.04.2013,67.18,67.38,68,66.7,288.65K,-0.94%
05.04.2013,67.82,66.85,68.69,65.45,270.82K,-0.98%
04.04.2013,68.49,67.35,68.95,66.05,492.17K,-0.72%
03.04.2013,68.99,67.48,69.65,67.3,457.73K,2.39%
02.04.2013,67.38,67.25,67.5,64.79,557.52K,0.63%
01.04.2013,66.96,68,68.46,66.88,112.78K,-2.75%
27.03.2013,68.85,67.9,69.65,67.1,658.40K,2.85%
26.03.2013,66.94,64.25,68.3,64.25,601.16K,5.35%
25.03.2013,63.54,63.09,66.66,62.24,598.85K,0.71%
22.03.2013,63.09,63.95,63.95,62.51,506.76K,-1.36%
21.03.2013,63.96,60.05,65.99,60.05,638.57K,2.91%
20.03.2013,62.15,60.7,62.5,60.7,422.97K,1.45%
19.03.2013,61.26,61.6,61.81,60.6,373.83K,-0.07%
15.03.2013,61.3,62.5,62.5,60.85,1.51M,-1.92%
14.03.2013,62.5,61.81,62.9,61.81,574.42K,-0.18%
13.03.2013,62.61,62.73,62.9,61.91,504.90K,-0.19%
12.03.2013,62.73,62.9,63.09,62.24,308.11K,0.00%
11.03.2013,62.73,63.05,63.3,61.91,438.62K,-0.51%
08.03.2013,63.05,62.8,63.3,61.97,308.26K,0.62%
07.03.2013,62.66,63.4,63.4,62.58,128.39K,-1.23%
06.03.2013,63.44,63.4,63.7,61.5,350.38K,0.14%
05.03.2013,63.35,61.2,63.41,61.1,753.58K,2.44%
04.03.2013,61.84,61,62.89,61,101.24K,-1.67%
01.03.2013,62.89,60.4,63.41,59.87,327.67K,1.45%
28.02.2013,61.99,60.5,62.3,60.5,606.86K,2.65%
27.02.2013,60.39,61.49,61.64,60,306.05K,0.57%
26.02.2013,60.05,60.82,61.44,60,638.35K,-1.27%
25.02.2013,60.82,62.3,62.3,60.54,293.26K,-2.20%
22.02.2013,62.19,62.67,62.67,62.02,241.00K,-0.77%
21.02.2013,62.67,62.49,62.7,61.61,277.44K,1.51%
20.02.2013,61.74,62.7,62.7,61.7,268.38K,-1.23%
19.02.2013,62.51,61.7,62.7,61.51,334.47K,1.54%
18.02.2013,61.56,61.7,61.7,61.5,72.87K,0.10%
15.02.2013,61.5,60.8,61.79,60.8,189.16K,0.80%
14.02.2013,61.01,62.2,62.2,60.5,212.84K,-2.01%
13.02.2013,62.26,61,62.55,61,529.22K,1.38%
12.02.2013,61.41,61.72,61.72,61.3,118.15K,-0.39%
11.02.2013,61.65,61.41,61.79,61.33,336.84K,0.36%
08.02.2013,61.43,61.7,61.8,60.62,331.00K,-0.29%
07.02.2013,61.61,61.75,61.75,61.46,303.25K,-0.23%
06.02.2013,61.75,61.82,61.9,61.41,221.76K,-0.10%
05.02.2013,61.81,61.5,61.9,61.4,251.97K,0.19%
01.02.2013,61.69,61.8,61.93,61.4,145.03K,-0.06%
31.01.2013,61.73,61.5,61.85,61.02,1.23M,0.39%
30.01.2013,61.49,61.7,61.8,60.63,336.24K,-0.08%
29.01.2013,61.54,61.9,61.9,61.5,159.71K,-0.42%
28.01.2013,61.8,61.7,62.15,61.35,448.46K,0.29%
25.01.2013,61.62,61.99,61.99,61,347.64K,0.10%
24.01.2013,61.56,61.9,61.9,61.37,397.19K,-0.36%
23.01.2013,61.78,61.3,61.99,61.2,506.19K,0.96%
22.01.2013,61.19,61.7,61.75,61,802.85K,-0.83%
21.01.2013,61.7,61.82,61.85,61.6,80.28K,-0.21%
18.01.2013,61.83,61.8,62,61.31,706.66K,0.05%
17.01.2013,61.8,61.12,62.2,61,669.63K,0.55%
16.01.2013,61.46,60.2,62,60.2,808.51K,1.09%
15.01.2013,60.8,60.69,61,60.1,512.34K,-0.33%
14.01.2013,61,60.5,62.69,60.09,532.03K,1.53%
11.01.2013,60.08,63.41,63.41,59.97,1.78M,-2.42%
10.01.2013,61.57,62.01,62.2,61.21,381.07K,-0.97%
09.01.2013,62.17,62.15,62.5,60.93,275.04K,0.39%
08.01.2013,61.93,61.35,62,61.01,333.60K,0.93%
07.01.2013,61.36,60.75,61.98,60.59,286.58K,0.59%
04.01.2013,61,62.18,63.3,60.89,555.11K,-1.90%
03.01.2013,62.18,63.83,64.3,60.52,432.98K,-2.58%
02.01.2013,63.83,64.2,64.49,62.8,324.87K,2.05%
31.12.2012,62.55,60.1,63.53,60.1,533.10K,1.99%
28.12.2012,61.33,61.01,62.2,60.22,170.49K,1.66%
27.12.2012,60.33,59.28,60.9,59.28,99.01K,-0.26%
26.12.2012,60.49,58.7,60.55,58.7,84.66K,0.98%
24.12.2012,59.9,59.96,60.3,58.5,44.90K,0.69%
21.12.2012,59.49,61.13,61.2,59.04,1.98M,-2.68%
20.12.2012,61.13,61.92,64,60.55,743.02K,-1.26%
19.12.2012,61.91,59.11,62.2,59.01,1.04M,4.86%
18.12.2012,59.04,58.92,60.1,58.51,510.11K,0.08%
17.12.2012,58.99,57.3,59.99,57.3,469.94K,2.34%
14.12.2012,57.64,58,58.88,57.2,733.54K,-2.14%
13.12.2012,58.9,59.21,60,58.33,550.87K,-0.71%
11.12.2012,59.32,59,59.96,57.92,461.26K,0.30%
10.12.2012,59.14,58.6,61.49,57,414.72K,0.94%
07.12.2012,58.59,58.53,63,58.22,402.89K,0.10%
06.12.2012,58.53,57.7,59.7,56.81,279.97K,0.79%
05.12.2012,58.07,54.57,60.01,54.45,571.44K,6.43%
04.12.2012,54.56,54.69,55.2,53.13,407.24K,0.17%
03.12.2012,54.47,52.77,54.5,52.02,836.43K,3.20%
30.11.2012,52.78,52.58,53.5,51.21,621.54K,0.57%
29.11.2012,52.48,51.36,52.6,50.12,366.43K,2.18%
28.11.2012,51.36,49.81,51.8,49.8,532.07K,0.92%
27.11.2012,50.89,51,51.1,50.01,367.00K,0.12%
26.11.2012,50.83,49.8,51,49.5,466.68K,2.01%
23.11.2012,49.83,49.95,50.2,49.6,230.29K,-0.26%
22.11.2012,49.96,50,50.79,49.71,130.99K,0.12%
21.11.2012,49.9,51.35,51.35,49.6,543.89K,-2.44%
20.11.2012,51.15,49.89,52,49.32,211.00K,4.32%
16.11.2012,49.03,49,49.75,48.6,315.98K,1.64%
15.11.2012,48.24,47.76,49.86,47.5,609.53K,1.20%
14.11.2012,47.67,51.5,51.5,46.8,527.95K,-4.93%
13.11.2012,50.14,51.97,52.55,49.12,750.68K,-3.43%
12.11.2012,51.92,52.43,52.54,51.02,75.79K,-0.97%
09.11.2012,52.43,51.15,52.7,50.17,630.39K,2.62%
08.11.2012,51.09,50.25,51.5,48.05,414.39K,1.53%
07.11.2012,50.32,50,51,49.7,409.56K,0.64%
06.11.2012,50,49.7,50.25,49.02,114.22K,0.50%
05.11.2012,49.75,48.9,50,47.7,444.03K,1.99%
01.11.2012,48.78,47.9,49,47.77,1.16M,2.93%
31.10.2012,47.39,48.44,49.65,47.15,1.15M,-3.70%
30.10.2012,49.21,50,50,48.61,293.09K,-1.50%
29.10.2012,49.96,49.79,50,49.07,87.65K,-0.77%
26.10.2012,50.35,50.02,50.48,49.28,141.43K,0.96%
25.10.2012,49.87,48.66,50.04,48.66,297.45K,0.00%
24.10.2012,49.87,48.6,50.59,47.79,216.44K,2.93%
23.10.2012,48.45,49.03,49.03,48.07,205.28K,-1.18%
22.10.2012,49.03,49.11,49.99,48,231.83K,-0.16%
19.10.2012,49.11,50.13,51,48.11,322.72K,-2.09%
18.10.2012,50.16,49.26,52,49.26,772.72K,1.83%
17.10.2012,49.26,47.71,50.88,46.51,1.54M,1.59%
16.10.2012,48.49,45.8,49.54,45.46,893.99K,5.85%
15.10.2012,45.81,45,45.99,45,85.98K,1.19%
12.10.2012,45.27,45.51,45.78,44.5,184.87K,-1.11%
11.10.2012,45.78,45,46,44.5,197.98K,2.58%
10.10.2012,44.63,45.19,45.19,44.5,224.73K,-0.65%
09.10.2012,44.92,45.02,45.46,44.5,608.31K,-0.95%
08.10.2012,45.35,46.18,46.5,45,269.23K,-1.86%
05.10.2012,46.21,46.01,46.37,45.14,182.59K,0.65%
04.10.2012,45.91,45,46.19,45,95.99K,0.20%
03.10.2012,45.82,45.92,46.04,44.8,289.57K,-0.11%
02.10.2012,45.87,45.04,45.93,44.11,382.34K,2.07%
01.10.2012,44.94,44.44,45.49,44.05,85.78K,1.81%
28.09.2012,44.14,44.67,45,43.61,320.38K,-1.14%
27.09.2012,44.65,43.15,45,43.14,652.61K,3.50%
26.09.2012,43.14,43.6,43.63,42.9,160.85K,-1.15%
25.09.2012,43.64,43.13,43.98,43.13,138.38K,0.02%
24.09.2012,43.63,43.26,43.75,42.79,511.45K,1.25%
21.09.2012,43.09,44.39,44.4,42.54,1.22M,-3.04%
20.09.2012,44.44,44.29,44.5,43.35,570.00K,0.47%
19.09.2012,44.23,43.21,44.28,43.18,293.67K,1.84%
18.09.2012,43.43,43,43.89,43,320.84K,-0.60%
17.09.2012,43.69,43.5,44,43.26,174.19K,0.58%
14.09.2012,43.44,43.93,44,43.22,611.28K,-0.80%
13.09.2012,43.79,43.7,43.82,43.59,147.74K,-0.07%
12.09.2012,43.82,43,43.94,42.91,406.67K,1.93%
11.09.2012,42.99,42.84,43.1,42.53,149.25K,0.68%
10.09.2012,42.7,42.21,42.8,42.03,221.19K,1.30%
07.09.2012,42.15,42.64,42.81,41.4,578.67K,-1.13%
06.09.2012,42.63,43,43.05,42.34,247.00K,0.50%
05.09.2012,42.42,42.2,42.93,42.2,168.08K,-0.75%
04.09.2012,42.74,42.05,43,41.03,400.86K,0.38%
03.09.2012,42.58,43.4,43.4,40,341.18K,-1.91%
31.08.2012,43.41,42.78,43.55,42.5,505.53K,1.40%
30.08.2012,42.81,42.85,42.96,42.37,173.38K,-0.35%
29.08.2012,42.96,42.2,43.1,42.2,416.59K,1.83%
28.08.2012,42.19,41.78,42.67,41.77,337.83K,0.86%
27.08.2012,41.83,42.6,42.6,41.72,89.12K,-1.92%
24.08.2012,42.65,42.05,42.9,42.05,71.35K,0.90%
23.08.2012,42.27,42.2,42.7,41.69,218.63K,0.21%
22.08.2012,42.18,41.98,42.8,41.96,291.13K,0.48%
21.08.2012,41.98,42.33,42.78,41.53,1.47M,-0.83%
20.08.2012,42.33,42.62,42.7,41.95,140.29K,-0.49%
17.08.2012,42.54,42.99,43,42.31,643.69K,0.54%
16.08.2012,42.31,44,44,41.88,1.97M,-4.94%
15.08.2012,44.51,44.18,44.99,43.96,210.11K,-0.27%
14.08.2012,44.63,44.4,44.96,44.25,171.65K,0.45%
13.08.2012,44.43,45,45.01,44,113.18K,-0.67%
10.08.2012,44.73,44.2,45.36,44,680.79K,1.29%
09.08.2012,44.16,44.35,45.49,43.93,312.57K,-1.25%
08.08.2012,44.72,46.3,46.35,44.31,360.06K,-2.78%
07.08.2012,46,45.4,46.3,45.4,478.14K,1.37%
06.08.2012,45.38,45.5,45.6,45.1,172.07K,-0.61%
03.08.2012,45.66,45.36,45.81,45.36,263.75K,-0.76%
02.08.2012,46.01,46,46.16,44.72,227.60K,0.63%
01.08.2012,45.72,46,46,45.2,466.66K,-0.59%
31.07.2012,45.99,45.3,46.25,44.91,1.01M,1.52%
30.07.2012,45.3,45.65,47.81,45,650.97K,-0.77%
27.07.2012,45.65,44.5,46.1,44.5,1.18M,3.23%
26.07.2012,44.22,43.7,44.31,43.61,193.09K,1.19%
25.07.2012,43.7,43.78,44.47,43.01,554.91K,-0.18%
24.07.2012,43.78,44,44.22,43.4,534.39K,-0.32%
23.07.2012,43.92,43.8,44,43.1,278.21K,-0.16%
20.07.2012,43.99,43.81,44.17,43.71,381.30K,0.14%
19.07.2012,43.93,44,44.02,43.9,255.28K,-0.43%
18.07.2012,44.12,44.37,44.4,43.44,314.87K,-0.29%
17.07.2012,44.25,44.01,44.4,43.8,626.77K,0.59%
16.07.2012,43.99,44,44.5,43.43,361.57K,-0.09%
13.07.2012,44.03,44.6,44.6,44,95.99K,-1.39%
12.07.2012,44.65,45,45,44.06,294.56K,-1.87%
11.07.2012,45.5,42.92,48.3,42.92,331.76K,3.36%
10.07.2012,44.02,43.96,44.3,43.2,412.13K,0.69%
09.07.2012,43.72,43.5,44,43.48,602.35K,0.41%
06.07.2012,43.54,44.52,44.52,43,263.99K,-0.50%
05.07.2012,43.76,43.7,44.4,43.64,704.63K,0.16%
04.07.2012,43.69,43.5,43.7,42.81,216.04K,-0.16%
03.07.2012,43.76,42.64,43.99,42.64,421.10K,1.96%
02.07.2012,42.92,42.8,43.31,42.47,102.32K,-0.90%
29.06.2012,43.31,43.87,43.87,42.27,603.63K,0.77%
28.06.2012,42.98,42.7,43.5,42.7,122.92K,0.09%
27.06.2012,42.94,42.2,43.25,42.1,552.66K,2.00%
26.06.2012,42.1,41.9,42.26,41.58,245.43K,1.23%
25.06.2012,41.59,41.59,41.98,41.36,237.14K,-0.98%
22.06.2012,42,42.09,42.24,41.59,398.61K,0.79%
21.06.2012,41.67,42.09,42.12,41.21,280.76K,-0.79%
20.06.2012,42,41.4,42.4,41.35,312.47K,1.47%
19.06.2012,41.39,41,41.8,40.18,847.10K,1.00%
18.06.2012,40.98,40.49,41,40.42,204.60K,1.16%
15.06.2012,40.51,40.49,40.6,40.25,553.65K,0.32%
14.06.2012,40.38,39.11,40.4,39.11,876.46K,3.49%
13.06.2012,39.02,38.9,39.46,38.9,231.74K,0.36%
12.06.2012,38.88,39,39.7,37.85,531.86K,0.15%
11.06.2012,38.82,40.28,41.36,38.5,754.67K,-3.96%
08.06.2012,40.42,39.5,40.59,39.18,689.39K,2.33%
07.06.2012,39.5,39.49,39.88,39.16,254.76K,1.07%
06.06.2012,39.08,39.5,39.97,38.75,699.05K,0.59%
05.06.2012,38.85,37.5,38.97,37.13,470.76K,3.05%
04.06.2012,37.7,38.65,38.72,37.55,339.84K,-2.05%
01.06.2012,38.49,39.99,40.06,38.22,1.01M,-4.25%
31.05.2012,40.2,43.6,43.9,40.01,2.27M,-7.33%
30.05.2012,43.38,43.57,44,42.91,87.50K,-0.41%
29.05.2012,43.56,42.81,44,42.81,176.68K,1.89%
28.05.2012,42.75,42.95,44,42.65,141.47K,-0.40%
25.05.2012,42.92,43.91,43.91,42.57,127.37K,-2.25%
24.05.2012,43.91,44,44,42.32,71.15K,3.44%
23.05.2012,42.45,43.19,43.19,42.2,78.99K,-1.80%
22.05.2012,43.23,43.15,43.25,42.6,117.91K,0.09%
21.05.2012,43.19,39.96,43.6,39.96,228.82K,7.81%
18.05.2012,40.06,39.01,40.1,39.01,98.49K,0.15%
17.05.2012,40,38.08,40.88,37.91,319.19K,4.74%
16.05.2012,38.19,40.04,42.02,37.64,467.42K,-4.62%
15.05.2012,40.04,41.02,42.69,39.26,189.11K,-4.73%
14.05.2012,42.03,42.49,42.5,41,194.93K,-1.06%
11.05.2012,42.48,43.99,44,42.2,166.28K,-3.98%
10.05.2012,44.24,44.77,44.85,43.83,420.59K,-1.18%
09.05.2012,44.77,44.5,44.99,42.21,227.52K,0.04%
08.05.2012,44.75,43.12,45.56,43.12,594.12K,3.78%
07.05.2012,43.12,41,43.5,41,420.30K,2.64%
04.05.2012,42.01,42,42.49,40.85,283.36K,0.31%
03.05.2012,41.88,42.84,42.84,41.75,349.41K,-2.24%
02.05.2012,42.84,43.5,43.5,42.41,157.44K,-1.52%
30.04.2012,43.5,42.99,44,42.24,386.12K,1.49%
27.04.2012,42.86,41.34,42.99,40.61,491.05K,1.90%
26.04.2012,42.06,41.12,42.99,40.88,225.47K,2.41%
25.04.2012,41.07,41.8,41.8,40.98,218.65K,-1.96%
24.04.2012,41.89,39.82,42,39.82,579.57K,5.33%
23.04.2012,39.77,39.6,40.06,39.21,90.84K,0.63%
20.04.2012,39.52,38.9,39.8,38.9,65.80K,2.04%
19.04.2012,38.73,39.07,39.5,38.7,63.05K,-0.44%
18.04.2012,38.9,39.11,39.11,38.52,79.02K,-0.28%
17.04.2012,39.01,39.99,39.99,38.75,2.15M,-0.81%
16.04.2012,39.33,40.4,40.4,38.55,139.67K,-1.16%
13.04.2012,39.79,39.99,40,39.77,144.15K,0.94%
12.04.2012,39.42,39.43,40.06,38.98,191.91K,-0.03%
11.04.2012,39.43,39.79,39.79,39.35,139.26K,-0.90%
10.04.2012,39.79,39.85,40.12,39.57,148.75K,-0.13%
09.04.2012,39.84,38.9,40,38,202.32K,2.42%
04.04.2012,38.9,40,40,38.54,106.64K,-2.06%
03.04.2012,39.72,39.75,40.17,39.63,184.77K,-0.05%
02.04.2012,39.74,40,40,39.31,405.50K,-0.92%
30.03.2012,40.11,40,40.15,39.8,466.32K,0.28%
29.03.2012,40,39.98,40.07,39.63,279.69K,0.25%
28.03.2012,39.9,40.3,40.3,39.71,129.80K,-0.20%
27.03.2012,39.98,40.5,40.5,39.61,319.76K,-0.22%
26.03.2012,40.07,40.2,40.3,40,968.12K,-0.20%
23.03.2012,40.15,40.9,40.9,39.94,229.54K,0.30%
22.03.2012,40.03,40.8,40.8,39.95,154.36K,-2.20%
21.03.2012,40.93,40.25,41,39.86,206.09K,1.71%
20.03.2012,40.24,40.11,41,39.8,108.51K,0.22%
16.03.2012,40.15,41.86,41.96,39.75,1.39M,-4.11%
15.03.2012,41.87,41.39,42.1,40.98,407.85K,1.80%
14.03.2012,41.13,40.67,41.44,40.67,555.11K,0.83%
13.03.2012,40.79,40.52,40.8,40.45,121.74K,0.62%
12.03.2012,40.54,40.4,40.78,40.26,136.71K,0.30%
09.03.2012,40.42,40.1,40.5,40.1,132.49K,0.52%
08.03.2012,40.21,39.4,40.35,39.32,215.98K,1.75%
07.03.2012,39.52,39.5,39.8,39.45,123.65K,1.31%
06.03.2012,39.01,39.54,39.98,38.6,386.33K,-1.59%
05.03.2012,39.64,40,40.4,39,321.51K,-0.15%
02.03.2012,39.7,40,40.25,39.37,312.95K,-0.77%
01.03.2012,40.01,39.95,40.6,39.95,257.16K,0.15%
29.02.2012,39.95,40.1,40.45,39.78,272.16K,-0.17%
28.02.2012,40.02,39.69,40.5,39.69,332.37K,0.81%
27.02.2012,39.7,39.69,39.99,39.4,40.69K,0.05%
24.02.2012,39.68,39.79,40,39.27,274.66K,-0.28%
23.02.2012,39.79,39,39.97,39,127.15K,0.63%
22.02.2012,39.54,39.75,39.79,39.21,168.66K,-1.00%
21.02.2012,39.94,39.95,39.98,39,685.78K,-0.03%
20.02.2012,39.95,39.96,39.96,39.94,11.39K,-0.03%
17.02.2012,39.96,40.2,40.2,39.79,144.58K,-0.10%
16.02.2012,40,39.65,40,39.46,445.77K,0.60%
15.02.2012,39.76,39.85,39.98,39.11,260.77K,-0.30%
14.02.2012,39.88,40.97,40.97,39.63,156.80K,-1.12%
13.02.2012,40.33,39.82,41,39.7,733.67K,1.03%
10.02.2012,39.92,39.4,40.08,39.2,459.35K,0.10%
09.02.2012,39.88,39.2,39.95,39.2,413.55K,1.55%
08.02.2012,39.27,39.7,39.83,38.8,478.11K,-1.18%
07.02.2012,39.74,40.15,41,39.13,533.80K,-1.17%
03.02.2012,40.21,39,40.83,38.99,721.25K,3.34%
02.02.2012,38.91,39.3,39.34,38.5,377.71K,-0.33%
01.02.2012,39.04,38.85,39.5,38,677.61K,0.23%
31.01.2012,38.95,38.21,39.5,36.17,1.26M,2.02%
30.01.2012,38.18,37.9,38.2,37.5,606.80K,0.16%
27.01.2012,38.12,37.44,38.2,36.15,991.02K,2.12%
26.01.2012,37.33,37.31,37.49,37,735.77K,0.76%
25.01.2012,37.05,36,37.3,36,847.56K,3.15%
24.01.2012,35.92,35.38,36,35.02,549.02K,1.70%
23.01.2012,35.32,35.31,35.5,35.2,430.03K,0.06%
20.01.2012,35.3,35.49,35.5,35,1.12M,0.94%
19.01.2012,34.97,35.39,35.58,34.8,1.09M,-0.71%
18.01.2012,35.22,35,35.3,34.92,852.30K,0.54%
17.01.2012,35.03,35,35.1,34.7,1.33M,-0.09%
16.01.2012,35.06,35.06,35.18,35,454.20K,0.00%
13.01.2012,35.06,35.2,35.2,34.89,424.90K,-0.43%
12.01.2012,35.21,35.12,35.37,34.88,334.50K,1.18%
11.01.2012,34.8,34.9,35.05,34.6,198.10K,-0.26%
10.01.2012,34.89,35.1,35.1,34.02,170.90K,0.32%
09.01.2012,34.78,34.87,35.07,34.2,253.60K,-0.26%
06.01.2012,34.87,34.6,34.93,34.19,138.90K,-0.17%
05.01.2012,34.93,34.29,35.35,34,583.60K,1.84%
04.01.2012,34.3,33.5,34.8,33.5,344.70K,1.90%
03.01.2012,33.66,33.8,33.9,33.21,112.30K,-0.06%
02.01.2012,33.68,33.78,33.78,33.68,1.70K,-0.30%