Date,Close,Open,High,Low,Vol.,Change %
12/16/2025,231.93,235.8,239.4,230.71,11.72M,-2.35%
12/15/2025,237.5,247.11,250.11,236.0,27.48M,-1.51%
12/12/25,241.14,255.67,255.82,239.32,25.94M,-6.70%
12/11/25,258.46,261.53,262.85,251.55,18.87M,-1.99%
12/10/25,263.71,255.13,264.75,250.58,21.96M,4.47%
12/09/25,252.42,244.49,255.51,242.83,17.07M,2.23%
12/08/25,246.92,243.49,249.23,241.61,20.50M,4.09%
12/05/25,237.22,228.95,240.57,226.68,21.16M,4.66%
12/04/25,226.65,230.28,234.16,223.33,23.51M,-3.21%
12/03/25,234.16,236.39,237.8,228.09,19.19M,-2.23%
12/02/25,239.49,238.74,244.37,234.33,18.17M,-0.40%
12/01/25,240.46,232.29,242.36,231.5,18.24M,1.68%
11/28/2025,236.48,235.62,238.1,233.47,12.91M,2.70%
11/26/2025,230.26,229.62,233.83,226.0,17.82M,2.55%
11/25/2025,224.53,219.22,226.19,216.0,17.44M,0.27%
11/24/2025,223.93,213.41,226.11,212.36,33.05M,7.99%
11/21/2025,207.37,204.53,212.0,192.59,36.68M,2.98%
11/20/2025,201.37,230.24,230.6,199.6,47.42M,-10.87%
11/19/2025,225.92,226.91,234.35,216.36,35.26M,-1.13%
11/18/2025,228.5,235.48,238.93,225.52,33.84M,-5.56%
11/17/2025,241.95,246.92,260.58,239.46,30.30M,-1.98%
11/14/2025,246.83,231.45,255.17,231.23,36.17M,4.17%
11/13/2025,236.95,243.6,249.5,230.16,32.32M,-3.25%
11/12/25,244.9,244.9,249.19,240.84,17.26M,1.57%
11/11/25,241.11,248.34,249.99,238.79,22.62M,-4.81%
11/10/25,253.3,247.96,257.07,247.81,27.87M,6.46%
11/07/25,237.92,234.03,242.55,226.4,30.61M,-0.17%
11/06/25,238.33,237.84,246.41,234.88,32.02M,0.35%
11/05/25,237.5,225.66,239.88,224.73,28.62M,8.93%
11/04/25,218.03,222.14,228.67,217.4,23.70M,-7.10%
11/03/25,234.7,233.88,237.62,231.8,21.20M,4.88%
10/31/2025,223.77,227.75,231.25,218.82,16.32M,-0.11%
10/30/2025,224.01,226.1,227.4,220.74,14.80M,-1.16%
10/29/2025,226.63,229.05,232.4,226.1,23.22M,2.13%
10/28/2025,221.91,218.93,222.9,217.56,14.96M,0.82%
10/27/2025,220.1,224.81,224.98,215.74,23.87M,0.49%
10/24/2025,219.02,212.39,219.82,209.98,25.82M,5.96%
10/23/2025,206.71,196.7,209.0,195.2,19.40M,4.15%
10/22/2025,198.47,202.25,205.58,192.4,21.95M,-1.89%
10/21/2025,202.29,204.3,205.87,200.84,13.72M,-2.17%
10/20/2025,206.77,209.65,214.75,205.5,23.27M,2.17%
10/17/2025,202.38,199.28,203.39,195.55,23.28M,-0.07%
10/16/2025,202.53,199.96,206.34,195.2,42.04M,5.52%
10/15/2025,191.94,192.48,192.88,187.42,17.79M,2.61%
10/14/2025,187.06,186.96,192.46,186.25,15.91M,-2.96%
10/13/2025,192.77,190.79,193.4,187.99,20.93M,6.15%
10/10/25,181.6,192.96,193.44,179.61,26.99M,-5.58%
10/09/25,192.33,192.96,196.62,189.5,19.72M,-2.14%
10/08/25,196.54,188.99,196.95,188.8,26.83M,5.84%
10/07/25,185.69,194.85,195.3,183.24,27.83M,-2.76%
10/06/25,190.96,195.01,201.0,189.43,36.39M,1.67%
10/03/25,187.83,185.21,191.85,184.92,29.40M,2.22%
10/02/25,183.75,184.96,186.18,181.21,25.12M,0.88%
10/01/25,182.15,165.6,182.39,165.5,41.67M,8.86%
09/30/2025,167.32,164.1,168.95,163.96,20.09M,2.09%
09/29/2025,163.9,160.0,165.8,159.97,26.51M,4.22%
09/26/2025,157.27,158.52,158.92,155.18,24.04M,0.28%
09/25/2025,156.83,157.39,158.95,154.65,32.21M,-3.02%
09/24/2025,161.71,165.08,166.0,158.3,57.10M,-2.82%
09/23/2025,166.41,165.68,168.99,165.23,43.32M,1.09%
09/22/2025,164.62,164.38,167.26,161.59,25.85M,1.16%
09/19/2025,162.73,162.75,163.7,159.38,37.31M,-3.65%
09/18/2025,168.89,162.99,170.45,162.6,28.21M,5.56%
09/17/2025,159.99,157.4,160.59,155.26,18.84M,0.74%
09/16/2025,158.82,157.98,159.56,157.16,16.91M,0.67%
09/15/2025,157.77,156.96,160.34,156.55,20.10M,0.34%
09/12/25,157.23,153.55,158.28,153.21,32.29M,4.42%
09/11/25,150.57,147.72,156.26,147.61,52.45M,7.55%
09/10/25,140.0,140.02,142.24,138.34,25.79M,3.52%
09/09/25,135.24,131.76,138.0,131.56,20.70M,2.88%
09/08/25,131.46,130.55,132.26,128.4,19.49M,0.07%
09/05/25,131.37,127.77,131.41,125.66,28.42M,5.76%
09/04/25,124.21,118.85,124.41,118.52,18.59M,4.62%
09/03/25,118.72,119.36,119.44,117.29,14.10M,0.20%
09/02/25,118.48,115.86,118.56,114.25,13.77M,-0.45%
08/29/2025,119.01,122.6,122.77,118.06,16.77M,-2.45%
08/28/2025,122.0,118.88,122.57,118.73,17.30M,3.61%
08/27/2025,117.75,116.85,118.73,116.44,15.35M,1.07%
08/26/2025,116.5,116.09,118.36,115.81,12.58M,0.07%
08/25/2025,116.42,117.68,118.08,116.1,8.67M,-1.07%
08/22/2025,117.68,117.65,120.7,116.51,17.04M,1.63%
08/21/2025,115.79,117.0,117.73,115.61,13.17M,-1.21%
08/20/2025,117.21,118.7,118.91,113.46,25.79M,-3.97%
08/19/2025,122.05,122.94,124.24,121.31,11.49M,-1.21%
08/18/2025,123.55,121.35,123.68,120.66,12.21M,2.22%
08/15/2025,120.87,123.17,123.38,119.44,18.99M,-3.53%
08/14/2025,125.29,123.2,125.74,121.4,12.24M,0.82%
08/13/2025,124.27,127.58,128.6,123.35,18.44M,-2.72%
08/12/25,127.75,124.7,128.55,123.04,25.99M,3.26%
08/11/25,123.72,124.97,127.28,121.65,35.07M,4.06%
08/08/25,118.89,112.17,119.33,111.67,28.96M,6.28%
08/07/25,111.87,114.14,115.28,110.79,18.99M,2.84%
08/06/25,108.78,107.9,108.96,106.75,13.02M,-0.26%
08/05/25,109.06,109.3,110.64,106.83,17.84M,1.20%
08/04/25,107.77,106.01,107.88,105.46,14.78M,2.76%
08/01/25,104.88,105.49,106.5,103.38,24.00M,-3.90%
07/31/2025,109.14,112.19,112.27,106.94,29.22M,-4.88%
07/30/2025,114.74,112.6,114.89,112.41,16.38M,2.48%
07/29/2025,111.96,112.04,113.54,110.67,16.65M,0.64%
07/28/2025,111.25,111.72,112.0,109.86,12.93M,-0.01%
07/25/2025,111.26,110.99,111.5,108.83,16.37M,-0.42%
07/24/2025,111.73,111.06,112.73,110.25,20.29M,1.73%
07/23/2025,109.83,109.44,110.29,108.88,17.81M,0.56%
07/22/2025,109.22,112.86,113.0,108.13,27.92M,-3.54%
07/21/2025,113.23,113.58,115.92,112.67,22.19M,-1.01%
07/18/2025,114.39,114.24,114.8,113.28,19.35M,1.00%
07/17/2025,113.26,113.93,114.2,110.95,34.70M,-2.72%
07/16/2025,116.43,119.03,119.09,114.81,30.61M,-3.06%
07/15/2025,120.11,120.94,121.39,119.12,24.96M,1.26%
07/14/2025,118.61,120.38,120.44,117.02,32.12M,-4.75%
07/11/25,124.53,122.13,124.81,121.24,15.82M,1.15%
07/10/25,123.11,124.28,124.35,122.02,15.38M,0.71%
07/09/25,122.24,124.82,126.15,121.28,20.46M,-1.75%
07/08/25,124.42,122.44,125.45,121.95,26.24M,3.75%
07/07/25,119.92,121.18,121.5,118.91,19.15M,-1.94%
07/03/25,122.29,122.32,123.63,121.83,13.25M,0.45%
07/02/25,121.74,120.5,123.0,118.06,29.30M,0.70%
07/01/25,120.89,122.35,123.99,119.08,24.83M,-1.91%
06/30/2025,123.25,124.89,125.08,121.85,22.80M,-1.21%
06/27/2025,124.76,125.14,127.54,123.39,36.89M,-0.98%
06/26/2025,126.0,129.53,129.85,123.79,62.68M,-0.98%
06/25/2025,127.25,126.61,127.5,125.62,39.41M,-0.52%
06/24/2025,127.91,125.11,128.1,124.96,26.42M,4.78%
06/23/2025,122.08,123.67,124.51,119.81,23.40M,-1.23%
06/20/2025,123.6,122.77,124.16,120.38,29.29M,1.46%
06/18/2025,121.82,120.46,122.98,120.18,20.18M,1.23%
06/17/2025,120.34,119.6,123.51,119.35,20.84M,0.42%
06/16/2025,119.84,117.81,120.96,117.32,21.37M,3.67%
06/13/2025,115.6,113.8,117.1,113.66,17.45M,-0.50%
06/12/25,116.18,114.11,116.48,113.52,17.08M,0.13%
06/11/25,116.03,115.6,117.26,114.73,21.61M,1.66%
06/10/25,114.14,111.53,114.92,111.23,22.95M,2.88%
06/09/25,110.95,109.51,112.53,108.58,20.16M,2.20%
06/06/25,108.56,108.08,111.05,108.04,20.71M,2.14%
06/05/25,106.29,106.3,109.03,105.53,28.86M,2.94%
06/04/25,103.25,102.38,103.91,101.7,14.60M,0.98%
06/03/25,102.25,98.36,102.93,96.96,22.76M,4.15%
06/02/25,98.18,94.58,99.24,94.4,16.85M,3.94%
05/30/2025,94.46,96.04,96.61,92.22,23.76M,-2.42%
05/29/2025,96.8,98.59,99.63,96.11,14.64M,0.64%
05/28/2025,96.18,96.7,97.21,95.6,10.50M,-0.21%
05/27/2025,96.38,95.18,96.7,94.19,17.61M,3.22%
05/23/2025,93.37,92.26,93.84,90.93,16.54M,-1.54%
05/22/2025,94.83,95.41,97.22,94.37,13.25M,-1.05%
05/21/2025,95.84,97.16,98.82,95.26,15.76M,-2.30%
05/20/2025,98.1,97.92,98.63,96.97,12.33M,-0.56%
05/19/2025,98.65,95.71,99.02,95.7,14.38M,0.66%
05/16/2025,98.0,95.9,98.19,95.7,22.61M,2.67%
05/15/2025,95.45,94.01,95.61,92.17,24.20M,0.14%
05/14/2025,95.32,96.3,97.65,94.32,28.04M,-1.66%
05/13/2025,96.93,92.54,97.41,92.54,28.01M,5.03%
05/12/25,92.29,92.81,94.2,91.95,27.77M,7.49%
05/09/25,85.86,85.57,86.27,84.68,13.02M,0.83%
05/08/25,85.15,84.25,86.21,83.36,17.58M,3.06%
05/07/25,82.62,80.99,82.87,80.2,14.92M,2.62%
05/06/25,80.51,79.04,81.21,78.54,13.17M,0.11%
05/05/25,80.42,79.41,81.15,79.05,12.51M,-0.37%
05/02/25,80.72,79.58,81.67,79.1,18.90M,3.79%
05/01/25,77.77,79.4,79.89,77.64,15.35M,1.07%
04/30/2025,76.95,73.62,77.14,73.5,19.78M,0.09%
04/29/2025,76.88,77.94,78.19,76.47,17.10M,-2.14%
04/28/2025,78.56,78.76,79.61,76.92,16.88M,-1.53%
04/25/2025,79.78,77.55,80.3,76.9,19.75M,3.05%
04/24/2025,77.42,74.57,77.59,73.6,23.88M,6.16%
04/23/2025,72.93,73.69,75.4,72.5,26.39M,3.87%
04/22/2025,70.21,67.54,70.4,67.44,20.35M,5.20%
04/21/2025,66.74,67.76,68.0,65.64,19.83M,-2.99%
04/17/2025,68.8,70.43,70.48,67.0,20.69M,-0.76%
04/16/2025,69.33,67.93,70.45,67.17,28.48M,-2.41%
04/15/2025,71.04,71.12,72.8,70.55,19.13M,0.03%
04/14/2025,71.02,74.67,74.78,69.97,32.63M,2.11%
04/11/25,69.55,69.04,70.17,66.82,30.81M,-0.71%
04/10/25,70.05,72.5,73.05,67.5,44.88M,-10.04%
04/09/25,77.87,66.2,78.56,63.7,63.13M,18.81%
04/08/25,65.54,71.6,72.97,63.52,40.82M,-4.14%
04/07/25,68.37,63.94,72.46,61.54,50.18M,5.64%
04/04/25,64.72,70.65,71.34,63.86,50.74M,-12.94%
04/03/25,74.34,82.92,83.35,74.21,44.84M,-16.09%
04/02/25,88.6,87.13,89.93,86.7,14.52M,-0.12%
04/01/25,88.71,88.53,88.89,86.25,15.34M,2.09%
03/31/2025,86.89,86.0,87.09,84.1,21.09M,-1.75%
03/28/2025,88.44,90.47,90.89,87.6,17.12M,-2.98%
03/27/2025,91.16,91.09,92.21,89.61,15.66M,-1.05%
03/26/2025,92.13,96.0,96.64,90.97,27.22M,-2.18%
03/25/2025,94.18,96.18,96.38,93.25,22.19M,-2.85%
03/24/2025,96.94,96.1,98.42,95.33,35.41M,2.34%
03/21/2025,94.72,98.2,98.5,93.7,63.24M,-8.04%
03/20/2025,103.0,101.58,104.69,101.35,29.20M,0.92%
03/19/2025,102.06,100.82,103.6,100.49,16.63M,0.33%
03/18/2025,101.72,101.9,103.31,100.29,18.43M,-1.35%
03/17/2025,103.11,101.06,104.45,100.96,17.10M,2.30%
03/14/2025,100.79,98.75,102.78,98.75,24.62M,6.23%
03/13/2025,94.88,94.25,98.12,94.0,18.82M,-0.79%
03/12/25,95.64,92.47,96.99,92.24,23.58M,7.40%
03/11/25,89.05,87.9,91.1,86.07,21.96M,2.26%
03/10/25,87.08,89.59,91.37,85.76,21.90M,-6.33%
03/07/25,92.96,90.29,93.34,89.49,19.13M,4.13%
03/06/25,89.27,90.93,93.29,89.03,18.71M,-5.37%
03/05/25,94.34,92.15,95.05,90.43,14.01M,3.44%
03/04/25,91.2,90.2,93.59,86.8,23.61M,0.73%
03/03/25,90.54,95.81,96.2,89.39,20.28M,-3.30%
02/28/2025,93.63,91.0,94.46,89.87,23.36M,1.97%
02/27/2025,91.82,97.84,99.89,91.49,22.39M,-6.03%
02/26/2025,97.71,96.0,99.72,95.5,21.34M,4.82%
02/25/2025,93.22,95.5,95.93,92.75,18.61M,-2.30%
02/24/2025,95.41,100.21,100.7,95.28,14.88M,-3.47%
02/21/2025,98.84,103.64,103.66,97.75,18.65M,-4.21%
02/20/2025,103.18,103.98,104.85,102.34,14.49M,-1.13%
02/19/2025,104.36,105.75,107.19,103.62,17.88M,-2.28%
02/18/2025,106.79,102.64,107.88,102.04,29.64M,7.31%
02/14/2025,99.52,98.41,100.7,98.0,21.28M,4.04%
02/13/2025,95.66,92.06,96.07,92.02,16.58M,4.34%
02/12/25,91.68,89.6,92.64,87.35,22.87M,-2.55%
02/11/25,94.08,94.25,95.84,93.56,12.12M,-1.93%
02/10/25,95.93,93.18,96.26,93.17,16.22M,3.93%
02/07/25,92.3,95.59,95.93,91.59,15.60M,-2.37%
02/06/25,94.54,94.88,96.61,93.58,16.14M,1.00%
02/05/25,93.6,90.39,93.65,90.22,15.68M,3.24%
02/04/25,90.66,89.05,91.45,88.8,12.83M,0.82%
02/03/25,89.92,88.65,91.4,88.02,18.61M,-1.45%
01/31/2025,91.24,91.65,94.27,91.14,20.54M,-1.36%
01/30/2025,92.5,90.66,93.16,90.3,22.50M,3.92%
01/29/2025,89.01,89.88,90.45,87.76,25.34M,0.86%
01/28/2025,88.25,92.61,93.45,88.04,34.79M,-3.14%
01/27/2025,91.11,94.86,96.1,88.36,50.70M,-11.71%
01/24/2025,103.19,105.5,105.72,102.72,19.74M,-1.57%
01/23/2025,104.84,104.79,106.18,103.35,22.68M,-4.02%
01/22/2025,109.23,109.17,110.67,107.76,20.00M,-0.14%
01/21/2025,109.38,105.43,110.24,105.23,23.53M,3.43%
01/17/2025,105.75,104.64,105.88,102.5,18.91M,3.07%
01/16/2025,102.6,104.32,104.8,101.87,16.24M,-0.57%
01/15/2025,103.19,99.44,103.93,99.35,27.57M,5.99%
01/14/2025,97.36,97.05,97.41,95.38,18.61M,2.42%
01/13/2025,95.06,95.84,96.0,92.88,22.70M,-4.31%
01/10/25,99.34,98.11,100.78,96.87,20.51M,-0.07%
01/08/25,99.41,102.82,103.47,98.3,33.52M,-2.45%
01/07/25,101.91,103.41,106.74,101.16,53.57M,2.67%
01/06/25,99.26,95.57,101.52,95.48,42.90M,10.45%
01/03/25,89.87,87.95,90.19,87.51,17.48M,2.91%
01/02/25,87.33,84.98,87.65,84.74,18.86M,3.77%
12/31/2024,84.16,85.44,86.4,84.09,18.69M,-1.35%
12/30/2024,85.31,86.99,87.05,84.58,22.02M,-3.75%
12/27/2024,88.63,89.0,89.49,87.58,19.42M,-1.32%
12/26/2024,89.82,88.5,90.63,88.1,14.51M,0.60%
12/24/2024,89.28,89.58,89.7,88.23,13.02M,-0.49%
12/23/2024,89.72,90.0,91.1,88.4,26.04M,-0.44%
12/20/2024,90.12,85.41,90.25,83.54,49.58M,3.48%
12/19/2024,87.09,90.07,91.0,84.61,91.40M,-16.18%
12/18/2024,103.9,110.25,112.04,102.73,63.02M,-4.33%
12/17/2024,108.6,109.75,110.49,107.68,35.81M,0.31%
12/16/2024,108.26,105.61,111.13,104.54,42.74M,5.62%
12/13/2024,102.5,100.76,103.2,99.67,23.93M,4.34%
12/12/24,98.24,101.4,101.98,97.76,19.33M,-3.74%
12/11/24,102.06,99.5,102.66,98.3,15.25M,4.03%
12/10/24,98.1,104.96,105.0,97.27,23.55M,-4.59%
12/09/24,102.82,100.65,104.5,100.37,14.14M,1.63%
12/06/24,101.17,100.88,102.19,100.03,12.38M,0.30%
12/05/24,100.87,103.88,104.25,100.61,13.45M,-2.26%
12/04/24,103.2,100.77,103.41,99.8,16.31M,3.37%
12/03/24,99.84,101.12,103.68,99.63,23.48M,1.31%
12/02/24,98.55,97.6,100.09,97.53,16.53M,0.61%
11/29/2024,97.95,97.24,98.2,96.1,13.73M,-0.25%
11/27/2024,98.2,100.94,101.04,96.64,17.05M,-3.54%
11/26/2024,101.8,104.0,104.72,100.31,19.28M,-2.57%
11/25/2024,104.48,103.85,106.4,103.81,22.84M,1.79%
11/22/2024,102.64,102.36,103.71,101.65,12.06M,-0.12%
11/21/2024,102.76,100.1,103.29,98.06,18.92M,4.46%
11/20/2024,98.37,97.97,98.53,96.53,10.49M,0.65%
11/19/2024,97.73,97.0,98.18,96.51,14.16M,0.23%
11/18/2024,97.51,96.54,98.07,95.53,14.25M,1.21%
11/15/2024,96.34,97.55,98.2,95.64,18.52M,-2.86%
11/14/2024,99.18,101.29,102.29,98.56,18.46M,-0.74%
11/13/2024,99.92,102.8,103.34,99.82,18.42M,-4.02%
11/12/24,104.1,105.0,105.09,102.07,21.86M,-4.19%
11/11/24,108.65,110.94,111.51,106.77,14.48M,-2.90%
11/08/24,111.9,112.14,114.3,110.57,13.05M,-1.33%
11/07/24,113.41,112.56,113.86,111.37,13.57M,1.41%
11/06/24,111.83,108.38,112.32,107.0,20.30M,6.01%
11/05/24,105.49,102.0,105.62,101.79,12.07M,3.70%
11/04/24,101.73,101.5,103.79,101.0,15.77M,2.01%
11/01/24,99.73,100.0,100.61,99.37,13.62M,0.08%
10/31/2024,99.65,102.2,102.49,99.07,19.83M,-4.26%
10/30/2024,104.08,106.26,106.8,103.64,14.32M,-3.79%
10/29/2024,108.18,106.58,108.75,105.6,15.16M,1.68%
10/28/2024,106.39,106.78,108.18,106.32,12.38M,-1.41%
10/25/2024,107.91,108.34,109.88,107.72,12.26M,0.99%
10/24/2024,106.85,106.78,107.53,105.54,13.21M,1.71%
10/23/2024,105.05,106.56,107.1,103.54,15.17M,-2.57%
10/22/2024,107.82,108.24,108.51,106.37,13.76M,-1.16%
10/21/2024,109.08,111.1,111.14,107.69,14.83M,-1.86%
10/18/2024,111.15,111.75,112.9,109.86,16.70M,-0.80%
10/17/2024,112.05,111.34,114.14,111.01,26.58M,2.57%
10/16/2024,109.24,106.02,109.63,105.61,20.45M,4.72%
10/15/2024,104.32,107.86,109.49,102.71,23.42M,-3.71%
10/14/2024,108.34,107.81,108.71,106.8,15.02M,1.33%
10/11/24,106.92,105.04,107.65,104.99,19.13M,1.16%
10/10/24,105.69,101.37,106.58,100.85,27.61M,3.92%
10/09/24,101.7,102.25,102.29,100.32,18.44M,-0.82%
10/08/24,102.54,102.18,102.94,101.26,18.86M,-0.36%
10/07/24,102.91,102.16,104.59,100.81,21.75M,0.65%
10/04/24,102.25,103.65,104.24,101.4,21.95M,0.42%
10/03/24,101.82,99.47,102.53,99.4,22.18M,1.97%
10/02/24,99.85,100.59,102.12,99.33,26.33M,-0.46%
10/01/24,100.31,103.4,104.2,98.94,34.31M,-3.28%
09/30/2024,103.71,106.08,106.75,102.26,39.63M,-3.53%
09/27/2024,107.5,110.5,110.97,107.03,42.96M,-2.17%
09/26/2024,109.88,113.1,114.8,107.53,107.97M,14.73%
09/25/2024,95.77,94.16,96.18,93.93,54.76M,1.88%
09/24/2024,94.0,94.73,95.0,92.76,23.04M,0.46%
09/23/2024,93.57,92.68,94.8,92.58,23.39M,2.94%
09/20/2024,90.9,88.4,90.97,88.33,28.71M,1.85%
09/19/2024,89.25,89.35,90.39,87.58,25.21M,2.18%
09/18/2024,87.35,87.99,89.2,86.71,20.13M,-1.56%
09/17/2024,88.73,88.06,89.57,87.54,17.74M,1.78%
09/16/2024,87.18,87.24,88.24,85.92,26.49M,-4.43%
09/13/2024,91.22,88.09,91.47,87.87,21.27M,4.60%
09/12/24,87.21,87.1,88.03,84.12,30.98M,-3.79%
09/11/24,90.65,88.2,90.83,86.08,20.88M,4.38%
09/10/24,86.85,86.97,87.19,84.87,17.02M,0.67%
09/09/24,86.27,87.85,87.96,85.01,20.53M,-0.13%
09/06/24,86.38,89.37,89.65,85.26,23.59M,-3.37%
09/05/24,89.39,88.1,90.7,87.76,13.89M,0.11%
09/04/24,89.29,88.36,90.73,87.81,16.36M,0.80%
09/03/24,88.58,93.63,93.88,88.31,28.90M,-7.96%
08/30/2024,96.24,96.92,98.41,94.99,18.82M,0.70%
08/29/2024,95.57,96.56,97.98,94.99,18.98M,0.75%
08/28/2024,94.86,97.36,97.68,92.7,25.56M,-3.07%
08/27/2024,97.86,97.09,98.49,96.67,17.23M,-1.06%
08/26/2024,98.91,100.67,102.19,97.61,26.75M,-3.83%
08/23/2024,102.85,103.04,104.41,100.31,25.47M,-1.35%
08/22/2024,104.26,108.95,111.0,103.96,17.97M,-3.76%
08/21/2024,108.33,108.16,108.4,106.21,13.66M,0.31%
08/20/2024,107.99,108.33,109.19,106.16,16.08M,-0.59%
08/19/2024,108.63,107.25,108.72,104.76,15.74M,0.59%
08/16/2024,107.99,106.83,109.47,105.35,18.38M,0.97%
08/15/2024,106.95,103.51,108.05,102.75,29.13M,6.51%
08/14/2024,100.41,101.0,101.95,98.07,22.46M,3.05%
08/13/2024,97.44,96.61,97.78,94.91,23.57M,2.96%
08/12/24,94.64,93.1,96.53,92.63,18.89M,1.68%
08/09/24,93.08,91.79,94.53,91.45,21.63M,1.10%
08/08/24,92.07,88.48,92.85,88.03,24.76M,6.07%
08/07/24,86.8,93.38,93.58,86.58,29.48M,-2.47%
08/06/24,89.0,89.2,90.86,87.15,26.46M,-1.57%
08/05/24,90.42,87.63,92.25,84.91,36.98M,-2.46%
08/02/24,92.7,97.16,97.69,91.07,36.04M,-8.68%
08/01/24,101.51,107.18,107.86,99.95,31.64M,-7.57%
07/31/2024,109.82,109.85,111.34,107.75,26.50M,7.08%
07/30/2024,102.56,109.0,109.25,102.17,23.92M,-4.90%
07/29/2024,107.85,110.54,111.03,107.14,13.52M,-1.43%
07/26/2024,109.41,110.0,110.63,107.78,18.55M,1.82%
07/25/2024,107.45,106.8,110.7,105.04,29.07M,-2.57%
07/24/2024,110.28,111.47,114.04,110.0,25.26M,-3.47%
07/23/2024,114.25,115.13,116.33,113.83,14.71M,-0.89%
07/22/2024,115.28,115.36,115.58,113.64,23.84M,0.89%
07/19/2024,114.26,116.69,117.21,113.85,18.04M,-2.72%
07/18/2024,117.45,120.5,121.64,114.09,30.40M,-1.72%
07/17/2024,119.5,122.58,123.03,119.23,31.41M,-6.27%
07/16/2024,127.49,130.42,130.97,127.24,21.31M,-2.58%
07/15/2024,130.87,133.91,135.35,130.03,20.42M,-2.01%
07/12/24,133.55,131.75,134.43,130.72,20.73M,2.55%
07/11/24,130.23,136.36,136.43,130.07,25.40M,-4.52%
07/10/24,136.39,133.1,136.5,132.7,22.46M,4.00%
07/09/24,131.14,131.75,135.21,130.88,21.90M,0.34%
07/08/24,130.69,131.29,133.27,130.09,20.50M,-0.69%
07/05/24,131.6,136.82,137.13,130.91,30.10M,-3.82%
07/03/24,136.82,132.66,136.82,132.43,14.51M,3.19%
07/02/24,132.59,129.91,132.71,129.42,20.78M,0.81%
07/01/24,131.52,130.5,132.08,127.27,24.75M,-0.01%
06/28/2024,131.53,132.82,135.42,130.75,38.14M,-0.53%
06/27/2024,132.23,135.79,137.39,131.08,68.17M,-7.12%
06/26/2024,142.36,143.04,144.07,139.54,55.49M,0.88%
06/25/2024,141.12,140.07,141.13,137.75,32.37M,1.52%
06/24/2024,139.01,142.44,142.83,137.89,32.41M,-0.38%
06/21/2024,139.54,137.65,142.6,135.7,51.19M,-3.22%
06/20/2024,144.19,157.01,157.41,142.91,41.28M,-6.03%
06/18/2024,153.45,151.74,157.54,151.51,42.19M,3.80%
06/17/2024,147.83,145.58,148.75,142.14,23.91M,4.58%
06/14/2024,141.36,141.8,142.49,139.65,14.03M,-1.24%
06/13/2024,143.14,142.79,144.22,140.26,16.31M,1.70%
06/12/24,140.75,138.51,141.71,136.83,16.97M,4.21%
06/11/24,135.07,135.32,135.85,131.78,14.12M,0.19%
06/10/24,134.82,129.71,135.66,129.71,14.67M,2.96%
06/07/24,130.94,130.21,132.54,129.62,12.14M,0.67%
06/06/24,130.07,133.84,134.13,129.18,15.51M,-2.72%
06/05/24,133.71,128.8,133.87,127.65,22.30M,5.58%
06/04/24,126.64,127.35,127.86,125.42,13.00M,-1.19%
06/03/24,128.17,128.13,128.84,125.14,16.13M,2.54%
05/31/2024,125.0,126.35,127.32,121.01,24.15M,-1.02%
05/30/2024,126.29,130.3,131.67,125.7,12.67M,-4.02%
05/29/2024,131.58,130.0,133.1,129.9,11.24M,-0.82%
05/28/2024,132.67,131.76,133.3,129.27,14.14M,2.46%
05/24/2024,129.49,127.82,130.4,126.6,14.05M,2.55%
05/23/2024,126.27,131.77,131.95,124.66,20.75M,-0.01%
05/22/2024,126.28,127.79,127.87,125.24,11.19M,-0.96%
05/21/2024,127.5,124.2,128.82,123.28,15.72M,-1.16%
05/20/2024,129.0,127.13,131.02,126.64,19.12M,2.96%
05/17/2024,125.29,128.36,129.03,124.86,13.77M,-2.03%
05/16/2024,127.89,127.93,130.13,127.05,15.87M,0.06%
05/15/2024,127.81,126.23,127.95,125.44,14.27M,2.40%
05/14/2024,124.81,122.99,125.04,121.67,13.89M,1.47%
05/13/2024,123.0,122.93,124.11,121.65,16.64M,1.45%
05/10/24,121.24,120.04,121.85,119.18,13.92M,2.91%
05/09/24,117.81,119.32,119.63,117.44,11.52M,-1.27%
05/08/24,119.32,118.3,120.47,118.22,10.87M,0.09%
05/07/24,119.21,120.15,121.41,119.18,12.51M,-0.77%
05/06/24,120.13,119.78,121.37,118.02,22.54M,4.73%
05/03/24,114.7,115.03,115.48,113.45,15.56M,2.11%
05/02/24,112.33,111.74,112.41,109.43,15.44M,2.40%
05/01/24,109.7,110.52,113.73,108.75,16.69M,-2.89%
04/30/2024,112.96,114.18,116.28,112.93,14.85M,-1.22%
04/29/2024,114.36,113.81,114.75,112.11,14.42M,-0.42%
04/26/2024,114.84,112.0,115.06,111.6,20.63M,2.92%
04/25/2024,111.58,109.37,113.06,108.07,18.34M,-0.18%
04/24/2024,111.78,112.72,113.95,109.23,20.51M,-0.60%
04/23/2024,112.46,109.71,112.89,108.91,17.89M,3.06%
04/22/2024,109.12,107.6,110.23,106.63,19.82M,2.20%
04/19/2024,106.77,109.66,110.88,105.72,33.79M,-4.61%
04/18/2024,111.93,116.0,117.61,111.48,32.15M,-3.78%
04/17/2024,116.33,122.02,124.42,116.2,25.55M,-4.47%
04/16/2024,121.77,119.53,122.55,118.36,17.45M,0.33%
04/15/2024,121.37,123.63,124.78,120.61,17.73M,-0.94%
04/12/24,122.52,125.25,125.99,121.83,24.81M,-3.91%
04/11/24,127.51,122.9,127.56,122.08,21.75M,4.35%
04/10/24,122.2,120.0,124.48,119.93,22.24M,-0.35%
04/09/24,122.63,124.89,126.14,121.27,19.24M,-0.26%
04/08/24,122.95,129.05,129.7,122.61,27.96M,-0.51%
04/05/24,123.58,124.4,125.69,121.2,23.33M,-0.41%
04/04/24,124.09,130.18,130.54,123.65,36.01M,-3.06%
04/03/24,128.01,122.2,128.28,121.33,40.13M,4.29%
04/02/24,122.75,122.71,123.68,120.92,25.03M,-1.25%
04/01/24,124.3,119.19,127.38,119.0,44.31M,5.44%
03/28/2024,117.89,119.44,119.63,117.35,21.05M,-1.14%
03/27/2024,119.25,119.3,120.11,117.08,29.32M,0.38%
03/26/2024,118.8,119.0,122.46,118.17,44.30M,1.43%
03/25/2024,117.13,110.24,121.41,110.16,55.77M,6.28%
03/22/2024,110.21,109.31,111.34,107.05,37.28M,0.33%
03/21/2024,109.85,113.36,113.5,108.78,89.55M,14.13%
03/20/2024,96.25,94.99,96.68,93.59,39.81M,2.39%
03/19/2024,94.0,92.58,94.16,91.0,21.05M,0.23%
03/18/2024,93.78,96.82,97.08,93.69,23.14M,0.57%
03/15/2024,93.25,92.48,94.7,92.02,29.58M,1.99%
03/14/2024,91.43,93.3,93.45,90.3,16.72M,-2.90%
03/13/2024,94.16,95.32,95.34,93.1,16.73M,-3.35%
03/12/24,97.42,95.33,97.5,93.64,14.99M,3.08%
03/11/24,94.51,95.9,96.46,93.53,15.67M,-3.19%
03/08/24,97.62,99.88,101.85,97.32,22.38M,-1.37%
03/07/24,98.98,98.93,99.69,97.47,24.84M,3.58%
03/06/24,95.56,95.05,96.43,94.56,14.23M,1.15%
03/05/24,94.47,94.25,95.36,93.28,12.89M,-1.36%
03/04/24,95.77,96.93,97.38,94.62,20.91M,0.65%
03/01/24,95.15,91.92,96.06,91.92,23.45M,5.01%
02/29/2024,90.61,90.64,90.83,88.82,17.03M,1.00%
02/28/2024,89.71,90.46,90.79,89.3,14.19M,-2.33%
02/27/2024,91.85,91.89,92.75,90.49,21.42M,2.67%
02/26/2024,89.46,89.68,92.35,88.9,28.92M,4.02%
02/23/2024,86.0,86.55,86.82,85.05,10.23M,0.10%
02/22/2024,85.91,85.0,86.31,83.88,17.51M,5.42%
02/21/2024,81.49,80.79,81.5,79.94,9.94M,0.97%
02/20/2024,80.71,79.33,80.77,79.15,12.63M,1.52%
02/16/2024,79.5,80.96,81.34,79.25,15.55M,-2.61%
02/15/2024,81.63,82.24,82.71,81.51,11.53M,-0.24%
02/14/2024,81.83,82.18,83.18,81.49,12.87M,0.37%
02/13/2024,81.53,82.47,83.55,80.76,21.21M,-4.87%
02/12/24,85.7,85.53,86.9,85.39,10.37M,0.16%
02/09/24,85.56,85.06,85.62,83.96,12.16M,0.80%
02/08/24,84.88,85.51,86.03,84.53,12.52M,-0.34%
02/07/24,85.17,84.14,85.28,82.47,16.37M,0.67%
02/06/24,84.6,86.83,87.19,83.72,12.99M,-2.74%
02/05/24,86.98,86.74,87.22,85.61,8.41M,0.58%
02/02/24,86.48,85.07,86.61,84.94,10.45M,1.02%
02/01/24,85.61,86.07,86.19,84.61,10.46M,-0.16%
01/31/2024,85.75,84.96,86.92,84.79,11.40M,-0.48%
01/30/2024,86.16,88.08,88.79,85.76,12.98M,-3.27%
01/29/2024,89.07,88.5,89.57,88.01,12.11M,1.16%
01/26/2024,88.05,87.24,88.5,86.29,14.93M,-1.29%
01/25/2024,89.2,89.15,90.04,88.5,15.89M,1.27%
01/24/2024,88.08,88.41,88.57,86.61,19.75M,0.63%
01/23/2024,87.53,89.0,89.18,86.88,16.85M,-1.92%
01/22/2024,89.24,88.27,89.95,88.01,14.37M,1.98%
01/19/2024,87.51,86.06,87.79,85.62,18.16M,3.17%
01/18/2024,84.82,85.22,85.82,84.04,15.08M,1.85%
01/17/2024,83.28,83.69,83.97,82.63,10.25M,-1.57%
01/16/2024,84.61,82.54,85.21,82.33,13.71M,2.69%
01/12/24,82.39,82.75,83.04,81.71,10.19M,-1.20%
01/11/24,83.39,82.8,83.45,81.82,10.58M,1.23%
01/10/24,82.38,82.96,83.02,81.66,10.75M,-1.14%
01/09/24,83.33,83.13,84.19,82.9,12.14M,-1.91%
01/08/24,84.95,83.89,85.51,83.83,16.22M,1.80%
01/05/24,83.45,81.48,83.53,81.01,15.48M,0.89%
01/04/24,82.71,83.47,84.26,82.61,19.13M,0.55%
01/03/24,82.26,81.2,82.59,80.58,12.92M,-0.10%
01/02/24,82.34,84.0,84.08,81.75,13.60M,-3.52%
12/29/2023,85.34,85.84,86.14,85.03,8.55M,-0.77%
12/28/2023,86.0,86.75,86.75,85.84,9.61M,-0.76%
12/27/2023,86.66,87.48,87.49,86.22,9.19M,-0.46%
12/26/2023,87.06,86.69,87.87,86.43,11.20M,0.66%
12/22/2023,86.49,86.15,87.49,85.62,22.53M,1.18%
12/21/2023,85.48,85.0,86.02,83.11,53.97M,8.63%
12/20/2023,78.69,81.46,81.62,78.63,29.08M,-4.24%
12/19/2023,82.17,81.67,82.27,81.17,14.32M,0.75%
12/18/2023,81.56,81.59,81.86,80.81,12.42M,0.18%
12/15/2023,81.41,82.89,82.99,81.11,19.55M,-0.95%
12/14/2023,82.19,80.81,82.4,80.79,17.34M,3.01%
12/13/2023,79.79,78.3,80.26,78.03,11.63M,2.09%
12/12/23,78.16,77.42,78.26,77.1,10.26M,0.48%
12/11/23,77.79,77.19,78.51,76.96,18.55M,3.78%
12/08/23,74.96,73.48,75.35,73.43,12.01M,1.78%
12/07/23,73.65,74.02,74.21,72.99,10.64M,0.71%
12/06/23,73.13,75.3,75.4,72.93,8.88M,-0.76%
12/05/23,73.69,73.47,73.97,73.04,8.80M,-0.81%
12/04/23,74.29,75.42,75.6,73.33,11.66M,-2.16%
12/01/23,75.93,76.01,76.54,75.09,14.35M,-0.25%
11/30/2023,76.12,76.82,77.0,74.97,21.70M,-0.74%
11/29/2023,76.69,77.45,79.02,76.38,14.06M,0.75%
11/28/2023,76.12,75.08,76.24,73.99,19.23M,-1.79%
11/27/2023,77.51,76.87,78.29,76.66,11.01M,0.83%
11/24/2023,76.87,76.68,77.01,76.37,4.35M,-0.30%
11/22/2023,77.1,77.2,78.45,76.85,8.58M,0.51%
11/21/2023,76.71,77.85,77.93,76.31,12.02M,-2.43%
11/20/2023,78.62,77.34,78.9,77.13,11.43M,1.37%
11/17/2023,77.56,76.6,77.94,76.47,9.38M,1.16%
11/16/2023,76.67,76.89,77.48,76.48,12.99M,-0.61%
11/15/2023,77.14,77.5,77.5,76.31,9.95M,-0.04%
11/14/2023,77.17,76.0,77.45,75.91,12.97M,3.20%
11/13/2023,74.78,74.15,75.2,73.39,9.12M,-0.77%
11/10/23,75.36,74.44,75.81,73.57,12.31M,2.43%
11/09/23,73.57,73.55,76.1,73.5,22.44M,1.78%
11/08/23,72.28,72.62,72.78,71.71,9.92M,-0.71%
11/07/23,72.8,72.48,73.13,71.71,8.25M,-0.16%
11/06/23,72.92,72.58,72.99,72.02,10.07M,0.47%
11/03/23,72.58,71.3,73.19,71.15,14.46M,3.04%
11/02/23,70.44,70.32,71.03,69.75,11.93M,1.50%
11/01/23,69.4,67.0,69.66,67.0,16.78M,3.78%
10/31/2023,66.87,66.08,67.07,65.26,8.27M,1.21%
10/30/2023,66.07,66.36,67.55,65.17,10.67M,0.64%
10/27/2023,65.65,64.92,66.27,64.88,9.98M,1.74%
10/26/2023,64.53,66.45,67.44,63.88,16.70M,-2.96%
10/25/2023,66.5,68.49,69.2,65.9,11.92M,-2.31%
10/24/2023,68.07,67.29,68.35,67.13,8.45M,1.78%
10/23/2023,66.88,66.82,68.16,66.23,9.49M,-0.51%
10/20/2023,67.22,67.56,68.52,67.14,11.51M,-0.46%
10/19/2023,67.53,69.68,69.78,67.18,18.11M,-2.33%
10/18/2023,69.14,68.01,69.55,67.98,11.20M,0.20%
10/17/2023,69.0,68.07,69.63,67.62,11.84M,-0.12%
10/16/2023,69.08,69.01,70.03,68.14,11.29M,-0.19%
10/13/2023,69.21,69.87,70.06,69.09,10.29M,-0.77%
10/12/23,69.75,70.39,70.72,69.29,11.41M,-0.66%
10/11/23,70.21,69.72,70.27,68.93,11.17M,1.65%
10/10/23,69.07,69.49,70.11,68.89,9.01M,-0.59%
10/09/23,69.48,69.61,69.95,68.57,8.59M,-0.69%
10/06/23,69.96,68.71,70.32,68.0,15.11M,1.32%
10/05/23,69.05,68.61,69.54,68.34,14.05M,1.38%
10/04/23,68.11,68.31,68.5,67.12,12.91M,0.41%
10/03/23,67.83,67.17,69.65,67.11,12.48M,-0.19%
10/02/23,67.96,68.24,69.28,67.06,14.88M,-0.10%
09/29/2023,68.03,66.36,68.73,66.36,24.32M,4.34%
09/28/2023,65.2,65.97,67.09,63.83,46.75M,-4.41%
09/27/2023,68.21,68.12,68.85,66.75,20.85M,0.40%
09/26/2023,67.94,67.97,69.04,67.59,12.75M,-0.93%
09/25/2023,68.58,68.29,69.18,67.61,14.90M,-0.44%
09/22/2023,68.88,68.59,69.75,67.79,15.49M,1.44%
09/21/2023,67.9,69.0,69.29,67.83,14.98M,-2.55%
09/20/2023,69.68,70.95,72.31,69.65,15.53M,-1.46%
09/19/2023,70.71,70.62,71.06,69.97,10.40M,0.30%
09/18/2023,70.5,70.65,71.05,69.91,12.74M,0.89%
09/15/2023,69.88,71.29,71.63,69.64,16.42M,-2.66%
09/14/2023,71.79,71.67,72.23,71.28,11.17M,1.33%
09/13/2023,70.85,71.05,71.86,70.36,14.53M,0.77%
09/12/23,70.31,69.96,71.69,69.79,11.06M,0.40%
09/11/23,70.03,70.83,70.86,69.31,9.31M,-0.21%
09/08/23,70.18,69.76,70.61,69.61,9.81M,0.44%
09/07/23,69.87,69.45,70.29,69.1,12.04M,-0.77%
09/06/23,70.41,70.13,70.66,69.64,9.19M,0.17%
09/05/23,70.29,69.91,71.16,69.53,11.14M,-0.14%
09/01/23,70.39,70.21,70.62,69.55,10.77M,0.64%
08/31/2023,69.94,67.97,70.54,67.97,18.42M,2.72%
08/30/2023,68.09,67.19,68.7,66.52,16.89M,2.11%
08/29/2023,66.68,64.9,67.03,64.87,9.95M,2.10%
08/28/2023,65.31,65.72,66.11,64.66,9.90M,2.50%
08/25/2023,63.72,63.46,64.39,62.63,9.41M,0.05%
08/24/2023,63.69,66.14,66.24,63.37,12.66M,-2.30%
08/23/2023,65.19,63.57,65.62,63.17,10.75M,2.81%
08/22/2023,63.41,64.3,65.08,63.28,8.88M,-0.86%
08/21/2023,63.96,63.68,64.19,62.86,11.31M,0.58%
08/18/2023,63.59,62.31,63.85,61.75,9.58M,0.05%
08/17/2023,63.56,64.49,64.71,63.4,9.93M,-1.03%
08/16/2023,64.22,65.0,65.23,64.09,9.90M,-1.70%
08/15/2023,65.33,67.59,67.63,65.32,13.81M,-4.32%
08/14/2023,68.28,64.37,68.48,64.2,21.95M,6.07%
08/11/23,64.37,64.9,65.31,64.07,11.82M,-1.64%
08/10/23,65.44,67.06,67.46,64.93,12.78M,-1.89%
08/09/23,66.7,67.78,67.97,66.62,10.04M,-1.40%
08/08/23,67.65,68.7,68.76,66.96,14.77M,-2.49%
08/07/23,69.38,69.85,70.23,68.83,10.54M,-0.76%
08/04/23,69.91,69.5,70.93,69.13,11.26M,1.06%
08/03/23,69.18,67.57,69.39,67.16,11.08M,1.48%
08/02/23,68.17,69.75,69.85,67.34,14.01M,-3.66%
08/01/23,70.76,71.0,71.08,69.89,13.15M,-0.88%
07/31/2023,71.39,71.12,71.77,70.87,11.19M,0.27%
07/28/2023,71.2,71.58,72.13,70.65,11.94M,0.18%
07/27/2023,71.07,70.48,72.34,69.96,25.07M,5.48%
07/26/2023,67.38,65.0,67.88,65.0,14.92M,2.59%
07/25/2023,65.68,65.4,66.0,65.08,8.61M,0.31%
07/24/2023,65.48,65.36,66.64,65.22,10.28M,-0.26%
07/21/2023,65.65,65.29,66.16,64.34,24.54M,1.48%
07/20/2023,64.69,64.4,65.54,64.25,12.75M,-0.42%
07/19/2023,64.96,65.63,65.76,64.8,9.46M,0.03%
07/18/2023,64.94,64.37,65.12,63.75,10.40M,-0.34%
07/17/2023,65.16,63.8,65.67,63.34,11.33M,1.69%
07/14/2023,64.08,64.3,65.54,63.68,13.86M,-0.70%
07/13/2023,64.53,64.18,64.64,63.55,11.38M,1.16%
07/12/23,63.79,64.47,64.7,63.13,13.95M,0.30%
07/11/23,63.6,62.6,63.67,62.31,13.46M,1.79%
07/10/23,62.48,60.83,62.83,60.58,16.95M,3.02%
07/07/23,60.65,61.43,61.49,60.63,15.03M,-0.95%
07/06/23,61.23,60.99,61.79,60.5,15.62M,-1.34%
07/05/23,62.06,63.5,63.75,62.02,16.55M,-2.88%
07/03/23,63.9,63.44,64.32,63.26,12.92M,1.25%
06/30/2023,63.11,64.5,65.1,62.9,31.55M,-1.90%
06/29/2023,64.33,67.84,67.95,63.55,51.14M,-4.09%
06/28/2023,67.07,65.65,67.73,65.39,27.10M,0.42%
06/27/2023,66.79,65.27,66.84,63.79,18.31M,2.05%
06/26/2023,65.45,65.63,66.7,65.41,13.82M,0.26%
06/23/2023,65.28,65.45,65.96,64.84,12.66M,-1.46%
06/22/2023,66.25,65.53,66.66,65.51,8.65M,0.68%
06/21/2023,65.8,66.75,67.2,65.34,10.43M,-1.64%
06/20/2023,66.9,67.32,67.62,65.77,13.27M,-1.12%
06/16/2023,67.66,70.15,70.5,66.06,32.26M,-1.69%
06/15/2023,68.82,68.59,69.52,68.36,11.84M,-0.43%
06/14/2023,69.12,67.54,69.21,67.52,11.09M,1.84%
06/13/2023,67.87,68.56,68.88,67.6,11.91M,0.62%
06/12/23,67.45,65.84,67.54,65.79,14.74M,3.09%
06/09/23,65.43,65.93,66.4,64.46,14.65M,0.17%
06/08/23,65.32,66.5,66.52,64.01,25.86M,-2.59%
06/07/23,67.06,68.41,68.67,66.94,14.61M,-0.71%
06/06/23,67.54,67.03,68.84,66.82,12.48M,-0.34%
06/05/23,67.77,69.5,69.5,67.51,12.44M,-2.02%
06/02/23,69.17,69.99,70.54,68.29,13.47M,0.12%
06/01/23,69.09,68.94,69.79,68.1,18.15M,1.30%
05/31/2023,68.2,68.89,69.85,67.92,30.40M,-4.87%
05/30/2023,71.69,74.39,74.77,71.58,24.45M,-3.03%
05/26/2023,73.93,69.88,74.59,69.8,33.41M,6.21%
05/25/2023,69.61,69.75,69.88,67.51,29.02M,4.63%
05/24/2023,66.53,64.95,66.73,64.88,15.81M,0.79%
05/23/2023,66.01,65.85,67.56,65.71,15.90M,-0.33%
05/22/2023,66.23,65.75,66.75,64.76,37.49M,-2.85%
05/19/2023,68.17,67.57,68.39,66.43,16.81M,0.89%
05/18/2023,67.57,65.98,68.59,65.08,30.69M,4.08%
05/17/2023,64.92,64.58,65.32,63.44,15.95M,1.87%
05/16/2023,63.73,64.55,65.22,63.3,15.27M,-1.41%
05/15/2023,64.64,62.23,64.87,61.8,22.23M,6.11%
05/12/23,60.92,61.99,62.19,60.15,12.13M,-1.12%
05/11/23,61.61,60.59,61.81,60.06,15.54M,2.70%
05/10/23,59.99,61.92,62.31,59.79,14.55M,-1.54%
05/09/23,60.93,59.88,61.39,59.55,11.90M,0.10%
05/08/23,60.87,61.25,61.35,60.31,11.51M,-0.59%
05/05/23,61.23,60.61,61.74,60.1,12.31M,1.19%
05/04/23,60.51,60.55,60.96,59.9,13.36M,-0.66%
05/03/23,60.91,61.49,62.18,60.81,10.82M,-1.60%
05/02/23,61.9,62.23,62.58,61.24,12.24M,-0.72%
05/01/23,62.35,63.89,64.1,62.31,12.82M,-3.12%
04/28/2023,64.36,62.43,64.43,62.3,18.09M,3.97%
04/27/2023,61.9,60.75,61.96,60.13,13.52M,1.44%
04/26/2023,61.02,59.58,61.18,59.34,25.39M,4.95%
04/25/2023,58.14,59.13,59.34,58.03,15.99M,-2.30%
04/24/2023,59.51,60.1,60.88,59.35,13.40M,-2.65%
04/21/2023,61.13,61.15,61.44,60.73,9.61M,-0.54%
04/20/2023,61.46,59.88,61.95,59.87,14.38M,1.34%
04/19/2023,60.65,60.98,61.21,60.38,11.65M,-2.07%
04/18/2023,61.93,63.33,63.45,61.48,12.18M,-0.98%
04/17/2023,62.54,62.22,62.77,61.97,11.55M,-0.14%
04/14/2023,62.63,63.18,63.22,61.76,14.95M,-0.59%
04/13/2023,63.0,61.51,63.37,60.79,23.29M,1.68%
04/12/23,61.96,64.36,64.36,61.84,16.69M,-2.53%
04/11/23,63.57,63.64,64.29,63.04,23.09M,0.47%
04/10/23,63.27,61.18,63.77,61.0,43.28M,8.04%
04/06/23,58.56,56.95,59.15,56.8,21.50M,2.70%
04/05/23,57.02,56.82,57.11,56.01,19.46M,-0.44%
04/04/23,57.27,59.67,60.1,56.95,21.30M,-3.93%
04/03/23,59.61,59.81,59.81,57.87,23.61M,-1.21%
03/31/2023,60.34,60.35,61.66,59.9,35.42M,-4.36%
03/30/2023,63.09,64.03,64.1,62.48,23.04M,-0.71%
03/29/2023,63.54,60.91,64.42,60.87,51.94M,7.19%
03/28/2023,59.28,59.8,59.87,57.81,20.50M,-0.85%
03/27/2023,59.79,61.19,61.42,59.17,15.90M,-2.24%
03/24/2023,61.16,60.51,61.4,60.5,18.74M,-0.29%
03/23/2023,61.34,59.18,61.78,59.13,23.90M,5.45%
03/22/2023,58.17,58.4,60.41,58.09,16.95M,-0.78%
03/21/2023,58.63,58.38,59.52,57.6,14.61M,1.72%
03/20/2023,57.64,56.7,57.87,56.08,10.61M,1.73%
03/17/2023,56.66,56.8,57.72,56.22,26.66M,0.16%
03/16/2023,56.57,53.69,56.71,53.61,14.79M,4.51%
03/15/2023,54.13,53.33,54.27,52.88,14.64M,-0.26%
03/14/2023,54.27,54.97,55.42,53.7,14.66M,0.69%
03/13/2023,53.9,53.97,54.55,52.76,17.37M,-1.88%
03/10/23,54.93,55.66,56.51,54.53,14.18M,-1.21%
03/09/23,55.6,56.64,57.56,55.54,10.20M,-2.27%
03/08/23,56.89,55.84,56.92,55.35,11.52M,2.39%
03/07/23,55.56,56.5,56.73,55.31,13.28M,-2.23%
03/06/23,56.83,57.28,58.65,56.54,14.47M,0.09%
03/03/23,56.78,56.46,56.87,55.44,13.77M,0.62%
03/02/23,56.43,55.5,56.69,54.72,16.63M,-1.59%
03/01/23,57.34,57.86,58.55,57.22,9.14M,-0.83%
02/28/2023,57.82,57.64,58.74,57.4,10.49M,-0.14%
02/27/2023,57.9,59.17,59.56,57.83,8.51M,-0.48%
02/24/2023,58.18,57.7,58.37,57.35,9.87M,-0.97%
02/23/2023,58.75,59.14,59.75,57.44,16.09M,3.11%
02/22/2023,56.98,57.73,58.57,56.83,12.26M,-1.08%
02/21/2023,57.6,58.34,59.71,57.49,12.67M,-2.39%
02/17/2023,59.01,59.84,60.18,58.51,10.87M,-1.73%
02/16/2023,60.05,60.78,61.35,59.85,12.68M,-2.89%
02/15/2023,61.84,61.33,61.94,60.46,10.46M,-0.37%
02/14/2023,62.07,59.52,62.31,59.03,12.50M,3.24%
02/13/2023,60.12,59.82,60.28,58.84,11.47M,0.50%
02/10/23,59.82,60.5,60.76,59.25,11.43M,-0.60%
02/09/23,60.18,61.2,61.82,59.69,10.09M,-0.12%
02/08/23,60.25,61.44,62.33,60.23,9.51M,-3.03%
02/07/23,62.13,60.09,62.38,59.7,12.71M,3.58%
02/06/23,59.98,60.94,61.18,59.74,11.48M,-3.89%
02/03/23,62.41,62.0,63.79,61.9,12.19M,-1.20%
02/02/23,63.17,63.56,63.92,61.86,15.88M,0.91%
02/01/23,62.6,60.62,63.23,60.38,20.90M,3.81%
01/31/2023,60.3,59.1,60.34,58.65,23.86M,-2.28%
01/30/2023,61.71,62.76,63.28,61.69,16.17M,-3.38%
01/27/2023,63.87,62.14,64.34,61.96,15.90M,1.70%
01/26/2023,62.8,62.58,63.05,61.29,12.22M,2.05%
01/25/2023,61.54,60.67,61.67,60.42,10.79M,0.46%
01/24/2023,61.26,61.2,61.72,60.87,10.18M,-0.91%
01/23/2023,61.82,58.92,61.91,58.86,20.18M,5.75%
01/20/2023,58.46,57.47,58.57,56.76,13.83M,3.73%
01/19/2023,56.36,55.71,57.08,55.28,12.03M,-0.27%
01/18/2023,56.51,57.51,58.05,56.36,10.04M,-0.60%
01/17/2023,56.85,57.16,58.6,56.55,10.96M,-0.14%
01/13/2023,56.93,56.73,56.97,56.12,12.52M,-0.59%
01/12/23,57.27,58.11,58.24,56.43,14.89M,-1.36%
01/11/23,58.06,57.35,58.47,56.92,12.14M,1.49%
01/10/23,57.21,56.16,57.28,55.86,10.57M,1.51%
01/09/23,56.36,56.82,57.51,55.65,15.72M,-0.72%
01/06/23,56.77,55.43,57.29,54.03,21.07M,3.77%
01/05/23,54.71,53.89,55.39,53.89,18.03M,0.94%
01/04/23,54.2,53.05,54.52,52.73,25.08M,7.60%
01/03/23,50.37,50.56,50.96,49.55,12.42M,0.78%
12/30/2022,49.98,49.44,50.02,49.13,11.99M,-1.32%
12/29/2022,50.65,49.4,50.92,49.34,13.20M,3.11%
12/28/2022,49.12,49.84,51.08,48.83,12.52M,-1.80%
12/27/2022,50.02,49.61,50.31,48.52,15.16M,-0.36%
12/23/2022,50.2,49.0,50.55,48.99,17.43M,1.56%
12/22/2022,49.43,49.5,49.97,48.43,40.96M,-3.44%
12/21/2022,51.19,50.92,51.74,50.74,20.40M,1.01%
12/20/2022,50.68,51.34,51.97,50.45,16.94M,-2.01%
12/19/2022,51.72,52.17,52.29,51.1,16.47M,-0.67%
12/16/2022,52.07,51.74,52.54,51.62,22.95M,0.06%
12/15/2022,52.04,53.56,53.72,51.85,17.79M,-4.67%
12/14/2022,54.59,55.24,56.1,54.06,11.24M,-1.18%
12/13/2022,55.24,57.19,57.89,54.65,14.21M,-0.20%
12/12/22,55.35,53.52,55.38,53.33,13.25M,0.87%
12/09/22,54.87,54.68,55.85,54.52,9.93M,-0.60%
12/08/22,55.2,54.56,55.69,54.05,13.61M,2.56%
12/07/22,53.82,53.12,54.24,52.44,11.37M,0.26%
12/06/22,53.68,53.86,54.63,53.24,17.99M,-0.67%
12/05/22,54.04,54.37,55.27,53.69,13.81M,-1.17%
12/02/22,54.68,54.34,55.42,53.38,15.95M,-1.46%
12/01/22,55.49,57.83,57.92,55.1,21.76M,-3.75%
11/30/2022,57.65,53.58,57.68,52.61,31.46M,4.59%
11/29/2022,55.12,55.71,56.51,54.77,12.87M,-1.13%
11/28/2022,55.75,57.32,57.76,55.47,15.52M,-4.55%
11/25/2022,58.41,58.67,59.13,58.39,4.36M,-0.88%
11/23/2022,58.93,58.24,59.06,57.75,9.00M,0.53%
11/22/2022,58.62,57.55,58.68,56.98,8.96M,2.55%
11/21/2022,57.16,58.02,58.02,56.82,9.97M,-2.42%
11/18/2022,58.58,59.56,59.66,58.1,9.70M,-0.27%
11/17/2022,58.74,57.3,58.99,56.51,14.22M,-0.22%
11/16/2022,58.87,60.53,61.38,58.12,25.90M,-6.70%
11/15/2022,63.1,63.49,64.44,62.42,16.32M,2.14%
11/14/2022,61.78,61.94,62.75,60.99,13.99M,-1.18%
11/11/22,62.52,60.65,63.18,59.88,17.58M,3.73%
11/10/22,60.27,58.6,60.38,58.06,24.98M,7.68%
11/09/22,55.97,56.22,56.65,55.51,19.95M,-2.64%
11/08/22,57.49,57.38,57.87,56.48,14.19M,1.64%
11/07/22,56.56,56.43,56.82,55.46,11.41M,0.71%
11/04/22,56.16,55.26,56.91,54.81,18.88M,5.01%
11/03/22,53.48,52.71,54.37,51.91,12.77M,0.06%
11/02/22,53.45,54.74,56.27,53.42,17.31M,-2.57%
11/01/22,54.86,55.09,55.44,54.11,11.73M,1.40%
10/31/2022,54.1,53.91,54.93,53.17,15.93M,0.11%
10/28/2022,54.04,51.83,54.44,51.46,19.17M,3.51%
10/27/2022,52.21,55.37,56.23,52.12,27.34M,-5.84%
10/26/2022,55.45,56.08,57.44,54.96,23.53M,-0.75%
10/25/2022,55.87,56.68,57.03,55.34,17.31M,-0.66%
10/24/2022,56.24,56.23,56.81,55.07,15.29M,0.34%
10/21/2022,56.05,53.49,56.28,53.33,20.20M,4.38%
10/20/2022,53.7,53.5,55.1,53.17,15.71M,1.26%
10/19/2022,53.03,52.09,53.43,52.06,14.79M,0.91%
10/18/2022,52.55,55.01,55.14,51.66,19.77M,-1.78%
10/17/2022,53.5,54.6,54.99,52.85,18.26M,1.48%
10/14/2022,52.72,55.24,55.44,52.6,20.41M,-3.90%
10/13/2022,54.86,51.35,55.92,50.74,27.61M,4.00%
10/12/22,52.75,53.6,53.77,52.39,18.13M,-1.79%
10/11/22,53.71,50.64,54.78,50.33,32.81M,4.53%
10/10/22,51.38,53.07,53.13,50.76,17.23M,-2.89%
10/07/22,52.91,53.56,54.65,52.51,21.98M,-3.13%
10/06/22,54.62,54.4,55.11,53.3,17.15M,-0.20%
10/05/22,54.73,52.88,55.2,52.17,20.42M,1.43%
10/04/22,53.96,53.56,54.81,52.66,24.28M,4.33%
10/03/22,51.72,51.01,53.08,50.64,24.63M,3.23%
09/30/2022,50.1,50.54,52.06,49.81,38.92M,0.18%
09/29/2022,50.01,50.04,50.3,49.22,25.58M,-1.94%
09/28/2022,51.0,50.11,51.19,50.1,17.78M,0.83%
09/27/2022,50.58,49.82,50.65,49.4,17.30M,3.48%
09/26/2022,48.88,49.92,50.46,48.81,19.27M,-2.44%
09/23/2022,50.1,49.28,50.15,48.45,24.59M,0.89%
09/22/2022,49.66,49.8,50.37,49.35,21.32M,-0.88%
09/21/2022,50.1,49.74,52.51,49.72,31.12M,-1.38%
09/20/2022,50.8,51.53,51.59,50.59,19.37M,-2.50%
09/19/2022,52.1,51.97,52.77,51.88,19.25M,-1.42%
09/16/2022,52.85,51.89,53.01,51.49,24.90M,0.30%
09/15/2022,52.69,52.7,53.45,51.98,15.62M,-0.79%
09/14/2022,53.11,53.89,54.23,52.46,19.98M,-0.95%
09/13/2022,53.62,55.7,56.24,53.14,22.36M,-7.46%
09/12/22,57.94,57.46,58.14,57.03,10.71M,0.87%
09/09/22,57.44,56.17,57.68,56.17,13.93M,3.70%
09/08/22,55.39,54.49,55.92,53.74,18.42M,0.71%
09/07/22,55.0,55.31,55.72,54.01,17.03M,-0.42%
09/06/22,55.23,56.33,56.69,55.13,12.13M,-1.95%
09/02/22,56.33,58.3,58.8,56.0,12.81M,-1.71%
09/01/22,57.31,55.26,57.4,54.79,17.59M,1.38%
08/31/2022,56.53,55.99,57.15,55.81,14.17M,0.41%
08/30/2022,56.3,57.48,57.8,55.58,12.74M,-1.25%
08/29/2022,57.01,57.31,58.0,56.52,11.61M,-1.08%
08/26/2022,57.63,61.07,61.22,57.61,15.75M,-5.83%
08/25/2022,61.2,58.6,61.27,58.58,12.17M,4.96%
08/24/2022,58.31,57.88,58.56,57.36,9.96M,0.78%
08/23/2022,57.86,58.35,59.29,57.76,12.77M,-0.77%
08/22/2022,58.31,59.56,59.61,57.97,13.10M,-3.64%
08/19/2022,60.51,61.83,62.25,60.28,14.05M,-3.92%
08/18/2022,62.98,61.75,63.42,61.25,11.30M,2.21%
08/17/2022,61.62,62.81,62.81,60.76,14.73M,-3.51%
08/16/2022,63.86,64.12,64.56,63.22,9.28M,-1.30%
08/15/2022,64.7,64.7,65.12,63.89,9.69M,-0.52%
08/12/22,65.04,62.66,65.42,62.23,16.19M,4.36%
08/11/22,62.32,62.0,64.1,62.0,18.30M,1.50%
08/10/22,61.4,60.0,61.56,59.39,17.42M,3.80%
08/09/22,59.15,58.99,60.54,57.74,33.11M,-3.74%
08/08/22,61.45,61.99,62.62,60.98,11.46M,-1.62%
08/05/22,62.46,62.86,63.22,61.79,15.05M,-3.69%
08/04/22,64.85,64.12,64.99,63.65,11.34M,0.93%
08/03/22,64.25,62.5,64.53,62.44,12.29M,2.85%
08/02/22,62.47,61.75,63.3,60.88,11.54M,-0.11%
08/01/22,62.54,62.5,63.99,62.0,13.35M,1.10%
07/29/2022,61.86,61.35,62.09,60.77,14.20M,-0.34%
07/28/2022,62.07,62.25,62.3,60.19,10.12M,0.29%
07/27/2022,61.89,60.49,62.39,59.61,14.59M,3.74%
07/26/2022,59.66,60.31,60.69,59.55,11.04M,-0.81%
07/25/2022,60.15,61.35,61.83,59.7,14.48M,-1.86%
07/22/2022,61.29,61.28,62.92,61.01,22.20M,-3.69%
07/21/2022,63.64,62.6,63.68,61.93,12.92M,0.54%
07/20/2022,63.3,62.22,63.52,61.85,15.18M,1.44%
07/19/2022,62.4,61.47,62.76,61.38,19.10M,3.23%
07/18/2022,60.45,62.09,62.33,60.14,13.23M,-1.76%
07/15/2022,61.53,61.48,61.7,59.4,20.32M,3.67%
07/14/2022,59.35,57.94,59.66,57.32,14.80M,0.83%
07/13/2022,58.86,57.38,59.42,57.36,13.99M,-0.54%
07/12/22,59.18,58.42,60.08,58.1,21.52M,2.37%
07/11/22,57.81,58.11,58.6,57.71,13.96M,-2.25%
07/08/22,59.14,58.22,60.43,58.1,19.28M,0.49%
07/07/22,58.85,59.1,59.31,57.84,22.95M,2.58%
07/06/22,57.37,56.85,58.12,56.46,23.57M,1.13%
07/05/22,56.73,52.17,56.89,52.09,33.77M,5.74%
07/01/22,53.65,53.29,53.96,51.4,43.68M,-2.95%
06/30/2022,55.28,54.99,56.4,54.22,29.57M,-1.32%
06/29/2022,56.02,57.23,57.52,55.32,17.35M,-3.18%
06/28/2022,57.86,58.98,60.59,57.81,19.40M,-1.57%
06/27/2022,58.78,59.58,60.04,58.37,16.16M,0.58%
06/24/2022,58.44,57.15,59.0,57.13,15.65M,3.95%
06/23/2022,56.22,56.61,56.83,54.96,13.37M,-0.21%
06/22/2022,56.34,55.96,57.14,55.6,13.52M,-0.81%
06/21/2022,56.8,56.81,57.92,56.34,15.50M,1.88%
06/17/2022,55.75,55.9,56.32,53.6,24.14M,1.35%
06/16/2022,55.01,57.0,57.0,54.25,22.71M,-6.95%
06/15/2022,59.12,59.33,60.08,57.55,19.73M,0.72%
06/14/2022,58.7,59.36,59.87,57.72,17.04M,-0.24%
06/13/2022,58.84,60.02,60.96,58.58,24.28M,-6.04%
06/10/22,62.62,64.84,65.56,62.28,26.65M,-5.15%
06/09/22,66.02,67.94,68.69,66.0,15.07M,-3.76%
06/08/22,68.6,69.84,70.4,67.76,16.36M,-3.05%
06/07/22,70.76,68.65,70.87,68.12,14.33M,0.44%
06/06/22,70.45,70.74,72.14,70.01,13.20M,0.73%
06/03/22,69.94,71.69,71.69,69.11,30.31M,-7.20%
06/02/22,75.37,73.13,75.41,73.13,11.37M,2.47%
06/01/22,73.55,74.5,75.39,72.55,13.60M,-0.39%
05/31/2022,73.84,73.47,74.48,71.93,15.45M,0.71%
05/27/2022,73.32,71.76,73.43,71.64,13.08M,3.85%
05/26/2022,70.6,66.39,71.04,66.35,14.90M,4.02%
05/25/2022,67.87,65.93,68.85,65.9,16.24M,1.88%
05/24/2022,66.62,68.36,68.41,66.01,18.76M,-4.27%
05/23/2022,69.59,68.77,70.2,68.52,12.36M,1.00%
05/20/2022,68.9,70.6,70.69,66.11,20.31M,-0.72%
05/19/2022,69.4,70.76,71.7,69.05,17.56M,-2.32%
05/18/2022,71.05,73.18,74.22,70.09,20.64M,-4.61%
05/17/2022,74.48,72.25,74.73,72.15,17.67M,5.69%
05/16/2022,70.47,71.51,72.04,70.32,13.39M,-2.02%
05/13/2022,71.92,69.1,72.63,68.02,22.87M,6.22%
05/12/22,67.71,66.0,68.9,65.87,27.02M,1.12%
05/11/22,66.96,68.66,70.88,66.82,17.24M,-2.83%
05/10/22,68.91,69.57,70.59,67.61,17.66M,1.44%
05/09/22,67.93,69.2,71.4,67.48,21.77M,-3.44%
05/06/22,70.35,70.55,71.91,68.89,15.16M,-1.32%
05/05/22,71.29,72.31,72.56,70.36,16.60M,-3.16%
05/04/22,73.62,71.77,73.9,70.16,17.20M,3.31%
05/03/22,71.26,70.47,71.96,70.2,13.54M,0.93%
05/02/22,70.6,68.16,70.74,67.58,15.34M,3.53%
04/29/2022,68.19,69.1,71.33,68.02,16.84M,-2.84%
04/28/2022,70.18,67.65,70.81,67.06,21.06M,5.58%
04/27/2022,66.47,66.13,68.48,65.86,17.12M,-0.91%
04/26/2022,67.08,68.68,69.16,67.04,18.63M,-4.34%
04/25/2022,70.12,68.42,70.17,67.93,20.07M,1.02%
04/22/2022,69.41,70.64,70.98,69.31,18.68M,-2.13%
04/21/2022,70.92,73.97,74.49,70.65,17.65M,-3.11%
04/20/2022,73.2,73.81,76.23,72.89,19.04M,0.65%
04/19/2022,72.73,70.96,73.41,70.77,15.14M,2.22%
04/18/2022,71.15,70.25,72.1,70.05,17.48M,1.45%
04/14/2022,70.13,72.56,72.81,70.09,18.54M,-3.11%
04/13/2022,72.38,72.36,73.75,71.86,18.89M,0.58%
04/12/22,71.96,72.79,73.59,71.57,18.66M,-0.10%
04/11/22,72.03,70.55,72.91,70.09,21.13M,-0.15%
04/08/22,72.14,72.5,72.85,70.83,20.56M,-1.56%
04/07/22,73.28,73.67,74.68,72.13,22.66M,-0.68%
04/06/22,73.78,73.18,74.89,71.47,28.08M,-1.11%
04/05/22,74.61,76.71,78.02,74.3,21.17M,-3.94%
04/04/22,77.67,76.9,78.18,76.51,24.32M,1.96%
04/01/22,76.18,78.43,78.91,74.06,33.54M,-2.20%
03/31/2022,77.89,77.67,79.96,76.83,34.59M,-1.60%
03/30/2022,79.16,84.3,86.24,78.6,70.09M,-3.52%
03/29/2022,82.05,82.1,82.55,79.26,41.29M,2.74%
03/28/2022,79.86,78.59,80.18,77.27,26.61M,2.25%
03/25/2022,78.1,78.26,78.3,75.13,22.49M,-0.14%
03/24/2022,78.21,75.9,78.54,75.32,23.35M,3.38%
03/23/2022,75.65,77.86,78.22,75.07,28.06M,-4.39%
03/22/2022,79.12,77.7,79.73,77.51,16.77M,0.98%
03/21/2022,78.35,78.99,79.89,75.53,30.88M,-1.33%
03/18/2022,79.41,79.1,81.2,78.06,28.60M,-1.38%
03/17/2022,80.52,78.2,80.58,77.2,21.61M,1.07%
03/16/2022,79.67,76.47,79.71,76.15,35.74M,8.97%
03/15/2022,73.11,70.05,73.53,68.34,22.85M,5.35%
03/14/2022,69.4,71.75,72.48,68.96,24.89M,-4.70%
03/11/22,72.82,76.65,76.7,72.64,22.79M,-3.83%
03/10/22,75.72,77.74,77.74,73.81,21.69M,-4.68%
03/09/22,79.44,79.97,80.49,77.54,19.65M,2.95%
03/08/22,77.16,76.25,80.25,73.93,28.34M,1.93%
03/07/22,75.7,81.76,82.97,75.63,26.72M,-7.58%
03/04/22,81.91,87.42,87.42,80.51,28.22M,-8.15%
03/03/22,89.18,91.62,92.19,88.39,22.10M,-4.42%
03/02/22,93.3,87.17,94.07,87.03,28.40M,8.16%
03/01/22,86.26,88.56,89.84,84.66,20.79M,-2.93%
02/28/2022,88.86,88.45,89.75,87.16,17.27M,-1.38%
02/25/2022,90.1,87.96,90.48,87.28,15.01M,1.43%
02/24/2022,88.83,84.13,88.94,83.79,24.47M,1.74%
02/23/2022,87.31,91.47,91.87,87.07,19.14M,-3.60%
02/22/2022,90.57,89.84,93.97,88.67,24.83M,-0.25%
02/18/2022,90.8,94.53,94.68,88.89,19.53M,-3.13%
02/17/2022,93.73,95.04,96.0,93.49,17.94M,-2.43%
02/16/2022,96.06,94.44,96.49,93.57,15.57M,0.06%
02/15/2022,96.0,91.01,96.5,91.01,27.08M,6.83%
02/14/2022,89.86,91.99,93.17,88.71,23.50M,0.11%
02/11/22,89.76,91.28,94.58,88.95,31.00M,-1.38%
02/10/22,91.02,89.19,94.64,88.48,33.82M,3.29%
02/09/22,88.12,84.6,88.78,83.56,22.39M,4.76%
02/08/22,84.12,81.15,84.4,81.0,18.32M,4.02%
02/07/22,80.87,81.36,82.04,80.48,11.80M,-0.37%
02/04/22,81.17,81.22,82.19,79.84,15.66M,-0.98%
02/03/22,81.97,82.67,85.18,81.71,19.60M,-3.01%
02/02/22,84.51,82.92,84.7,82.54,19.86M,3.76%
02/01/22,81.45,82.2,82.39,80.42,15.24M,-1.00%
01/31/2022,82.27,78.96,82.31,78.02,21.90M,3.78%
01/28/2022,79.27,77.37,79.28,75.52,24.43M,0.70%
01/27/2022,78.72,83.51,83.69,78.39,22.69M,-3.96%
01/26/2022,81.97,83.25,84.79,80.61,21.02M,1.55%
01/25/2022,80.72,80.92,82.42,79.65,22.13M,-2.69%
01/24/2022,82.95,80.27,83.04,77.64,29.77M,1.24%
01/21/2022,81.93,84.22,85.14,81.52,29.72M,-3.69%
01/20/2022,85.07,90.28,90.33,84.93,24.70M,-5.48%
01/19/2022,90.0,93.72,94.78,89.77,19.04M,-3.09%
01/18/2022,92.87,95.53,95.95,92.54,19.92M,-4.61%
01/14/2022,97.36,94.44,97.43,94.4,18.38M,1.82%
01/13/2022,95.62,96.5,98.11,95.3,23.68M,0.54%
01/12/22,95.11,95.16,96.23,93.78,13.34M,0.97%
01/11/22,94.2,92.46,94.27,91.65,14.92M,0.33%
01/10/22,93.89,94.26,95.67,91.04,20.29M,-0.59%
01/07/22,94.45,96.09,97.19,93.94,14.86M,-1.25%
01/06/22,95.65,95.1,96.71,94.12,22.32M,1.32%
01/05/22,94.4,95.38,98.45,94.35,28.61M,-2.01%
01/04/22,96.34,95.6,96.59,93.54,19.73M,0.62%
01/03/22,95.75,93.9,95.83,93.48,18.72M,2.79%
12/31/2021,93.15,94.0,94.42,93.03,13.66M,-0.79%
12/30/2021,93.89,94.4,95.5,93.43,19.33M,-2.37%
12/29/2021,96.17,94.0,96.75,93.91,32.23M,3.48%
12/28/2021,92.94,93.75,93.89,92.06,13.68M,-1.58%
12/27/2021,94.43,93.72,94.93,92.73,17.12M,0.01%
12/23/2021,94.42,90.7,95.0,90.35,36.40M,4.52%
12/22/2021,90.34,90.0,90.48,88.92,18.59M,-0.37%
12/21/2021,90.68,88.99,91.14,87.35,58.36M,10.54%
12/20/2021,82.03,82.14,83.25,80.91,22.35M,-1.17%
12/17/2021,83.0,81.62,83.29,80.94,23.25M,0.37%
12/16/2021,82.69,85.88,86.32,82.13,16.50M,-3.47%
12/15/2021,85.66,83.48,85.79,82.06,13.97M,2.85%
12/14/2021,83.29,83.22,84.77,82.91,12.08M,-1.26%
12/13/2021,84.35,86.61,87.38,84.2,13.05M,-1.39%
12/10/21,85.54,84.34,85.68,84.13,11.96M,0.72%
12/09/21,84.93,85.3,86.54,84.63,11.96M,-1.27%
12/08/21,86.02,85.43,86.34,84.03,12.91M,0.22%
12/07/21,85.83,84.42,87.04,84.33,21.72M,4.10%
12/06/21,82.45,81.83,83.23,80.53,15.09M,1.02%
12/03/21,81.62,83.71,84.43,80.64,19.17M,-1.52%
12/02/21,82.88,82.63,83.59,81.35,22.99M,-2.67%
12/01/21,85.15,86.55,89.05,85.0,31.65M,1.37%
11/30/2021,84.0,85.58,86.92,83.95,27.30M,-2.48%
11/29/2021,86.14,84.38,86.27,84.15,18.89M,3.26%
11/26/2021,83.42,83.13,84.05,81.98,16.49M,-3.24%
11/24/2021,86.21,84.75,87.15,84.61,21.67M,0.94%
11/23/2021,85.41,85.04,87.71,84.33,31.82M,1.85%
11/22/2021,83.86,83.66,87.67,83.66,34.78M,1.00%
11/19/2021,83.03,78.93,83.86,78.93,47.22M,7.80%
11/18/2021,77.02,76.9,77.5,75.75,16.85M,2.07%
11/17/2021,75.46,76.48,76.57,75.19,11.60M,-1.76%
11/16/2021,76.81,76.56,77.15,75.78,11.81M,0.04%
11/15/2021,76.78,77.76,78.28,76.6,12.65M,-0.67%
11/12/21,77.3,75.02,78.02,74.95,26.55M,3.69%
11/11/21,74.55,74.02,74.96,73.62,12.19M,1.55%
11/10/21,73.41,74.15,75.15,73.2,15.23M,-2.88%
11/09/21,75.59,75.1,76.27,74.56,20.13M,1.38%
11/08/21,74.56,73.32,75.03,73.12,18.74M,2.25%
11/05/21,72.92,73.0,73.74,72.36,13.02M,0.94%
11/04/21,72.24,72.37,72.48,71.04,15.94M,1.39%
11/03/21,71.25,70.71,71.33,70.26,10.27M,0.69%
11/02/21,70.76,70.49,70.85,70.04,9.76M,0.08%
11/01/21,70.7,68.97,70.97,68.94,11.99M,2.32%
10/29/2021,69.1,68.39,69.55,68.04,11.44M,-0.69%
10/28/2021,69.58,69.29,70.35,69.18,16.97M,1.96%
10/27/2021,68.24,68.52,68.69,67.45,13.54M,-1.02%
10/26/2021,68.94,69.37,69.82,68.47,14.27M,0.26%
10/25/2021,68.76,69.62,71.12,68.54,23.34M,1.85%
10/22/2021,67.51,68.51,69.09,67.08,17.89M,-1.65%
10/21/2021,68.64,67.95,68.7,67.67,11.14M,0.54%
10/20/2021,68.27,67.2,69.2,67.01,19.46M,1.04%
10/19/2021,67.57,67.37,67.89,66.64,16.93M,0.46%
10/18/2021,67.26,67.01,67.63,66.29,11.85M,-0.62%
10/15/2021,67.68,68.09,68.46,67.48,11.79M,-0.18%
10/14/2021,67.8,67.28,68.08,66.81,15.54M,2.14%
10/13/2021,66.38,66.74,67.42,66.23,17.53M,-0.51%
10/12/21,66.72,69.39,69.43,65.67,36.91M,-3.61%
10/11/21,69.22,69.9,70.36,69.18,12.70M,-1.28%
10/08/21,70.12,70.93,70.94,69.7,13.67M,-0.60%
10/07/21,70.54,70.4,71.67,70.12,15.24M,0.86%
10/06/21,69.94,69.8,70.38,69.03,17.90M,-0.79%
10/05/21,70.5,71.21,71.21,69.61,14.51M,-0.17%
10/04/21,70.62,70.6,71.57,70.36,19.53M,-0.52%
10/01/21,70.99,71.34,71.57,70.1,17.81M,0.01%
09/30/2021,70.98,72.2,72.6,70.86,16.92M,-0.92%
09/29/2021,71.64,71.16,73.32,70.22,38.17M,-2.00%
09/28/2021,73.1,74.5,74.99,73.06,27.31M,-2.77%
09/27/2021,75.18,73.65,75.88,73.51,18.44M,1.53%
09/24/2021,74.05,73.29,74.5,73.07,14.80M,0.01%
09/23/2021,74.04,73.61,74.79,73.25,17.30M,0.09%
09/22/2021,73.97,73.04,74.58,72.64,17.00M,2.54%
09/21/2021,72.14,72.92,73.13,71.66,16.03M,-0.32%
09/20/2021,72.37,72.6,72.76,71.19,23.23M,-2.60%
09/17/2021,74.3,74.4,74.5,73.32,20.45M,-0.44%
09/16/2021,74.63,73.3,74.96,72.78,12.87M,1.10%
09/15/2021,73.82,72.95,73.93,71.76,15.26M,0.45%
09/14/2021,73.49,73.79,74.12,72.91,13.95M,-1.16%
09/13/2021,74.35,74.56,75.22,73.52,15.80M,1.16%
09/10/21,73.5,73.77,75.63,73.46,18.24M,0.86%
09/09/21,72.87,71.63,73.27,71.42,14.64M,0.83%
09/08/21,72.27,73.2,73.24,71.11,17.38M,-1.86%
09/07/21,73.64,73.75,74.49,73.16,12.03M,-0.23%
09/03/21,73.81,74.0,74.72,73.6,9.23M,-0.24%
09/02/21,73.99,73.21,74.01,72.31,14.82M,0.37%
09/01/21,73.72,74.32,74.32,73.02,14.01M,0.03%
08/31/2021,73.7,73.68,74.62,73.32,14.81M,0.74%
08/30/2021,73.16,74.12,74.75,72.83,12.81M,-1.14%
08/27/2021,74.0,72.46,74.15,72.15,14.99M,1.69%
08/26/2021,72.77,73.23,73.24,71.7,20.32M,-1.72%
08/25/2021,74.04,72.79,77.03,72.18,36.55M,2.86%
08/24/2021,71.98,72.14,72.69,71.69,18.09M,0.33%
08/23/2021,71.74,70.84,71.88,68.9,22.26M,2.15%
08/20/2021,70.23,70.14,71.03,69.58,14.60M,-0.07%
08/19/2021,70.28,70.14,70.82,69.04,18.02M,-0.48%
08/18/2021,70.62,71.25,71.88,70.58,14.00M,-0.23%
08/17/2021,70.78,70.17,71.45,69.61,17.55M,-0.21%
08/16/2021,70.93,70.2,71.76,69.92,18.14M,0.01%
08/13/2021,70.92,70.05,71.24,69.88,25.30M,0.95%
08/12/21,70.25,72.18,72.2,68.81,72.53M,-6.37%
08/11/21,75.03,76.04,76.05,73.72,31.62M,-1.16%
08/10/21,75.91,79.82,79.82,75.77,40.71M,-5.36%
08/09/21,80.21,81.73,82.04,80.08,13.36M,-2.18%
08/06/21,82.0,81.2,82.88,81.05,14.61M,0.63%
08/05/21,81.49,82.14,83.07,81.16,14.82M,-0.60%
08/04/21,81.98,80.45,83.09,79.54,29.18M,1.39%
08/03/21,80.86,78.87,81.07,77.94,25.81M,4.15%
08/02/21,77.64,79.04,79.49,77.47,14.90M,0.08%
07/30/2021,77.58,76.13,78.11,76.06,12.53M,0.65%
07/29/2021,77.08,76.08,77.12,75.95,14.53M,2.03%
07/28/2021,75.55,74.55,76.01,74.38,14.35M,1.79%
07/27/2021,74.22,74.79,74.79,72.51,23.94M,-2.73%
07/26/2021,76.3,75.81,77.48,75.51,12.02M,0.47%
07/23/2021,75.94,75.93,76.04,74.89,12.35M,0.54%
07/22/2021,75.53,76.23,76.25,74.46,19.04M,-2.15%
07/21/2021,77.19,75.35,77.24,75.34,15.95M,2.39%
07/20/2021,75.39,74.66,75.92,73.77,14.86M,1.09%
07/19/2021,74.58,73.84,74.68,73.2,23.44M,-0.57%
07/16/2021,75.01,77.15,77.61,74.84,19.13M,-2.48%
07/15/2021,76.92,78.34,78.46,76.34,16.62M,-2.00%
07/14/2021,78.49,79.35,80.76,78.32,15.95M,0.05%
07/13/2021,78.45,79.28,79.5,78.1,14.26M,-1.40%
07/12/21,79.56,78.75,79.73,77.71,12.64M,1.04%
07/09/21,78.74,77.41,78.95,76.73,15.44M,2.11%
07/08/21,77.11,76.25,77.88,75.96,23.11M,-1.42%
07/07/21,78.22,81.69,81.81,77.95,23.03M,-3.53%
07/06/21,81.08,80.79,81.54,79.76,21.13M,0.93%
07/02/21,80.33,80.61,80.89,78.89,22.71M,0.27%
07/01/21,80.11,82.24,82.25,79.91,53.30M,-5.73%
06/30/2021,84.98,84.85,85.4,83.43,40.67M,2.47%
06/29/2021,82.93,83.54,83.84,81.87,18.53M,-0.54%
06/28/2021,83.38,82.63,83.6,82.16,18.37M,1.65%
06/25/2021,82.03,81.57,82.84,81.09,19.60M,1.80%
06/24/2021,80.58,80.43,80.9,79.92,15.72M,1.97%
06/23/2021,79.02,78.1,79.87,78.07,16.66M,1.75%
06/22/2021,77.66,77.61,78.28,77.04,16.77M,0.77%
06/21/2021,77.07,76.85,77.29,75.71,19.81M,0.16%
06/18/2021,76.95,78.9,79.28,76.13,39.88M,-4.58%
06/17/2021,80.64,79.7,81.44,79.36,16.00M,0.19%
06/16/2021,80.49,82.73,83.11,80.12,18.12M,-2.06%
06/15/2021,82.18,80.64,82.91,79.92,22.31M,2.10%
06/14/2021,80.49,79.5,80.94,79.37,14.30M,1.45%
06/11/21,79.34,80.07,80.76,79.21,12.68M,0.08%
06/10/21,79.28,79.4,80.84,78.53,22.68M,0.79%
06/09/21,78.66,80.17,80.56,78.52,21.43M,-2.32%
06/08/21,80.53,84.97,84.97,80.01,29.67M,-4.18%
06/07/21,84.04,83.19,84.23,82.65,9.01M,0.33%
06/04/21,83.76,82.97,84.37,82.85,12.59M,2.11%
06/03/21,82.03,83.68,84.07,81.89,14.74M,-2.74%
06/02/21,84.34,84.39,84.82,83.45,10.31M,0.23%
06/01/21,84.15,84.92,85.75,83.62,11.07M,0.01%
05/28/2021,84.14,84.22,84.72,83.22,11.33M,0.25%
05/27/2021,83.93,82.46,84.75,82.33,22.29M,2.05%
05/26/2021,82.24,81.58,82.44,81.02,12.61M,1.24%
05/25/2021,81.23,83.57,83.71,79.71,26.27M,-2.01%
05/24/2021,82.9,81.42,83.62,81.36,15.73M,2.70%
05/21/2021,80.72,81.77,81.99,80.37,13.08M,-0.51%
05/20/2021,81.13,80.5,81.49,79.52,17.12M,1.50%
05/19/2021,79.93,77.21,80.27,76.16,27.30M,1.33%
05/18/2021,78.88,80.55,80.92,78.8,20.89M,-1.88%
05/17/2021,80.39,79.1,80.42,77.72,15.01M,0.87%
05/14/2021,79.7,78.79,80.14,77.08,18.24M,3.25%
05/13/2021,77.19,77.97,78.86,76.53,20.15M,0.51%
05/12/21,76.8,79.14,79.97,76.41,23.47M,-4.81%
05/11/21,80.68,77.27,80.76,76.82,23.23M,-0.21%
05/10/21,80.85,84.95,85.0,80.8,24.86M,-5.97%
05/07/21,85.98,85.91,86.32,84.99,12.75M,1.39%
05/06/21,84.8,84.86,85.12,83.28,13.72M,-0.41%
05/05/21,85.15,85.49,85.95,84.03,13.17M,0.88%
05/04/21,84.41,84.14,85.44,82.03,17.85M,-0.72%
05/03/21,85.02,86.97,87.01,83.87,16.30M,-1.22%
04/30/2021,86.07,86.93,88.48,85.56,14.55M,-2.26%
04/29/2021,88.06,87.72,88.09,85.55,16.46M,2.36%
04/28/2021,86.03,87.66,87.76,85.35,19.43M,-3.83%
04/27/2021,89.46,89.33,90.19,88.03,17.68M,1.84%
04/26/2021,87.84,86.47,88.3,86.11,14.76M,2.10%
04/23/2021,86.03,85.24,86.46,84.57,18.17M,1.56%
04/22/2021,84.71,88.2,88.36,83.9,34.04M,-5.34%
04/21/2021,89.49,87.06,89.56,86.33,14.78M,2.30%
04/20/2021,87.48,88.38,88.95,86.53,17.40M,-1.05%
04/19/2021,88.41,90.67,90.68,86.52,21.36M,-2.48%
04/16/2021,90.66,90.44,91.33,90.08,12.36M,0.43%
04/15/2021,90.27,91.75,91.96,89.44,16.02M,-0.44%
04/14/2021,90.67,91.66,92.53,89.51,19.12M,-1.61%
04/13/2021,92.15,96.29,96.82,91.4,27.10M,-3.60%
04/12/21,95.59,95.19,96.96,94.75,18.82M,0.30%
04/09/21,95.3,94.34,95.38,93.31,14.08M,0.01%
04/08/21,95.29,95.0,96.39,93.78,17.82M,1.42%
04/07/21,93.96,94.25,95.07,92.54,17.62M,0.50%
04/06/21,93.49,93.84,96.1,92.66,22.85M,-0.28%
04/05/21,93.75,93.93,94.67,92.47,19.80M,1.45%
04/01/21,92.41,93.0,94.38,91.25,39.70M,4.76%
03/31/2021,88.21,87.44,89.08,86.71,25.37M,1.93%
03/30/2021,86.54,86.26,87.22,85.25,13.90M,-0.06%
03/29/2021,86.59,87.75,88.25,85.77,21.77M,-1.59%
03/26/2021,87.99,84.16,88.14,84.03,23.95M,4.64%
03/25/2021,84.09,81.14,84.43,80.49,23.63M,1.31%
03/24/2021,83.0,87.06,87.15,82.92,24.23M,-2.81%
03/23/2021,85.4,91.02,91.27,84.97,32.04M,-6.44%
03/22/2021,91.28,91.83,92.42,89.65,19.37M,0.85%
03/19/2021,90.51,90.36,92.68,88.89,24.96M,0.77%
03/18/2021,89.82,92.97,93.48,89.41,27.10M,-5.21%
03/17/2021,94.76,91.33,95.49,90.1,24.62M,3.64%
03/16/2021,91.43,90.75,94.68,90.11,28.54M,2.90%
03/15/2021,88.85,87.77,88.91,86.14,16.16M,1.23%
03/12/21,87.77,87.57,88.53,86.43,21.92M,-1.72%
03/11/21,89.31,87.59,90.22,86.85,20.72M,4.57%
03/10/21,85.41,90.01,90.01,85.31,23.41M,-4.36%
03/09/21,89.3,88.0,90.18,86.3,22.30M,5.00%
03/08/21,85.05,88.57,89.72,84.87,22.71M,-4.36%
03/05/21,88.93,87.53,89.32,83.29,30.33M,5.45%
03/04/21,84.33,88.81,89.75,81.85,31.97M,-5.36%
03/03/21,89.11,90.57,93.33,88.39,26.42M,-2.17%
03/02/21,91.09,93.57,94.9,90.9,18.68M,-3.87%
03/01/21,94.76,94.54,95.75,92.57,19.91M,3.53%
02/26/2021,91.53,89.74,92.94,88.23,22.79M,3.87%
02/25/2021,88.12,91.52,93.1,87.58,22.55M,-4.76%
02/24/2021,92.52,88.3,92.6,87.73,21.28M,4.86%
02/23/2021,88.23,85.24,89.2,82.44,23.20M,2.26%
02/22/2021,86.28,89.53,90.52,85.92,16.08M,-5.15%
02/19/2021,90.96,90.25,91.49,88.81,21.89M,2.74%
02/18/2021,88.54,86.52,88.73,85.96,19.17M,2.89%
02/17/2021,86.05,86.69,87.32,84.9,10.04M,-1.93%
02/16/2021,87.74,89.22,89.22,87.05,10.31M,-0.31%
02/12/21,88.01,86.11,88.32,85.46,14.27M,1.77%
02/11/21,86.48,84.4,86.64,84.0,18.75M,5.02%
02/10/21,82.35,84.0,84.44,81.3,9.87M,-1.16%
02/09/21,83.32,83.35,84.0,82.4,10.36M,-0.82%
02/08/21,84.01,81.75,84.06,81.64,12.39M,3.59%
02/05/21,81.1,81.77,82.02,80.72,10.96M,-0.18%
02/04/21,81.25,79.15,81.34,78.96,11.52M,2.71%
02/03/21,79.11,81.85,82.53,78.97,17.46M,-3.08%
02/02/21,81.62,81.26,81.74,79.92,11.39M,1.48%
02/01/21,80.43,79.59,81.09,78.48,14.90M,2.76%
01/29/2021,78.27,78.36,79.37,76.95,17.93M,-0.15%
01/28/2021,78.39,77.2,80.18,76.72,18.35M,4.39%
01/27/2021,75.09,77.33,77.59,74.33,23.51M,-5.56%
01/26/2021,79.51,81.79,81.98,79.01,13.68M,-2.18%
01/25/2021,81.28,83.19,83.5,78.89,19.28M,-1.22%
01/22/2021,82.28,84.08,84.95,82.22,14.23M,-3.21%
01/21/2021,85.01,84.0,85.1,82.51,14.70M,1.81%
01/20/2021,83.5,85.93,87.25,83.23,21.19M,-2.34%
01/19/2021,85.5,81.28,85.68,80.96,26.60M,5.92%
01/15/2021,80.72,80.92,81.88,79.53,14.32M,-0.71%
01/14/2021,81.3,80.01,82.21,79.55,17.64M,1.74%
01/13/2021,79.91,78.95,80.39,78.55,15.07M,0.57%
01/12/21,79.46,79.19,79.62,77.82,18.23M,1.00%
01/11/21,78.67,76.59,79.79,76.42,19.94M,1.61%
01/08/21,77.42,82.54,84.16,77.07,51.27M,-2.14%
01/07/21,79.11,78.06,80.08,78.05,27.95M,2.59%
01/06/21,77.11,76.36,78.45,76.1,22.39M,-0.19%
01/05/21,77.26,76.44,78.69,76.03,33.42M,4.33%
01/04/21,74.05,76.48,78.61,73.75,31.16M,-1.50%
